frame,time_sec,mediapipe_processed,hand_detected,thumb_x,thumb_y,index_x,index_y,middle_x,middle_y,wrist_x,wrist_y,active_x,active_y,active_std_reference_distance,active_x_std_px,active_y_std_px,active_std_total_px,active_x_std_norm,active_y_std_norm,active_std_total_norm,active_std_valid_frames,reference_distance,thumb_index_ratio,index_middle_ratio,thumb_middle_ratio,pinch_detected,pinch_detected_frame_count,thumb_ip_angle,index_pip_angle,middle_pip_angle,direction_sign_x,direction_sign_y,rolling_direction_change_count_x,rolling_direction_change_count_y,rolling_repetition_count
1,0.0,0,0,,,,,,,,,,,,,,,,,,0,,,,,0,0,,,,0,0,0,0,0
2,0.03333333333333333,0,0,,,,,,,,,,,,,,,,,,0,,,,,0,0,,,,0,0,0,0,0
3,0.06666666666666667,1,0,,,,,,,,,,,,,,,,,,0,,,,,0,0,,,,0,0,0,0,0
4,0.1,0,0,,,,,,,,,,,,,,,,,,0,,,,,0,0,,,,0,0,0,0,0
5,0.13333333333333333,0,0,,,,,,,,,,,,,,,,,,0,,,,,0,0,,,,0,0,0,0,0
6,0.16666666666666666,1,0,,,,,,,,,,,,,,,,,,0,,,,,0,0,,,,0,0,0,0,0
7,0.2,0,0,,,,,,,,,,,,,,,,,,0,,,,,0,0,,,,0,0,0,0,0
8,0.23333333333333334,0,0,,,,,,,,,,,,,,,,,,0,,,,,0,0,,,,0,0,0,0,0
9,0.26666666666666666,1,0,,,,,,,,,,,,,,,,,,0,,,,,0,0,,,,0,0,0,0,0
10,0.3,0,0,,,,,,,,,,,,,,,,,,0,,,,,0,0,,,,0,0,0,0,0
11,0.3333333333333333,0,0,,,,,,,,,,,,,,,,,,0,,,,,0,0,,,,0,0,0,0,0
12,0.36666666666666664,1,0,,,,,,,,,,,,,,,,,,0,,,,,0,0,,,,0,0,0,0,0
13,0.4,0,0,,,,,,,,,,,,,,,,,,0,,,,,0,0,,,,0,0,0,0,0
14,0.43333333333333335,0,0,,,,,,,,,,,,,,,,,,0,,,,,0,0,,,,0,0,0,0,0
15,0.4666666666666667,1,0,,,,,,,,,,,,,,,,,,0,,,,,0,0,,,,0,0,0,0,0
16,0.5,0,0,,,,,,,,,,,,,,,,,,0,,,,,0,0,,,,0,0,0,0,0
17,0.5333333333333333,0,0,,,,,,,,,,,,,,,,,,0,,,,,0,0,,,,0,0,0,0,0
18,0.5666666666666667,1,0,,,,,,,,,,,,,,,,,,0,,,,,0,0,,,,0,0,0,0,0
19,0.6,0,0,,,,,,,,,,,,,,,,,,0,,,,,0,0,,,,0,0,0,0,0
20,0.6333333333333333,0,0,,,,,,,,,,,,,,,,,,0,,,,,0,0,,,,0,0,0,0,0
21,0.6666666666666666,1,0,,,,,,,,,,,,,,,,,,0,,,,,0,0,,,,0,0,0,0,0
22,0.7,0,0,,,,,,,,,,,,,,,,,,0,,,,,0,0,,,,0,0,0,0,0
23,0.7333333333333333,0,0,,,,,,,,,,,,,,,,,,0,,,,,0,0,,,,0,0,0,0,0
24,0.7666666666666667,1,0,,,,,,,,,,,,,,,,,,0,,,,,0,0,,,,0,0,0,0,0
25,0.8,0,0,,,,,,,,,,,,,,,,,,0,,,,,0,0,,,,0,0,0,0,0
26,0.8333333333333334,0,0,,,,,,,,,,,,,,,,,,0,,,,,0,0,,,,0,0,0,0,0
27,0.8666666666666667,1,0,,,,,,,,,,,,,,,,,,0,,,,,0,0,,,,0,0,0,0,0
28,0.9,0,0,,,,,,,,,,,,,,,,,,0,,,,,0,0,,,,0,0,0,0,0
29,0.9333333333333333,0,0,,,,,,,,,,,,,,,,,,0,,,,,0,0,,,,0,0,0,0,0
30,0.9666666666666667,1,0,,,,,,,,,,,,,,,,,,0,,,,,0,0,,,,0,0,0,0,0
31,1.0,0,0,,,,,,,,,,,,,,,,,,0,,,,,0,0,,,,0,0,0,0,0
32,1.0333333333333334,0,0,,,,,,,,,,,,,,,,,,0,,,,,0,0,,,,0,0,0,0,0
33,1.0666666666666667,1,0,,,,,,,,,,,,,,,,,,0,,,,,0,0,,,,0,0,0,0,0
34,1.1,0,0,,,,,,,,,,,,,,,,,,0,,,,,0,0,,,,0,0,0,0,0
35,1.1333333333333333,0,0,,,,,,,,,,,,,,,,,,0,,,,,0,0,,,,0,0,0,0,0
36,1.1666666666666667,1,0,,,,,,,,,,,,,,,,,,0,,,,,0,0,,,,0,0,0,0,0
37,1.2,0,0,,,,,,,,,,,,,,,,,,0,,,,,0,0,,,,0,0,0,0,0
38,1.2333333333333334,0,0,,,,,,,,,,,,,,,,,,0,,,,,0,0,,,,0,0,0,0,0
39,1.2666666666666666,1,0,,,,,,,,,,,,,,,,,,0,,,,,0,0,,,,0,0,0,0,0
40,1.3,0,0,,,,,,,,,,,,,,,,,,0,,,,,0,0,,,,0,0,0,0,0
41,1.3333333333333333,0,0,,,,,,,,,,,,,,,,,,0,,,,,0,0,,,,0,0,0,0,0
42,1.3666666666666667,1,0,,,,,,,,,,,,,,,,,,0,,,,,0,0,,,,0,0,0,0,0
43,1.4,0,0,,,,,,,,,,,,,,,,,,0,,,,,0,0,,,,0,0,0,0,0
44,1.4333333333333333,0,0,,,,,,,,,,,,,,,,,,0,,,,,0,0,,,,0,0,0,0,0
45,1.4666666666666666,1,0,,,,,,,,,,,,,,,,,,0,,,,,0,0,,,,0,0,0,0,0
46,1.5,0,0,,,,,,,,,,,,,,,,,,0,,,,,0,0,,,,0,0,0,0,0
47,1.5333333333333334,0,0,,,,,,,,,,,,,,,,,,0,,,,,0,0,,,,0,0,0,0,0
48,1.5666666666666667,1,0,,,,,,,,,,,,,,,,,,0,,,,,0,0,,,,0,0,0,0,0
49,1.6,0,0,,,,,,,,,,,,,,,,,,0,,,,,0,0,,,,0,0,0,0,0
50,1.6333333333333333,0,0,,,,,,,,,,,,,,,,,,0,,,,,0,0,,,,0,0,0,0,0
51,1.6666666666666667,1,0,,,,,,,,,,,,,,,,,,0,,,,,0,0,,,,0,0,0,0,0
52,1.7,0,0,,,,,,,,,,,,,,,,,,0,,,,,0,0,,,,0,0,0,0,0
53,1.7333333333333334,0,0,,,,,,,,,,,,,,,,,,0,,,,,0,0,,,,0,0,0,0,0
54,1.7666666666666666,1,0,,,,,,,,,,,,,,,,,,0,,,,,0,0,,,,0,0,0,0,0
55,1.8,0,0,,,,,,,,,,,,,,,,,,0,,,,,0,0,,,,0,0,0,0,0
56,1.8333333333333333,0,0,,,,,,,,,,,,,,,,,,0,,,,,0,0,,,,0,0,0,0,0
57,1.8666666666666667,1,0,,,,,,,,,,,,,,,,,,0,,,,,0,0,,,,0,0,0,0,0
58,1.9,0,0,,,,,,,,,,,,,,,,,,0,,,,,0,0,,,,0,0,0,0,0
59,1.9333333333333333,0,0,,,,,,,,,,,,,,,,,,0,,,,,0,0,,,,0,0,0,0,0
60,1.9666666666666666,1,0,,,,,,,,,,,,,,,,,,0,,,,,0,0,,,,0,0,0,0,0
61,2.0,0,0,,,,,,,,,,,,,,,,,,0,,,,,0,0,,,,0,0,0,0,0
62,2.033333333333333,0,0,,,,,,,,,,,,,,,,,,0,,,,,0,0,,,,0,0,0,0,0
63,2.066666666666667,1,0,,,,,,,,,,,,,,,,,,0,,,,,0,0,,,,0,0,0,0,0
64,2.1,0,0,,,,,,,,,,,,,,,,,,0,,,,,0,0,,,,0,0,0,0,0
65,2.1333333333333333,0,0,,,,,,,,,,,,,,,,,,0,,,,,0,0,,,,0,0,0,0,0
66,2.1666666666666665,1,0,,,,,,,,,,,,,,,,,,0,,,,,0,0,,,,0,0,0,0,0
67,2.2,0,0,,,,,,,,,,,,,,,,,,0,,,,,0,0,,,,0,0,0,0,0
68,2.2333333333333334,0,0,,,,,,,,,,,,,,,,,,0,,,,,0,0,,,,0,0,0,0,0
69,2.2666666666666666,1,0,,,,,,,,,,,,,,,,,,0,,,,,0,0,,,,0,0,0,0,0
70,2.3,0,0,,,,,,,,,,,,,,,,,,0,,,,,0,0,,,,0,0,0,0,0
71,2.3333333333333335,0,0,,,,,,,,,,,,,,,,,,0,,,,,0,0,,,,0,0,0,0,0
72,2.3666666666666667,1,0,,,,,,,,,,,,,,,,,,0,,,,,0,0,,,,0,0,0,0,0
73,2.4,0,0,,,,,,,,,,,,,,,,,,0,,,,,0,0,,,,0,0,0,0,0
74,2.433333333333333,0,0,,,,,,,,,,,,,,,,,,0,,,,,0,0,,,,0,0,0,0,0
75,2.466666666666667,1,0,,,,,,,,,,,,,,,,,,0,,,,,0,0,,,,0,0,0,0,0
76,2.5,0,0,,,,,,,,,,,,,,,,,,0,,,,,0,0,,,,0,0,0,0,0
77,2.533333333333333,0,0,,,,,,,,,,,,,,,,,,0,,,,,0,0,,,,0,0,0,0,0
78,2.566666666666667,1,0,,,,,,,,,,,,,,,,,,0,,,,,0,0,,,,0,0,0,0,0
79,2.6,0,0,,,,,,,,,,,,,,,,,,0,,,,,0,0,,,,0,0,0,0,0
80,2.6333333333333333,0,0,,,,,,,,,,,,,,,,,,0,,,,,0,0,,,,0,0,0,0,0
81,2.6666666666666665,1,0,,,,,,,,,,,,,,,,,,0,,,,,0,0,,,,0,0,0,0,0
82,2.7,0,0,,,,,,,,,,,,,,,,,,0,,,,,0,0,,,,0,0,0,0,0
83,2.7333333333333334,0,0,,,,,,,,,,,,,,,,,,0,,,,,0,0,,,,0,0,0,0,0
84,2.7666666666666666,1,0,,,,,,,,,,,,,,,,,,0,,,,,0,0,,,,0,0,0,0,0
85,2.8,0,0,,,,,,,,,,,,,,,,,,0,,,,,0,0,,,,0,0,0,0,0
86,2.8333333333333335,0,0,,,,,,,,,,,,,,,,,,0,,,,,0,0,,,,0,0,0,0,0
87,2.8666666666666667,1,0,,,,,,,,,,,,,,,,,,0,,,,,0,0,,,,0,0,0,0,0
88,2.9,0,0,,,,,,,,,,,,,,,,,,0,,,,,0,0,,,,0,0,0,0,0
89,2.933333333333333,0,0,,,,,,,,,,,,,,,,,,0,,,,,0,0,,,,0,0,0,0,0
90,2.966666666666667,1,1,481.3957214355469,139.76906776428223,536.2157440185547,218.5339879989624,561.0153961181641,235.66134452819824,586.0183715820312,23.39257299900055,508.8057327270508,179.15152788162231,,,,,,,,0,91.93428090614272,1.0438359064603333,0.3278337710474049,1.355728895042198,0,0,173.7833117343207,177.73635183438407,179.36172873536972,0,0,0,0,0
91,3.0,0,1,481.3957214355469,139.76906776428223,536.2157440185547,218.5339879989624,561.0153961181641,235.66134452819824,586.0183715820312,23.39257299900055,508.8057327270508,179.15152788162231,,,,,,,,0,91.93428090614272,1.0438359064603333,0.3278337710474049,1.355728895042198,0,0,173.7833117343207,177.73635183438407,179.36172873536972,0,0,0,0,0
92,3.033333333333333,0,1,481.3957214355469,139.76906776428223,536.2157440185547,218.5339879989624,561.0153961181641,235.66134452819824,586.0183715820312,23.39257299900055,508.8057327270508,179.15152788162231,,,,,,,,0,91.93428090614272,1.0438359064603333,0.3278337710474049,1.355728895042198,0,0,173.7833117343207,177.73635183438407,179.36172873536972,0,0,0,0,0
93,3.066666666666667,1,1,460.6412124633789,169.44681644439697,528.458137512207,255.09392738342285,547.7593994140625,270.3325653076172,578.5686874389648,52.61281728744507,494.54967498779297,212.2703719139099,,,,,,,,0,100.66214664462674,1.0852681854976027,0.24430000355634648,1.324180326282982,0,0,170.8439922211653,176.99703840167993,178.7795491765286,0,0,0,0,0
94,3.1,0,1,460.6412124633789,169.44681644439697,528.458137512207,255.09392738342285,547.7593994140625,270.3325653076172,578.5686874389648,52.61281728744507,494.54967498779297,212.2703719139099,,,,,,,,0,100.66214664462674,1.0852681854976027,0.24430000355634648,1.324180326282982,0,0,170.8439922211653,176.99703840167993,178.7795491765286,0,0,0,0,0
95,3.1333333333333333,0,1,460.6412124633789,169.44681644439697,528.458137512207,255.09392738342285,547.7593994140625,270.3325653076172,578.5686874389648,52.61281728744507,494.54967498779297,212.2703719139099,,,,,,,,0,100.66214664462674,1.0852681854976027,0.24430000355634648,1.324180326282982,0,0,170.8439922211653,176.99703840167993,178.7795491765286,0,0,0,0,0
96,3.1666666666666665,1,1,445.75206756591797,179.8855447769165,514.030647277832,277.91067123413086,533.8666534423828,295.33802032470703,566.5730285644531,75.97250461578369,479.891357421875,228.89810800552368,,,,,,,,0,101.40751128127901,1.1780274293667792,0.2603767623147313,1.432200197390936,0,0,168.11533593261836,173.2183741676002,175.75333022549054,0,0,0,0,0
97,3.2,0,1,445.75206756591797,179.8855447769165,514.030647277832,277.91067123413086,533.8666534423828,295.33802032470703,566.5730285644531,75.97250461578369,479.891357421875,228.89810800552368,,,,,,,,0,101.40751128127901,1.1780274293667792,0.2603767623147313,1.432200197390936,0,0,168.11533593261836,173.2183741676002,175.75333022549054,0,0,0,0,0
98,3.2333333333333334,0,1,445.75206756591797,179.8855447769165,514.030647277832,277.91067123413086,533.8666534423828,295.33802032470703,566.5730285644531,75.97250461578369,479.891357421875,228.89810800552368,,,,,,,,0,101.40751128127901,1.1780274293667792,0.2603767623147313,1.432200197390936,0,0,168.11533593261836,173.2183741676002,175.75333022549054,0,0,0,0,0
99,3.2666666666666666,1,1,436.3224792480469,183.95946979522705,506.4012908935547,287.0137023925781,528.1758499145508,298.01424980163574,556.1442947387695,90.24531841278076,471.3618850708008,235.4865860939026,,,,,,,,0,95.79521805640724,1.3009448352489015,0.25466367607276164,1.5287082437392738,0,0,172.26703222758897,176.01862039238213,178.6427497331332,0,0,0,0,0
100,3.3,0,1,436.3224792480469,183.95946979522705,506.4012908935547,287.0137023925781,528.1758499145508,298.01424980163574,556.1442947387695,90.24531841278076,471.3618850708008,235.4865860939026,,,,,,,,0,95.79521805640724,1.3009448352489015,0.25466367607276164,1.5287082437392738,0,0,172.26703222758897,176.01862039238213,178.6427497331332,0,0,0,0,0
101,3.3333333333333335,0,1,436.3224792480469,183.95946979522705,506.4012908935547,287.0137023925781,528.1758499145508,298.01424980163574,556.1442947387695,90.24531841278076,471.3618850708008,235.4865860939026,,,,,,,,0,95.79521805640724,1.3009448352489015,0.25466367607276164,1.5287082437392738,0,0,172.26703222758897,176.01862039238213,178.6427497331332,0,0,0,0,0
102,3.3666666666666667,1,1,436.08165740966797,192.9229974746704,505.7020568847656,289.6193218231201,531.0641860961914,301.376895904541,553.7183380126953,96.31378412246704,470.8918571472168,241.27115964889526,,,,,,,,0,96.65329134732663,1.2327766046141175,0.28922895680353555,1.4915821439800803,0,0,168.0857719178656,174.1405375379654,175.4242273537314,0,0,0,0,0
103,3.4,0,1,436.08165740966797,192.9229974746704,505.7020568847656,289.6193218231201,531.0641860961914,301.376895904541,553.7183380126953,96.31378412246704,470.8918571472168,241.27115964889526,,,,,,,,0,96.65329134732663,1.2327766046141175,0.28922895680353555,1.4915821439800803,0,0,168.0857719178656,174.1405375379654,175.4242273537314,0,0,0,0,0
104,3.433333333333333,0,1,436.08165740966797,192.9229974746704,505.7020568847656,289.6193218231201,531.0641860961914,301.376895904541,553.7183380126953,96.31378412246704,470.8918571472168,241.27115964889526,,,,,,,,0,96.65329134732663,1.2327766046141175,0.28922895680353555,1.4915821439800803,0,0,168.0857719178656,174.1405375379654,175.4242273537314,0,0,0,0,0
105,3.466666666666667,1,1,436.4371871948242,192.0699691772461,505.7742691040039,289.9540901184082,529.7716522216797,303.07456970214844,552.6530075073242,96.04040622711182,471.10572814941406,241.01202964782715,,,,,,,,0,97.40655140281727,1.2314764560645584,0.28078172514208727,1.4889015824416962,0,0,165.86026650035836,173.54138161405203,175.32148385941497,0,0,0,0,0
106,3.5,0,1,436.4371871948242,192.0699691772461,505.7742691040039,289.9540901184082,529.7716522216797,303.07456970214844,552.6530075073242,96.04040622711182,471.10572814941406,241.01202964782715,,,,,,,,0,97.40655140281727,1.2314764560645584,0.28078172514208727,1.4889015824416962,0,0,165.86026650035836,173.54138161405203,175.32148385941497,0,0,0,0,0
107,3.533333333333333,0,1,436.4371871948242,192.0699691772461,505.7742691040039,289.9540901184082,529.7716522216797,303.07456970214844,552.6530075073242,96.04040622711182,471.10572814941406,241.01202964782715,,,,,,,,0,97.40655140281727,1.2314764560645584,0.28078172514208727,1.4889015824416962,0,0,165.86026650035836,173.54138161405203,175.32148385941497,0,0,0,0,0
108,3.566666666666667,1,1,437.00130462646484,192.8233766555786,505.2749252319336,290.06340980529785,529.3194198608398,303.1526470184326,552.8004455566406,97.02552080154419,471.1381149291992,241.44339323043823,,,,,,,,0,95.911374472925,1.2387958120399045,0.2854340701440796,1.4999076266824511,0,0,167.79005596380614,173.6820793296035,175.36523245379894,0,0,0,0,0
109,3.6,0,1,437.00130462646484,192.8233766555786,505.2749252319336,290.06340980529785,529.3194198608398,303.1526470184326,552.8004455566406,97.02552080154419,471.1381149291992,241.44339323043823,,,,,,,,0,95.911374472925,1.2387958120399045,0.2854340701440796,1.4999076266824511,0,0,167.79005596380614,173.6820793296035,175.36523245379894,0,0,0,0,0
110,3.6333333333333333,0,1,437.00130462646484,192.8233766555786,505.2749252319336,290.06340980529785,529.3194198608398,303.1526470184326,552.8004455566406,97.02552080154419,471.1381149291992,241.44339323043823,,,,,,,,0,95.911374472925,1.2387958120399045,0.2854340701440796,1.4999076266824511,0,0,167.79005596380614,173.6820793296035,175.36523245379894,0,0,0,0,0
111,3.6666666666666665,1,1,436.7915725708008,192.331223487854,505.2299118041992,290.78052520751953,529.6342468261719,303.80298614501953,553.2128524780273,96.7821478843689,471.0107421875,241.55587434768677,,,,,,,,0,97.72359432638308,1.22693251714697,0.28305809400732357,1.4845075849721774,0,0,166.96491591212734,173.21898152553692,175.38738940058207,0,0,0,0,0
112,3.7,0,1,436.7915725708008,192.331223487854,505.2299118041992,290.78052520751953,529.6342468261719,303.80298614501953,553.2128524780273,96.7821478843689,471.0107421875,241.55587434768677,,,,,,,,0,97.72359432638308,1.22693251714697,0.28305809400732357,1.4845075849721774,0,0,166.96491591212734,173.21898152553692,175.38738940058207,0,0,0,0,0
113,3.7333333333333334,0,1,436.7915725708008,192.331223487854,505.2299118041992,290.78052520751953,529.6342468261719,303.80298614501953,553.2128524780273,96.7821478843689,471.0107421875,241.55587434768677,,,,,,,,0,97.72359432638308,1.22693251714697,0.28305809400732357,1.4845075849721774,0,0,166.96491591212734,173.21898152553692,175.38738940058207,0,0,0,0,0
114,3.7666666666666666,1,1,437.15476989746094,192.02663898468018,505.22972106933594,289.8588466644287,528.9669036865234,303.0680179595947,553.2795715332031,96.8608832359314,471.19224548339844,240.94274282455444,,,,,,,,0,98.19254171667572,1.2138004999655911,0.2766501182700078,1.467342754435471,0,0,166.56686849599814,173.6900289032419,175.81418055222122,0,0,0,0,0
115,3.8,0,1,437.15476989746094,192.02663898468018,505.22972106933594,289.8588466644287,528.9669036865234,303.0680179595947,553.2795715332031,96.8608832359314,471.19224548339844,240.94274282455444,,,,,,,,0,98.19254171667572,1.2138004999655911,0.2766501182700078,1.467342754435471,0,0,166.56686849599814,173.6900289032419,175.81418055222122,0,0,0,0,0
116,3.8333333333333335,0,1,437.15476989746094,192.02663898468018,505.22972106933594,289.8588466644287,528.9669036865234,303.0680179595947,553.2795715332031,96.8608832359314,471.19224548339844,240.94274282455444,,,,,,,,0,98.19254171667572,1.2138004999655911,0.2766501182700078,1.467342754435471,0,0,166.56686849599814,173.6900289032419,175.81418055222122,0,0,0,0,0
117,3.8666666666666667,1,1,436.7496109008789,192.7859115600586,505.6593704223633,290.8384323120117,529.6733856201172,303.5141086578369,553.4011459350586,96.43799543380737,471.2044906616211,241.81217193603516,,,,,,,,0,100.34581519833364,1.1943210144986458,0.2706053069822712,1.4405480798016754,0,0,165.09675675083025,173.16987355283564,175.4471009491127,0,0,0,0,0
118,3.9,0,1,436.7496109008789,192.7859115600586,505.6593704223633,290.8384323120117,529.6733856201172,303.5141086578369,553.4011459350586,96.43799543380737,471.2044906616211,241.81217193603516,,,,,,,,0,100.34581519833364,1.1943210144986458,0.2706053069822712,1.4405480798016754,0,0,165.09675675083025,173.16987355283564,175.4471009491127,0,0,0,0,0
119,3.933333333333333,0,1,436.7496109008789,192.7859115600586,505.6593704223633,290.8384323120117,529.6733856201172,303.5141086578369,553.4011459350586,96.43799543380737,471.2044906616211,241.81217193603516,,,,,,,,0,100.34581519833364,1.1943210144986458,0.2706053069822712,1.4405480798016754,0,0,165.09675675083025,173.16987355283564,175.4471009491127,0,0,0,0,0
120,3.966666666666667,1,1,436.2723922729492,192.46665000915527,505.30941009521484,289.28123474121094,528.8446044921875,303.0882167816162,553.3869552612305,96.31105184555054,470.79090118408203,240.8739423751831,,,,,,,,0,100.64080612408871,1.1815113754344293,0.27112487502180577,1.4332698686304342,0,0,165.32042954592754,173.39253273594997,175.81787840735376,0,0,0,0,0
121,4.0,0,1,436.2723922729492,192.46665000915527,505.30941009521484,289.28123474121094,528.8446044921875,303.0882167816162,553.3869552612305,96.31105184555054,470.79090118408203,240.8739423751831,,,,,,,,0,100.64080612408871,1.1815113754344293,0.27112487502180577,1.4332698686304342,0,0,165.32042954592754,173.39253273594997,175.81787840735376,0,0,0,0,0
122,4.033333333333333,0,1,436.2723922729492,192.46665000915527,505.30941009521484,289.28123474121094,528.8446044921875,303.0882167816162,553.3869552612305,96.31105184555054,470.79090118408203,240.8739423751831,,,,,,,,0,100.64080612408871,1.1815113754344293,0.27112487502180577,1.4332698686304342,0,0,165.32042954592754,173.39253273594997,175.81787840735376,0,0,0,0,0
123,4.066666666666666,1,1,437.1534729003906,193.65739345550537,505.2286148071289,289.74217414855957,527.7993011474609,303.36164474487305,554.0384674072266,95.73968410491943,471.19104385375977,241.69978380203247,,,,,,,,0,100.34423257842155,1.1735218200677466,0.2627101310709391,1.4182023741742875,0,0,167.70465556830032,173.25328390511623,175.67971638099135,0,0,0,0,0
124,4.1,0,1,437.1534729003906,193.65739345550537,505.2286148071289,289.74217414855957,527.7993011474609,303.36164474487305,554.0384674072266,95.73968410491943,471.19104385375977,241.69978380203247,,,,,,,,0,100.34423257842155,1.1735218200677466,0.2627101310709391,1.4182023741742875,0,0,167.70465556830032,173.25328390511623,175.67971638099135,0,0,0,0,0
125,4.133333333333334,0,1,437.1534729003906,193.65739345550537,505.2286148071289,289.74217414855957,527.7993011474609,303.36164474487305,554.0384674072266,95.73968410491943,471.19104385375977,241.69978380203247,,,,,,,,0,100.34423257842155,1.1735218200677466,0.2627101310709391,1.4182023741742875,0,0,167.70465556830032,173.25328390511623,175.67971638099135,0,0,0,0,0
126,4.166666666666667,1,1,435.8766174316406,193.3033275604248,505.0644302368164,289.52794075012207,528.2737731933594,303.5155963897705,553.581657409668,95.42630195617676,470.4705238342285,241.41563415527344,,,,,,,,0,100.4771882760077,1.1795350827950277,0.26969792399046505,1.4313622738897624,0,0,165.95461712899714,173.54809471159425,175.73979294186472,0,0,0,0,0
127,4.2,0,1,435.8766174316406,193.3033275604248,505.0644302368164,289.52794075012207,528.2737731933594,303.5155963897705,553.581657409668,95.42630195617676,470.4705238342285,241.41563415527344,,,,,,,,0,100.4771882760077,1.1795350827950277,0.26969792399046505,1.4313622738897624,0,0,165.95461712899714,173.54809471159425,175.73979294186472,0,0,0,0,0
128,4.233333333333333,0,1,435.8766174316406,193.3033275604248,505.0644302368164,289.52794075012207,528.2737731933594,303.5155963897705,553.581657409668,95.42630195617676,470.4705238342285,241.41563415527344,,,,,,,,0,100.4771882760077,1.1795350827950277,0.26969792399046505,1.4313622738897624,0,0,165.95461712899714,173.54809471159425,175.73979294186472,0,0,0,0,0
129,4.266666666666667,1,1,435.43262481689453,193.71384143829346,505.2098083496094,289.6934223175049,528.9153289794922,303.41583251953125,552.9521179199219,95.55233001708984,470.32121658325195,241.70363187789917,,,,,,,,0,100.55107377451701,1.1801277931761651,0.272406896441718,1.4334038680043344,0,0,166.07155255590004,173.39921393749265,175.72469480556316,0,0,0,0,0
130,4.3,0,1,435.43262481689453,193.71384143829346,505.2098083496094,289.6934223175049,528.9153289794922,303.41583251953125,552.9521179199219,95.55233001708984,470.32121658325195,241.70363187789917,,,,,,,,0,100.55107377451701,1.1801277931761651,0.272406896441718,1.4334038680043344,0,0,166.07155255590004,173.39921393749265,175.72469480556316,0,0,0,0,0
131,4.333333333333333,0,1,435.43262481689453,193.71384143829346,505.2098083496094,289.6934223175049,528.9153289794922,303.41583251953125,552.9521179199219,95.55233001708984,470.32121658325195,241.70363187789917,,,,,,,,0,100.55107377451701,1.1801277931761651,0.272406896441718,1.4334038680043344,0,0,166.07155255590004,173.39921393749265,175.72469480556316,0,0,0,0,0
132,4.366666666666666,1,1,435.8810806274414,193.84888172149658,505.03284454345703,290.1537036895752,528.9019393920898,303.95527839660645,553.0046463012695,96.69125318527222,470.4569625854492,242.0012927055359,,,,,,,,0,100.69255525328457,1.177450212617839,0.27382397479472204,1.4314847602092444,0,0,166.32439837844234,173.1156135758259,175.62981915544793,0,0,0,0,0
133,4.4,0,1,435.8810806274414,193.84888172149658,505.03284454345703,290.1537036895752,528.9019393920898,303.95527839660645,553.0046463012695,96.69125318527222,470.4569625854492,242.0012927055359,,,,,,,,0,100.69255525328457,1.177450212617839,0.27382397479472204,1.4314847602092444,0,0,166.32439837844234,173.1156135758259,175.62981915544793,0,0,0,0,0
134,4.433333333333334,0,1,435.8810806274414,193.84888172149658,505.03284454345703,290.1537036895752,528.9019393920898,303.95527839660645,553.0046463012695,96.69125318527222,470.4569625854492,242.0012927055359,,,,,,,,0,100.69255525328457,1.177450212617839,0.27382397479472204,1.4314847602092444,0,0,166.32439837844234,173.1156135758259,175.62981915544793,0,0,0,0,0
135,4.466666666666667,1,1,436.06555938720703,193.41974258422852,504.98653411865234,289.9786949157715,527.8902816772461,303.9315891265869,554.1350173950195,96.86026811599731,470.5260467529297,241.69921875,,,,,,,,0,100.11841367271127,1.1849244995229353,0.2678739468372159,1.4351251647150938,0,0,166.94625975402923,173.39980814792918,175.99610757340207,0,0,0,0,0
136,4.5,0,1,436.06555938720703,193.41974258422852,504.98653411865234,289.9786949157715,527.8902816772461,303.9315891265869,554.1350173950195,96.86026811599731,470.5260467529297,241.69921875,,,,,,,,0,100.11841367271127,1.1849244995229353,0.2678739468372159,1.4351251647150938,0,0,166.94625975402923,173.39980814792918,175.99610757340207,0,0,0,0,0
137,4.533333333333333,0,1,436.06555938720703,193.41974258422852,504.98653411865234,289.9786949157715,527.8902816772461,303.9315891265869,554.1350173950195,96.86026811599731,470.5260467529297,241.69921875,,,,,,,,0,100.11841367271127,1.1849244995229353,0.2678739468372159,1.4351251647150938,0,0,166.94625975402923,173.39980814792918,175.99610757340207,0,0,0,0,0
138,4.566666666666666,1,1,435.97328186035156,193.44529151916504,504.7176742553711,290.25275230407715,528.8041305541992,303.30591201782227,554.0150833129883,96.93578481674194,470.3454780578613,241.8490219116211,,,,,,,,0,100.47300800119622,1.1817382059757073,0.2726705275679715,1.4315236857938822,0,0,166.4845283903186,173.17901136159702,175.33620323140187,0,0,0,0,0
139,4.6,0,1,435.97328186035156,193.44529151916504,504.7176742553711,290.25275230407715,528.8041305541992,303.30591201782227,554.0150833129883,96.93578481674194,470.3454780578613,241.8490219116211,,,,,,,,0,100.47300800119622,1.1817382059757073,0.2726705275679715,1.4315236857938822,0,0,166.4845283903186,173.17901136159702,175.33620323140187,0,0,0,0,0
140,4.633333333333334,0,1,435.97328186035156,193.44529151916504,504.7176742553711,290.25275230407715,528.8041305541992,303.30591201782227,554.0150833129883,96.93578481674194,470.3454780578613,241.8490219116211,,,,,,,,0,100.47300800119622,1.1817382059757073,0.2726705275679715,1.4315236857938822,0,0,166.4845283903186,173.17901136159702,175.33620323140187,0,0,0,0,0
141,4.666666666666667,1,1,435.90221405029297,193.9971685409546,505.02647399902344,289.57340240478516,528.6088562011719,302.8696918487549,553.7091064453125,96.59032344818115,470.4643440246582,241.78528547286987,,,,,,,,0,100.47114005736888,1.1740017570961134,0.26945545179514696,1.4232507129468712,0,0,167.04679563685758,173.5821011393749,176.00928598054617,0,0,0,0,0
142,4.7,0,1,435.90221405029297,193.9971685409546,505.02647399902344,289.57340240478516,528.6088562011719,302.8696918487549,553.7091064453125,96.59032344818115,470.4643440246582,241.78528547286987,,,,,,,,0,100.47114005736888,1.1740017570961134,0.26945545179514696,1.4232507129468712,0,0,167.04679563685758,173.5821011393749,176.00928598054617,0,0,0,0,0
143,4.733333333333333,0,1,435.90221405029297,193.9971685409546,505.02647399902344,289.57340240478516,528.6088562011719,302.8696918487549,553.7091064453125,96.59032344818115,470.4643440246582,241.78528547286987,,,,,,,,0,100.47114005736888,1.1740017570961134,0.26945545179514696,1.4232507129468712,0,0,167.04679563685758,173.5821011393749,176.00928598054617,0,0,0,0,0
144,4.766666666666667,1,1,436.08715057373047,193.9531660079956,505.1519775390625,289.28993225097656,528.7915420532227,301.4552307128906,553.9389419555664,95.98355770111084,470.6195640563965,241.62154912948608,,,,,,,,0,98.64967358587138,1.1933588757541678,0.26950066218589414,1.4389658041389228,0,0,167.9595191683748,174.39184959375967,176.13522366528332,0,0,0,0,0
145,4.8,0,1,436.08715057373047,193.9531660079956,505.1519775390625,289.28993225097656,528.7915420532227,301.4552307128906,553.9389419555664,95.98355770111084,470.6195640563965,241.62154912948608,,,,,,,,0,98.64967358587138,1.1933588757541678,0.26950066218589414,1.4389658041389228,0,0,167.9595191683748,174.39184959375967,176.13522366528332,0,0,0,0,0
146,4.833333333333333,0,1,436.08715057373047,193.9531660079956,505.1519775390625,289.28993225097656,528.7915420532227,301.4552307128906,553.9389419555664,95.98355770111084,470.6195640563965,241.62154912948608,,,,,,,,0,98.64967358587138,1.1933588757541678,0.26950066218589414,1.4389658041389228,0,0,167.9595191683748,174.39184959375967,176.13522366528332,0,0,0,0,0
147,4.866666666666666,1,1,441.82544708251953,192.90357112884521,502.94342041015625,277.7599811553955,526.0498046875,293.7429428100586,555.0530242919922,90.13168573379517,472.3844337463379,235.33177614212036,,,,,,,,0,94.84915947757766,1.1025444346650444,0.29621298100647964,1.3852115726147944,0,0,170.89217121458242,173.60349255812184,177.02428048771816,0,0,0,0,0
148,4.9,0,1,441.82544708251953,192.90357112884521,502.94342041015625,277.7599811553955,526.0498046875,293.7429428100586,555.0530242919922,90.13168573379517,472.3844337463379,235.33177614212036,,,,,,,,0,94.84915947757766,1.1025444346650444,0.29621298100647964,1.3852115726147944,0,0,170.89217121458242,173.60349255812184,177.02428048771816,0,0,0,0,0
149,4.933333333333334,0,1,441.82544708251953,192.90357112884521,502.94342041015625,277.7599811553955,526.0498046875,293.7429428100586,555.0530242919922,90.13168573379517,472.3844337463379,235.33177614212036,,,,,,,,0,94.84915947757766,1.1025444346650444,0.29621298100647964,1.3852115726147944,0,0,170.89217121458242,173.60349255812184,177.02428048771816,0,0,0,0,0
150,4.966666666666667,1,1,454.51709747314453,178.61616611480713,491.1043167114258,247.85651206970215,509.60193634033203,262.18889236450195,554.2974090576172,70.41984558105469,472.81070709228516,213.23633909225464,,,,,,,,0,93.7275639769166,0.835533458936571,0.24966409241020804,1.067921240289823,0,0,168.18737112574578,177.6262790616114,179.74206961304526,0,0,0,0,0
151,5.0,0,1,454.51709747314453,178.61616611480713,491.1043167114258,247.85651206970215,509.60193634033203,262.18889236450195,554.2974090576172,70.41984558105469,472.81070709228516,213.23633909225464,,,,,,,,0,93.7275639769166,0.835533458936571,0.24966409241020804,1.067921240289823,0,0,168.18737112574578,177.6262790616114,179.74206961304526,0,0,0,0,0
152,5.033333333333333,0,1,454.51709747314453,178.61616611480713,491.1043167114258,247.85651206970215,509.60193634033203,262.18889236450195,554.2974090576172,70.41984558105469,472.81070709228516,213.23633909225464,,,,,,,,0,93.7275639769166,0.835533458936571,0.24966409241020804,1.067921240289823,0,0,168.18737112574578,177.6262790616114,179.74206961304526,0,0,0,0,0
153,5.066666666666666,1,1,456.32301330566406,153.37051391601562,472.47318267822266,201.95497512817383,487.94578552246094,190.5557155609131,554.0450668334961,40.150630474090576,464.39809799194336,177.66274452209473,83.84884766353892,7.0987396240234375,14.064918518066406,15.754809969324533,0.08466114707394214,0.16774134540888194,0.1878953665832596,6,87.38467022416371,0.5858970031050728,0.2199280382103393,0.5586026349176217,1,1,176.41242221122644,169.97808765608158,143.74037732363746,0,0,0,0,0
154,5.1,0,1,456.32301330566406,153.37051391601562,472.47318267822266,201.95497512817383,487.94578552246094,190.5557155609131,554.0450668334961,40.150630474090576,464.39809799194336,177.66274452209473,83.84884766353892,7.0987396240234375,14.064918518066406,15.754809969324533,0.08466114707394214,0.16774134540888194,0.1878953665832596,6,87.38467022416371,0.5858970031050728,0.2199280382103393,0.5586026349176217,1,2,176.41242221122644,169.97808765608158,143.74037732363746,0,0,0,0,0
155,5.133333333333334,0,1,456.32301330566406,153.37051391601562,472.47318267822266,201.95497512817383,487.94578552246094,190.5557155609131,554.0450668334961,40.150630474090576,464.39809799194336,177.66274452209473,83.84884766353892,7.0987396240234375,14.064918518066406,15.754809969324533,0.08466114707394214,0.16774134540888194,0.1878953665832596,6,87.38467022416371,0.5858970031050728,0.2199280382103393,0.5586026349176217,1,3,176.41242221122644,169.97808765608158,143.74037732363746,0,0,0,0,0
156,5.166666666666667,1,1,444.3528747558594,126.34101390838623,456.0483932495117,172.72480487823486,467.88063049316406,135.96721172332764,546.2767791748047,9.760817885398865,450.20063400268555,149.53290939331055,83.84884766353892,7.0987396240234375,14.064918518066406,15.754809969324533,0.08466114707394214,0.16774134540888194,0.1878953665832596,6,80.31302510291414,0.5956140277118696,0.48080688294960827,0.31652197601967974,1,4,176.54821065464827,168.49822836513377,119.54058826182064,-1,-1,0,0,0
157,5.2,0,1,444.3528747558594,126.34101390838623,456.0483932495117,172.72480487823486,467.88063049316406,135.96721172332764,546.2767791748047,9.760817885398865,450.20063400268555,149.53290939331055,83.84884766353892,7.0987396240234375,14.064918518066406,15.754809969324533,0.08466114707394214,0.16774134540888194,0.1878953665832596,6,80.31302510291414,0.5956140277118696,0.48080688294960827,0.31652197601967974,1,5,176.54821065464827,168.49822836513377,119.54058826182064,0,0,0,0,0
158,5.233333333333333,0,1,444.3528747558594,126.34101390838623,456.0483932495117,172.72480487823486,467.88063049316406,135.96721172332764,546.2767791748047,9.760817885398865,450.20063400268555,149.53290939331055,83.84884766353892,7.0987396240234375,14.064918518066406,15.754809969324533,0.08466114707394214,0.16774134540888194,0.1878953665832596,6,80.31302510291414,0.5956140277118696,0.48080688294960827,0.31652197601967974,1,6,176.54821065464827,168.49822836513377,119.54058826182064,0,0,0,0,0
159,5.266666666666667,1,1,429.8870849609375,117.09335803985596,454.5203399658203,181.95106029510498,452.81871795654297,126.52304649353027,527.2093963623047,0.10209646308794618,442.2037124633789,149.52220916748047,,,,,,,,0,82.8070271443494,0.8378284817892179,0.6696790016973919,0.299427892692733,0,0,173.97523190649417,174.14833707678923,121.292824607367,0,0,0,0,0
160,5.3,0,1,429.8870849609375,117.09335803985596,454.5203399658203,181.95106029510498,452.81871795654297,126.52304649353027,527.2093963623047,0.10209646308794618,442.2037124633789,149.52220916748047,,,,,,,,0,82.8070271443494,0.8378284817892179,0.6696790016973919,0.299427892692733,0,0,173.97523190649417,174.14833707678923,121.292824607367,0,0,0,0,0
161,5.333333333333333,0,1,429.8870849609375,117.09335803985596,454.5203399658203,181.95106029510498,452.81871795654297,126.52304649353027,527.2093963623047,0.10209646308794618,442.2037124633789,149.52220916748047,,,,,,,,0,82.8070271443494,0.8378284817892179,0.6696790016973919,0.299427892692733,0,0,173.97523190649417,174.14833707678923,121.292824607367,0,0,0,0,0
162,5.366666666666666,1,1,405.4132080078125,111.62652969360352,448.170166015625,198.5154104232788,426.25640869140625,116.87429666519165,517.0441436767578,8.55991244316101,426.79168701171875,155.07097005844116,,,,,,,,0,87.2942096119874,1.1093430266145676,0.9683456255859885,0.24622108705439397,0,0,175.5699931935875,173.33352550728338,106.48368320678502,0,0,0,0,0
163,5.4,0,1,405.4132080078125,111.62652969360352,448.170166015625,198.5154104232788,426.25640869140625,116.87429666519165,517.0441436767578,8.55991244316101,426.79168701171875,155.07097005844116,,,,,,,,0,87.2942096119874,1.1093430266145676,0.9683456255859885,0.24622108705439397,0,0,175.5699931935875,173.33352550728338,106.48368320678502,0,0,0,0,0
164,5.433333333333334,0,1,405.4132080078125,111.62652969360352,448.170166015625,198.5154104232788,426.25640869140625,116.87429666519165,517.0441436767578,8.55991244316101,426.79168701171875,155.07097005844116,,,,,,,,0,87.2942096119874,1.1093430266145676,0.9683456255859885,0.24622108705439397,0,0,175.5699931935875,173.33352550728338,106.48368320678502,0,0,0,0,0
165,5.466666666666667,1,1,385.078125,125.12834072113037,423.63101959228516,215.9947156906128,413.6410140991211,132.30274200439453,509.4746780395508,19.19801115989685,404.3545722961426,170.56152820587158,,,,,,,,0,95.43632468609668,1.0342682080306798,0.8831658215293758,0.3085841660722629,0,0,174.6697935405271,169.92192201569466,100.76020324775175,0,0,0,0,0
166,5.5,0,1,385.078125,125.12834072113037,423.63101959228516,215.9947156906128,413.6410140991211,132.30274200439453,509.4746780395508,19.19801115989685,404.3545722961426,170.56152820587158,,,,,,,,0,95.43632468609668,1.0342682080306798,0.8831658215293758,0.3085841660722629,0,0,174.6697935405271,169.92192201569466,100.76020324775175,0,0,0,0,0
167,5.533333333333333,0,1,385.078125,125.12834072113037,423.63101959228516,215.9947156906128,413.6410140991211,132.30274200439453,509.4746780395508,19.19801115989685,404.3545722961426,170.56152820587158,,,,,,,,0,95.43632468609668,1.0342682080306798,0.8831658215293758,0.3085841660722629,0,0,174.6697935405271,169.92192201569466,100.76020324775175,0,0,0,0,0
168,5.566666666666666,1,1,371.31397247314453,134.7238540649414,422.19676971435547,236.2186861038208,400.6346893310547,141.58098220825195,502.5324249267578,35.81534028053284,396.75537109375,185.4712700843811,,,,,,,,0,103.97876930543046,1.091908295852785,0.9334882610159277,0.2895963186960815,0,0,173.6240943283325,174.02489299978996,99.17219813553199,0,0,0,0,0
169,5.6,0,1,371.31397247314453,134.7238540649414,422.19676971435547,236.2186861038208,400.6346893310547,141.58098220825195,502.5324249267578,35.81534028053284,396.75537109375,185.4712700843811,,,,,,,,0,103.97876930543046,1.091908295852785,0.9334882610159277,0.2895963186960815,0,0,173.6240943283325,174.02489299978996,99.17219813553199,0,0,0,0,0
170,5.633333333333334,0,1,371.31397247314453,134.7238540649414,422.19676971435547,236.2186861038208,400.6346893310547,141.58098220825195,502.5324249267578,35.81534028053284,396.75537109375,185.4712700843811,,,,,,,,0,103.97876930543046,1.091908295852785,0.9334882610159277,0.2895963186960815,0,0,173.6240943283325,174.02489299978996,99.17219813553199,0,0,0,0,0
171,5.666666666666667,1,1,353.93924713134766,137.28817462921143,415.2525329589844,256.4710807800293,389.6072006225586,143.70164394378662,496.2060546875,49.17069911956787,384.595890045166,196.87962770462036,,,,,,,,0,106.5039097534202,1.2584459622692825,1.0858637129044928,0.34026892571380873,0,0,167.4994952335876,171.9922425340214,97.33282804650712,0,0,0,0,0
172,5.7,0,1,353.93924713134766,137.28817462921143,415.2525329589844,256.4710807800293,389.6072006225586,143.70164394378662,496.2060546875,49.17069911956787,384.595890045166,196.87962770462036,,,,,,,,0,106.5039097534202,1.2584459622692825,1.0858637129044928,0.34026892571380873,0,0,167.4994952335876,171.9922425340214,97.33282804650712,0,0,0,0,0
173,5.733333333333333,0,1,353.93924713134766,137.28817462921143,415.2525329589844,256.4710807800293,389.6072006225586,143.70164394378662,496.2060546875,49.17069911956787,384.595890045166,196.87962770462036,,,,,,,,0,106.5039097534202,1.2584459622692825,1.0858637129044928,0.34026892571380873,0,0,167.4994952335876,171.9922425340214,97.33282804650712,0,0,0,0,0
174,5.766666666666667,1,1,340.6841278076172,134.19023036956787,402.17830657958984,258.38616371154785,379.33582305908203,149.38589572906494,489.6746063232422,51.052433252334595,371.4312171936035,196.28819704055786,,,,,,,,0,107.38004575837037,1.2906150657091404,1.037138943032068,0.38677069983989415,0,0,166.26958712718815,170.28831155826074,96.54056427414716,0,0,0,0,0
175,5.8,0,1,340.6841278076172,134.19023036956787,402.17830657958984,258.38616371154785,379.33582305908203,149.38589572906494,489.6746063232422,51.052433252334595,371.4312171936035,196.28819704055786,,,,,,,,0,107.38004575837037,1.2906150657091404,1.037138943032068,0.38677069983989415,0,0,166.26958712718815,170.28831155826074,96.54056427414716,0,0,0,0,0
176,5.833333333333333,0,1,340.6841278076172,134.19023036956787,402.17830657958984,258.38616371154785,379.33582305908203,149.38589572906494,489.6746063232422,51.052433252334595,371.4312171936035,196.28819704055786,,,,,,,,0,107.38004575837037,1.2906150657091404,1.037138943032068,0.38677069983989415,0,0,166.26958712718815,170.28831155826074,96.54056427414716,0,0,0,0,0
177,5.866666666666666,1,1,328.98067474365234,134.33913230895996,386.42887115478516,263.0166435241699,373.1394577026367,150.23208618164062,479.6211624145508,55.412399768829346,357.70477294921875,198.67788791656494,,,,,,,,0,108.31091206553972,1.301061111853602,1.0485075105993593,0.43330533522970754,0,0,165.73088985571255,172.12632645416016,92.93692281289292,0,0,0,0,0
178,5.9,0,1,328.98067474365234,134.33913230895996,386.42887115478516,263.0166435241699,373.1394577026367,150.23208618164062,479.6211624145508,55.412399768829346,357.70477294921875,198.67788791656494,,,,,,,,0,108.31091206553972,1.301061111853602,1.0485075105993593,0.43330533522970754,0,0,165.73088985571255,172.12632645416016,92.93692281289292,0,0,0,0,0
179,5.933333333333334,0,1,328.98067474365234,134.33913230895996,386.42887115478516,263.0166435241699,373.1394577026367,150.23208618164062,479.6211624145508,55.412399768829346,357.70477294921875,198.67788791656494,,,,,,,,0,108.31091206553972,1.301061111853602,1.0485075105993593,0.43330533522970754,0,0,165.73088985571255,172.12632645416016,92.93692281289292,0,0,0,0,0
180,5.966666666666667,1,1,321.1142349243164,136.88498497009277,379.84066009521484,261.6243553161621,366.35982513427734,149.78981494903564,474.298095703125,55.19024133682251,350.4774475097656,199.25467014312744,,,,,,,,0,113.70257715640763,1.212567545674053,0.9906909839966918,0.4137984740676167,0,0,165.7543108835775,173.27520867171887,91.54454544895322,0,0,0,0,0
181,6.0,0,1,321.1142349243164,136.88498497009277,379.84066009521484,261.6243553161621,366.35982513427734,149.78981494903564,474.298095703125,55.19024133682251,350.4774475097656,199.25467014312744,,,,,,,,0,113.70257715640763,1.212567545674053,0.9906909839966918,0.4137984740676167,0,0,165.7543108835775,173.27520867171887,91.54454544895322,0,0,0,0,0
182,6.033333333333333,0,1,321.1142349243164,136.88498497009277,379.84066009521484,261.6243553161621,366.35982513427734,149.78981494903564,474.298095703125,55.19024133682251,350.4774475097656,199.25467014312744,,,,,,,,0,113.70257715640763,1.212567545674053,0.9906909839966918,0.4137984740676167,0,0,165.7543108835775,173.27520867171887,91.54454544895322,0,0,0,0,0
183,6.066666666666666,1,1,313.7092590332031,136.08182430267334,374.3388366699219,259.92055892944336,363.6578369140625,151.64737701416016,469.94510650634766,55.760332345962524,344.0240478515625,198.00119161605835,,,,,,,,0,114.19947239803224,1.20739549939661,0.9527078981750287,0.4581260134665768,0,0,165.54052311805253,174.8038574155102,89.59630081015861,0,0,0,0,0
184,6.1,0,1,313.7092590332031,136.08182430267334,374.3388366699219,259.92055892944336,363.6578369140625,151.64737701416016,469.94510650634766,55.760332345962524,344.0240478515625,198.00119161605835,,,,,,,,0,114.19947239803224,1.20739549939661,0.9527078981750287,0.4581260134665768,0,0,165.54052311805253,174.8038574155102,89.59630081015861,0,0,0,0,0
185,6.133333333333334,0,1,313.7092590332031,136.08182430267334,374.3388366699219,259.92055892944336,363.6578369140625,151.64737701416016,469.94510650634766,55.760332345962524,344.0240478515625,198.00119161605835,,,,,,,,0,114.19947239803224,1.20739549939661,0.9527078981750287,0.4581260134665768,0,0,165.54052311805253,174.8038574155102,89.59630081015861,0,0,0,0,0
186,6.166666666666667,1,1,310.10101318359375,139.1898250579834,368.0696487426758,261.43080711364746,361.7225646972656,148.7279462814331,464.13368225097656,61.096458435058594,339.08533096313477,200.31031608581543,,,,,,,,0,112.73581350187416,1.2000569367339395,1.0012917822833864,0.46564915537058355,0,0,167.6383103299772,174.80246238604357,89.87596895052582,0,0,0,0,0
187,6.2,0,1,310.10101318359375,139.1898250579834,368.0696487426758,261.43080711364746,361.7225646972656,148.7279462814331,464.13368225097656,61.096458435058594,339.08533096313477,200.31031608581543,,,,,,,,0,112.73581350187416,1.2000569367339395,1.0012917822833864,0.46564915537058355,0,0,167.6383103299772,174.80246238604357,89.87596895052582,0,0,0,0,0
188,6.233333333333333,0,1,310.10101318359375,139.1898250579834,368.0696487426758,261.43080711364746,361.7225646972656,148.7279462814331,464.13368225097656,61.096458435058594,339.08533096313477,200.31031608581543,,,,,,,,0,112.73581350187416,1.2000569367339395,1.0012917822833864,0.46564915537058355,0,0,167.6383103299772,174.80246238604357,89.87596895052582,0,0,0,0,0
189,6.266666666666667,1,1,306.7491149902344,138.87484073638916,364.41162109375,264.8064708709717,357.9195785522461,151.44729137420654,461.2741470336914,62.681944370269775,335.5803680419922,201.84065580368042,,,,,,,,0,111.11563329684745,1.246497681116133,1.0218627434199317,0.4742117735302227,0,0,167.3399413392678,174.032311981881,87.05431318108124,0,0,0,0,0
190,6.3,0,1,306.7491149902344,138.87484073638916,364.41162109375,264.8064708709717,357.9195785522461,151.44729137420654,461.2741470336914,62.681944370269775,335.5803680419922,201.84065580368042,,,,,,,,0,111.11563329684745,1.246497681116133,1.0218627434199317,0.4742117735302227,0,0,167.3399413392678,174.032311981881,87.05431318108124,0,0,0,0,0
191,6.333333333333333,0,1,306.7491149902344,138.87484073638916,364.41162109375,264.8064708709717,357.9195785522461,151.44729137420654,461.2741470336914,62.681944370269775,335.5803680419922,201.84065580368042,,,,,,,,0,111.11563329684745,1.246497681116133,1.0218627434199317,0.4742117735302227,0,0,167.3399413392678,174.032311981881,87.05431318108124,0,0,0,0,0
192,6.366666666666666,1,1,304.4449234008789,137.98749446868896,360.02559661865234,264.32833671569824,356.539306640625,151.71063423156738,459.92515563964844,62.032341957092285,332.2352600097656,201.1579155921936,,,,,,,,0,110.66759049674415,1.2472138868492246,1.0181088369620561,0.4867875062800604,0,0,166.87694866757082,176.14420224525873,87.13462547746198,0,0,0,0,0
193,6.4,0,1,304.4449234008789,137.98749446868896,360.02559661865234,264.32833671569824,356.539306640625,151.71063423156738,459.92515563964844,62.032341957092285,332.2352600097656,201.1579155921936,,,,,,,,0,110.66759049674415,1.2472138868492246,1.0181088369620561,0.4867875062800604,0,0,166.87694866757082,176.14420224525873,87.13462547746198,0,0,0,0,0
194,6.433333333333334,0,1,304.4449234008789,137.98749446868896,360.02559661865234,264.32833671569824,356.539306640625,151.71063423156738,459.92515563964844,62.032341957092285,332.2352600097656,201.1579155921936,,,,,,,,0,110.66759049674415,1.2472138868492246,1.0181088369620561,0.4867875062800604,0,0,166.87694866757082,176.14420224525873,87.13462547746198,0,0,0,0,0
195,6.466666666666667,1,1,303.50656509399414,138.1470823287964,359.7347640991211,263.57211112976074,357.0161819458008,152.90176391601562,457.66319274902344,62.231526374816895,331.6206645965576,200.85959672927856,,,,,,,,0,110.18755581472175,1.247436555810939,1.0046845300804415,0.5037463014192041,0,0,167.78601975964597,175.82824041951676,86.78177476074647,0,0,0,0,0
196,6.5,0,1,303.50656509399414,138.1470823287964,359.7347640991211,263.57211112976074,357.0161819458008,152.90176391601562,457.66319274902344,62.231526374816895,331.6206645965576,200.85959672927856,,,,,,,,0,110.18755581472175,1.247436555810939,1.0046845300804415,0.5037463014192041,0,0,167.78601975964597,175.82824041951676,86.78177476074647,0,0,0,0,0
197,6.533333333333333,0,1,303.50656509399414,138.1470823287964,359.7347640991211,263.57211112976074,357.0161819458008,152.90176391601562,457.66319274902344,62.231526374816895,331.6206645965576,200.85959672927856,,,,,,,,0,110.18755581472175,1.247436555810939,1.0046845300804415,0.5037463014192041,0,0,167.78601975964597,175.82824041951676,86.78177476074647,0,0,0,0,0
198,6.566666666666666,1,1,303.9552688598633,138.47107887268066,360.66417694091797,262.52549171447754,355.73829650878906,149.0255069732666,458.35975646972656,61.69455528259277,332.3097229003906,200.4982852935791,,,,,,,,0,110.47114955261216,1.2347260316670081,1.0283845701811074,0.47838450232800667,0,0,168.10984828232864,176.32475019081605,86.82020408624386,0,0,0,0,0
199,6.6,0,1,303.9552688598633,138.47107887268066,360.66417694091797,262.52549171447754,355.73829650878906,149.0255069732666,458.35975646972656,61.69455528259277,332.3097229003906,200.4982852935791,,,,,,,,0,110.47114955261216,1.2347260316670081,1.0283845701811074,0.47838450232800667,0,0,168.10984828232864,176.32475019081605,86.82020408624386,0,0,0,0,0
200,6.633333333333334,0,1,303.9552688598633,138.47107887268066,360.66417694091797,262.52549171447754,355.73829650878906,149.0255069732666,458.35975646972656,61.69455528259277,332.3097229003906,200.4982852935791,,,,,,,,0,110.47114955261216,1.2347260316670081,1.0283845701811074,0.47838450232800667,0,0,168.10984828232864,176.32475019081605,86.82020408624386,0,0,0,0,0
201,6.666666666666667,1,1,305.1484680175781,137.91955947875977,360.6658172607422,261.0526943206787,357.7168655395508,151.7069435119629,459.67700958251953,58.19953680038452,332.90714263916016,199.48612689971924,,,,,,,,0,110.22156443762188,1.2254421264442226,0.9924147725674065,0.4930648041990392,0,0,168.31770265304846,176.82417340947686,86.34931113842937,0,0,0,0,0
202,6.7,0,1,305.1484680175781,137.91955947875977,360.6658172607422,261.0526943206787,357.7168655395508,151.7069435119629,459.67700958251953,58.19953680038452,332.90714263916016,199.48612689971924,,,,,,,,0,110.22156443762188,1.2254421264442226,0.9924147725674065,0.4930648041990392,0,0,168.31770265304846,176.82417340947686,86.34931113842937,0,0,0,0,0
203,6.733333333333333,0,1,305.1484680175781,137.91955947875977,360.6658172607422,261.0526943206787,357.7168655395508,151.7069435119629,459.67700958251953,58.19953680038452,332.90714263916016,199.48612689971924,,,,,,,,0,110.22156443762188,1.2254421264442226,0.9924147725674065,0.4930648041990392,0,0,168.31770265304846,176.82417340947686,86.34931113842937,0,0,0,0,0
204,6.766666666666667,1,1,305.69469451904297,136.33076190948486,361.55094146728516,259.17131423950195,357.72953033447266,148.33468437194824,460.2532958984375,56.285176277160645,333.62281799316406,197.7510380744934,,,,,,,,0,111.9700495242445,1.2051740810686928,0.9904656453655497,0.4769264847954864,0,0,167.13079716457958,175.4698736017207,85.24788925066021,0,0,0,0,0
205,6.8,0,1,305.69469451904297,136.33076190948486,361.55094146728516,259.17131423950195,357.72953033447266,148.33468437194824,460.2532958984375,56.285176277160645,333.62281799316406,197.7510380744934,,,,,,,,0,111.9700495242445,1.2051740810686928,0.9904656453655497,0.4769264847954864,0,0,167.13079716457958,175.4698736017207,85.24788925066021,0,0,0,0,0
206,6.833333333333333,0,1,305.69469451904297,136.33076190948486,361.55094146728516,259.17131423950195,357.72953033447266,148.33468437194824,460.2532958984375,56.285176277160645,333.62281799316406,197.7510380744934,,,,,,,,0,111.9700495242445,1.2051740810686928,0.9904656453655497,0.4769264847954864,0,0,167.13079716457958,175.4698736017207,85.24788925066021,0,0,0,0,0
207,6.866666666666666,1,1,309.3020820617676,136.98406219482422,363.78482818603516,257.8704643249512,360.73402404785156,151.11298084259033,461.6484832763672,54.838775396347046,336.54345512390137,197.4272632598877,,,,,,,,0,108.95578115194766,1.2169774285724737,0.9802239478097073,0.48953191436799803,0,0,168.6257167281346,177.11655950955674,88.53230120370537,0,0,0,0,0
208,6.9,0,1,309.3020820617676,136.98406219482422,363.78482818603516,257.8704643249512,360.73402404785156,151.11298084259033,461.6484832763672,54.838775396347046,336.54345512390137,197.4272632598877,,,,,,,,0,108.95578115194766,1.2169774285724737,0.9802239478097073,0.48953191436799803,0,0,168.6257167281346,177.11655950955674,88.53230120370537,0,0,0,0,0
209,6.933333333333334,0,1,309.3020820617676,136.98406219482422,363.78482818603516,257.8704643249512,360.73402404785156,151.11298084259033,461.6484832763672,54.838775396347046,336.54345512390137,197.4272632598877,,,,,,,,0,108.95578115194766,1.2169774285724737,0.9802239478097073,0.48953191436799803,0,0,168.6257167281346,177.11655950955674,88.53230120370537,0,0,0,0,0
210,6.966666666666667,1,1,311.26176834106445,135.17502307891846,364.8241424560547,260.75778007507324,362.91202545166016,146.5136432647705,463.05389404296875,53.365774154663086,338.04295539855957,197.96640157699585,,,,,,,,0,110.45279842459745,1.2360775731894544,1.0344702803235442,0.4787581672612712,0,0,166.91519407318202,176.62884433687424,85.80927909662971,0,0,0,0,0
211,7.0,0,1,311.26176834106445,135.17502307891846,364.8241424560547,260.75778007507324,362.91202545166016,146.5136432647705,463.05389404296875,53.365774154663086,338.04295539855957,197.96640157699585,,,,,,,,0,110.45279842459745,1.2360775731894544,1.0344702803235442,0.4787581672612712,0,0,166.91519407318202,176.62884433687424,85.80927909662971,0,0,0,0,0
212,7.033333333333333,0,1,311.26176834106445,135.17502307891846,364.8241424560547,260.75778007507324,362.91202545166016,146.5136432647705,463.05389404296875,53.365774154663086,338.04295539855957,197.96640157699585,,,,,,,,0,110.45279842459745,1.2360775731894544,1.0344702803235442,0.4787581672612712,0,0,166.91519407318202,176.62884433687424,85.80927909662971,0,0,0,0,0
213,7.066666666666666,1,1,310.79275131225586,134.29133892059326,363.7691879272461,256.9324779510498,362.79212951660156,141.22238159179688,463.56319427490234,50.87259292602539,337.280969619751,195.61190843582153,,,,,,,,0,111.18198633490184,1.2015793711488278,1.0407641134214887,0.47183243124888635,0,0,165.82289092389456,174.5946999921108,85.35591863989177,0,0,0,0,0
214,7.1,0,1,310.79275131225586,134.29133892059326,363.7691879272461,256.9324779510498,362.79212951660156,141.22238159179688,463.56319427490234,50.87259292602539,337.280969619751,195.61190843582153,,,,,,,,0,111.18198633490184,1.2015793711488278,1.0407641134214887,0.47183243124888635,0,0,165.82289092389456,174.5946999921108,85.35591863989177,0,0,0,0,0
215,7.133333333333334,0,1,310.79275131225586,134.29133892059326,363.7691879272461,256.9324779510498,362.79212951660156,141.22238159179688,463.56319427490234,50.87259292602539,337.280969619751,195.61190843582153,,,,,,,,0,111.18198633490184,1.2015793711488278,1.0407641134214887,0.47183243124888635,0,0,165.82289092389456,174.5946999921108,85.35591863989177,0,0,0,0,0
216,7.166666666666667,1,1,313.4758949279785,134.2699956893921,367.3018264770508,255.68418502807617,362.3628616333008,145.3101396560669,466.4352798461914,49.56051707267761,340.38886070251465,194.97709035873413,,,,,,,,0,112.39657007994947,1.181624382759113,0.982988121856773,0.4459038518603395,0,0,168.14297793974023,175.1129613120191,85.39748453540278,0,0,0,0,0
217,7.2,0,1,313.4758949279785,134.2699956893921,367.3018264770508,255.68418502807617,362.3628616333008,145.3101396560669,466.4352798461914,49.56051707267761,340.38886070251465,194.97709035873413,,,,,,,,0,112.39657007994947,1.181624382759113,0.982988121856773,0.4459038518603395,0,0,168.14297793974023,175.1129613120191,85.39748453540278,0,0,0,0,0
218,7.233333333333333,0,1,313.4758949279785,134.2699956893921,367.3018264770508,255.68418502807617,362.3628616333008,145.3101396560669,466.4352798461914,49.56051707267761,340.38886070251465,194.97709035873413,,,,,,,,0,112.39657007994947,1.181624382759113,0.982988121856773,0.4459038518603395,0,0,168.14297793974023,175.1129613120191,85.39748453540278,0,0,0,0,0
219,7.266666666666667,1,1,318.03497314453125,134.629225730896,372.4106216430664,253.78724098205566,363.81656646728516,144.3575620651245,469.0303039550781,46.78263187408447,345.2227973937988,194.20823335647583,,,,,,,,0,112.22212120547663,1.1671353924398973,0.9781193392454665,0.41706385605881374,0,0,168.07193399914883,175.6633816027731,88.91429086537157,0,0,0,0,0
220,7.3,0,1,318.03497314453125,134.629225730896,372.4106216430664,253.78724098205566,363.81656646728516,144.3575620651245,469.0303039550781,46.78263187408447,345.2227973937988,194.20823335647583,,,,,,,,0,112.22212120547663,1.1671353924398973,0.9781193392454665,0.41706385605881374,0,0,168.07193399914883,175.6633816027731,88.91429086537157,0,0,0,0,0
221,7.333333333333333,0,1,318.03497314453125,134.629225730896,372.4106216430664,253.78724098205566,363.81656646728516,144.3575620651245,469.0303039550781,46.78263187408447,345.2227973937988,194.20823335647583,,,,,,,,0,112.22212120547663,1.1671353924398973,0.9781193392454665,0.41706385605881374,0,0,168.07193399914883,175.6633816027731,88.91429086537157,0,0,0,0,0
222,7.366666666666666,1,1,323.20201873779297,131.34881973266602,378.8993835449219,249.4588851928711,368.90586853027344,136.80071353912354,475.7183074951172,42.49277114868164,351.0507011413574,190.40385246276855,,,,,,,,0,112.59252673259948,1.1597928841124199,1.0045120346068903,0.40880042107020137,0,0,167.2600963709554,174.59074979948795,91.20086708407437,0,0,0,0,0
223,7.4,0,1,323.20201873779297,131.34881973266602,378.8993835449219,249.4588851928711,368.90586853027344,136.80071353912354,475.7183074951172,42.49277114868164,351.0507011413574,190.40385246276855,,,,,,,,0,112.59252673259948,1.1597928841124199,1.0045120346068903,0.40880042107020137,0,0,167.2600963709554,174.59074979948795,91.20086708407437,0,0,0,0,0
224,7.433333333333334,0,1,323.20201873779297,131.34881973266602,378.8993835449219,249.4588851928711,368.90586853027344,136.80071353912354,475.7183074951172,42.49277114868164,351.0507011413574,190.40385246276855,,,,,,,,0,112.59252673259948,1.1597928841124199,1.0045120346068903,0.40880042107020137,0,0,167.2600963709554,174.59074979948795,91.20086708407437,0,0,0,0,0
225,7.466666666666667,1,1,342.3312759399414,132.41722583770752,393.4674835205078,240.93578338623047,381.59454345703125,128.76018047332764,486.2898254394531,32.301836013793945,367.8993797302246,186.676504611969,,,,,,,,0,109.64198209215336,1.0941363867709943,1.028822913570343,0.35965430934154785,0,0,166.57317649370873,171.33802503378377,98.74751768390453,0,0,0,0,0
226,7.5,0,1,342.3312759399414,132.41722583770752,393.4674835205078,240.93578338623047,381.59454345703125,128.76018047332764,486.2898254394531,32.301836013793945,367.8993797302246,186.676504611969,,,,,,,,0,109.64198209215336,1.0941363867709943,1.028822913570343,0.35965430934154785,0,0,166.57317649370873,171.33802503378377,98.74751768390453,0,0,0,0,0
227,7.533333333333333,0,1,342.3312759399414,132.41722583770752,393.4674835205078,240.93578338623047,381.59454345703125,128.76018047332764,486.2898254394531,32.301836013793945,367.8993797302246,186.676504611969,,,,,,,,0,109.64198209215336,1.0941363867709943,1.028822913570343,0.35965430934154785,0,0,166.57317649370873,171.33802503378377,98.74751768390453,0,0,0,0,0
228,7.566666666666666,1,1,368.89747619628906,130.55545806884766,412.52098083496094,215.00967979431152,408.4983444213867,120.7941198348999,496.2130355834961,15.47732949256897,390.709228515625,172.7825689315796,,,,,,,,0,102.71579442126564,0.9254212844368602,0.9180807763888157,0.3970779795248993,0,0,172.32951588638662,166.04933796560462,96.45774404028019,0,0,0,0,0
229,7.6,0,1,368.89747619628906,130.55545806884766,412.52098083496094,215.00967979431152,408.4983444213867,120.7941198348999,496.2130355834961,15.47732949256897,390.709228515625,172.7825689315796,,,,,,,,0,102.71579442126564,0.9254212844368602,0.9180807763888157,0.3970779795248993,0,0,172.32951588638662,166.04933796560462,96.45774404028019,0,0,0,0,0
230,7.633333333333334,0,1,368.89747619628906,130.55545806884766,412.52098083496094,215.00967979431152,408.4983444213867,120.7941198348999,496.2130355834961,15.47732949256897,390.709228515625,172.7825689315796,,,,,,,,0,102.71579442126564,0.9254212844368602,0.9180807763888157,0.3970779795248993,0,0,172.32951588638662,166.04933796560462,96.45774404028019,0,0,0,0,0
231,7.666666666666667,1,1,403.2678985595703,116.5033507347107,433.66100311279297,175.837984085083,433.5702896118164,96.20073080062866,505.3232192993164,-11.988320052623749,418.46445083618164,146.17066740989685,,,,,,,,0,93.94260972027118,0.7096447492915473,0.8477229362342337,0.3882697917682602,0,0,179.62309510498304,158.94401381649988,100.27062036718318,0,0,0,0,0
232,7.7,0,1,403.2678985595703,116.5033507347107,433.66100311279297,175.837984085083,433.5702896118164,96.20073080062866,505.3232192993164,-11.988320052623749,418.46445083618164,146.17066740989685,,,,,,,,0,93.94260972027118,0.7096447492915473,0.8477229362342337,0.3882697917682602,0,0,179.62309510498304,158.94401381649988,100.27062036718318,0,0,0,0,0
233,7.733333333333333,0,1,403.2678985595703,116.5033507347107,433.66100311279297,175.837984085083,433.5702896118164,96.20073080062866,505.3232192993164,-11.988320052623749,418.46445083618164,146.17066740989685,,,,,,,,0,93.94260972027118,0.7096447492915473,0.8477229362342337,0.3882697917682602,0,0,179.62309510498304,158.94401381649988,100.27062036718318,0,0,0,0,0
234,7.766666666666667,1,1,441.5099334716797,92.16359853744507,449.98260498046875,126.02582931518555,457.59986877441406,109.94792461395264,516.1342620849609,-37.093305587768555,445.7462692260742,109.09471392631531,72.98649634533325,20.006122589111328,25.846643447875977,32.684765848513905,0.27410717859990164,0.35412911623519255,0.4478193568008387,9,79.19756009033767,0.44074734814762767,0.22464148502434297,0.30282076931611973,1,1,178.02513309342572,153.2810598234945,135.05634071738956,0,0,0,0,0
235,7.8,0,1,441.5099334716797,92.16359853744507,449.98260498046875,126.02582931518555,457.59986877441406,109.94792461395264,516.1342620849609,-37.093305587768555,445.7462692260742,109.09471392631531,72.98649634533325,20.006122589111328,25.846643447875977,32.684765848513905,0.27410717859990164,0.35412911623519255,0.4478193568008387,9,79.19756009033767,0.44074734814762767,0.22464148502434297,0.30282076931611973,1,2,178.02513309342572,153.2810598234945,135.05634071738956,0,0,0,0,0
236,7.833333333333333,0,1,441.5099334716797,92.16359853744507,449.98260498046875,126.02582931518555,457.59986877441406,109.94792461395264,516.1342620849609,-37.093305587768555,445.7462692260742,109.09471392631531,72.98649634533325,20.006122589111328,25.846643447875977,32.684765848513905,0.27410717859990164,0.35412911623519255,0.4478193568008387,9,79.19756009033767,0.44074734814762767,0.22464148502434297,0.30282076931611973,1,3,178.02513309342572,153.2810598234945,135.05634071738956,0,0,0,0,0
237,7.866666666666666,1,1,468.83575439453125,68.1661319732666,475.4295349121094,88.07581901550293,485.17921447753906,81.55651330947876,525.0887680053711,-51.10198259353638,472.1326446533203,78.12097549438477,72.98649634533325,20.006122589111328,25.846643447875977,32.684765848513905,0.27410717859990164,0.35412911623519255,0.4478193568008387,9,69.4030684229921,0.3021936031970531,0.1689910175145257,0.3044309282560175,1,4,167.84337645820318,144.30780345597364,126.75289381661575,1,-1,0,0,0
238,7.9,0,1,468.83575439453125,68.1661319732666,475.4295349121094,88.07581901550293,485.17921447753906,81.55651330947876,525.0887680053711,-51.10198259353638,472.1326446533203,78.12097549438477,72.98649634533325,20.006122589111328,25.846643447875977,32.684765848513905,0.27410717859990164,0.35412911623519255,0.4478193568008387,9,69.4030684229921,0.3021936031970531,0.1689910175145257,0.3044309282560175,1,5,167.84337645820318,144.30780345597364,126.75289381661575,0,0,0,0,0
239,7.933333333333334,0,1,468.83575439453125,68.1661319732666,475.4295349121094,88.07581901550293,485.17921447753906,81.55651330947876,525.0887680053711,-51.10198259353638,472.1326446533203,78.12097549438477,72.98649634533325,20.006122589111328,25.846643447875977,32.684765848513905,0.27410717859990164,0.35412911623519255,0.4478193568008387,9,69.4030684229921,0.3021936031970531,0.1689910175145257,0.3044309282560175,1,6,167.84337645820318,144.30780345597364,126.75289381661575,0,0,0,0,0
240,7.966666666666667,1,1,485.0107192993164,42.519872188568115,504.39220428466797,49.05710220336914,517.0799255371094,48.939571380615234,533.1417846679688,-53.83972764015198,494.7014617919922,45.78848719596863,72.98649634533325,20.006122589111328,25.846643447875977,32.684765848513905,0.27410717859990164,0.35412911623519255,0.4478193568008387,9,72.98649634533325,0.280247378743581,0.1738440155477032,0.44810276774367724,1,7,160.92605674081167,120.77940832218525,109.48768703422661,1,-1,0,0,0
241,8.0,0,1,485.0107192993164,42.519872188568115,504.39220428466797,49.05710220336914,517.0799255371094,48.939571380615234,533.1417846679688,-53.83972764015198,494.7014617919922,45.78848719596863,72.98649634533325,20.006122589111328,25.846643447875977,32.684765848513905,0.27410717859990164,0.35412911623519255,0.4478193568008387,9,72.98649634533325,0.280247378743581,0.1738440155477032,0.44810276774367724,1,8,160.92605674081167,120.77940832218525,109.48768703422661,0,0,0,0,0
242,8.033333333333333,0,1,485.0107192993164,42.519872188568115,504.39220428466797,49.05710220336914,517.0799255371094,48.939571380615234,533.1417846679688,-53.83972764015198,494.7014617919922,45.78848719596863,72.98649634533325,20.006122589111328,25.846643447875977,32.684765848513905,0.27410717859990164,0.35412911623519255,0.4478193568008387,9,72.98649634533325,0.280247378743581,0.1738440155477032,0.44810276774367724,1,9,160.92605674081167,120.77940832218525,109.48768703422661,0,0,0,0,0
243,8.066666666666666,1,0,,,,,,,,,,,,,,,,,,0,,,,,0,9,,,,0,0,0,0,0
244,8.1,0,0,,,,,,,,,,,,,,,,,,0,,,,,0,9,,,,0,0,0,0,0
245,8.133333333333333,0,0,,,,,,,,,,,,,,,,,,0,,,,,0,9,,,,0,0,0,0,0
246,8.166666666666666,1,0,,,,,,,,,,,,,,,,,,0,,,,,0,9,,,,0,0,0,0,0
247,8.2,0,0,,,,,,,,,,,,,,,,,,0,,,,,0,9,,,,0,0,0,0,0
248,8.233333333333333,0,0,,,,,,,,,,,,,,,,,,0,,,,,0,9,,,,0,0,0,0,0
249,8.266666666666667,1,0,,,,,,,,,,,,,,,,,,0,,,,,0,9,,,,0,0,0,0,0
250,8.3,0,0,,,,,,,,,,,,,,,,,,0,,,,,0,9,,,,0,0,0,0,0
251,8.333333333333334,0,0,,,,,,,,,,,,,,,,,,0,,,,,0,9,,,,0,0,0,0,0
252,8.366666666666667,1,0,,,,,,,,,,,,,,,,,,0,,,,,0,9,,,,0,0,0,0,0
253,8.4,0,0,,,,,,,,,,,,,,,,,,0,,,,,0,9,,,,0,0,0,0,0
254,8.433333333333334,0,0,,,,,,,,,,,,,,,,,,0,,,,,0,9,,,,0,0,0,0,0
255,8.466666666666667,1,0,,,,,,,,,,,,,,,,,,0,,,,,0,9,,,,0,0,0,0,0
256,8.5,0,0,,,,,,,,,,,,,,,,,,0,,,,,0,9,,,,0,0,0,0,0
257,8.533333333333333,0,0,,,,,,,,,,,,,,,,,,0,,,,,0,9,,,,0,0,0,0,0
258,8.566666666666666,1,0,,,,,,,,,,,,,,,,,,0,,,,,0,9,,,,0,0,0,0,0
259,8.6,0,0,,,,,,,,,,,,,,,,,,0,,,,,0,9,,,,0,0,0,0,0
260,8.633333333333333,0,0,,,,,,,,,,,,,,,,,,0,,,,,0,9,,,,0,0,0,0,0
261,8.666666666666666,1,0,,,,,,,,,,,,,,,,,,0,,,,,0,9,,,,0,0,0,0,0
262,8.7,0,0,,,,,,,,,,,,,,,,,,0,,,,,0,9,,,,0,0,0,0,0
263,8.733333333333333,0,0,,,,,,,,,,,,,,,,,,0,,,,,0,9,,,,0,0,0,0,0
264,8.766666666666667,1,1,470.47229766845703,84.85661029815674,562.8647232055664,176.07044219970703,592.3020172119141,192.1944808959961,583.4777069091797,-22.715107798576355,516.6685104370117,130.46352624893188,,,,,,,,0,92.82198617601176,1.3987193104928282,0.36159485275377834,1.7492583785035285,0,0,168.72416536980182,179.64391729018413,179.18530647462154,0,0,0,0,0
265,8.8,0,1,470.47229766845703,84.85661029815674,562.8647232055664,176.07044219970703,592.3020172119141,192.1944808959961,583.4777069091797,-22.715107798576355,516.6685104370117,130.46352624893188,,,,,,,,0,92.82198617601176,1.3987193104928282,0.36159485275377834,1.7492583785035285,0,0,168.72416536980182,179.64391729018413,179.18530647462154,0,0,0,0,0
266,8.833333333333334,0,1,470.47229766845703,84.85661029815674,562.8647232055664,176.07044219970703,592.3020172119141,192.1944808959961,583.4777069091797,-22.715107798576355,516.6685104370117,130.46352624893188,,,,,,,,0,92.82198617601176,1.3987193104928282,0.36159485275377834,1.7492583785035285,0,0,168.72416536980182,179.64391729018413,179.18530647462154,0,0,0,0,0
267,8.866666666666667,1,1,474.9424743652344,125.8387041091919,556.8556976318359,216.11729621887207,580.5517959594727,223.74146461486816,586.0775756835938,6.0270756483078,515.8990859985352,170.97800016403198,,,,,,,,0,100.2119122959694,1.2164382283490147,0.24839790392975378,1.4370338894491397,0,0,172.203661628779,177.52448399483265,179.67434112946412,0,0,0,0,0
268,8.9,0,1,474.9424743652344,125.8387041091919,556.8556976318359,216.11729621887207,580.5517959594727,223.74146461486816,586.0775756835938,6.0270756483078,515.8990859985352,170.97800016403198,,,,,,,,0,100.2119122959694,1.2164382283490147,0.24839790392975378,1.4370338894491397,0,0,172.203661628779,177.52448399483265,179.67434112946412,0,0,0,0,0
269,8.933333333333334,0,1,474.9424743652344,125.8387041091919,556.8556976318359,216.11729621887207,580.5517959594727,223.74146461486816,586.0775756835938,6.0270756483078,515.8990859985352,170.97800016403198,,,,,,,,0,100.2119122959694,1.2164382283490147,0.24839790392975378,1.4370338894491397,0,0,172.203661628779,177.52448399483265,179.67434112946412,0,0,0,0,0
270,8.966666666666667,1,1,483.3005905151367,167.286114692688,556.6390991210938,250.47904014587402,579.748420715332,261.0362148284912,584.9988174438477,34.767948389053345,519.9698448181152,208.882577419281,,,,,,,,0,102.55443544165054,1.0814116409004735,0.2477375772319419,1.311535414742546,0,0,171.6075166497783,175.73781659656123,179.92867375081826,0,0,0,0,0
271,9.0,0,1,483.3005905151367,167.286114692688,556.6390991210938,250.47904014587402,579.748420715332,261.0362148284912,584.9988174438477,34.767948389053345,519.9698448181152,208.882577419281,,,,,,,,0,102.55443544165054,1.0814116409004735,0.2477375772319419,1.311535414742546,0,0,171.6075166497783,175.73781659656123,179.92867375081826,0,0,0,0,0
272,9.033333333333333,0,1,483.3005905151367,167.286114692688,556.6390991210938,250.47904014587402,579.748420715332,261.0362148284912,584.9988174438477,34.767948389053345,519.9698448181152,208.882577419281,,,,,,,,0,102.55443544165054,1.0814116409004735,0.2477375772319419,1.311535414742546,0,0,171.6075166497783,175.73781659656123,179.92867375081826,0,0,0,0,0
273,9.066666666666666,1,1,479.4688415527344,188.28711032867432,548.9732360839844,269.12976264953613,570.0527572631836,283.3517360687256,581.6747665405273,61.50926113128662,514.2210388183594,228.70843648910522,,,,,,,,0,103.22866104723641,1.0327877629977522,0.24633218721564917,1.2720456734649852,0,0,171.44055532850354,175.3366232658973,179.7577166134887,0,0,0,0,0
274,9.1,0,1,479.4688415527344,188.28711032867432,548.9732360839844,269.12976264953613,570.0527572631836,283.3517360687256,581.6747665405273,61.50926113128662,514.2210388183594,228.70843648910522,,,,,,,,0,103.22866104723641,1.0327877629977522,0.24633218721564917,1.2720456734649852,0,0,171.44055532850354,175.3366232658973,179.7577166134887,0,0,0,0,0
275,9.133333333333333,0,1,479.4688415527344,188.28711032867432,548.9732360839844,269.12976264953613,570.0527572631836,283.3517360687256,581.6747665405273,61.50926113128662,514.2210388183594,228.70843648910522,,,,,,,,0,103.22866104723641,1.0327877629977522,0.24633218721564917,1.2720456734649852,0,0,171.44055532850354,175.3366232658973,179.7577166134887,0,0,0,0,0
276,9.166666666666666,1,1,477.70801544189453,197.3938751220703,545.9375,280.6186866760254,566.5356826782227,294.1069793701172,577.0968627929688,78.81613254547119,511.82275772094727,239.00628089904785,,,,,,,,0,98.45885660940931,1.0930249846130593,0.2500691077546058,1.3337100877422647,0,0,173.631263671101,176.66645488466986,179.96043531735157,0,0,0,0,0
277,9.2,0,1,477.70801544189453,197.3938751220703,545.9375,280.6186866760254,566.5356826782227,294.1069793701172,577.0968627929688,78.81613254547119,511.82275772094727,239.00628089904785,,,,,,,,0,98.45885660940931,1.0930249846130593,0.2500691077546058,1.3337100877422647,0,0,173.631263671101,176.66645488466986,179.96043531735157,0,0,0,0,0
278,9.233333333333333,0,1,477.70801544189453,197.3938751220703,545.9375,280.6186866760254,566.5356826782227,294.1069793701172,577.0968627929688,78.81613254547119,511.82275772094727,239.00628089904785,,,,,,,,0,98.45885660940931,1.0930249846130593,0.2500691077546058,1.3337100877422647,0,0,173.631263671101,176.66645488466986,179.96043531735157,0,0,0,0,0
279,9.266666666666667,1,1,482.3442840576172,209.87116813659668,546.4641571044922,291.91978454589844,566.4719390869141,303.4844970703125,575.5361175537109,90.36263465881348,514.4042205810547,250.89547634124756,,,,,,,,0,99.11751426957848,1.050584543638159,0.23315361302341275,1.2698129935658016,0,0,174.0950180021081,176.05230752062226,179.6500141176431,0,0,0,0,0
280,9.3,0,1,482.3442840576172,209.87116813659668,546.4641571044922,291.91978454589844,566.4719390869141,303.4844970703125,575.5361175537109,90.36263465881348,514.4042205810547,250.89547634124756,,,,,,,,0,99.11751426957848,1.050584543638159,0.23315361302341275,1.2698129935658016,0,0,174.0950180021081,176.05230752062226,179.6500141176431,0,0,0,0,0
281,9.333333333333334,0,1,482.3442840576172,209.87116813659668,546.4641571044922,291.91978454589844,566.4719390869141,303.4844970703125,575.5361175537109,90.36263465881348,514.4042205810547,250.89547634124756,,,,,,,,0,99.11751426957848,1.050584543638159,0.23315361302341275,1.2698129935658016,0,0,174.0950180021081,176.05230752062226,179.6500141176431,0,0,0,0,0
282,9.366666666666667,1,1,477.5879669189453,210.46175479888916,541.6138458251953,294.9850559234619,562.783203125,306.82233810424805,574.942741394043,95.30206203460693,509.6009063720703,252.72340536117554,,,,,,,,0,99.67623602880141,1.0637979847442562,0.2433291359577253,1.290396728028105,0,0,173.06197379370388,175.414862014103,178.6622093750018,0,0,0,0,0
283,9.4,0,1,477.5879669189453,210.46175479888916,541.6138458251953,294.9850559234619,562.783203125,306.82233810424805,574.942741394043,95.30206203460693,509.6009063720703,252.72340536117554,,,,,,,,0,99.67623602880141,1.0637979847442562,0.2433291359577253,1.290396728028105,0,0,173.06197379370388,175.414862014103,178.6622093750018,0,0,0,0,0
284,9.433333333333334,0,1,477.5879669189453,210.46175479888916,541.6138458251953,294.9850559234619,562.783203125,306.82233810424805,574.942741394043,95.30206203460693,509.6009063720703,252.72340536117554,,,,,,,,0,99.67623602880141,1.0637979847442562,0.2433291359577253,1.290396728028105,0,0,173.06197379370388,175.414862014103,178.6622093750018,0,0,0,0,0
285,9.466666666666667,1,1,467.7743148803711,206.38964653015137,531.098747253418,295.7061767578125,559.9081420898438,308.82150650024414,572.8361892700195,96.88870668411255,499.43653106689453,251.04791164398193,,,,,,,,0,98.84322846093224,1.107684434953507,0.32024727607747244,1.3938363919749748,0,0,169.58455485851272,174.25144055698706,176.42981975432176,0,0,0,0,0
286,9.5,0,1,467.7743148803711,206.38964653015137,531.098747253418,295.7061767578125,559.9081420898438,308.82150650024414,572.8361892700195,96.88870668411255,499.43653106689453,251.04791164398193,,,,,,,,0,98.84322846093224,1.107684434953507,0.32024727607747244,1.3938363919749748,0,0,169.58455485851272,174.25144055698706,176.42981975432176,0,0,0,0,0
287,9.533333333333333,0,1,467.7743148803711,206.38964653015137,531.098747253418,295.7061767578125,559.9081420898438,308.82150650024414,572.8361892700195,96.88870668411255,499.43653106689453,251.04791164398193,,,,,,,,0,98.84322846093224,1.107684434953507,0.32024727607747244,1.3938363919749748,0,0,169.58455485851272,174.25144055698706,176.42981975432176,0,0,0,0,0
288,9.566666666666666,1,1,468.6792755126953,207.1347999572754,533.2535552978516,295.7791042327881,559.8138427734375,307.853422164917,570.5547714233398,96.85792207717896,500.96641540527344,251.45695209503174,,,,,,,,0,99.84301341065283,1.0984308352542245,0.2922185808891893,1.360434275132224,0,0,172.42326929438582,173.0260201275023,175.62068592085754,0,0,0,0,0
289,9.6,0,1,468.6792755126953,207.1347999572754,533.2535552978516,295.7791042327881,559.8138427734375,307.853422164917,570.5547714233398,96.85792207717896,500.96641540527344,251.45695209503174,,,,,,,,0,99.84301341065283,1.0984308352542245,0.2922185808891893,1.360434275132224,0,0,172.42326929438582,173.0260201275023,175.62068592085754,0,0,0,0,0
290,9.633333333333333,0,1,468.6792755126953,207.1347999572754,533.2535552978516,295.7791042327881,559.8138427734375,307.853422164917,570.5547714233398,96.85792207717896,500.96641540527344,251.45695209503174,,,,,,,,0,99.84301341065283,1.0984308352542245,0.2922185808891893,1.360434275132224,0,0,172.42326929438582,173.0260201275023,175.62068592085754,0,0,0,0,0
291,9.666666666666666,1,1,468.856201171875,207.22732543945312,533.2316207885742,295.3381061553955,559.2668533325195,307.67194747924805,569.2942810058594,97.8956151008606,501.0439109802246,251.28271579742432,,,,,,,,0,98.61071150850383,1.1065981220327876,0.2921485245253035,1.3704539334555341,0,0,171.40474301924564,172.83434214434456,175.11476557074178,0,0,0,0,0
292,9.7,0,1,468.856201171875,207.22732543945312,533.2316207885742,295.3381061553955,559.2668533325195,307.67194747924805,569.2942810058594,97.8956151008606,501.0439109802246,251.28271579742432,,,,,,,,0,98.61071150850383,1.1065981220327876,0.2921485245253035,1.3704539334555341,0,0,171.40474301924564,172.83434214434456,175.11476557074178,0,0,0,0,0
293,9.733333333333333,0,1,468.856201171875,207.22732543945312,533.2316207885742,295.3381061553955,559.2668533325195,307.67194747924805,569.2942810058594,97.8956151008606,501.0439109802246,251.28271579742432,,,,,,,,0,98.61071150850383,1.1065981220327876,0.2921485245253035,1.3704539334555341,0,0,171.40474301924564,172.83434214434456,175.11476557074178,0,0,0,0,0
294,9.766666666666667,1,1,468.8844299316406,207.56113529205322,533.3608245849609,294.2135524749756,558.9949798583984,307.11490631103516,569.6358108520508,98.20309638977051,501.1226272583008,250.8873438835144,,,,,,,,0,98.45780128345628,1.0970034733960232,0.2914715233750603,1.3638234142302854,0,0,171.71781170177476,172.26157735373187,174.9316347909284,0,0,0,0,0
295,9.8,0,1,468.8844299316406,207.56113529205322,533.3608245849609,294.2135524749756,558.9949798583984,307.11490631103516,569.6358108520508,98.20309638977051,501.1226272583008,250.8873438835144,,,,,,,,0,98.45780128345628,1.0970034733960232,0.2914715233750603,1.3638234142302854,0,0,171.71781170177476,172.26157735373187,174.9316347909284,0,0,0,0,0
296,9.833333333333334,0,1,468.8844299316406,207.56113529205322,533.3608245849609,294.2135524749756,558.9949798583984,307.11490631103516,569.6358108520508,98.20309638977051,501.1226272583008,250.8873438835144,,,,,,,,0,98.45780128345628,1.0970034733960232,0.2914715233750603,1.3638234142302854,0,0,171.71781170177476,172.26157735373187,174.9316347909284,0,0,0,0,0
297,9.866666666666667,1,1,468.20396423339844,207.58124828338623,532.8182220458984,294.9169921875,558.4220123291016,307.58256912231445,569.6951293945312,98.06968688964844,500.51109313964844,251.24912023544312,,,,,,,,0,99.61476219481496,1.0905960900083485,0.28675674174887994,1.352040422705282,0,0,169.8943443044392,173.72923945145672,175.94280762750202,0,0,0,0,0
298,9.9,0,1,468.20396423339844,207.58124828338623,532.8182220458984,294.9169921875,558.4220123291016,307.58256912231445,569.6951293945312,98.06968688964844,500.51109313964844,251.24912023544312,,,,,,,,0,99.61476219481496,1.0905960900083485,0.28675674174887994,1.352040422705282,0,0,169.8943443044392,173.72923945145672,175.94280762750202,0,0,0,0,0
299,9.933333333333334,0,1,468.20396423339844,207.58124828338623,532.8182220458984,294.9169921875,558.4220123291016,307.58256912231445,569.6951293945312,98.06968688964844,500.51109313964844,251.24912023544312,,,,,,,,0,99.61476219481496,1.0905960900083485,0.28675674174887994,1.352040422705282,0,0,169.8943443044392,173.72923945145672,175.94280762750202,0,0,0,0,0
300,9.966666666666667,1,1,467.4802780151367,207.87065505981445,533.8629150390625,295.0703716278076,559.1518783569336,307.1663188934326,569.3344116210938,97.69082307815552,500.6715965270996,251.47051334381104,,,,,,,,0,99.17426713894247,1.1050464932738127,0.2826630638381879,1.3626702027944368,0,0,170.81459321852756,172.74942324473895,175.46939800640442,0,0,0,0,0
301,10.0,0,1,467.4802780151367,207.87065505981445,533.8629150390625,295.0703716278076,559.1518783569336,307.1663188934326,569.3344116210938,97.69082307815552,500.6715965270996,251.47051334381104,,,,,,,,0,99.17426713894247,1.1050464932738127,0.2826630638381879,1.3626702027944368,0,0,170.81459321852756,172.74942324473895,175.46939800640442,0,0,0,0,0
302,10.033333333333333,0,1,467.4802780151367,207.87065505981445,533.8629150390625,295.0703716278076,559.1518783569336,307.1663188934326,569.3344116210938,97.69082307815552,500.6715965270996,251.47051334381104,,,,,,,,0,99.17426713894247,1.1050464932738127,0.2826630638381879,1.3626702027944368,0,0,170.81459321852756,172.74942324473895,175.46939800640442,0,0,0,0,0
303,10.066666666666666,1,1,467.03174591064453,207.4718713760376,533.2309341430664,294.1508674621582,558.48876953125,307.57232666015625,569.4505310058594,97.02730178833008,500.13134002685547,250.8113694190979,,,,,,,,0,100.0975519190294,1.0896057115761468,0.2857446439777467,1.3545726962124827,0,0,170.76585784601465,173.24047637159978,176.07908570610277,0,0,0,0,0
304,10.1,0,1,467.03174591064453,207.4718713760376,533.2309341430664,294.1508674621582,558.48876953125,307.57232666015625,569.4505310058594,97.02730178833008,500.13134002685547,250.8113694190979,,,,,,,,0,100.0975519190294,1.0896057115761468,0.2857446439777467,1.3545726962124827,0,0,170.76585784601465,173.24047637159978,176.07908570610277,0,0,0,0,0
305,10.133333333333333,0,1,467.03174591064453,207.4718713760376,533.2309341430664,294.1508674621582,558.48876953125,307.57232666015625,569.4505310058594,97.02730178833008,500.13134002685547,250.8113694190979,,,,,,,,0,100.0975519190294,1.0896057115761468,0.2857446439777467,1.3545726962124827,0,0,170.76585784601465,173.24047637159978,176.07908570610277,0,0,0,0,0
306,10.166666666666666,1,1,467.4820327758789,207.6758623123169,533.0390167236328,295.2693557739258,558.663330078125,306.69445037841797,569.6959686279297,97.69015789031982,500.26052474975586,251.47260904312134,,,,,,,,0,99.57441617791481,1.0987665822955326,0.28175895758283165,1.3518106553289024,0,0,172.41793563479322,173.48199550482616,176.10001778320134,0,0,0,0,0
307,10.2,0,1,467.4820327758789,207.6758623123169,533.0390167236328,295.2693557739258,558.663330078125,306.69445037841797,569.6959686279297,97.69015789031982,500.26052474975586,251.47260904312134,,,,,,,,0,99.57441617791481,1.0987665822955326,0.28175895758283165,1.3518106553289024,0,0,172.41793563479322,173.48199550482616,176.10001778320134,0,0,0,0,0
308,10.233333333333333,0,1,467.4820327758789,207.6758623123169,533.0390167236328,295.2693557739258,558.663330078125,306.69445037841797,569.6959686279297,97.69015789031982,500.26052474975586,251.47260904312134,,,,,,,,0,99.57441617791481,1.0987665822955326,0.28175895758283165,1.3518106553289024,0,0,172.41793563479322,173.48199550482616,176.10001778320134,0,0,0,0,0
309,10.266666666666667,1,1,467.20458984375,208.16625595092773,533.0825042724609,294.7258472442627,558.0849838256836,307.60119438171387,569.2070388793945,97.52723693847656,500.14354705810547,251.44605159759521,,,,,,,,0,99.78271245095632,1.0901399668609792,0.281841592178809,1.3500248578801035,0,0,172.8668584907635,172.57727654574293,175.68661265359933,0,0,0,0,0
310,10.3,0,1,467.20458984375,208.16625595092773,533.0825042724609,294.7258472442627,558.0849838256836,307.60119438171387,569.2070388793945,97.52723693847656,500.14354705810547,251.44605159759521,,,,,,,,0,99.78271245095632,1.0901399668609792,0.281841592178809,1.3500248578801035,0,0,172.8668584907635,172.57727654574293,175.68661265359933,0,0,0,0,0
311,10.333333333333334,0,1,467.20458984375,208.16625595092773,533.0825042724609,294.7258472442627,558.0849838256836,307.60119438171387,569.2070388793945,97.52723693847656,500.14354705810547,251.44605159759521,,,,,,,,0,99.78271245095632,1.0901399668609792,0.281841592178809,1.3500248578801035,0,0,172.8668584907635,172.57727654574293,175.68661265359933,0,0,0,0,0
312,10.366666666666667,1,1,466.8901062011719,208.61731052398682,533.7538146972656,294.90626335144043,559.4221878051758,307.10981369018555,569.1102981567383,97.33177900314331,500.32196044921875,251.76178693771362,,,,,,,,0,101.27494376697712,1.0778865597058944,0.2806388346348118,1.3343924159881837,0,0,171.84914466656878,173.21744877388426,175.8593871722412,0,0,0,0,0
313,10.4,0,1,466.8901062011719,208.61731052398682,533.7538146972656,294.90626335144043,559.4221878051758,307.10981369018555,569.1102981567383,97.33177900314331,500.32196044921875,251.76178693771362,,,,,,,,0,101.27494376697712,1.0778865597058944,0.2806388346348118,1.3343924159881837,0,0,171.84914466656878,173.21744877388426,175.8593871722412,0,0,0,0,0
314,10.433333333333334,0,1,466.8901062011719,208.61731052398682,533.7538146972656,294.90626335144043,559.4221878051758,307.10981369018555,569.1102981567383,97.33177900314331,500.32196044921875,251.76178693771362,,,,,,,,0,101.27494376697712,1.0778865597058944,0.2806388346348118,1.3343924159881837,0,0,171.84914466656878,173.21744877388426,175.8593871722412,0,0,0,0,0
315,10.466666666666667,1,1,467.08343505859375,208.41248989105225,534.4596099853516,294.89699363708496,559.3209075927734,307.4238681793213,568.5805892944336,97.08763360977173,500.77152252197266,251.6547417640686,,,,,,,,0,101.36566351146053,1.0815471022410748,0.27463878069033887,1.3349506638281632,0,0,171.94338541423744,172.9270937500906,175.7778900048346,0,0,0,0,0
316,10.5,0,1,467.08343505859375,208.41248989105225,534.4596099853516,294.89699363708496,559.3209075927734,307.4238681793213,568.5805892944336,97.08763360977173,500.77152252197266,251.6547417640686,,,,,,,,0,101.36566351146053,1.0815471022410748,0.27463878069033887,1.3349506638281632,0,0,171.94338541423744,172.9270937500906,175.7778900048346,0,0,0,0,0
317,10.533333333333333,0,1,467.08343505859375,208.41248989105225,534.4596099853516,294.89699363708496,559.3209075927734,307.4238681793213,568.5805892944336,97.08763360977173,500.77152252197266,251.6547417640686,,,,,,,,0,101.36566351146053,1.0815471022410748,0.27463878069033887,1.3349506638281632,0,0,171.94338541423744,172.9270937500906,175.7778900048346,0,0,0,0,0
318,10.566666666666666,1,1,466.75037384033203,209.12924766540527,534.1245269775391,294.80435371398926,559.289436340332,307.049560546875,568.3905029296875,98.31443309783936,500.43745040893555,251.96680068969727,,,,,,,,0,101.43180854232904,1.0745457665139038,0.27590977850724085,1.3282703138980676,0,0,171.46721324221326,173.1882765426643,175.95755624736023,0,0,0,0,0
319,10.6,0,1,466.75037384033203,209.12924766540527,534.1245269775391,294.80435371398926,559.289436340332,307.049560546875,568.3905029296875,98.31443309783936,500.43745040893555,251.96680068969727,,,,,,,,0,101.43180854232904,1.0745457665139038,0.27590977850724085,1.3282703138980676,0,0,171.46721324221326,173.1882765426643,175.95755624736023,0,0,0,0,0
320,10.633333333333333,0,1,466.75037384033203,209.12924766540527,534.1245269775391,294.80435371398926,559.289436340332,307.049560546875,568.3905029296875,98.31443309783936,500.43745040893555,251.96680068969727,,,,,,,,0,101.43180854232904,1.0745457665139038,0.27590977850724085,1.3282703138980676,0,0,171.46721324221326,173.1882765426643,175.95755624736023,0,0,0,0,0
321,10.666666666666666,1,1,466.5668487548828,210.0221300125122,534.595832824707,294.1676902770996,559.1117858886719,307.1919822692871,569.8373413085938,97.54989624023438,500.5813407897949,252.0949101448059,,,,,,,,0,99.36178439510616,1.089004631701923,0.27939150197808515,1.350503829754279,0,0,172.29225045566807,173.52064831471142,176.35443844094053,0,0,0,0,0
322,10.7,0,1,466.5668487548828,210.0221300125122,534.595832824707,294.1676902770996,559.1117858886719,307.1919822692871,569.8373413085938,97.54989624023438,500.5813407897949,252.0949101448059,,,,,,,,0,99.36178439510616,1.089004631701923,0.27939150197808515,1.350503829754279,0,0,172.29225045566807,173.52064831471142,176.35443844094053,0,0,0,0,0
323,10.733333333333333,0,1,466.5668487548828,210.0221300125122,534.595832824707,294.1676902770996,559.1117858886719,307.1919822692871,569.8373413085938,97.54989624023438,500.5813407897949,252.0949101448059,,,,,,,,0,99.36178439510616,1.089004631701923,0.27939150197808515,1.350503829754279,0,0,172.29225045566807,173.52064831471142,176.35443844094053,0,0,0,0,0
324,10.766666666666667,1,1,465.9832000732422,208.2910966873169,536.285400390625,288.87293815612793,560.9160232543945,303.60697746276855,571.0585021972656,96.38061761856079,501.1343002319336,248.5820174217224,,,,,,,,0,94.1738660792155,1.1355427634253947,0.30476831755556916,1.4284899512499596,0,0,173.94177816474632,172.88574986778238,176.82886181259525,0,0,0,0,0
325,10.8,0,1,465.9832000732422,208.2910966873169,536.285400390625,288.87293815612793,560.9160232543945,303.60697746276855,571.0585021972656,96.38061761856079,501.1343002319336,248.5820174217224,,,,,,,,0,94.1738660792155,1.1355427634253947,0.30476831755556916,1.4284899512499596,0,0,173.94177816474632,172.88574986778238,176.82886181259525,0,0,0,0,0
326,10.833333333333334,0,1,465.9832000732422,208.2910966873169,536.285400390625,288.87293815612793,560.9160232543945,303.60697746276855,571.0585021972656,96.38061761856079,501.1343002319336,248.5820174217224,,,,,,,,0,94.1738660792155,1.1355427634253947,0.30476831755556916,1.4284899512499596,0,0,173.94177816474632,172.88574986778238,176.82886181259525,0,0,0,0,0
327,10.866666666666667,1,1,468.29586029052734,197.60377407073975,534.0042495727539,269.7125244140625,555.6977844238281,287.91772842407227,567.0808029174805,84.90407466888428,501.1500549316406,233.65814924240112,,,,,,,,0,92.54378532538387,1.0541655162004702,0.3060204566173423,1.3580703603148208,0,0,167.85153640538812,174.65510861202898,177.67771102499407,0,0,0,0,0
328,10.9,0,1,468.29586029052734,197.60377407073975,534.0042495727539,269.7125244140625,555.6977844238281,287.91772842407227,567.0808029174805,84.90407466888428,501.1500549316406,233.65814924240112,,,,,,,,0,92.54378532538387,1.0541655162004702,0.3060204566173423,1.3580703603148208,0,0,167.85153640538812,174.65510861202898,177.67771102499407,0,0,0,0,0
329,10.933333333333334,0,1,468.29586029052734,197.60377407073975,534.0042495727539,269.7125244140625,555.6977844238281,287.91772842407227,567.0808029174805,84.90407466888428,501.1500549316406,233.65814924240112,,,,,,,,0,92.54378532538387,1.0541655162004702,0.3060204566173423,1.3580703603148208,0,0,167.85153640538812,174.65510861202898,177.67771102499407,0,0,0,0,0
330,10.966666666666667,1,1,476.97303771972656,181.5765380859375,517.837028503418,231.83077812194824,538.4918975830078,246.99151039123535,565.5213928222656,58.761881589889526,497.40503311157227,206.70365810394287,,,,,,,,0,85.65224061894071,0.7562155396832572,0.2991363452264306,1.0484027438281842,0,0,173.9327891175608,177.82111528357467,178.53326245376562,0,0,0,0,0
331,11.0,0,1,476.97303771972656,181.5765380859375,517.837028503418,231.83077812194824,538.4918975830078,246.99151039123535,565.5213928222656,58.761881589889526,497.40503311157227,206.70365810394287,,,,,,,,0,85.65224061894071,0.7562155396832572,0.2991363452264306,1.0484027438281842,0,0,173.9327891175608,177.82111528357467,178.53326245376562,0,0,0,0,0
332,11.033333333333333,0,1,476.97303771972656,181.5765380859375,517.837028503418,231.83077812194824,538.4918975830078,246.99151039123535,565.5213928222656,58.761881589889526,497.40503311157227,206.70365810394287,,,,,,,,0,85.65224061894071,0.7562155396832572,0.2991363452264306,1.0484027438281842,0,0,173.9327891175608,177.82111528357467,178.53326245376562,0,0,0,0,0
333,11.066666666666666,1,1,469.77298736572266,151.7664670944214,492.0695114135742,190.80137729644775,506.99951171875,200.92844009399414,561.0435104370117,28.937437534332275,480.92124938964844,171.28392219543457,,,,,,,,0,75.3157644159896,0.5968732828428085,0.2395325086782822,0.8187681241840284,0,0,173.2369665071568,169.0861668928996,160.95951610089068,0,0,0,0,0
334,11.1,0,1,469.77298736572266,151.7664670944214,492.0695114135742,190.80137729644775,506.99951171875,200.92844009399414,561.0435104370117,28.937437534332275,480.92124938964844,171.28392219543457,,,,,,,,0,75.3157644159896,0.5968732828428085,0.2395325086782822,0.8187681241840284,0,0,173.2369665071568,169.0861668928996,160.95951610089068,0,0,0,0,0
335,11.133333333333333,0,1,469.77298736572266,151.7664670944214,492.0695114135742,190.80137729644775,506.99951171875,200.92844009399414,561.0435104370117,28.937437534332275,480.92124938964844,171.28392219543457,,,,,,,,0,75.3157644159896,0.5968732828428085,0.2395325086782822,0.8187681241840284,0,0,173.2369665071568,169.0861668928996,160.95951610089068,0,0,0,0,0
336,11.166666666666666,1,1,446.6127395629883,121.19709491729736,457.5066375732422,149.13763046264648,474.8360824584961,160.72959423065186,542.7597808837891,3.352448120713234,452.05968856811523,135.16736268997192,,,,,,,,0,63.58188363264347,0.47166224098426346,0.32790880604150713,0.7639503790684772,0,0,165.50350467799078,164.8139410897698,153.57881942092274,0,0,0,0,0
337,11.2,0,1,446.6127395629883,121.19709491729736,457.5066375732422,149.13763046264648,474.8360824584961,160.72959423065186,542.7597808837891,3.352448120713234,452.05968856811523,135.16736268997192,,,,,,,,0,63.58188363264347,0.47166224098426346,0.32790880604150713,0.7639503790684772,0,0,165.50350467799078,164.8139410897698,153.57881942092274,0,0,0,0,0
338,11.233333333333333,0,1,446.6127395629883,121.19709491729736,457.5066375732422,149.13763046264648,474.8360824584961,160.72959423065186,542.7597808837891,3.352448120713234,452.05968856811523,135.16736268997192,,,,,,,,0,63.58188363264347,0.47166224098426346,0.32790880604150713,0.7639503790684772,0,0,165.50350467799078,164.8139410897698,153.57881942092274,0,0,0,0,0
339,11.266666666666667,1,1,416.82804107666016,99.87060070037842,430.8777618408203,122.29708671569824,446.1244201660156,132.53653049468994,517.0949554443359,-25.22006928920746,423.85290145874023,111.08384370803833,,,,,,,,0,59.81362256981978,0.442440585052063,0.30705236137780956,0.7335905036844557,0,0,172.04314903650817,165.2484092591159,156.54778487354838,0,0,0,0,0
340,11.3,0,1,416.82804107666016,99.87060070037842,430.8777618408203,122.29708671569824,446.1244201660156,132.53653049468994,517.0949554443359,-25.22006928920746,423.85290145874023,111.08384370803833,,,,,,,,0,59.81362256981978,0.442440585052063,0.30705236137780956,0.7335905036844557,0,0,172.04314903650817,165.2484092591159,156.54778487354838,0,0,0,0,0
341,11.333333333333334,0,1,416.82804107666016,99.87060070037842,430.8777618408203,122.29708671569824,446.1244201660156,132.53653049468994,517.0949554443359,-25.22006928920746,423.85290145874023,111.08384370803833,,,,,,,,0,59.81362256981978,0.442440585052063,0.30705236137780956,0.7335905036844557,0,0,172.04314903650817,165.2484092591159,156.54778487354838,0,0,0,0,0
342,11.366666666666667,1,1,397.30098724365234,86.30451679229736,406.21959686279297,103.66880893707275,417.75272369384766,116.10766410827637,497.0546340942383,-31.02818727493286,401.76029205322266,94.98666286468506,59.35207401664859,3.321960687637329,13.788847923278809,14.183361726386245,0.05597042298312104,0.23232293313643868,0.2389699426916022,6,60.046776852359855,0.32509262499658087,0.2824938579054099,0.6019566152470561,1,1,171.5979286810429,160.48109310721907,149.01930124478383,0,0,0,0,0
343,11.4,0,1,397.30098724365234,86.30451679229736,406.21959686279297,103.66880893707275,417.75272369384766,116.10766410827637,497.0546340942383,-31.02818727493286,401.76029205322266,94.98666286468506,59.35207401664859,3.321960687637329,13.788847923278809,14.183361726386245,0.05597042298312104,0.23232293313643868,0.2389699426916022,6,60.046776852359855,0.32509262499658087,0.2824938579054099,0.6019566152470561,1,2,171.5979286810429,160.48109310721907,149.01930124478383,0,0,0,0,0
344,11.433333333333334,0,1,397.30098724365234,86.30451679229736,406.21959686279297,103.66880893707275,417.75272369384766,116.10766410827637,497.0546340942383,-31.02818727493286,401.76029205322266,94.98666286468506,59.35207401664859,3.321960687637329,13.788847923278809,14.183361726386245,0.05597042298312104,0.23232293313643868,0.2389699426916022,6,60.046776852359855,0.32509262499658087,0.2824938579054099,0.6019566152470561,1,3,171.5979286810429,160.48109310721907,149.01930124478383,0,0,0,0,0
345,11.466666666666667,1,1,389.4511032104492,113.5055923461914,400.78163146972656,131.6231346130371,417.7714157104492,140.75486183166504,482.3902130126953,-13.153486847877502,395.1163673400879,122.56436347961426,59.35207401664859,3.321960687637329,13.788847923278809,14.183361726386245,0.05597042298312104,0.23232293313643868,0.2389699426916022,6,58.65737118093732,0.3642988680127062,0.328831133028948,0.670008308395184,1,4,170.13561993194847,160.5716506627027,146.4493487953693,-1,1,0,0,0
346,11.5,0,1,389.4511032104492,113.5055923461914,400.78163146972656,131.6231346130371,417.7714157104492,140.75486183166504,482.3902130126953,-13.153486847877502,395.1163673400879,122.56436347961426,59.35207401664859,3.321960687637329,13.788847923278809,14.183361726386245,0.05597042298312104,0.23232293313643868,0.2389699426916022,6,58.65737118093732,0.3642988680127062,0.328831133028948,0.670008308395184,1,5,170.13561993194847,160.5716506627027,146.4493487953693,0,0,0,0,0
347,11.533333333333333,0,1,389.4511032104492,113.5055923461914,400.78163146972656,131.6231346130371,417.7714157104492,140.75486183166504,482.3902130126953,-13.153486847877502,395.1163673400879,122.56436347961426,59.35207401664859,3.321960687637329,13.788847923278809,14.183361726386245,0.05597042298312104,0.23232293313643868,0.2389699426916022,6,58.65737118093732,0.3642988680127062,0.328831133028948,0.670008308395184,1,6,170.13561993194847,160.5716506627027,146.4493487953693,0,0,0,0,0
348,11.566666666666666,1,1,381.24805450439453,148.16187858581543,403.3184814453125,179.3801736831665,423.2575988769531,178.88458728790283,483.43170166015625,16.189252138137817,392.2832679748535,163.77102613449097,,,,,,,,0,65.05327775769366,0.5877028740055884,0.30659908406733133,0.8000372342652085,0,0,168.40880860711962,166.55884433810436,149.9061819643649,0,0,0,0,0
349,11.6,0,1,381.24805450439453,148.16187858581543,403.3184814453125,179.3801736831665,423.2575988769531,178.88458728790283,483.43170166015625,16.189252138137817,392.2832679748535,163.77102613449097,,,,,,,,0,65.05327775769366,0.5877028740055884,0.30659908406733133,0.8000372342652085,0,0,168.40880860711962,166.55884433810436,149.9061819643649,0,0,0,0,0
350,11.633333333333333,0,1,381.24805450439453,148.16187858581543,403.3184814453125,179.3801736831665,423.2575988769531,178.88458728790283,483.43170166015625,16.189252138137817,392.2832679748535,163.77102613449097,,,,,,,,0,65.05327775769366,0.5877028740055884,0.30659908406733133,0.8000372342652085,0,0,168.40880860711962,166.55884433810436,149.9061819643649,0,0,0,0,0
351,11.666666666666666,1,1,363.8352584838867,180.1357126235962,406.38465881347656,216.9239044189453,422.87891387939453,203.9639711380005,476.1197280883789,44.25968885421753,385.10995864868164,198.52980852127075,,,,,,,,0,76.89936783427008,0.7314477143763933,0.2727806733301793,0.8279723674504638,0,0,178.71168825094085,165.1430898536166,141.6112041236793,0,0,0,0,0
352,11.7,0,1,363.8352584838867,180.1357126235962,406.38465881347656,216.9239044189453,422.87891387939453,203.9639711380005,476.1197280883789,44.25968885421753,385.10995864868164,198.52980852127075,,,,,,,,0,76.89936783427008,0.7314477143763933,0.2727806733301793,0.8279723674504638,0,0,178.71168825094085,165.1430898536166,141.6112041236793,0,0,0,0,0
353,11.733333333333333,0,1,363.8352584838867,180.1357126235962,406.38465881347656,216.9239044189453,422.87891387939453,203.9639711380005,476.1197280883789,44.25968885421753,385.10995864868164,198.52980852127075,,,,,,,,0,76.89936783427008,0.7314477143763933,0.2727806733301793,0.8279723674504638,0,0,178.71168825094085,165.1430898536166,141.6112041236793,0,0,0,0,0
354,11.766666666666667,1,1,346.7253112792969,208.7415075302124,391.5242004394531,240.78097343444824,408.9158630371094,218.3415412902832,459.5319366455078,72.37825155258179,369.124755859375,224.76124048233032,,,,,,,,0,75.75335238269912,0.7270559636395753,0.3747702744706483,0.8306846023041803,0,0,179.31901207112634,158.34048316048288,122.52377385971222,0,0,0,0,0
355,11.8,0,1,346.7253112792969,208.7415075302124,391.5242004394531,240.78097343444824,408.9158630371094,218.3415412902832,459.5319366455078,72.37825155258179,369.124755859375,224.76124048233032,,,,,,,,0,75.75335238269912,0.7270559636395753,0.3747702744706483,0.8306846023041803,0,0,179.31901207112634,158.34048316048288,122.52377385971222,0,0,0,0,0
356,11.833333333333334,0,1,346.7253112792969,208.7415075302124,391.5242004394531,240.78097343444824,408.9158630371094,218.3415412902832,459.5319366455078,72.37825155258179,369.124755859375,224.76124048233032,,,,,,,,0,75.75335238269912,0.7270559636395753,0.3747702744706483,0.8306846023041803,0,0,179.31901207112634,158.34048316048288,122.52377385971222,0,0,0,0,0
357,11.866666666666667,1,1,348.24127197265625,228.82498741149902,390.9142303466797,251.28396034240723,402.18421936035156,229.99178409576416,449.72599029541016,86.09101295471191,369.57775115966797,240.05447387695312,,,,,,,,0,71.93708280681189,0.670339456593471,0.3348878867065044,0.7500382671778414,0,0,179.77444646454938,162.4983387215341,126.94205597981984,0,0,0,0,0
358,11.9,0,1,348.24127197265625,228.82498741149902,390.9142303466797,251.28396034240723,402.18421936035156,229.99178409576416,449.72599029541016,86.09101295471191,369.57775115966797,240.05447387695312,,,,,,,,0,71.93708280681189,0.670339456593471,0.3348878867065044,0.7500382671778414,0,0,179.77444646454938,162.4983387215341,126.94205597981984,0,0,0,0,0
359,11.933333333333334,0,1,348.24127197265625,228.82498741149902,390.9142303466797,251.28396034240723,402.18421936035156,229.99178409576416,449.72599029541016,86.09101295471191,369.57775115966797,240.05447387695312,,,,,,,,0,71.93708280681189,0.670339456593471,0.3348878867065044,0.7500382671778414,0,0,179.77444646454938,162.4983387215341,126.94205597981984,0,0,0,0,0
360,11.966666666666667,1,1,360.65826416015625,231.96340084075928,385.31627655029297,252.22091674804688,400.01781463623047,233.1764316558838,446.39087677001953,90.36526679992676,372.9872703552246,242.09215879440308,64.55508422512946,2.4260094165802,2.7398440837860107,3.659544683808767,0.03758045467216389,0.04244195661229526,0.05668871364254544,42,67.78540928393598,0.4707818088035668,0.354926483237241,0.5809249924127902,1,1,175.16531440297814,161.50534124395708,136.27600176794098,0,0,0,0,0
361,12.0,0,1,360.65826416015625,231.96340084075928,385.31627655029297,252.22091674804688,400.01781463623047,233.1764316558838,446.39087677001953,90.36526679992676,372.9872703552246,242.09215879440308,64.55508422512946,2.4260094165802,2.7398440837860107,3.659544683808767,0.03758045467216389,0.04244195661229526,0.05668871364254544,42,67.78540928393598,0.4707818088035668,0.354926483237241,0.5809249924127902,1,2,175.16531440297814,161.50534124395708,136.27600176794098,0,0,0,0,0
362,12.033333333333333,0,1,360.65826416015625,231.96340084075928,385.31627655029297,252.22091674804688,400.01781463623047,233.1764316558838,446.39087677001953,90.36526679992676,372.9872703552246,242.09215879440308,64.55508422512946,2.4260094165802,2.7398440837860107,3.659544683808767,0.03758045467216389,0.04244195661229526,0.05668871364254544,42,67.78540928393598,0.4707818088035668,0.354926483237241,0.5809249924127902,1,3,175.16531440297814,161.50534124395708,136.27600176794098,0,0,0,0,0
363,12.066666666666666,1,1,363.7118911743164,215.62768936157227,381.4365005493164,251.8256664276123,395.0550842285156,241.7966651916504,445.8030700683594,89.67496633529663,372.5741958618164,233.72667789459229,64.55508422512946,2.4260094165802,2.7398440837860107,3.659544683808767,0.03758045467216389,0.04244195661229526,0.05668871364254544,42,65.20921065380512,0.6180803580009288,0.2593638940869205,0.6261614787353709,1,4,160.97975095346345,166.52425907688482,142.96647318982346,0,-1,0,0,0
364,12.1,0,1,363.7118911743164,215.62768936157227,381.4365005493164,251.8256664276123,395.0550842285156,241.7966651916504,445.8030700683594,89.67496633529663,372.5741958618164,233.72667789459229,64.55508422512946,2.4260094165802,2.7398440837860107,3.659544683808767,0.03758045467216389,0.04244195661229526,0.05668871364254544,42,65.20921065380512,0.6180803580009288,0.2593638940869205,0.6261614787353709,1,5,160.97975095346345,166.52425907688482,142.96647318982346,0,0,0,0,0
365,12.133333333333333,0,1,363.7118911743164,215.62768936157227,381.4365005493164,251.8256664276123,395.0550842285156,241.7966651916504,445.8030700683594,89.67496633529663,372.5741958618164,233.72667789459229,64.55508422512946,2.4260094165802,2.7398440837860107,3.659544683808767,0.03758045467216389,0.04244195661229526,0.05668871364254544,42,65.20921065380512,0.6180803580009288,0.2593638940869205,0.6261614787353709,1,6,160.97975095346345,166.52425907688482,142.96647318982346,0,0,0,0,0
366,12.166666666666666,1,1,368.45813751220703,220.87363243103027,380.75435638427734,249.50300216674805,392.3097229003906,239.40181732177734,445.5909729003906,90.5452823638916,374.6062469482422,235.18831729888916,64.55508422512946,2.4260094165802,2.7398440837860107,3.659544683808767,0.03758045467216389,0.04244195661229526,0.05668871364254544,42,63.24943322735668,0.4926252891296583,0.24265795405480506,0.47751435786305285,1,7,165.48535712978403,167.0465975780971,141.509557057603,1,1,0,1,1
367,12.2,0,1,368.45813751220703,220.87363243103027,380.75435638427734,249.50300216674805,392.3097229003906,239.40181732177734,445.5909729003906,90.5452823638916,374.6062469482422,235.18831729888916,64.55508422512946,2.4260094165802,2.7398440837860107,3.659544683808767,0.03758045467216389,0.04244195661229526,0.05668871364254544,42,63.24943322735668,0.4926252891296583,0.24265795405480506,0.47751435786305285,1,8,165.48535712978403,167.0465975780971,141.509557057603,0,0,0,1,1
368,12.233333333333333,0,1,368.45813751220703,220.87363243103027,380.75435638427734,249.50300216674805,392.3097229003906,239.40181732177734,445.5909729003906,90.5452823638916,374.6062469482422,235.18831729888916,64.55508422512946,2.4260094165802,2.7398440837860107,3.659544683808767,0.03758045467216389,0.04244195661229526,0.05668871364254544,42,63.24943322735668,0.4926252891296583,0.24265795405480506,0.47751435786305285,1,9,165.48535712978403,167.0465975780971,141.509557057603,0,0,0,1,1
369,12.266666666666667,1,1,362.18982696533203,226.9764804840088,375.3779983520508,248.7773036956787,390.5717468261719,238.40280532836914,446.38580322265625,91.73978090286255,368.7839126586914,237.87689208984375,64.55508422512946,2.4260094165802,2.7398440837860107,3.659544683808767,0.03758045467216389,0.04244195661229526,0.05668871364254544,42,64.36018472536729,0.3958888136522723,0.2858573467260327,0.4753817581706332,1,10,174.10558350890392,163.97735334012867,140.77540447700383,-1,1,1,1,1
370,12.3,0,1,362.18982696533203,226.9764804840088,375.3779983520508,248.7773036956787,390.5717468261719,238.40280532836914,446.38580322265625,91.73978090286255,368.7839126586914,237.87689208984375,64.55508422512946,2.4260094165802,2.7398440837860107,3.659544683808767,0.03758045467216389,0.04244195661229526,0.05668871364254544,42,64.36018472536729,0.3958888136522723,0.2858573467260327,0.4753817581706332,1,11,174.10558350890392,163.97735334012867,140.77540447700383,0,0,1,1,1
371,12.333333333333334,0,1,362.18982696533203,226.9764804840088,375.3779983520508,248.7773036956787,390.5717468261719,238.40280532836914,446.38580322265625,91.73978090286255,368.7839126586914,237.87689208984375,64.55508422512946,2.4260094165802,2.7398440837860107,3.659544683808767,0.03758045467216389,0.04244195661229526,0.05668871364254544,42,64.36018472536729,0.3958888136522723,0.2858573467260327,0.4753817581706332,1,12,174.10558350890392,163.97735334012867,140.77540447700383,0,0,1,1,1
372,12.366666666666667,1,1,355.0484848022461,233.4895420074463,378.1004333496094,248.51411819458008,391.1518096923828,235.78285217285156,444.3785858154297,92.5733470916748,366.57445907592773,241.00183010101318,64.55508422512946,2.4260094165802,2.7398440837860107,3.659544683808767,0.03758045467216389,0.04244195661229526,0.05668871364254544,42,65.48012998049772,0.4202190707329797,0.2784430386420245,0.5524742844054424,1,13,178.31216788849088,162.58310488041528,136.3420424632343,-1,1,1,1,1
373,12.4,0,1,355.0484848022461,233.4895420074463,378.1004333496094,248.51411819458008,391.1518096923828,235.78285217285156,444.3785858154297,92.5733470916748,366.57445907592773,241.00183010101318,64.55508422512946,2.4260094165802,2.7398440837860107,3.659544683808767,0.03758045467216389,0.04244195661229526,0.05668871364254544,42,65.48012998049772,0.4202190707329797,0.2784430386420245,0.5524742844054424,1,14,178.31216788849088,162.58310488041528,136.3420424632343,0,0,1,1,1
374,12.433333333333334,0,1,355.0484848022461,233.4895420074463,378.1004333496094,248.51411819458008,391.1518096923828,235.78285217285156,444.3785858154297,92.5733470916748,366.57445907592773,241.00183010101318,64.55508422512946,2.4260094165802,2.7398440837860107,3.659544683808767,0.03758045467216389,0.04244195661229526,0.05668871364254544,42,65.48012998049772,0.4202190707329797,0.2784430386420245,0.5524742844054424,1,15,178.31216788849088,162.58310488041528,136.3420424632343,0,0,1,1,1
375,12.466666666666667,1,1,362.55455017089844,221.06441974639893,376.9715881347656,255.7148551940918,390.38089752197266,230.80482959747314,444.42935943603516,89.4552755355835,369.76306915283203,238.38963747024536,64.55508422512946,2.4260094165802,2.7398440837860107,3.659544683808767,0.03758045467216389,0.04244195661229526,0.05668871364254544,42,62.57782239382423,0.5997338248566105,0.4520756388982674,0.4711234411702087,1,16,163.77394014119432,168.6050075990262,133.53713717234461,1,-1,2,2,2
376,12.5,0,1,362.55455017089844,221.06441974639893,376.9715881347656,255.7148551940918,390.38089752197266,230.80482959747314,444.42935943603516,89.4552755355835,369.76306915283203,238.38963747024536,64.55508422512946,2.4260094165802,2.7398440837860107,3.659544683808767,0.03758045467216389,0.04244195661229526,0.05668871364254544,42,62.57782239382423,0.5997338248566105,0.4520756388982674,0.4711234411702087,1,17,163.77394014119432,168.6050075990262,133.53713717234461,0,0,2,2,2
377,12.533333333333333,0,1,362.55455017089844,221.06441974639893,376.9715881347656,255.7148551940918,390.38089752197266,230.80482959747314,444.42935943603516,89.4552755355835,369.76306915283203,238.38963747024536,64.55508422512946,2.4260094165802,2.7398440837860107,3.659544683808767,0.03758045467216389,0.04244195661229526,0.05668871364254544,42,62.57782239382423,0.5997338248566105,0.4520756388982674,0.4711234411702087,1,18,163.77394014119432,168.6050075990262,133.53713717234461,0,0,2,2,2
378,12.566666666666666,1,1,364.739990234375,220.91101169586182,378.6810302734375,253.86351585388184,391.68025970458984,230.11560916900635,443.6955261230469,87.11988687515259,371.71051025390625,237.38726377487183,64.55508422512946,2.4260094165802,2.7398440837860107,3.659544683808767,0.03758045467216389,0.04244195661229526,0.05668871364254544,42,62.942029333341516,0.5684621907526062,0.4301246882680948,0.45231032435883667,1,19,161.16869876964782,169.08912544714167,135.89429787745246,1,0,2,2,2
379,12.6,0,1,364.739990234375,220.91101169586182,378.6810302734375,253.86351585388184,391.68025970458984,230.11560916900635,443.6955261230469,87.11988687515259,371.71051025390625,237.38726377487183,64.55508422512946,2.4260094165802,2.7398440837860107,3.659544683808767,0.03758045467216389,0.04244195661229526,0.05668871364254544,42,62.942029333341516,0.5684621907526062,0.4301246882680948,0.45231032435883667,1,20,161.16869876964782,169.08912544714167,135.89429787745246,0,0,2,2,2
380,12.633333333333333,0,1,364.739990234375,220.91101169586182,378.6810302734375,253.86351585388184,391.68025970458984,230.11560916900635,443.6955261230469,87.11988687515259,371.71051025390625,237.38726377487183,64.55508422512946,2.4260094165802,2.7398440837860107,3.659544683808767,0.03758045467216389,0.04244195661229526,0.05668871364254544,42,62.942029333341516,0.5684621907526062,0.4301246882680948,0.45231032435883667,1,21,161.16869876964782,169.08912544714167,135.89429787745246,0,0,2,2,2
381,12.666666666666666,1,1,361.40995025634766,226.92745685577393,378.7614440917969,248.94292831420898,390.9446334838867,233.09648036956787,444.68074798583984,88.22361946105957,370.08569717407227,237.93519258499146,64.55508422512946,2.4260094165802,2.7398440837860107,3.659544683808767,0.03758045467216389,0.04244195661229526,0.05668871364254544,42,63.521098476440905,0.44129160515638016,0.31467492812861564,0.47499303292596795,1,22,175.58181390694486,163.7838304623571,135.12960510245787,-1,0,3,2,3
382,12.7,0,1,361.40995025634766,226.92745685577393,378.7614440917969,248.94292831420898,390.9446334838867,233.09648036956787,444.68074798583984,88.22361946105957,370.08569717407227,237.93519258499146,64.55508422512946,2.4260094165802,2.7398440837860107,3.659544683808767,0.03758045467216389,0.04244195661229526,0.05668871364254544,42,63.521098476440905,0.44129160515638016,0.31467492812861564,0.47499303292596795,1,23,175.58181390694486,163.7838304623571,135.12960510245787,0,0,3,2,3
383,12.733333333333333,0,1,361.40995025634766,226.92745685577393,378.7614440917969,248.94292831420898,390.9446334838867,233.09648036956787,444.68074798583984,88.22361946105957,370.08569717407227,237.93519258499146,64.55508422512946,2.4260094165802,2.7398440837860107,3.659544683808767,0.03758045467216389,0.04244195661229526,0.05668871364254544,42,63.521098476440905,0.44129160515638016,0.31467492812861564,0.47499303292596795,1,24,175.58181390694486,163.7838304623571,135.12960510245787,0,0,3,2,3
384,12.766666666666667,1,1,360.1781463623047,230.2315378189087,375.75305938720703,250.62246322631836,387.6956558227539,236.75820350646973,446.22840881347656,89.41648721694946,367.96560287475586,240.42700052261353,64.55508422512946,2.4260094165802,2.7398440837860107,3.659544683808767,0.03758045467216389,0.04244195661229526,0.05668871364254544,42,65.15328107245725,0.3938201965978715,0.280856526253267,0.434067541311303,1,25,179.5484585036842,164.5358060540134,139.1076267383559,-1,1,3,3,3
385,12.8,0,1,360.1781463623047,230.2315378189087,375.75305938720703,250.62246322631836,387.6956558227539,236.75820350646973,446.22840881347656,89.41648721694946,367.96560287475586,240.42700052261353,64.55508422512946,2.4260094165802,2.7398440837860107,3.659544683808767,0.03758045467216389,0.04244195661229526,0.05668871364254544,42,65.15328107245725,0.3938201965978715,0.280856526253267,0.434067541311303,1,26,179.5484585036842,164.5358060540134,139.1076267383559,0,0,3,3,3
386,12.833333333333334,0,1,360.1781463623047,230.2315378189087,375.75305938720703,250.62246322631836,387.6956558227539,236.75820350646973,446.22840881347656,89.41648721694946,367.96560287475586,240.42700052261353,64.55508422512946,2.4260094165802,2.7398440837860107,3.659544683808767,0.03758045467216389,0.04244195661229526,0.05668871364254544,42,65.15328107245725,0.3938201965978715,0.280856526253267,0.434067541311303,1,27,179.5484585036842,164.5358060540134,139.1076267383559,0,0,3,3,3
387,12.866666666666667,1,1,367.4745559692383,220.2899408340454,382.6984405517578,259.9247932434082,392.51026153564453,225.6581211090088,446.0408020019531,88.01432132720947,375.08649826049805,240.1073670387268,64.55508422512946,2.4260094165802,2.7398440837860107,3.659544683808767,0.03758045467216389,0.04244195661229526,0.05668871364254544,42,64.74998372489162,0.655723340769374,0.5504827066808898,0.39544046196199556,1,28,163.25141546087536,171.0558705099661,127.0759756192427,1,0,4,3,4
388,12.9,0,1,367.4745559692383,220.2899408340454,382.6984405517578,259.9247932434082,392.51026153564453,225.6581211090088,446.0408020019531,88.01432132720947,375.08649826049805,240.1073670387268,64.55508422512946,2.4260094165802,2.7398440837860107,3.659544683808767,0.03758045467216389,0.04244195661229526,0.05668871364254544,42,64.74998372489162,0.655723340769374,0.5504827066808898,0.39544046196199556,1,29,163.25141546087536,171.0558705099661,127.0759756192427,0,0,4,3,4
389,12.933333333333334,0,1,367.4745559692383,220.2899408340454,382.6984405517578,259.9247932434082,392.51026153564453,225.6581211090088,446.0408020019531,88.01432132720947,375.08649826049805,240.1073670387268,64.55508422512946,2.4260094165802,2.7398440837860107,3.659544683808767,0.03758045467216389,0.04244195661229526,0.05668871364254544,42,64.74998372489162,0.655723340769374,0.5504827066808898,0.39544046196199556,1,30,163.25141546087536,171.0558705099661,127.0759756192427,0,0,4,3,4
390,12.966666666666667,1,1,366.92771911621094,224.606351852417,379.8898696899414,254.02467727661133,389.20467376708984,238.90381336212158,447.33070373535156,86.7734956741333,373.4087944030762,239.31551456451416,64.55508422512946,2.4260094165802,2.7398440837860107,3.659544683808767,0.03758045467216389,0.04244195661229526,0.05668871364254544,42,65.60433713829357,0.4900194059531761,0.27070887421486595,0.40348495379978744,1,31,167.91330853765305,169.60073750828664,141.8634260096552,-1,0,5,3,5
391,13.0,0,1,366.92771911621094,224.606351852417,379.8898696899414,254.02467727661133,389.20467376708984,238.90381336212158,447.33070373535156,86.7734956741333,373.4087944030762,239.31551456451416,64.55508422512946,2.4260094165802,2.7398440837860107,3.659544683808767,0.03758045467216389,0.04244195661229526,0.05668871364254544,42,65.60433713829357,0.4900194059531761,0.27070887421486595,0.40348495379978744,1,32,167.91330853765305,169.60073750828664,141.8634260096552,0,0,5,3,5
392,13.033333333333333,0,1,366.92771911621094,224.606351852417,379.8898696899414,254.02467727661133,389.20467376708984,238.90381336212158,447.33070373535156,86.7734956741333,373.4087944030762,239.31551456451416,64.55508422512946,2.4260094165802,2.7398440837860107,3.659544683808767,0.03758045467216389,0.04244195661229526,0.05668871364254544,42,65.60433713829357,0.4900194059531761,0.27070887421486595,0.40348495379978744,1,33,167.91330853765305,169.60073750828664,141.8634260096552,0,0,5,3,5
393,13.066666666666666,1,1,364.1077423095703,225.40318965911865,379.28905487060547,247.6504898071289,392.45670318603516,234.18116569519043,448.0096435546875,88.44003438949585,371.6983985900879,236.52683973312378,64.55508422512946,2.4260094165802,2.7398440837860107,3.659544683808767,0.03758045467216389,0.04244195661229526,0.05668871364254544,42,65.1406892890047,0.41346695031266517,0.2891647594835019,0.45558110470471413,1,34,174.71538999876375,163.4949890351962,135.720978226103,-1,-1,5,4,5
394,13.1,0,1,364.1077423095703,225.40318965911865,379.28905487060547,247.6504898071289,392.45670318603516,234.18116569519043,448.0096435546875,88.44003438949585,371.6983985900879,236.52683973312378,64.55508422512946,2.4260094165802,2.7398440837860107,3.659544683808767,0.03758045467216389,0.04244195661229526,0.05668871364254544,42,65.1406892890047,0.41346695031266517,0.2891647594835019,0.45558110470471413,1,35,174.71538999876375,163.4949890351962,135.720978226103,0,0,5,4,5
395,13.133333333333333,0,1,364.1077423095703,225.40318965911865,379.28905487060547,247.6504898071289,392.45670318603516,234.18116569519043,448.0096435546875,88.44003438949585,371.6983985900879,236.52683973312378,64.55508422512946,2.4260094165802,2.7398440837860107,3.659544683808767,0.03758045467216389,0.04244195661229526,0.05668871364254544,42,65.1406892890047,0.41346695031266517,0.2891647594835019,0.45558110470471413,1,36,174.71538999876375,163.4949890351962,135.720978226103,0,0,5,4,5
396,13.166666666666666,1,1,361.2110900878906,227.30062007904053,377.3002624511719,248.69625091552734,389.89891052246094,236.4651918411255,447.97332763671875,89.71222400665283,369.25567626953125,237.99843549728394,64.55508422512946,2.4260094165802,2.7398440837860107,3.659544683808767,0.03758045467216389,0.04244195661229526,0.05668871364254544,42,64.32379016304739,0.4161761854995093,0.2729810877516071,0.46819560058657406,1,37,175.69911750985102,165.95164828299656,140.05041393335003,-1,1,5,5,5
397,13.2,0,1,361.2110900878906,227.30062007904053,377.3002624511719,248.69625091552734,389.89891052246094,236.4651918411255,447.97332763671875,89.71222400665283,369.25567626953125,237.99843549728394,64.55508422512946,2.4260094165802,2.7398440837860107,3.659544683808767,0.03758045467216389,0.04244195661229526,0.05668871364254544,42,64.32379016304739,0.4161761854995093,0.2729810877516071,0.46819560058657406,1,38,175.69911750985102,165.95164828299656,140.05041393335003,0,0,5,5,5
398,13.233333333333333,0,1,361.2110900878906,227.30062007904053,377.3002624511719,248.69625091552734,389.89891052246094,236.4651918411255,447.97332763671875,89.71222400665283,369.25567626953125,237.99843549728394,64.55508422512946,2.4260094165802,2.7398440837860107,3.659544683808767,0.03758045467216389,0.04244195661229526,0.05668871364254544,42,64.32379016304739,0.4161761854995093,0.2729810877516071,0.46819560058657406,1,39,175.69911750985102,165.95164828299656,140.05041393335003,0,0,5,5,5
399,13.266666666666667,1,1,362.3761749267578,215.5072832107544,381.36730194091797,248.04210662841797,389.3619155883789,228.66989135742188,446.50447845458984,81.86621904373169,371.8717384338379,231.77469491958618,64.55508422512946,2.4260094165802,2.7398440837860107,3.659544683808767,0.03758045467216389,0.04244195661229526,0.05668871364254544,42,62.26205743589174,0.6050550809097827,0.3365937154946501,0.4822315855654306,1,40,167.25713885161477,170.25948492902185,140.77672762755972,1,-1,6,6,6
400,13.3,0,1,362.3761749267578,215.5072832107544,381.36730194091797,248.04210662841797,389.3619155883789,228.66989135742188,446.50447845458984,81.86621904373169,371.8717384338379,231.77469491958618,64.55508422512946,2.4260094165802,2.7398440837860107,3.659544683808767,0.03758045467216389,0.04244195661229526,0.05668871364254544,42,62.26205743589174,0.6050550809097827,0.3365937154946501,0.4822315855654306,1,41,167.25713885161477,170.25948492902185,140.77672762755972,0,0,6,6,6
401,13.333333333333334,0,1,362.3761749267578,215.5072832107544,381.36730194091797,248.04210662841797,389.3619155883789,228.66989135742188,446.50447845458984,81.86621904373169,371.8717384338379,231.77469491958618,64.55508422512946,2.4260094165802,2.7398440837860107,3.659544683808767,0.03758045467216389,0.04244195661229526,0.05668871364254544,42,62.26205743589174,0.6050550809097827,0.3365937154946501,0.4822315855654306,1,42,167.25713885161477,170.25948492902185,140.77672762755972,0,0,6,6,6
402,13.366666666666667,1,1,362.77088165283203,190.74787616729736,375.7560348510742,216.90374851226807,396.4305877685547,173.22059154510498,450.2535629272461,57.04662322998047,369.2634582519531,203.82581233978271,,,,,,,,0,56.566894774084204,0.5162344250356593,0.8543622278133047,0.6708822140739363,0,0,166.96603641891406,169.1847672848912,117.0130394378202,0,0,0,0,0
403,13.4,0,1,362.77088165283203,190.74787616729736,375.7560348510742,216.90374851226807,396.4305877685547,173.22059154510498,450.2535629272461,57.04662322998047,369.2634582519531,203.82581233978271,,,,,,,,0,56.566894774084204,0.5162344250356593,0.8543622278133047,0.6708822140739363,0,0,166.96603641891406,169.1847672848912,117.0130394378202,0,0,0,0,0
404,13.433333333333334,0,1,362.77088165283203,190.74787616729736,375.7560348510742,216.90374851226807,396.4305877685547,173.22059154510498,450.2535629272461,57.04662322998047,369.2634582519531,203.82581233978271,,,,,,,,0,56.566894774084204,0.5162344250356593,0.8543622278133047,0.6708822140739363,0,0,166.96603641891406,169.1847672848912,117.0130394378202,0,0,0,0,0
405,13.466666666666667,1,0,,,,,,,,,,,,,,,,,,0,,,,,0,0,,,,0,0,0,0,0
406,13.5,0,0,,,,,,,,,,,,,,,,,,0,,,,,0,0,,,,0,0,0,0,0
407,13.533333333333333,0,0,,,,,,,,,,,,,,,,,,0,,,,,0,0,,,,0,0,0,0,0
408,13.566666666666666,1,0,,,,,,,,,,,,,,,,,,0,,,,,0,0,,,,0,0,0,0,0
409,13.6,0,0,,,,,,,,,,,,,,,,,,0,,,,,0,0,,,,0,0,0,0,0
410,13.633333333333333,0,0,,,,,,,,,,,,,,,,,,0,,,,,0,0,,,,0,0,0,0,0
411,13.666666666666666,1,0,,,,,,,,,,,,,,,,,,0,,,,,0,0,,,,0,0,0,0,0
412,13.7,0,0,,,,,,,,,,,,,,,,,,0,,,,,0,0,,,,0,0,0,0,0
413,13.733333333333333,0,0,,,,,,,,,,,,,,,,,,0,,,,,0,0,,,,0,0,0,0,0
414,13.766666666666667,1,0,,,,,,,,,,,,,,,,,,0,,,,,0,0,,,,0,0,0,0,0
415,13.8,0,0,,,,,,,,,,,,,,,,,,0,,,,,0,0,,,,0,0,0,0,0
416,13.833333333333334,0,0,,,,,,,,,,,,,,,,,,0,,,,,0,0,,,,0,0,0,0,0
417,13.866666666666667,1,0,,,,,,,,,,,,,,,,,,0,,,,,0,0,,,,0,0,0,0,0
418,13.9,0,0,,,,,,,,,,,,,,,,,,0,,,,,0,0,,,,0,0,0,0,0
419,13.933333333333334,0,0,,,,,,,,,,,,,,,,,,0,,,,,0,0,,,,0,0,0,0,0
420,13.966666666666667,1,0,,,,,,,,,,,,,,,,,,0,,,,,0,0,,,,0,0,0,0,0
421,14.0,0,0,,,,,,,,,,,,,,,,,,0,,,,,0,0,,,,0,0,0,0,0
422,14.033333333333333,0,0,,,,,,,,,,,,,,,,,,0,,,,,0,0,,,,0,0,0,0,0
423,14.066666666666666,1,0,,,,,,,,,,,,,,,,,,0,,,,,0,0,,,,0,0,0,0,0
424,14.1,0,0,,,,,,,,,,,,,,,,,,0,,,,,0,0,,,,0,0,0,0,0
425,14.133333333333333,0,0,,,,,,,,,,,,,,,,,,0,,,,,0,0,,,,0,0,0,0,0
426,14.166666666666666,1,0,,,,,,,,,,,,,,,,,,0,,,,,0,0,,,,0,0,0,0,0
427,14.2,0,0,,,,,,,,,,,,,,,,,,0,,,,,0,0,,,,0,0,0,0,0
428,14.233333333333333,0,0,,,,,,,,,,,,,,,,,,0,,,,,0,0,,,,0,0,0,0,0
429,14.266666666666667,1,0,,,,,,,,,,,,,,,,,,0,,,,,0,0,,,,0,0,0,0,0
430,14.3,0,0,,,,,,,,,,,,,,,,,,0,,,,,0,0,,,,0,0,0,0,0
431,14.333333333333334,0,0,,,,,,,,,,,,,,,,,,0,,,,,0,0,,,,0,0,0,0,0
432,14.366666666666667,1,0,,,,,,,,,,,,,,,,,,0,,,,,0,0,,,,0,0,0,0,0
433,14.4,0,0,,,,,,,,,,,,,,,,,,0,,,,,0,0,,,,0,0,0,0,0
434,14.433333333333334,0,0,,,,,,,,,,,,,,,,,,0,,,,,0,0,,,,0,0,0,0,0
435,14.466666666666667,1,0,,,,,,,,,,,,,,,,,,0,,,,,0,0,,,,0,0,0,0,0
436,14.5,0,0,,,,,,,,,,,,,,,,,,0,,,,,0,0,,,,0,0,0,0,0
437,14.533333333333333,0,0,,,,,,,,,,,,,,,,,,0,,,,,0,0,,,,0,0,0,0,0
438,14.566666666666666,1,0,,,,,,,,,,,,,,,,,,0,,,,,0,0,,,,0,0,0,0,0
439,14.6,0,0,,,,,,,,,,,,,,,,,,0,,,,,0,0,,,,0,0,0,0,0
440,14.633333333333333,0,0,,,,,,,,,,,,,,,,,,0,,,,,0,0,,,,0,0,0,0,0
441,14.666666666666666,1,0,,,,,,,,,,,,,,,,,,0,,,,,0,0,,,,0,0,0,0,0
442,14.7,0,0,,,,,,,,,,,,,,,,,,0,,,,,0,0,,,,0,0,0,0,0
443,14.733333333333333,0,0,,,,,,,,,,,,,,,,,,0,,,,,0,0,,,,0,0,0,0,0
444,14.766666666666667,1,0,,,,,,,,,,,,,,,,,,0,,,,,0,0,,,,0,0,0,0,0
445,14.8,0,0,,,,,,,,,,,,,,,,,,0,,,,,0,0,,,,0,0,0,0,0
446,14.833333333333334,0,0,,,,,,,,,,,,,,,,,,0,,,,,0,0,,,,0,0,0,0,0
447,14.866666666666667,1,0,,,,,,,,,,,,,,,,,,0,,,,,0,0,,,,0,0,0,0,0
448,14.9,0,0,,,,,,,,,,,,,,,,,,0,,,,,0,0,,,,0,0,0,0,0
449,14.933333333333334,0,0,,,,,,,,,,,,,,,,,,0,,,,,0,0,,,,0,0,0,0,0
450,14.966666666666667,1,0,,,,,,,,,,,,,,,,,,0,,,,,0,0,,,,0,0,0,0,0
451,15.0,0,0,,,,,,,,,,,,,,,,,,0,,,,,0,0,,,,0,0,0,0,0
452,15.033333333333333,0,0,,,,,,,,,,,,,,,,,,0,,,,,0,0,,,,0,0,0,0,0
453,15.066666666666666,1,0,,,,,,,,,,,,,,,,,,0,,,,,0,0,,,,0,0,0,0,0
454,15.1,0,0,,,,,,,,,,,,,,,,,,0,,,,,0,0,,,,0,0,0,0,0
455,15.133333333333333,0,0,,,,,,,,,,,,,,,,,,0,,,,,0,0,,,,0,0,0,0,0
456,15.166666666666666,1,0,,,,,,,,,,,,,,,,,,0,,,,,0,0,,,,0,0,0,0,0
457,15.2,0,0,,,,,,,,,,,,,,,,,,0,,,,,0,0,,,,0,0,0,0,0
458,15.233333333333333,0,0,,,,,,,,,,,,,,,,,,0,,,,,0,0,,,,0,0,0,0,0
459,15.266666666666667,1,0,,,,,,,,,,,,,,,,,,0,,,,,0,0,,,,0,0,0,0,0
460,15.3,0,0,,,,,,,,,,,,,,,,,,0,,,,,0,0,,,,0,0,0,0,0
461,15.333333333333334,0,0,,,,,,,,,,,,,,,,,,0,,,,,0,0,,,,0,0,0,0,0
462,15.366666666666667,1,0,,,,,,,,,,,,,,,,,,0,,,,,0,0,,,,0,0,0,0,0
463,15.4,0,0,,,,,,,,,,,,,,,,,,0,,,,,0,0,,,,0,0,0,0,0
464,15.433333333333334,0,0,,,,,,,,,,,,,,,,,,0,,,,,0,0,,,,0,0,0,0,0
465,15.466666666666667,1,0,,,,,,,,,,,,,,,,,,0,,,,,0,0,,,,0,0,0,0,0
466,15.5,0,0,,,,,,,,,,,,,,,,,,0,,,,,0,0,,,,0,0,0,0,0
467,15.533333333333333,0,0,,,,,,,,,,,,,,,,,,0,,,,,0,0,,,,0,0,0,0,0
468,15.566666666666666,1,0,,,,,,,,,,,,,,,,,,0,,,,,0,0,,,,0,0,0,0,0
469,15.6,0,0,,,,,,,,,,,,,,,,,,0,,,,,0,0,,,,0,0,0,0,0
470,15.633333333333333,0,0,,,,,,,,,,,,,,,,,,0,,,,,0,0,,,,0,0,0,0,0
471,15.666666666666666,1,0,,,,,,,,,,,,,,,,,,0,,,,,0,0,,,,0,0,0,0,0
472,15.7,0,0,,,,,,,,,,,,,,,,,,0,,,,,0,0,,,,0,0,0,0,0
473,15.733333333333333,0,0,,,,,,,,,,,,,,,,,,0,,,,,0,0,,,,0,0,0,0,0
474,15.766666666666667,1,0,,,,,,,,,,,,,,,,,,0,,,,,0,0,,,,0,0,0,0,0
475,15.8,0,0,,,,,,,,,,,,,,,,,,0,,,,,0,0,,,,0,0,0,0,0
476,15.833333333333334,0,0,,,,,,,,,,,,,,,,,,0,,,,,0,0,,,,0,0,0,0,0
477,15.866666666666667,1,1,524.2173004150391,148.36405277252197,551.5303039550781,188.79632949829102,565.7248687744141,184.56334590911865,591.6774749755859,11.2045419216156,537.8738021850586,168.5801911354065,,,,,,,,0,69.96893638399192,0.6973541218979732,0.21169803198657552,0.7871365010108354,0,0,177.17222197610474,171.14884906522414,154.3566577498595,0,0,0,0,0
478,15.9,0,1,524.2173004150391,148.36405277252197,551.5303039550781,188.79632949829102,565.7248687744141,184.56334590911865,591.6774749755859,11.2045419216156,537.8738021850586,168.5801911354065,,,,,,,,0,69.96893638399192,0.6973541218979732,0.21169803198657552,0.7871365010108354,0,0,177.17222197610474,171.14884906522414,154.3566577498595,0,0,0,0,0
479,15.933333333333334,0,1,524.2173004150391,148.36405277252197,551.5303039550781,188.79632949829102,565.7248687744141,184.56334590911865,591.6774749755859,11.2045419216156,537.8738021850586,168.5801911354065,,,,,,,,0,69.96893638399192,0.6973541218979732,0.21169803198657552,0.7871365010108354,0,0,177.17222197610474,171.14884906522414,154.3566577498595,0,0,0,0,0
480,15.966666666666667,1,1,508.91727447509766,176.79631233215332,548.763427734375,219.38241004943848,568.8008880615234,225.34362316131592,586.7216873168945,34.5043408870697,528.8403511047363,198.0893611907959,,,,,,,,0,79.25958346862045,0.7358175647369812,0.2637586796405605,0.9726285372708247,0,0,178.74041262214828,171.52531937625727,160.395904049335,0,0,0,0,0
481,16.0,0,1,508.91727447509766,176.79631233215332,548.763427734375,219.38241004943848,568.8008880615234,225.34362316131592,586.7216873168945,34.5043408870697,528.8403511047363,198.0893611907959,,,,,,,,0,79.25958346862045,0.7358175647369812,0.2637586796405605,0.9726285372708247,0,0,178.74041262214828,171.52531937625727,160.395904049335,0,0,0,0,0
482,16.033333333333335,0,1,508.91727447509766,176.79631233215332,548.763427734375,219.38241004943848,568.8008880615234,225.34362316131592,586.7216873168945,34.5043408870697,528.8403511047363,198.0893611907959,,,,,,,,0,79.25958346862045,0.7358175647369812,0.2637586796405605,0.9726285372708247,0,0,178.74041262214828,171.52531937625727,160.395904049335,0,0,0,0,0
483,16.066666666666666,1,1,497.14954376220703,187.16601848602295,543.0772018432617,237.03404903411865,573.3880996704102,256.76748275756836,581.7352676391602,50.97238898277283,520.1133728027344,212.1000337600708,,,,,,,,0,83.8929675980706,0.8081137499816297,0.4311264802159385,1.2305108017492992,0,0,174.237206262456,175.10435012043567,171.25629827532353,0,0,0,0,0
484,16.1,0,1,497.14954376220703,187.16601848602295,543.0772018432617,237.03404903411865,573.3880996704102,256.76748275756836,581.7352676391602,50.97238898277283,520.1133728027344,212.1000337600708,,,,,,,,0,83.8929675980706,0.8081137499816297,0.4311264802159385,1.2305108017492992,0,0,174.237206262456,175.10435012043567,171.25629827532353,0,0,0,0,0
485,16.133333333333333,0,1,497.14954376220703,187.16601848602295,543.0772018432617,237.03404903411865,573.3880996704102,256.76748275756836,581.7352676391602,50.97238898277283,520.1133728027344,212.1000337600708,,,,,,,,0,83.8929675980706,0.8081137499816297,0.4311264802159385,1.2305108017492992,0,0,174.237206262456,175.10435012043567,171.25629827532353,0,0,0,0,0
486,16.166666666666668,1,1,489.23797607421875,196.0805082321167,540.9597778320312,252.71618843078613,568.1167602539062,274.4118118286133,575.9493637084961,62.839980125427246,515.098876953125,224.39834833145142,,,,,,,,0,89.50951912178552,0.8568815453662119,0.38832961273205274,1.2419348724810515,0,0,171.76576849109196,179.15257811615325,177.7086798532541,0,0,0,0,0
487,16.2,0,1,489.23797607421875,196.0805082321167,540.9597778320312,252.71618843078613,568.1167602539062,274.4118118286133,575.9493637084961,62.839980125427246,515.098876953125,224.39834833145142,,,,,,,,0,89.50951912178552,0.8568815453662119,0.38832961273205274,1.2419348724810515,0,0,171.76576849109196,179.15257811615325,177.7086798532541,0,0,0,0,0
488,16.233333333333334,0,1,489.23797607421875,196.0805082321167,540.9597778320312,252.71618843078613,568.1167602539062,274.4118118286133,575.9493637084961,62.839980125427246,515.098876953125,224.39834833145142,,,,,,,,0,89.50951912178552,0.8568815453662119,0.38832961273205274,1.2419348724810515,0,0,171.76576849109196,179.15257811615325,177.7086798532541,0,0,0,0,0
489,16.266666666666666,1,1,482.65846252441406,200.98483085632324,536.8000411987305,261.8806743621826,565.3327941894531,282.74803161621094,570.5558776855469,70.38436889648438,509.72925186157227,231.43275260925293,,,,,,,,0,91.16655705288487,0.8937907833370731,0.3877428529354501,1.2754312865536246,0,0,168.9443993291547,178.85294619608032,178.65928702201236,0,0,0,0,0
490,16.3,0,1,482.65846252441406,200.98483085632324,536.8000411987305,261.8806743621826,565.3327941894531,282.74803161621094,570.5558776855469,70.38436889648438,509.72925186157227,231.43275260925293,,,,,,,,0,91.16655705288487,0.8937907833370731,0.3877428529354501,1.2754312865536246,0,0,168.9443993291547,178.85294619608032,178.65928702201236,0,0,0,0,0
491,16.333333333333332,0,1,482.65846252441406,200.98483085632324,536.8000411987305,261.8806743621826,565.3327941894531,282.74803161621094,570.5558776855469,70.38436889648438,509.72925186157227,231.43275260925293,,,,,,,,0,91.16655705288487,0.8937907833370731,0.3877428529354501,1.2754312865536246,0,0,168.9443993291547,178.85294619608032,178.65928702201236,0,0,0,0,0
492,16.366666666666667,1,1,477.04479217529297,205.143084526062,531.5290069580078,268.16731452941895,562.7988433837891,286.66829109191895,567.8876876831055,76.71534776687622,504.2868995666504,236.65519952774048,,,,,,,,0,90.88994746640873,0.9166048076356176,0.39974746783699466,1.3018171063163146,0,0,167.1037926646281,179.4560735090491,179.0531195081871,0,0,0,0,0
493,16.4,0,1,477.04479217529297,205.143084526062,531.5290069580078,268.16731452941895,562.7988433837891,286.66829109191895,567.8876876831055,76.71534776687622,504.2868995666504,236.65519952774048,,,,,,,,0,90.88994746640873,0.9166048076356176,0.39974746783699466,1.3018171063163146,0,0,167.1037926646281,179.4560735090491,179.0531195081871,0,0,0,0,0
494,16.433333333333334,0,1,477.04479217529297,205.143084526062,531.5290069580078,268.16731452941895,562.7988433837891,286.66829109191895,567.8876876831055,76.71534776687622,504.2868995666504,236.65519952774048,,,,,,,,0,90.88994746640873,0.9166048076356176,0.39974746783699466,1.3018171063163146,0,0,167.1037926646281,179.4560735090491,179.0531195081871,0,0,0,0,0
495,16.466666666666665,1,1,475.3303909301758,210.28570175170898,530.0974655151367,274.1608142852783,560.2286148071289,291.2555694580078,565.2638244628906,85.40241479873657,502.71392822265625,242.22325801849365,,,,,,,,0,90.8650066946742,0.925983991587146,0.3812546040279723,1.2911388639478902,0,0,169.07972936333488,179.0079076464046,178.20201722947348,0,0,0,0,0
496,16.5,0,1,475.3303909301758,210.28570175170898,530.0974655151367,274.1608142852783,560.2286148071289,291.2555694580078,565.2638244628906,85.40241479873657,502.71392822265625,242.22325801849365,,,,,,,,0,90.8650066946742,0.925983991587146,0.3812546040279723,1.2911388639478902,0,0,169.07972936333488,179.0079076464046,178.20201722947348,0,0,0,0,0
497,16.533333333333335,0,1,475.3303909301758,210.28570175170898,530.0974655151367,274.1608142852783,560.2286148071289,291.2555694580078,565.2638244628906,85.40241479873657,502.71392822265625,242.22325801849365,,,,,,,,0,90.8650066946742,0.925983991587146,0.3812546040279723,1.2911388639478902,0,0,169.07972936333488,179.0079076464046,178.20201722947348,0,0,0,0,0
498,16.566666666666666,1,1,472.2842025756836,214.50064659118652,526.6145706176758,279.5232582092285,557.5743865966797,297.8342342376709,564.5524215698242,90.44005393981934,499.4493865966797,247.01195240020752,,,,,,,,0,91.61368932349598,0.9248975960949366,0.3926210177571554,1.3015853826701098,0,0,169.801903591613,179.93147195674447,179.51543214387613,0,0,0,0,0
499,16.6,0,1,472.2842025756836,214.50064659118652,526.6145706176758,279.5232582092285,557.5743865966797,297.8342342376709,564.5524215698242,90.44005393981934,499.4493865966797,247.01195240020752,,,,,,,,0,91.61368932349598,0.9248975960949366,0.3926210177571554,1.3015853826701098,0,0,169.801903591613,179.93147195674447,179.51543214387613,0,0,0,0,0
500,16.633333333333333,0,1,472.2842025756836,214.50064659118652,526.6145706176758,279.5232582092285,557.5743865966797,297.8342342376709,564.5524215698242,90.44005393981934,499.4493865966797,247.01195240020752,,,,,,,,0,91.61368932349598,0.9248975960949366,0.3926210177571554,1.3015853826701098,0,0,169.801903591613,179.93147195674447,179.51543214387613,0,0,0,0,0
501,16.666666666666668,1,1,470.03440856933594,219.18434143066406,523.8339614868164,284.49591636657715,554.737434387207,303.244686126709,563.1070709228516,96.16481065750122,496.9341850280762,251.8401288986206,,,,,,,,0,92.84328616261045,0.9113932688401137,0.389323857994556,1.2853335328580462,0,0,169.43414627595283,179.6596512371345,179.70129286417196,0,0,0,0,0
502,16.7,0,1,470.03440856933594,219.18434143066406,523.8339614868164,284.49591636657715,554.737434387207,303.244686126709,563.1070709228516,96.16481065750122,496.9341850280762,251.8401288986206,,,,,,,,0,92.84328616261045,0.9113932688401137,0.389323857994556,1.2853335328580462,0,0,169.43414627595283,179.6596512371345,179.70129286417196,0,0,0,0,0
503,16.733333333333334,0,1,470.03440856933594,219.18434143066406,523.8339614868164,284.49591636657715,554.737434387207,303.244686126709,563.1070709228516,96.16481065750122,496.9341850280762,251.8401288986206,,,,,,,,0,92.84328616261045,0.9113932688401137,0.389323857994556,1.2853335328580462,0,0,169.43414627595283,179.6596512371345,179.70129286417196,0,0,0,0,0
504,16.766666666666666,1,1,464.0382385253906,220.9958839416504,520.6655120849609,291.9778060913086,552.2611999511719,309.906005859375,561.4722061157227,102.70500183105469,492.3518753051758,256.4868450164795,,,,,,,,0,93.42468198530253,0.9719319194906186,0.3888456724348774,1.3406836846374937,0,0,169.07554787970943,179.91607062797502,178.95469888840316,0,0,0,0,0
505,16.8,0,1,464.0382385253906,220.9958839416504,520.6655120849609,291.9778060913086,552.2611999511719,309.906005859375,561.4722061157227,102.70500183105469,492.3518753051758,256.4868450164795,,,,,,,,0,93.42468198530253,0.9719319194906186,0.3888456724348774,1.3406836846374937,0,0,169.07554787970943,179.91607062797502,178.95469888840316,0,0,0,0,0
506,16.833333333333332,0,1,464.0382385253906,220.9958839416504,520.6655120849609,291.9778060913086,552.2611999511719,309.906005859375,561.4722061157227,102.70500183105469,492.3518753051758,256.4868450164795,,,,,,,,0,93.42468198530253,0.9719319194906186,0.3888456724348774,1.3406836846374937,0,0,169.07554787970943,179.91607062797502,178.95469888840316,0,0,0,0,0
507,16.866666666666667,1,1,456.4735794067383,220.3852128982544,515.5637741088867,299.780330657959,546.2945556640625,315.3050136566162,560.4663467407227,108.87590646743774,486.0186767578125,260.0827717781067,,,,,,,,0,95.4276823287709,1.037129702343741,0.36079248579218776,1.3694265440498734,0,0,169.54748150287122,179.1558170363887,179.08122872661332,0,0,0,0,0
508,16.9,0,1,456.4735794067383,220.3852128982544,515.5637741088867,299.780330657959,546.2945556640625,315.3050136566162,560.4663467407227,108.87590646743774,486.0186767578125,260.0827717781067,,,,,,,,0,95.4276823287709,1.037129702343741,0.36079248579218776,1.3694265440498734,0,0,169.54748150287122,179.1558170363887,179.08122872661332,0,0,0,0,0
509,16.933333333333334,0,1,456.4735794067383,220.3852128982544,515.5637741088867,299.780330657959,546.2945556640625,315.3050136566162,560.4663467407227,108.87590646743774,486.0186767578125,260.0827717781067,,,,,,,,0,95.4276823287709,1.037129702343741,0.36079248579218776,1.3694265440498734,0,0,169.54748150287122,179.1558170363887,179.08122872661332,0,0,0,0,0
510,16.966666666666665,1,1,447.9323959350586,221.10822200775146,509.39998626708984,305.2880859375,540.6003952026367,320.42698860168457,557.3808288574219,113.79940509796143,478.6661911010742,263.19815397262573,,,,,,,,0,95.96148554141736,1.0861959834108876,0.361387400273525,1.4155322380219628,0,0,168.34422873626423,177.0674191062171,178.689400671988,0,0,0,0,0
511,17.0,0,1,447.9323959350586,221.10822200775146,509.39998626708984,305.2880859375,540.6003952026367,320.42698860168457,557.3808288574219,113.79940509796143,478.6661911010742,263.19815397262573,,,,,,,,0,95.96148554141736,1.0861959834108876,0.361387400273525,1.4155322380219628,0,0,168.34422873626423,177.0674191062171,178.689400671988,0,0,0,0,0
512,17.033333333333335,0,1,447.9323959350586,221.10822200775146,509.39998626708984,305.2880859375,540.6003952026367,320.42698860168457,557.3808288574219,113.79940509796143,478.6661911010742,263.19815397262573,,,,,,,,0,95.96148554141736,1.0861959834108876,0.361387400273525,1.4155322380219628,0,0,168.34422873626423,177.0674191062171,178.689400671988,0,0,0,0,0
513,17.066666666666666,1,1,446.2804412841797,223.77169132232666,509.55810546875,306.4721202850342,539.8979568481445,320.0438117980957,555.1937103271484,114.22088384628296,477.91927337646484,265.1219058036804,,,,,,,,0,96.80935377720408,1.0756373981596274,0.34332414191567945,1.3871115138713324,0,0,169.86647206724732,176.30397766863706,177.9299133158169,0,0,0,0,0
514,17.1,0,1,446.2804412841797,223.77169132232666,509.55810546875,306.4721202850342,539.8979568481445,320.0438117980957,555.1937103271484,114.22088384628296,477.91927337646484,265.1219058036804,,,,,,,,0,96.80935377720408,1.0756373981596274,0.34332414191567945,1.3871115138713324,0,0,169.86647206724732,176.30397766863706,177.9299133158169,0,0,0,0,0
515,17.133333333333333,0,1,446.2804412841797,223.77169132232666,509.55810546875,306.4721202850342,539.8979568481445,320.0438117980957,555.1937103271484,114.22088384628296,477.91927337646484,265.1219058036804,,,,,,,,0,96.80935377720408,1.0756373981596274,0.34332414191567945,1.3871115138713324,0,0,169.86647206724732,176.30397766863706,177.9299133158169,0,0,0,0,0
516,17.166666666666668,1,1,445.220947265625,223.2053518295288,509.08729553222656,308.2810592651367,539.3350601196289,321.72411918640137,553.4736251831055,115.48406839370728,477.1541213989258,265.74320554733276,,,,,,,,0,95.48989033348988,1.114048672697178,0.34663879308825335,1.4268276862130316,0,0,169.3192176442902,175.85503807581003,177.24124939579153,0,0,0,0,0
517,17.2,0,1,445.220947265625,223.2053518295288,509.08729553222656,308.2810592651367,539.3350601196289,321.72411918640137,553.4736251831055,115.48406839370728,477.1541213989258,265.74320554733276,,,,,,,,0,95.48989033348988,1.114048672697178,0.34663879308825335,1.4268276862130316,0,0,169.3192176442902,175.85503807581003,177.24124939579153,0,0,0,0,0
518,17.233333333333334,0,1,445.220947265625,223.2053518295288,509.08729553222656,308.2810592651367,539.3350601196289,321.72411918640137,553.4736251831055,115.48406839370728,477.1541213989258,265.74320554733276,,,,,,,,0,95.48989033348988,1.114048672697178,0.34663879308825335,1.4268276862130316,0,0,169.3192176442902,175.85503807581003,177.24124939579153,0,0,0,0,0
519,17.266666666666666,1,1,446.00025177001953,223.56096267700195,510.10345458984375,308.8253688812256,539.4504165649414,322.07502365112305,552.1807098388672,114.50141429901123,478.05185317993164,266.19316577911377,,,,,,,,0,95.7460443697647,1.11412977249519,0.3362994337028939,1.418193586816176,0,0,170.39388945968534,174.86591820843566,175.96167609991005,0,0,0,0,0
520,17.3,0,1,446.00025177001953,223.56096267700195,510.10345458984375,308.8253688812256,539.4504165649414,322.07502365112305,552.1807098388672,114.50141429901123,478.05185317993164,266.19316577911377,,,,,,,,0,95.7460443697647,1.11412977249519,0.3362994337028939,1.418193586816176,0,0,170.39388945968534,174.86591820843566,175.96167609991005,0,0,0,0,0
521,17.333333333333332,0,1,446.00025177001953,223.56096267700195,510.10345458984375,308.8253688812256,539.4504165649414,322.07502365112305,552.1807098388672,114.50141429901123,478.05185317993164,266.19316577911377,,,,,,,,0,95.7460443697647,1.11412977249519,0.3362994337028939,1.418193586816176,0,0,170.39388945968534,174.86591820843566,175.96167609991005,0,0,0,0,0
522,17.366666666666667,1,1,445.09456634521484,224.7560977935791,510.21141052246094,309.32207107543945,539.5918273925781,321.97583198547363,550.3705978393555,114.45061683654785,477.6529884338379,267.0390844345093,,,,,,,,0,95.69154019093988,1.115369993388425,0.3342978461356443,1.416823837993246,0,0,169.13401591106413,175.2903108062363,176.3786343547908,0,0,0,0,0
523,17.4,0,1,445.09456634521484,224.7560977935791,510.21141052246094,309.32207107543945,539.5918273925781,321.97583198547363,550.3705978393555,114.45061683654785,477.6529884338379,267.0390844345093,,,,,,,,0,95.69154019093988,1.115369993388425,0.3342978461356443,1.416823837993246,0,0,169.13401591106413,175.2903108062363,176.3786343547908,0,0,0,0,0
524,17.433333333333334,0,1,445.09456634521484,224.7560977935791,510.21141052246094,309.32207107543945,539.5918273925781,321.97583198547363,550.3705978393555,114.45061683654785,477.6529884338379,267.0390844345093,,,,,,,,0,95.69154019093988,1.115369993388425,0.3342978461356443,1.416823837993246,0,0,169.13401591106413,175.2903108062363,176.3786343547908,0,0,0,0,0
525,17.466666666666665,1,1,445.8110809326172,224.72303867340088,509.6743392944336,308.97016525268555,539.1020202636719,322.267541885376,549.9753952026367,114.24160480499268,477.7427101135254,266.8466019630432,,,,,,,,0,96.18765295408832,1.099070869567366,0.33572445776392507,1.40324196548865,0,0,169.54021786519647,174.8637052228735,176.05096841154597,0,0,0,0,0
526,17.5,0,1,445.8110809326172,224.72303867340088,509.6743392944336,308.97016525268555,539.1020202636719,322.267541885376,549.9753952026367,114.24160480499268,477.7427101135254,266.8466019630432,,,,,,,,0,96.18765295408832,1.099070869567366,0.33572445776392507,1.40324196548865,0,0,169.54021786519647,174.8637052228735,176.05096841154597,0,0,0,0,0
527,17.533333333333335,0,1,445.8110809326172,224.72303867340088,509.6743392944336,308.97016525268555,539.1020202636719,322.267541885376,549.9753952026367,114.24160480499268,477.7427101135254,266.8466019630432,,,,,,,,0,96.18765295408832,1.099070869567366,0.33572445776392507,1.40324196548865,0,0,169.54021786519647,174.8637052228735,176.05096841154597,0,0,0,0,0
528,17.566666666666666,1,1,446.3770294189453,225.58990001678467,510.27347564697266,308.7457752227783,538.3954620361328,322.0082473754883,549.594612121582,115.0243592262268,478.325252532959,267.1678376197815,,,,,,,,0,95.56663824635943,1.097346404644148,0.32534817486052514,1.3946419495300086,0,0,171.67192084309255,175.15410324827482,176.84383702285385,0,0,0,0,0
529,17.6,0,1,446.3770294189453,225.58990001678467,510.27347564697266,308.7457752227783,538.3954620361328,322.0082473754883,549.594612121582,115.0243592262268,478.325252532959,267.1678376197815,,,,,,,,0,95.56663824635943,1.097346404644148,0.32534817486052514,1.3946419495300086,0,0,171.67192084309255,175.15410324827482,176.84383702285385,0,0,0,0,0
530,17.633333333333333,0,1,446.3770294189453,225.58990001678467,510.27347564697266,308.7457752227783,538.3954620361328,322.0082473754883,549.594612121582,115.0243592262268,478.325252532959,267.1678376197815,,,,,,,,0,95.56663824635943,1.097346404644148,0.32534817486052514,1.3946419495300086,0,0,171.67192084309255,175.15410324827482,176.84383702285385,0,0,0,0,0
531,17.666666666666668,1,1,446.37989044189453,225.11381149291992,511.59488677978516,308.2338809967041,538.9251708984375,322.08312034606934,549.1164398193359,113.64602565765381,478.98738861083984,266.673846244812,,,,,,,,0,96.20749261701495,1.0981482626772354,0.3184675020051218,1.3932756760443783,0,0,171.3498017571316,174.70313101828793,176.07354590967145,0,0,0,0,0
532,17.7,0,1,446.37989044189453,225.11381149291992,511.59488677978516,308.2338809967041,538.9251708984375,322.08312034606934,549.1164398193359,113.64602565765381,478.98738861083984,266.673846244812,,,,,,,,0,96.20749261701495,1.0981482626772354,0.3184675020051218,1.3932756760443783,0,0,171.3498017571316,174.70313101828793,176.07354590967145,0,0,0,0,0
533,17.733333333333334,0,1,446.37989044189453,225.11381149291992,511.59488677978516,308.2338809967041,538.9251708984375,322.08312034606934,549.1164398193359,113.64602565765381,478.98738861083984,266.673846244812,,,,,,,,0,96.20749261701495,1.0981482626772354,0.3184675020051218,1.3932756760443783,0,0,171.3498017571316,174.70313101828793,176.07354590967145,0,0,0,0,0
534,17.766666666666666,1,1,446.13582611083984,225.27269840240479,511.00948333740234,308.3506393432617,539.6895217895508,321.7818832397461,549.3795776367188,113.64247798919678,478.5726547241211,266.81166887283325,,,,,,,,0,97.93037796773459,1.0763414575540402,0.32338560002781414,1.3725158841453415,0,0,168.85415049877898,175.0897257194688,176.0038917971111,0,0,0,0,0
535,17.8,0,1,446.13582611083984,225.27269840240479,511.00948333740234,308.3506393432617,539.6895217895508,321.7818832397461,549.3795776367188,113.64247798919678,478.5726547241211,266.81166887283325,,,,,,,,0,97.93037796773459,1.0763414575540402,0.32338560002781414,1.3725158841453415,0,0,168.85415049877898,175.0897257194688,176.0038917971111,0,0,0,0,0
536,17.833333333333332,0,1,446.13582611083984,225.27269840240479,511.00948333740234,308.3506393432617,539.6895217895508,321.7818832397461,549.3795776367188,113.64247798919678,478.5726547241211,266.81166887283325,,,,,,,,0,97.93037796773459,1.0763414575540402,0.32338560002781414,1.3725158841453415,0,0,168.85415049877898,175.0897257194688,176.0038917971111,0,0,0,0,0
537,17.866666666666667,1,1,446.39408111572266,225.73544025421143,510.4251480102539,308.07847023010254,539.3115615844727,321.611909866333,549.4895935058594,113.5161280632019,478.4096145629883,266.906955242157,,,,,,,,0,97.84334400422782,1.0660809623491778,0.3260263895159054,1.3645678129302468,0,0,171.43766468760268,175.29672051043522,176.01911228253599,0,0,0,0,0
538,17.9,0,1,446.39408111572266,225.73544025421143,510.4251480102539,308.07847023010254,539.3115615844727,321.611909866333,549.4895935058594,113.5161280632019,478.4096145629883,266.906955242157,,,,,,,,0,97.84334400422782,1.0660809623491778,0.3260263895159054,1.3645678129302468,0,0,171.43766468760268,175.29672051043522,176.01911228253599,0,0,0,0,0
539,17.933333333333334,0,1,446.39408111572266,225.73544025421143,510.4251480102539,308.07847023010254,539.3115615844727,321.611909866333,549.4895935058594,113.5161280632019,478.4096145629883,266.906955242157,,,,,,,,0,97.84334400422782,1.0660809623491778,0.3260263895159054,1.3645678129302468,0,0,171.43766468760268,175.29672051043522,176.01911228253599,0,0,0,0,0
540,17.966666666666665,1,1,446.4525604248047,225.76744079589844,510.86708068847656,308.226842880249,538.8544464111328,321.6987705230713,549.3080139160156,113.31878185272217,478.6598205566406,266.99714183807373,,,,,,,,0,97.54433154132458,1.0727064585859176,0.31842953394946855,1.3654824936569223,0,0,171.2312174823238,175.11171876469461,176.31373841195636,0,0,0,0,0
541,18.0,0,1,446.4525604248047,225.76744079589844,510.86708068847656,308.226842880249,538.8544464111328,321.6987705230713,549.3080139160156,113.31878185272217,478.6598205566406,266.99714183807373,,,,,,,,0,97.54433154132458,1.0727064585859176,0.31842953394946855,1.3654824936569223,0,0,171.2312174823238,175.11171876469461,176.31373841195636,0,0,0,0,0
542,18.033333333333335,0,1,446.4525604248047,225.76744079589844,510.86708068847656,308.226842880249,538.8544464111328,321.6987705230713,549.3080139160156,113.31878185272217,478.6598205566406,266.99714183807373,,,,,,,,0,97.54433154132458,1.0727064585859176,0.31842953394946855,1.3654824936569223,0,0,171.2312174823238,175.11171876469461,176.31373841195636,0,0,0,0,0
543,18.066666666666666,1,1,447.4881362915039,224.7090482711792,511.3157653808594,308.31971168518066,539.0806579589844,321.73293113708496,550.3885269165039,112.60670185089111,479.40195083618164,266.51437997817993,,,,,,,,0,97.15439886597733,1.0826984988688695,0.317382492326983,1.3733523616626888,0,0,173.1041412699015,175.09923062560955,176.18535456513396,0,0,0,0,0
544,18.1,0,1,447.4881362915039,224.7090482711792,511.3157653808594,308.31971168518066,539.0806579589844,321.73293113708496,550.3885269165039,112.60670185089111,479.40195083618164,266.51437997817993,,,,,,,,0,97.15439886597733,1.0826984988688695,0.317382492326983,1.3733523616626888,0,0,173.1041412699015,175.09923062560955,176.18535456513396,0,0,0,0,0
545,18.133333333333333,0,1,447.4881362915039,224.7090482711792,511.3157653808594,308.31971168518066,539.0806579589844,321.73293113708496,550.3885269165039,112.60670185089111,479.40195083618164,266.51437997817993,,,,,,,,0,97.15439886597733,1.0826984988688695,0.317382492326983,1.3733523616626888,0,0,173.1041412699015,175.09923062560955,176.18535456513396,0,0,0,0,0
546,18.166666666666668,1,1,446.517333984375,225.0157070159912,511.5119171142578,308.5429573059082,538.8683319091797,322.99129486083984,549.8081588745117,114.1702938079834,479.0146255493164,266.7793321609497,,,,,,,,0,98.33079886378019,1.0763182864226435,0.31462658606998195,1.369255367357732,0,0,170.17068645357756,174.85619579264593,176.262097444144,0,0,0,0,0
547,18.2,0,1,446.517333984375,225.0157070159912,511.5119171142578,308.5429573059082,538.8683319091797,322.99129486083984,549.8081588745117,114.1702938079834,479.0146255493164,266.7793321609497,,,,,,,,0,98.33079886378019,1.0763182864226435,0.31462658606998195,1.369255367357732,0,0,170.17068645357756,174.85619579264593,176.262097444144,0,0,0,0,0
548,18.233333333333334,0,1,446.517333984375,225.0157070159912,511.5119171142578,308.5429573059082,538.8683319091797,322.99129486083984,549.8081588745117,114.1702938079834,479.0146255493164,266.7793321609497,,,,,,,,0,98.33079886378019,1.0763182864226435,0.31462658606998195,1.369255367357732,0,0,170.17068645357756,174.85619579264593,176.262097444144,0,0,0,0,0
549,18.266666666666666,1,1,447.16209411621094,225.06292819976807,511.27708435058594,308.67015838623047,538.5052490234375,322.2780132293701,550.2372741699219,113.36584568023682,479.21958923339844,266.86654329299927,,,,,,,,0,97.67239394109413,1.078716398058585,0.31164618596170673,1.3657435787502112,0,0,170.45941506017147,174.62061065793534,175.7975104948221,0,0,0,0,0
550,18.3,0,1,447.16209411621094,225.06292819976807,511.27708435058594,308.67015838623047,538.5052490234375,322.2780132293701,550.2372741699219,113.36584568023682,479.21958923339844,266.86654329299927,,,,,,,,0,97.67239394109413,1.078716398058585,0.31164618596170673,1.3657435787502112,0,0,170.45941506017147,174.62061065793534,175.7975104948221,0,0,0,0,0
551,18.333333333333332,0,1,447.16209411621094,225.06292819976807,511.27708435058594,308.67015838623047,538.5052490234375,322.2780132293701,550.2372741699219,113.36584568023682,479.21958923339844,266.86654329299927,,,,,,,,0,97.67239394109413,1.078716398058585,0.31164618596170673,1.3657435787502112,0,0,170.45941506017147,174.62061065793534,175.7975104948221,0,0,0,0,0
552,18.366666666666667,1,1,445.78548431396484,224.63317394256592,511.50386810302734,308.4539222717285,538.6802673339844,321.6292476654053,549.3505096435547,113.67758274078369,478.6446762084961,266.5435481071472,,,,,,,,0,97.80724206265724,1.08899996280801,0.30878851299200816,1.3731542149953766,0,0,170.5292492251459,173.89128189254222,175.27415868724648,0,0,0,0,0
553,18.4,0,1,445.78548431396484,224.63317394256592,511.50386810302734,308.4539222717285,538.6802673339844,321.6292476654053,549.3505096435547,113.67758274078369,478.6446762084961,266.5435481071472,,,,,,,,0,97.80724206265724,1.08899996280801,0.30878851299200816,1.3731542149953766,0,0,170.5292492251459,173.89128189254222,175.27415868724648,0,0,0,0,0
554,18.433333333333334,0,1,445.78548431396484,224.63317394256592,511.50386810302734,308.4539222717285,538.6802673339844,321.6292476654053,549.3505096435547,113.67758274078369,478.6446762084961,266.5435481071472,,,,,,,,0,97.80724206265724,1.08899996280801,0.30878851299200816,1.3731542149953766,0,0,170.5292492251459,173.89128189254222,175.27415868724648,0,0,0,0,0
555,18.466666666666665,1,1,446.5575408935547,223.7422800064087,511.72752380371094,306.2248134613037,538.5509490966797,319.6831226348877,550.8030319213867,111.15890979766846,479.1425323486328,264.9835467338562,,,,,,,,0,95.24448738419869,1.1036999361595008,0.3150877235700572,1.395554722976981,0,0,171.35384445348618,174.39996295197636,176.26246415588662,0,0,0,0,0
556,18.5,0,1,446.5575408935547,223.7422800064087,511.72752380371094,306.2248134613037,538.5509490966797,319.6831226348877,550.8030319213867,111.15890979766846,479.1425323486328,264.9835467338562,,,,,,,,0,95.24448738419869,1.1036999361595008,0.3150877235700572,1.395554722976981,0,0,171.35384445348618,174.39996295197636,176.26246415588662,0,0,0,0,0
557,18.533333333333335,0,1,446.5575408935547,223.7422800064087,511.72752380371094,306.2248134613037,538.5509490966797,319.6831226348877,550.8030319213867,111.15890979766846,479.1425323486328,264.9835467338562,,,,,,,,0,95.24448738419869,1.1036999361595008,0.3150877235700572,1.395554722976981,0,0,171.35384445348618,174.39996295197636,176.26246415588662,0,0,0,0,0
558,18.566666666666666,1,1,447.0553970336914,223.23916912078857,513.7209320068359,301.8450450897217,539.4845199584961,315.82417488098145,552.0645141601562,108.15630912780762,480.3881645202637,262.5421071052551,,,,,,,,0,95.78893541945571,1.0759990010139153,0.3060034777641375,1.3657609918173956,0,0,167.8237530329063,175.2565332012782,177.10740903744414,0,0,0,0,0
559,18.6,0,1,447.0553970336914,223.23916912078857,513.7209320068359,301.8450450897217,539.4845199584961,315.82417488098145,552.0645141601562,108.15630912780762,480.3881645202637,262.5421071052551,,,,,,,,0,95.78893541945571,1.0759990010139153,0.3060034777641375,1.3657609918173956,0,0,167.8237530329063,175.2565332012782,177.10740903744414,0,0,0,0,0
560,18.633333333333333,0,1,447.0553970336914,223.23916912078857,513.7209320068359,301.8450450897217,539.4845199584961,315.82417488098145,552.0645141601562,108.15630912780762,480.3881645202637,262.5421071052551,,,,,,,,0,95.78893541945571,1.0759990010139153,0.3060034777641375,1.3657609918173956,0,0,167.8237530329063,175.2565332012782,177.10740903744414,0,0,0,0,0
561,18.666666666666668,1,1,462.8097152709961,222.95090675354004,516.5924453735352,286.75435066223145,536.0456848144531,299.300537109375,552.6608276367188,100.34517288208008,489.7010803222656,254.85262870788574,,,,,,,,0,92.00964206679352,0.9069414449853535,0.25158359979350753,1.149834969067857,0,0,176.85079177896546,176.75743534172906,177.57674506339407,0,0,0,0,0
562,18.7,0,1,462.8097152709961,222.95090675354004,516.5924453735352,286.75435066223145,536.0456848144531,299.300537109375,552.6608276367188,100.34517288208008,489.7010803222656,254.85262870788574,,,,,,,,0,92.00964206679352,0.9069414449853535,0.25158359979350753,1.149834969067857,0,0,176.85079177896546,176.75743534172906,177.57674506339407,0,0,0,0,0
563,18.733333333333334,0,1,462.8097152709961,222.95090675354004,516.5924453735352,286.75435066223145,536.0456848144531,299.300537109375,552.6608276367188,100.34517288208008,489.7010803222656,254.85262870788574,,,,,,,,0,92.00964206679352,0.9069414449853535,0.25158359979350753,1.149834969067857,0,0,176.85079177896546,176.75743534172906,177.57674506339407,0,0,0,0,0
564,18.766666666666666,1,1,475.0807571411133,194.41534996032715,492.0812225341797,224.22077178955078,508.66432189941406,231.84602737426758,545.3253936767578,71.75535678863525,483.5809898376465,209.31806087493896,115.38821447421998,31.96471405029297,31.14761734008789,44.63089748460746,0.2770188809658245,0.2699375970242341,0.3867890467668073,192,78.11793425445661,0.43924557115488694,0.2336496080681425,0.6437482473513849,1,1,170.1752085718003,161.4305677149156,151.4298137141166,0,0,0,0,0
565,18.8,0,1,475.0807571411133,194.41534996032715,492.0812225341797,224.22077178955078,508.66432189941406,231.84602737426758,545.3253936767578,71.75535678863525,483.5809898376465,209.31806087493896,115.38821447421998,31.96471405029297,31.14761734008789,44.63089748460746,0.2770188809658245,0.2699375970242341,0.3867890467668073,192,78.11793425445661,0.43924557115488694,0.2336496080681425,0.6437482473513849,1,2,170.1752085718003,161.4305677149156,151.4298137141166,0,0,0,0,0
566,18.833333333333332,0,1,475.0807571411133,194.41534996032715,492.0812225341797,224.22077178955078,508.66432189941406,231.84602737426758,545.3253936767578,71.75535678863525,483.5809898376465,209.31806087493896,115.38821447421998,31.96471405029297,31.14761734008789,44.63089748460746,0.2770188809658245,0.2699375970242341,0.3867890467668073,192,78.11793425445661,0.43924557115488694,0.2336496080681425,0.6437482473513849,1,3,170.1752085718003,161.4305677149156,151.4298137141166,0,0,0,0,0
567,18.866666666666667,1,1,452.34642028808594,157.95674800872803,452.213134765625,169.2189645767212,470.96263885498047,159.5526123046875,538.3332061767578,38.67317318916321,452.27977752685547,163.5878562927246,115.38821447421998,31.96471405029297,31.14761734008789,44.63089748460746,0.2770188809658245,0.2699375970242341,0.3867890467668073,192,67.50638911134405,0.16684354457544925,0.3124830573554252,0.27678114421715444,1,4,171.7698231415925,151.56629196523463,121.9377919364763,-1,-1,0,0,0
568,18.9,0,1,452.34642028808594,157.95674800872803,452.213134765625,169.2189645767212,470.96263885498047,159.5526123046875,538.3332061767578,38.67317318916321,452.27977752685547,163.5878562927246,115.38821447421998,31.96471405029297,31.14761734008789,44.63089748460746,0.2770188809658245,0.2699375970242341,0.3867890467668073,192,67.50638911134405,0.16684354457544925,0.3124830573554252,0.27678114421715444,1,5,171.7698231415925,151.56629196523463,121.9377919364763,0,0,0,0,0
569,18.933333333333334,0,1,452.34642028808594,157.95674800872803,452.213134765625,169.2189645767212,470.96263885498047,159.5526123046875,538.3332061767578,38.67317318916321,452.27977752685547,163.5878562927246,115.38821447421998,31.96471405029297,31.14761734008789,44.63089748460746,0.2770188809658245,0.2699375970242341,0.3867890467668073,192,67.50638911134405,0.16684354457544925,0.3124830573554252,0.27678114421715444,1,6,171.7698231415925,151.56629196523463,121.9377919364763,0,0,0,0,0
570,18.966666666666665,1,1,424.5860290527344,110.52434921264648,396.02420806884766,149.12488460540771,418.7019729614258,135.43823719024658,522.5002288818359,13.931613564491272,410.305118560791,129.8246169090271,115.38821447421998,31.96471405029297,31.14761734008789,44.63089748460746,0.2770188809658245,0.2699375970242341,0.3867890467668073,192,71.71193423625813,0.6696030119734357,0.3693643750537868,0.3569739929003577,1,7,169.57881372954057,174.450621495176,146.78634600517262,-1,-1,0,0,0
571,19.0,0,1,424.5860290527344,110.52434921264648,396.02420806884766,149.12488460540771,418.7019729614258,135.43823719024658,522.5002288818359,13.931613564491272,410.305118560791,129.8246169090271,115.38821447421998,31.96471405029297,31.14761734008789,44.63089748460746,0.2770188809658245,0.2699375970242341,0.3867890467668073,192,71.71193423625813,0.6696030119734357,0.3693643750537868,0.3569739929003577,1,8,169.57881372954057,174.450621495176,146.78634600517262,0,0,0,0,0
572,19.033333333333335,0,1,424.5860290527344,110.52434921264648,396.02420806884766,149.12488460540771,418.7019729614258,135.43823719024658,522.5002288818359,13.931613564491272,410.305118560791,129.8246169090271,115.38821447421998,31.96471405029297,31.14761734008789,44.63089748460746,0.2770188809658245,0.2699375970242341,0.3867890467668073,192,71.71193423625813,0.6696030119734357,0.3693643750537868,0.3569739929003577,1,9,169.57881372954057,174.450621495176,146.78634600517262,0,0,0,0,0
573,19.066666666666666,1,1,385.2378463745117,114.10275220870972,370.49022674560547,145.31692028045654,390.56846618652344,141.5899658203125,486.5433120727539,13.41442734003067,377.8640365600586,129.70983624458313,115.38821447421998,31.96471405029297,31.14761734008789,44.63089748460746,0.2770188809658245,0.2699375970242341,0.3867890467668073,192,81.85032636868571,0.4217783608734917,0.24949456694662892,0.34207962457269386,1,10,170.4864447105744,179.64667553344353,148.25416058611268,-1,0,0,0,0
574,19.1,0,1,385.2378463745117,114.10275220870972,370.49022674560547,145.31692028045654,390.56846618652344,141.5899658203125,486.5433120727539,13.41442734003067,377.8640365600586,129.70983624458313,115.38821447421998,31.96471405029297,31.14761734008789,44.63089748460746,0.2770188809658245,0.2699375970242341,0.3867890467668073,192,81.85032636868571,0.4217783608734917,0.24949456694662892,0.34207962457269386,1,11,170.4864447105744,179.64667553344353,148.25416058611268,0,0,0,0,0
575,19.133333333333333,0,1,385.2378463745117,114.10275220870972,370.49022674560547,145.31692028045654,390.56846618652344,141.5899658203125,486.5433120727539,13.41442734003067,377.8640365600586,129.70983624458313,115.38821447421998,31.96471405029297,31.14761734008789,44.63089748460746,0.2770188809658245,0.2699375970242341,0.3867890467668073,192,81.85032636868571,0.4217783608734917,0.24949456694662892,0.34207962457269386,1,12,170.4864447105744,179.64667553344353,148.25416058611268,0,0,0,0,0
576,19.166666666666668,1,1,366.23157501220703,113.8857650756836,350.2838897705078,145.71893692016602,372.00950622558594,143.32579135894775,468.36524963378906,19.152604937553406,358.2577323913574,129.8023509979248,115.38821447421998,31.96471405029297,31.14761734008789,44.63089748460746,0.2770188809658245,0.2699375970242341,0.3867890467668073,192,86.16929776828874,0.4131922612592931,0.2536521230931737,0.3481711159561062,1,13,165.17116579503147,176.94430671269035,137.55735413834768,-1,0,0,0,0
577,19.2,0,1,366.23157501220703,113.8857650756836,350.2838897705078,145.71893692016602,372.00950622558594,143.32579135894775,468.36524963378906,19.152604937553406,358.2577323913574,129.8023509979248,115.38821447421998,31.96471405029297,31.14761734008789,44.63089748460746,0.2770188809658245,0.2699375970242341,0.3867890467668073,192,86.16929776828874,0.4131922612592931,0.2536521230931737,0.3481711159561062,1,14,165.17116579503147,176.94430671269035,137.55735413834768,0,0,0,0,0
578,19.233333333333334,0,1,366.23157501220703,113.8857650756836,350.2838897705078,145.71893692016602,372.00950622558594,143.32579135894775,468.36524963378906,19.152604937553406,358.2577323913574,129.8023509979248,115.38821447421998,31.96471405029297,31.14761734008789,44.63089748460746,0.2770188809658245,0.2699375970242341,0.3867890467668073,192,86.16929776828874,0.4131922612592931,0.2536521230931737,0.3481711159561062,1,15,165.17116579503147,176.94430671269035,137.55735413834768,0,0,0,0,0
579,19.266666666666666,1,1,358.7409210205078,114.29182291030884,343.29345703125,147.74592876434326,366.33941650390625,147.4013328552246,464.01390075683594,24.155282378196716,351.0171890258789,131.01887583732605,115.38821447421998,31.96471405029297,31.14761734008789,44.63089748460746,0.2770188809658245,0.2699375970242341,0.3867890467668073,192,98.33210523308765,0.3747337244913282,0.23439481508276946,0.34546431900040236,1,16,168.74059485560602,178.83836751371575,140.61632652758757,-1,0,0,0,0
580,19.3,0,1,358.7409210205078,114.29182291030884,343.29345703125,147.74592876434326,366.33941650390625,147.4013328552246,464.01390075683594,24.155282378196716,351.0171890258789,131.01887583732605,115.38821447421998,31.96471405029297,31.14761734008789,44.63089748460746,0.2770188809658245,0.2699375970242341,0.3867890467668073,192,98.33210523308765,0.3747337244913282,0.23439481508276946,0.34546431900040236,1,17,168.74059485560602,178.83836751371575,140.61632652758757,0,0,0,0,0
581,19.333333333333332,0,1,358.7409210205078,114.29182291030884,343.29345703125,147.74592876434326,366.33941650390625,147.4013328552246,464.01390075683594,24.155282378196716,351.0171890258789,131.01887583732605,115.38821447421998,31.96471405029297,31.14761734008789,44.63089748460746,0.2770188809658245,0.2699375970242341,0.3867890467668073,192,98.33210523308765,0.3747337244913282,0.23439481508276946,0.34546431900040236,1,18,168.74059485560602,178.83836751371575,140.61632652758757,0,0,0,0,0
582,19.366666666666667,1,1,358.70601654052734,116.5816855430603,340.57506561279297,146.74145221710205,364.15077209472656,147.81233310699463,458.7514877319336,26.93387746810913,349.64054107666016,131.66156888008118,115.38821447421998,31.96471405029297,31.14761734008789,44.63089748460746,0.2770188809658245,0.2699375970242341,0.3867890467668073,192,103.3090761686409,0.34062928474542614,0.22844087055948797,0.30686282176699925,1,19,168.48284134105577,176.17494824870775,113.01749374383145,0,0,0,0,0
583,19.4,0,1,358.70601654052734,116.5816855430603,340.57506561279297,146.74145221710205,364.15077209472656,147.81233310699463,458.7514877319336,26.93387746810913,349.64054107666016,131.66156888008118,115.38821447421998,31.96471405029297,31.14761734008789,44.63089748460746,0.2770188809658245,0.2699375970242341,0.3867890467668073,192,103.3090761686409,0.34062928474542614,0.22844087055948797,0.30686282176699925,1,20,168.48284134105577,176.17494824870775,113.01749374383145,0,0,0,0,0
584,19.433333333333334,0,1,358.70601654052734,116.5816855430603,340.57506561279297,146.74145221710205,364.15077209472656,147.81233310699463,458.7514877319336,26.93387746810913,349.64054107666016,131.66156888008118,115.38821447421998,31.96471405029297,31.14761734008789,44.63089748460746,0.2770188809658245,0.2699375970242341,0.3867890467668073,192,103.3090761686409,0.34062928474542614,0.22844087055948797,0.30686282176699925,1,21,168.48284134105577,176.17494824870775,113.01749374383145,0,0,0,0,0
585,19.466666666666665,1,1,358.7823486328125,117.7129054069519,341.51580810546875,145.39894580841064,365.5727767944336,148.4540033340454,456.65271759033203,22.168081998825073,350.1490783691406,131.55592560768127,115.38821447421998,31.96471405029297,31.14761734008789,44.63089748460746,0.2770188809658245,0.2699375970242341,0.3867890467668073,192,107.34882119052403,0.3039528370942904,0.2259007359510432,0.2932695273571392,1,22,166.69826093926375,178.9982895052656,116.13642597160901,0,0,0,0,0
586,19.5,0,1,358.7823486328125,117.7129054069519,341.51580810546875,145.39894580841064,365.5727767944336,148.4540033340454,456.65271759033203,22.168081998825073,350.1490783691406,131.55592560768127,115.38821447421998,31.96471405029297,31.14761734008789,44.63089748460746,0.2770188809658245,0.2699375970242341,0.3867890467668073,192,107.34882119052403,0.3039528370942904,0.2259007359510432,0.2932695273571392,1,23,166.69826093926375,178.9982895052656,116.13642597160901,0,0,0,0,0
587,19.533333333333335,0,1,358.7823486328125,117.7129054069519,341.51580810546875,145.39894580841064,365.5727767944336,148.4540033340454,456.65271759033203,22.168081998825073,350.1490783691406,131.55592560768127,115.38821447421998,31.96471405029297,31.14761734008789,44.63089748460746,0.2770188809658245,0.2699375970242341,0.3867890467668073,192,107.34882119052403,0.3039528370942904,0.2259007359510432,0.2932695273571392,1,24,166.69826093926375,178.9982895052656,116.13642597160901,0,0,0,0,0
588,19.566666666666666,1,1,355.3452682495117,116.63547992706299,340.6459045410156,149.28307056427002,365.6856155395508,149.69943523406982,454.04491424560547,22.54185676574707,347.9955863952637,132.9592752456665,115.38821447421998,31.96471405029297,31.14761734008789,44.63089748460746,0.2770188809658245,0.2699375970242341,0.3867890467668073,192,109.90855428645213,0.32576300002711217,0.2278546252740968,0.3151997712065322,1,25,169.14383917979114,174.11014113611657,108.84504217533862,0,0,0,0,0
589,19.6,0,1,355.3452682495117,116.63547992706299,340.6459045410156,149.28307056427002,365.6856155395508,149.69943523406982,454.04491424560547,22.54185676574707,347.9955863952637,132.9592752456665,115.38821447421998,31.96471405029297,31.14761734008789,44.63089748460746,0.2770188809658245,0.2699375970242341,0.3867890467668073,192,109.90855428645213,0.32576300002711217,0.2278546252740968,0.3151997712065322,1,26,169.14383917979114,174.11014113611657,108.84504217533862,0,0,0,0,0
590,19.633333333333333,0,1,355.3452682495117,116.63547992706299,340.6459045410156,149.28307056427002,365.6856155395508,149.69943523406982,454.04491424560547,22.54185676574707,347.9955863952637,132.9592752456665,115.38821447421998,31.96471405029297,31.14761734008789,44.63089748460746,0.2770188809658245,0.2699375970242341,0.3867890467668073,192,109.90855428645213,0.32576300002711217,0.2278546252740968,0.3151997712065322,1,27,169.14383917979114,174.11014113611657,108.84504217533862,0,0,0,0,0
591,19.666666666666668,1,1,353.9910888671875,119.43076372146606,340.16307830810547,149.54166412353516,364.8024368286133,145.0669240951538,452.47875213623047,23.615081906318665,347.0770835876465,134.4862139225006,115.38821447421998,31.96471405029297,31.14761734008789,44.63089748460746,0.2770188809658245,0.2699375970242341,0.3867890467668073,192,109.57162272884693,0.3023983260043476,0.2285481329098522,0.2539217303676626,1,28,168.83281165770987,175.80305983679227,78.66284092106295,0,0,0,0,0
592,19.7,0,1,353.9910888671875,119.43076372146606,340.16307830810547,149.54166412353516,364.8024368286133,145.0669240951538,452.47875213623047,23.615081906318665,347.0770835876465,134.4862139225006,115.38821447421998,31.96471405029297,31.14761734008789,44.63089748460746,0.2770188809658245,0.2699375970242341,0.3867890467668073,192,109.57162272884693,0.3023983260043476,0.2285481329098522,0.2539217303676626,1,29,168.83281165770987,175.80305983679227,78.66284092106295,0,0,0,0,0
593,19.733333333333334,0,1,353.9910888671875,119.43076372146606,340.16307830810547,149.54166412353516,364.8024368286133,145.0669240951538,452.47875213623047,23.615081906318665,347.0770835876465,134.4862139225006,115.38821447421998,31.96471405029297,31.14761734008789,44.63089748460746,0.2770188809658245,0.2699375970242341,0.3867890467668073,192,109.57162272884693,0.3023983260043476,0.2285481329098522,0.2539217303676626,1,30,168.83281165770987,175.80305983679227,78.66284092106295,0,0,0,0,0
594,19.766666666666666,1,1,352.56298065185547,120.21865367889404,340.7041931152344,148.66973876953125,364.29004669189453,150.69424152374268,448.88011932373047,24.443809390068054,346.6335868835449,134.44419622421265,115.38821447421998,31.96471405029297,31.14761734008789,44.63089748460746,0.2770188809658245,0.2699375970242341,0.3867890467668073,192,110.2545477404618,0.27956771929166735,0.21470843315028876,0.29616944136968915,1,31,167.48601229914775,166.29693703935786,85.77399183084123,0,0,0,0,0
595,19.8,0,1,352.56298065185547,120.21865367889404,340.7041931152344,148.66973876953125,364.29004669189453,150.69424152374268,448.88011932373047,24.443809390068054,346.6335868835449,134.44419622421265,115.38821447421998,31.96471405029297,31.14761734008789,44.63089748460746,0.2770188809658245,0.2699375970242341,0.3867890467668073,192,110.2545477404618,0.27956771929166735,0.21470843315028876,0.29616944136968915,1,32,167.48601229914775,166.29693703935786,85.77399183084123,0,0,0,0,0
596,19.833333333333332,0,1,352.56298065185547,120.21865367889404,340.7041931152344,148.66973876953125,364.29004669189453,150.69424152374268,448.88011932373047,24.443809390068054,346.6335868835449,134.44419622421265,115.38821447421998,31.96471405029297,31.14761734008789,44.63089748460746,0.2770188809658245,0.2699375970242341,0.3867890467668073,192,110.2545477404618,0.27956771929166735,0.21470843315028876,0.29616944136968915,1,33,167.48601229914775,166.29693703935786,85.77399183084123,0,0,0,0,0
597,19.866666666666667,1,1,354.12498474121094,121.79172992706299,342.65106201171875,155.5394697189331,364.54750061035156,157.10620880126953,448.96350860595703,26.04385793209076,348.38802337646484,138.66559982299805,115.38821447421998,31.96471405029297,31.14761734008789,44.63089748460746,0.2770188809658245,0.2699375970242341,0.3867890467668073,192,112.15904136089443,0.3178069898824094,0.19572580697034456,0.32828732657243886,1,34,165.0831787693006,155.6309326194036,176.96648961495956,0,1,0,1,1
598,19.9,0,1,354.12498474121094,121.79172992706299,342.65106201171875,155.5394697189331,364.54750061035156,157.10620880126953,448.96350860595703,26.04385793209076,348.38802337646484,138.66559982299805,115.38821447421998,31.96471405029297,31.14761734008789,44.63089748460746,0.2770188809658245,0.2699375970242341,0.3867890467668073,192,112.15904136089443,0.3178069898824094,0.19572580697034456,0.32828732657243886,1,35,165.0831787693006,155.6309326194036,176.96648961495956,0,0,0,1,1
599,19.933333333333334,0,1,354.12498474121094,121.79172992706299,342.65106201171875,155.5394697189331,364.54750061035156,157.10620880126953,448.96350860595703,26.04385793209076,348.38802337646484,138.66559982299805,115.38821447421998,31.96471405029297,31.14761734008789,44.63089748460746,0.2770188809658245,0.2699375970242341,0.3867890467668073,192,112.15904136089443,0.3178069898824094,0.19572580697034456,0.32828732657243886,1,36,165.0831787693006,155.6309326194036,176.96648961495956,0,0,0,1,1
600,19.966666666666665,1,1,352.8211212158203,125.87974548339844,342.7271270751953,158.20987701416016,362.38792419433594,164.05840873718262,448.7928009033203,28.90753984451294,347.7741241455078,142.0448112487793,115.38821447421998,31.96471405029297,31.14761734008789,44.63089748460746,0.2770188809658245,0.2699375970242341,0.3867890467668073,192,113.17265239453947,0.2992706248476269,0.18124738012753147,0.3477787202799224,1,37,168.38373128638366,153.9282111375757,179.50781956918962,0,1,0,1,1
601,20.0,0,1,352.8211212158203,125.87974548339844,342.7271270751953,158.20987701416016,362.38792419433594,164.05840873718262,448.7928009033203,28.90753984451294,347.7741241455078,142.0448112487793,115.38821447421998,31.96471405029297,31.14761734008789,44.63089748460746,0.2770188809658245,0.2699375970242341,0.3867890467668073,192,113.17265239453947,0.2992706248476269,0.18124738012753147,0.3477787202799224,1,38,168.38373128638366,153.9282111375757,179.50781956918962,0,0,0,1,1
602,20.033333333333335,0,1,352.8211212158203,125.87974548339844,342.7271270751953,158.20987701416016,362.38792419433594,164.05840873718262,448.7928009033203,28.90753984451294,347.7741241455078,142.0448112487793,115.38821447421998,31.96471405029297,31.14761734008789,44.63089748460746,0.2770188809658245,0.2699375970242341,0.3867890467668073,192,113.17265239453947,0.2992706248476269,0.18124738012753147,0.3477787202799224,1,39,168.38373128638366,153.9282111375757,179.50781956918962,0,0,0,1,1
603,20.066666666666666,1,1,353.31199645996094,128.5323143005371,345.6468963623047,155.78649044036865,365.1457214355469,162.06079959869385,449.1426086425781,32.87530303001404,349.4794464111328,142.15940237045288,115.38821447421998,31.96471405029297,31.14761734008789,44.63089748460746,0.2770188809658245,0.2699375970242341,0.3867890467668073,192,115.34195951297433,0.24545751045028324,0.17758876043799465,0.3082619666411162,1,40,166.33728906692028,133.3798646790805,27.897911659492117,0,0,0,1,1
604,20.1,0,1,353.31199645996094,128.5323143005371,345.6468963623047,155.78649044036865,365.1457214355469,162.06079959869385,449.1426086425781,32.87530303001404,349.4794464111328,142.15940237045288,115.38821447421998,31.96471405029297,31.14761734008789,44.63089748460746,0.2770188809658245,0.2699375970242341,0.3867890467668073,192,115.34195951297433,0.24545751045028324,0.17758876043799465,0.3082619666411162,1,41,166.33728906692028,133.3798646790805,27.897911659492117,0,0,0,1,1
605,20.133333333333333,0,1,353.31199645996094,128.5323143005371,345.6468963623047,155.78649044036865,365.1457214355469,162.06079959869385,449.1426086425781,32.87530303001404,349.4794464111328,142.15940237045288,115.38821447421998,31.96471405029297,31.14761734008789,44.63089748460746,0.2770188809658245,0.2699375970242341,0.3867890467668073,192,115.34195951297433,0.24545751045028324,0.17758876043799465,0.3082619666411162,1,42,166.33728906692028,133.3798646790805,27.897911659492117,0,0,0,1,1
606,20.166666666666668,1,1,343.2987976074219,132.54887580871582,347.9998016357422,148.09792041778564,367.6087951660156,156.18152618408203,448.5247802734375,35.07114887237549,345.64929962158203,140.32339811325073,115.38821447421998,31.96471405029297,31.14761734008789,44.63089748460746,0.2770188809658245,0.2699375970242341,0.3867890467668073,192,115.84755174136583,0.14022000595553322,0.18308405833123034,0.29266008820757244,1,43,165.54724007795966,68.65353034109442,1.873879545739632,-1,0,0,1,1
607,20.2,0,1,343.2987976074219,132.54887580871582,347.9998016357422,148.09792041778564,367.6087951660156,156.18152618408203,448.5247802734375,35.07114887237549,345.64929962158203,140.32339811325073,115.38821447421998,31.96471405029297,31.14761734008789,44.63089748460746,0.2770188809658245,0.2699375970242341,0.3867890467668073,192,115.84755174136583,0.14022000595553322,0.18308405833123034,0.29266008820757244,1,44,165.54724007795966,68.65353034109442,1.873879545739632,0,0,0,1,1
608,20.233333333333334,0,1,343.2987976074219,132.54887580871582,347.9998016357422,148.09792041778564,367.6087951660156,156.18152618408203,448.5247802734375,35.07114887237549,345.64929962158203,140.32339811325073,115.38821447421998,31.96471405029297,31.14761734008789,44.63089748460746,0.2770188809658245,0.2699375970242341,0.3867890467668073,192,115.84755174136583,0.14022000595553322,0.18308405833123034,0.29266008820757244,1,45,165.54724007795966,68.65353034109442,1.873879545739632,0,0,0,1,1
609,20.266666666666666,1,1,332.3367691040039,131.01555347442627,345.8381652832031,144.34892177581787,365.3970718383789,154.29176330566406,453.56189727783203,36.32368326187134,339.0874671936035,137.68223762512207,115.38821447421998,31.96471405029297,31.14761734008789,44.63089748460746,0.2770188809658245,0.2699375970242341,0.3867890467668073,192,110.2148694426174,0.17216747620674863,0.19907548369635533,0.3668491773122081,1,46,173.33529080509112,2.041526727784979,42.644742722689394,-1,-1,0,2,2
610,20.3,0,1,332.3367691040039,131.01555347442627,345.8381652832031,144.34892177581787,365.3970718383789,154.29176330566406,453.56189727783203,36.32368326187134,339.0874671936035,137.68223762512207,115.38821447421998,31.96471405029297,31.14761734008789,44.63089748460746,0.2770188809658245,0.2699375970242341,0.3867890467668073,192,110.2148694426174,0.17216747620674863,0.19907548369635533,0.3668491773122081,1,47,173.33529080509112,2.041526727784979,42.644742722689394,0,0,0,2,2
611,20.333333333333332,0,1,332.3367691040039,131.01555347442627,345.8381652832031,144.34892177581787,365.3970718383789,154.29176330566406,453.56189727783203,36.32368326187134,339.0874671936035,137.68223762512207,115.38821447421998,31.96471405029297,31.14761734008789,44.63089748460746,0.2770188809658245,0.2699375970242341,0.3867890467668073,192,110.2148694426174,0.17216747620674863,0.19907548369635533,0.3668491773122081,1,48,173.33529080509112,2.041526727784979,42.644742722689394,0,0,0,2,2
612,20.366666666666667,1,1,333.73329162597656,135.31920433044434,339.8347473144531,148.8541030883789,360.9902572631836,154.57479000091553,459.37061309814453,34.773759841918945,336.78401947021484,142.08665370941162,115.38821447421998,31.96471405029297,31.14761734008789,44.63089748460746,0.2770188809658245,0.2699375970242341,0.3867890467668073,192,107.93303827849489,0.1375537149385702,0.2030456498714239,0.3091957809010481,1,49,179.09474582144546,119.9653769690358,76.1566479905413,-1,1,0,3,3
613,20.4,0,1,333.73329162597656,135.31920433044434,339.8347473144531,148.8541030883789,360.9902572631836,154.57479000091553,459.37061309814453,34.773759841918945,336.78401947021484,142.08665370941162,115.38821447421998,31.96471405029297,31.14761734008789,44.63089748460746,0.2770188809658245,0.2699375970242341,0.3867890467668073,192,107.93303827849489,0.1375537149385702,0.2030456498714239,0.3091957809010481,1,50,179.09474582144546,119.9653769690358,76.1566479905413,0,0,0,3,3
614,20.433333333333334,0,1,333.73329162597656,135.31920433044434,339.8347473144531,148.8541030883789,360.9902572631836,154.57479000091553,459.37061309814453,34.773759841918945,336.78401947021484,142.08665370941162,115.38821447421998,31.96471405029297,31.14761734008789,44.63089748460746,0.2770188809658245,0.2699375970242341,0.3867890467668073,192,107.93303827849489,0.1375537149385702,0.2030456498714239,0.3091957809010481,1,51,179.09474582144546,119.9653769690358,76.1566479905413,0,0,0,3,3
615,20.466666666666665,1,1,342.71697998046875,133.69822025299072,339.88670349121094,151.50548458099365,359.7407531738281,160.53032398223877,461.8524169921875,29.773306846618652,341.30184173583984,142.6018524169922,115.38821447421998,31.96471405029297,31.14761734008789,44.63089748460746,0.2770188809658245,0.2699375970242341,0.3867890467668073,192,108.05243042687165,0.16687068226168106,0.20183688885343018,0.2940876794590307,1,52,172.97490356674572,154.17758736678726,114.10099578692444,1,0,1,3,3
616,20.5,0,1,342.71697998046875,133.69822025299072,339.88670349121094,151.50548458099365,359.7407531738281,160.53032398223877,461.8524169921875,29.773306846618652,341.30184173583984,142.6018524169922,115.38821447421998,31.96471405029297,31.14761734008789,44.63089748460746,0.2770188809658245,0.2699375970242341,0.3867890467668073,192,108.05243042687165,0.16687068226168106,0.20183688885343018,0.2940876794590307,1,53,172.97490356674572,154.17758736678726,114.10099578692444,0,0,1,3,3
617,20.533333333333335,0,1,342.71697998046875,133.69822025299072,339.88670349121094,151.50548458099365,359.7407531738281,160.53032398223877,461.8524169921875,29.773306846618652,341.30184173583984,142.6018524169922,115.38821447421998,31.96471405029297,31.14761734008789,44.63089748460746,0.2770188809658245,0.2699375970242341,0.3867890467668073,192,108.05243042687165,0.16687068226168106,0.20183688885343018,0.2940876794590307,1,54,172.97490356674572,154.17758736678726,114.10099578692444,0,0,1,3,3
618,20.566666666666666,1,1,346.48998260498047,127.77548789978027,343.6524200439453,134.32401180267334,365.2885437011719,144.97532844543457,461.5874481201172,25.75258433818817,345.0712013244629,131.0497498512268,115.38821447421998,31.96471405029297,31.14761734008789,44.63089748460746,0.2770188809658245,0.2699375970242341,0.3867890467668073,192,110.25321730063739,0.06473163413589751,0.21873114171367558,0.23110258972113934,1,55,169.4129539604685,80.88580484974423,72.93979789786832,1,-1,1,4,4
619,20.6,0,1,346.48998260498047,127.77548789978027,343.6524200439453,134.32401180267334,365.2885437011719,144.97532844543457,461.5874481201172,25.75258433818817,345.0712013244629,131.0497498512268,115.38821447421998,31.96471405029297,31.14761734008789,44.63089748460746,0.2770188809658245,0.2699375970242341,0.3867890467668073,192,110.25321730063739,0.06473163413589751,0.21873114171367558,0.23110258972113934,1,56,169.4129539604685,80.88580484974423,72.93979789786832,0,0,1,4,4
620,20.633333333333333,0,1,346.48998260498047,127.77548789978027,343.6524200439453,134.32401180267334,365.2885437011719,144.97532844543457,461.5874481201172,25.75258433818817,345.0712013244629,131.0497498512268,115.38821447421998,31.96471405029297,31.14761734008789,44.63089748460746,0.2770188809658245,0.2699375970242341,0.3867890467668073,192,110.25321730063739,0.06473163413589751,0.21873114171367558,0.23110258972113934,1,57,169.4129539604685,80.88580484974423,72.93979789786832,0,0,1,4,4
621,20.666666666666668,1,1,358.6391830444336,124.7217321395874,347.1407699584961,136.58703804016113,367.2837448120117,147.91581630706787,458.3712387084961,23.96776020526886,352.88997650146484,130.65438508987427,115.38821447421998,31.96471405029297,31.14761734008789,44.63089748460746,0.2770188809658245,0.2699375970242341,0.3867890467668073,192,115.16696665905171,0.143467189288756,0.20066678596121457,0.214928437461739,1,58,163.28562729700812,34.42387190023467,60.014830062943304,1,0,1,4,4
622,20.7,0,1,358.6391830444336,124.7217321395874,347.1407699584961,136.58703804016113,367.2837448120117,147.91581630706787,458.3712387084961,23.96776020526886,352.88997650146484,130.65438508987427,115.38821447421998,31.96471405029297,31.14761734008789,44.63089748460746,0.2770188809658245,0.2699375970242341,0.3867890467668073,192,115.16696665905171,0.143467189288756,0.20066678596121457,0.214928437461739,1,59,163.28562729700812,34.42387190023467,60.014830062943304,0,0,1,4,4
623,20.733333333333334,0,1,358.6391830444336,124.7217321395874,347.1407699584961,136.58703804016113,367.2837448120117,147.91581630706787,458.3712387084961,23.96776020526886,352.88997650146484,130.65438508987427,115.38821447421998,31.96471405029297,31.14761734008789,44.63089748460746,0.2770188809658245,0.2699375970242341,0.3867890467668073,192,115.16696665905171,0.143467189288756,0.20066678596121457,0.214928437461739,1,60,163.28562729700812,34.42387190023467,60.014830062943304,0,0,1,4,4
624,20.766666666666666,1,1,355.2557373046875,125.15780925750732,342.5892639160156,146.18276596069336,362.27012634277344,157.36714839935303,454.08660888671875,27.202429175376892,348.92250061035156,135.67028760910034,115.38821447421998,31.96471405029297,31.14761734008789,44.63089748460746,0.2770188809658245,0.2699375970242341,0.3867890467668073,192,114.6314613556644,0.2141265396562433,0.19747497623445404,0.2875673998909216,1,61,167.7257138651414,176.12752983574967,81.91382850543116,-1,1,2,5,5
625,20.8,0,1,355.2557373046875,125.15780925750732,342.5892639160156,146.18276596069336,362.27012634277344,157.36714839935303,454.08660888671875,27.202429175376892,348.92250061035156,135.67028760910034,115.38821447421998,31.96471405029297,31.14761734008789,44.63089748460746,0.2770188809658245,0.2699375970242341,0.3867890467668073,192,114.6314613556644,0.2141265396562433,0.19747497623445404,0.2875673998909216,1,62,167.7257138651414,176.12752983574967,81.91382850543116,0,0,2,5,5
626,20.833333333333332,0,1,355.2557373046875,125.15780925750732,342.5892639160156,146.18276596069336,362.27012634277344,157.36714839935303,454.08660888671875,27.202429175376892,348.92250061035156,135.67028760910034,115.38821447421998,31.96471405029297,31.14761734008789,44.63089748460746,0.2770188809658245,0.2699375970242341,0.3867890467668073,192,114.6314613556644,0.2141265396562433,0.19747497623445404,0.2875673998909216,1,63,167.7257138651414,176.12752983574967,81.91382850543116,0,0,2,5,5
627,20.866666666666667,1,1,361.1800003051758,122.48534202575684,344.2161560058594,148.95293712615967,366.70886993408203,153.9904260635376,453.8191604614258,26.207000613212585,352.6980781555176,135.71913957595825,115.38821447421998,31.96471405029297,31.14761734008789,44.63089748460746,0.2770188809658245,0.2699375970242341,0.3867890467668073,192,119.26912332324902,0.2635831245790391,0.193259680626639,0.26818793306736355,1,64,164.40657417695294,160.41022010627165,40.064658033550636,1,0,3,5,5
628,20.9,0,1,361.1800003051758,122.48534202575684,344.2161560058594,148.95293712615967,366.70886993408203,153.9904260635376,453.8191604614258,26.207000613212585,352.6980781555176,135.71913957595825,115.38821447421998,31.96471405029297,31.14761734008789,44.63089748460746,0.2770188809658245,0.2699375970242341,0.3867890467668073,192,119.26912332324902,0.2635831245790391,0.193259680626639,0.26818793306736355,1,65,164.40657417695294,160.41022010627165,40.064658033550636,0,0,3,5,5
629,20.933333333333334,0,1,361.1800003051758,122.48534202575684,344.2161560058594,148.95293712615967,366.70886993408203,153.9904260635376,453.8191604614258,26.207000613212585,352.6980781555176,135.71913957595825,115.38821447421998,31.96471405029297,31.14761734008789,44.63089748460746,0.2770188809658245,0.2699375970242341,0.3867890467668073,192,119.26912332324902,0.2635831245790391,0.193259680626639,0.26818793306736355,1,66,164.40657417695294,160.41022010627165,40.064658033550636,0,0,3,5,5
630,20.966666666666665,1,1,357.5988006591797,124.17546272277832,343.77025604248047,148.95329475402832,363.2924270629883,156.028790473938,449.94495391845703,27.57566750049591,350.6845283508301,136.56437873840332,115.38821447421998,31.96471405029297,31.14761734008789,44.63089748460746,0.2770188809658245,0.2699375970242341,0.3867890467668073,192,119.89154358404961,0.23667649804431823,0.17319671277073664,0.2698954398428657,1,67,166.98006590796754,139.981699923927,38.55226825444837,0,0,3,5,5
631,21.0,0,1,357.5988006591797,124.17546272277832,343.77025604248047,148.95329475402832,363.2924270629883,156.028790473938,449.94495391845703,27.57566750049591,350.6845283508301,136.56437873840332,115.38821447421998,31.96471405029297,31.14761734008789,44.63089748460746,0.2770188809658245,0.2699375970242341,0.3867890467668073,192,119.89154358404961,0.23667649804431823,0.17319671277073664,0.2698954398428657,1,68,166.98006590796754,139.981699923927,38.55226825444837,0,0,3,5,5
632,21.033333333333335,0,1,357.5988006591797,124.17546272277832,343.77025604248047,148.95329475402832,363.2924270629883,156.028790473938,449.94495391845703,27.57566750049591,350.6845283508301,136.56437873840332,115.38821447421998,31.96471405029297,31.14761734008789,44.63089748460746,0.2770188809658245,0.2699375970242341,0.3867890467668073,192,119.89154358404961,0.23667649804431823,0.17319671277073664,0.2698954398428657,1,69,166.98006590796754,139.981699923927,38.55226825444837,0,0,3,5,5
633,21.066666666666666,1,1,356.1135482788086,122.59301662445068,347.0682144165039,150.3028678894043,367.6730728149414,154.9947166442871,449.97669219970703,29.892053604125977,351.59088134765625,136.4479422569275,115.38821447421998,31.96471405029297,31.14761734008789,44.63089748460746,0.2770188809658245,0.2699375970242341,0.3867890467668073,192,120.54935433395026,0.24179991538710183,0.17529989290789458,0.2853763087893124,1,70,167.34683052481014,115.74013303960764,5.929561894242313,0,0,3,5,5
634,21.1,0,1,356.1135482788086,122.59301662445068,347.0682144165039,150.3028678894043,367.6730728149414,154.9947166442871,449.97669219970703,29.892053604125977,351.59088134765625,136.4479422569275,115.38821447421998,31.96471405029297,31.14761734008789,44.63089748460746,0.2770188809658245,0.2699375970242341,0.3867890467668073,192,120.54935433395026,0.24179991538710183,0.17529989290789458,0.2853763087893124,1,71,167.34683052481014,115.74013303960764,5.929561894242313,0,0,3,5,5
635,21.133333333333333,0,1,356.1135482788086,122.59301662445068,347.0682144165039,150.3028678894043,367.6730728149414,154.9947166442871,449.97669219970703,29.892053604125977,351.59088134765625,136.4479422569275,115.38821447421998,31.96471405029297,31.14761734008789,44.63089748460746,0.2770188809658245,0.2699375970242341,0.3867890467668073,192,120.54935433395026,0.24179991538710183,0.17529989290789458,0.2853763087893124,1,72,167.34683052481014,115.74013303960764,5.929561894242313,0,0,3,5,5
636,21.166666666666668,1,1,355.0405502319336,125.4717493057251,346.8728256225586,157.19168186187744,365.9765625,164.87543106079102,448.98094177246094,33.35839033126831,350.9566879272461,141.33171558380127,115.38821447421998,31.96471405029297,31.14761734008789,44.63089748460746,0.2770188809658245,0.2699375970242341,0.3867890467668073,192,119.04014898136013,0.275156165374571,0.17297596451582398,0.3435236852344567,1,73,168.55300934599435,130.5185052335894,9.142498329766367,0,1,3,5,5
637,21.2,0,1,355.0405502319336,125.4717493057251,346.8728256225586,157.19168186187744,365.9765625,164.87543106079102,448.98094177246094,33.35839033126831,350.9566879272461,141.33171558380127,115.38821447421998,31.96471405029297,31.14761734008789,44.63089748460746,0.2770188809658245,0.2699375970242341,0.3867890467668073,192,119.04014898136013,0.275156165374571,0.17297596451582398,0.3435236852344567,1,74,168.55300934599435,130.5185052335894,9.142498329766367,0,0,3,5,5
638,21.233333333333334,0,1,355.0405502319336,125.4717493057251,346.8728256225586,157.19168186187744,365.9765625,164.87543106079102,448.98094177246094,33.35839033126831,350.9566879272461,141.33171558380127,115.38821447421998,31.96471405029297,31.14761734008789,44.63089748460746,0.2770188809658245,0.2699375970242341,0.3867890467668073,192,119.04014898136013,0.275156165374571,0.17297596451582398,0.3435236852344567,1,75,168.55300934599435,130.5185052335894,9.142498329766367,0,0,3,5,5
639,21.266666666666666,1,1,355.22083282470703,133.3418083190918,354.60289001464844,144.1684913635254,372.9440689086914,155.42531490325928,450.37425994873047,34.56713676452637,354.91186141967773,138.7551498413086,115.38821447421998,31.96471405029297,31.14761734008789,44.63089748460746,0.2770188809658245,0.2699375970242341,0.3867890467668073,192,121.15311592122171,0.08950907657652794,0.17762733414990547,0.23372055579875875,1,76,164.54926023954673,56.24833160921294,11.208410517995393,1,-1,3,6,6
640,21.3,0,1,355.22083282470703,133.3418083190918,354.60289001464844,144.1684913635254,372.9440689086914,155.42531490325928,450.37425994873047,34.56713676452637,354.91186141967773,138.7551498413086,115.38821447421998,31.96471405029297,31.14761734008789,44.63089748460746,0.2770188809658245,0.2699375970242341,0.3867890467668073,192,121.15311592122171,0.08950907657652794,0.17762733414990547,0.23372055579875875,1,77,164.54926023954673,56.24833160921294,11.208410517995393,0,0,3,6,6
641,21.333333333333332,0,1,355.22083282470703,133.3418083190918,354.60289001464844,144.1684913635254,372.9440689086914,155.42531490325928,450.37425994873047,34.56713676452637,354.91186141967773,138.7551498413086,115.38821447421998,31.96471405029297,31.14761734008789,44.63089748460746,0.2770188809658245,0.2699375970242341,0.3867890467668073,192,121.15311592122171,0.08950907657652794,0.17762733414990547,0.23372055579875875,1,78,164.54926023954673,56.24833160921294,11.208410517995393,0,0,3,6,6
642,21.366666666666667,1,1,335.44761657714844,129.5630407333374,354.0109634399414,145.06795406341553,372.2514343261719,156.10939979553223,453.5865020751953,38.35352540016174,344.7292900085449,137.31549739837646,115.38821447421998,31.96471405029297,31.14761734008789,44.63089748460746,0.2770188809658245,0.2699375970242341,0.3867890467668073,192,119.63609695168067,0.20216955975176687,0.17822392267475717,0.37930643558988336,1,79,172.110188491024,42.34120583825356,4.4544777830832345,-1,0,4,6,6
643,21.4,0,1,335.44761657714844,129.5630407333374,354.0109634399414,145.06795406341553,372.2514343261719,156.10939979553223,453.5865020751953,38.35352540016174,344.7292900085449,137.31549739837646,115.38821447421998,31.96471405029297,31.14761734008789,44.63089748460746,0.2770188809658245,0.2699375970242341,0.3867890467668073,192,119.63609695168067,0.20216955975176687,0.17822392267475717,0.37930643558988336,1,80,172.110188491024,42.34120583825356,4.4544777830832345,0,0,4,6,6
644,21.433333333333334,0,1,335.44761657714844,129.5630407333374,354.0109634399414,145.06795406341553,372.2514343261719,156.10939979553223,453.5865020751953,38.35352540016174,344.7292900085449,137.31549739837646,115.38821447421998,31.96471405029297,31.14761734008789,44.63089748460746,0.2770188809658245,0.2699375970242341,0.3867890467668073,192,119.63609695168067,0.20216955975176687,0.17822392267475717,0.37930643558988336,1,81,172.110188491024,42.34120583825356,4.4544777830832345,0,0,4,6,6
645,21.466666666666665,1,1,333.9229202270508,130.83808422088623,355.7361602783203,143.1304407119751,375.2418518066406,158.14737796783447,454.46067810058594,39.96477127075195,344.82954025268555,136.98426246643066,115.38821447421998,31.96471405029297,31.14761734008789,44.63089748460746,0.2770188809658245,0.2699375970242341,0.3867890467668073,192,115.43446943546563,0.21690540170091097,0.21325232751093043,0.4290598074293595,1,82,173.33870503472116,10.847181705751602,21.884624097311214,0,0,4,6,6
646,21.5,0,1,333.9229202270508,130.83808422088623,355.7361602783203,143.1304407119751,375.2418518066406,158.14737796783447,454.46067810058594,39.96477127075195,344.82954025268555,136.98426246643066,115.38821447421998,31.96471405029297,31.14761734008789,44.63089748460746,0.2770188809658245,0.2699375970242341,0.3867890467668073,192,115.43446943546563,0.21690540170091097,0.21325232751093043,0.4290598074293595,1,83,173.33870503472116,10.847181705751602,21.884624097311214,0,0,4,6,6
647,21.533333333333335,0,1,333.9229202270508,130.83808422088623,355.7361602783203,143.1304407119751,375.2418518066406,158.14737796783447,454.46067810058594,39.96477127075195,344.82954025268555,136.98426246643066,115.38821447421998,31.96471405029297,31.14761734008789,44.63089748460746,0.2770188809658245,0.2699375970242341,0.3867890467668073,192,115.43446943546563,0.21690540170091097,0.21325232751093043,0.4290598074293595,1,84,173.33870503472116,10.847181705751602,21.884624097311214,0,0,4,6,6
648,21.566666666666666,1,1,336.38362884521484,129.38721656799316,356.87671661376953,143.16601753234863,374.5503616333008,160.76890468597412,459.44061279296875,38.2615864276886,346.6301727294922,136.2766170501709,115.38821447421998,31.96471405029297,31.14761734008789,44.63089748460746,0.2770188809658245,0.2699375970242341,0.3867890467668073,192,116.93242649101389,0.21118670920113644,0.21332256623319767,0.42256573456569024,1,85,171.96764264762402,1.8951685747599147,38.95544575245964,0,0,4,6,6
649,21.6,0,1,336.38362884521484,129.38721656799316,356.87671661376953,143.16601753234863,374.5503616333008,160.76890468597412,459.44061279296875,38.2615864276886,346.6301727294922,136.2766170501709,115.38821447421998,31.96471405029297,31.14761734008789,44.63089748460746,0.2770188809658245,0.2699375970242341,0.3867890467668073,192,116.93242649101389,0.21118670920113644,0.21332256623319767,0.42256573456569024,1,86,171.96764264762402,1.8951685747599147,38.95544575245964,0,0,4,6,6
650,21.633333333333333,0,1,336.38362884521484,129.38721656799316,356.87671661376953,143.16601753234863,374.5503616333008,160.76890468597412,459.44061279296875,38.2615864276886,346.6301727294922,136.2766170501709,115.38821447421998,31.96471405029297,31.14761734008789,44.63089748460746,0.2770188809658245,0.2699375970242341,0.3867890467668073,192,116.93242649101389,0.21118670920113644,0.21332256623319767,0.42256573456569024,1,87,171.96764264762402,1.8951685747599147,38.95544575245964,0,0,4,6,6
651,21.666666666666668,1,1,341.39183044433594,129.52135562896729,357.1639633178711,138.14968585968018,375.24791717529297,155.52499294281006,460.81005096435547,36.66645526885986,349.2778968811035,133.83552074432373,115.38821447421998,31.96471405029297,31.14761734008789,44.63089748460746,0.2770188809658245,0.2699375970242341,0.3867890467668073,192,116.6646381449701,0.15409976835334993,0.21496222720739408,0.36591940947113405,1,88,173.31108793287936,2.5183944895349812,35.558150217434196,1,-1,5,6,6
652,21.7,0,1,341.39183044433594,129.52135562896729,357.1639633178711,138.14968585968018,375.24791717529297,155.52499294281006,460.81005096435547,36.66645526885986,349.2778968811035,133.83552074432373,115.38821447421998,31.96471405029297,31.14761734008789,44.63089748460746,0.2770188809658245,0.2699375970242341,0.3867890467668073,192,116.6646381449701,0.15409976835334993,0.21496222720739408,0.36591940947113405,1,89,173.31108793287936,2.5183944895349812,35.558150217434196,0,0,5,6,6
653,21.733333333333334,0,1,341.39183044433594,129.52135562896729,357.1639633178711,138.14968585968018,375.24791717529297,155.52499294281006,460.81005096435547,36.66645526885986,349.2778968811035,133.83552074432373,115.38821447421998,31.96471405029297,31.14761734008789,44.63089748460746,0.2770188809658245,0.2699375970242341,0.3867890467668073,192,116.6646381449701,0.15409976835334993,0.21496222720739408,0.36591940947113405,1,90,173.31108793287936,2.5183944895349812,35.558150217434196,0,0,5,6,6
654,21.766666666666666,1,1,362.08972930908203,128.9150047302246,358.06385040283203,137.43907928466797,374.6542739868164,156.06602668762207,459.2167663574219,34.03152108192444,360.07678985595703,133.1770420074463,115.38821447421998,31.96471405029297,31.14761734008789,44.63089748460746,0.2770188809658245,0.2699375970242341,0.3867890467668073,192,120.73424255814726,0.0780802395029291,0.20660289355085432,0.24779478485915565,1,91,165.2625656156074,28.197451508949868,9.234397533369886,1,0,5,6,6
655,21.8,0,1,362.08972930908203,128.9150047302246,358.06385040283203,137.43907928466797,374.6542739868164,156.06602668762207,459.2167663574219,34.03152108192444,360.07678985595703,133.1770420074463,115.38821447421998,31.96471405029297,31.14761734008789,44.63089748460746,0.2770188809658245,0.2699375970242341,0.3867890467668073,192,120.73424255814726,0.0780802395029291,0.20660289355085432,0.24779478485915565,1,92,165.2625656156074,28.197451508949868,9.234397533369886,0,0,5,6,6
656,21.833333333333332,0,1,362.08972930908203,128.9150047302246,358.06385040283203,137.43907928466797,374.6542739868164,156.06602668762207,459.2167663574219,34.03152108192444,360.07678985595703,133.1770420074463,115.38821447421998,31.96471405029297,31.14761734008789,44.63089748460746,0.2770188809658245,0.2699375970242341,0.3867890467668073,192,120.73424255814726,0.0780802395029291,0.20660289355085432,0.24779478485915565,1,93,165.2625656156074,28.197451508949868,9.234397533369886,0,0,5,6,6
657,21.866666666666667,1,1,361.02813720703125,128.5953426361084,350.50899505615234,142.39192485809326,368.99566650390625,158.62136363983154,454.84798431396484,34.88868713378906,355.7685661315918,135.49363374710083,115.38821447421998,31.96471405029297,31.14761734008789,44.63089748460746,0.2770188809658245,0.2699375970242341,0.3867890467668073,192,120.61846663184761,0.14383614182550122,0.2039474723592161,0.257548860582441,1,94,170.4997398136198,34.537316887334875,13.476253836518936,-1,0,6,6,6
658,21.9,0,1,361.02813720703125,128.5953426361084,350.50899505615234,142.39192485809326,368.99566650390625,158.62136363983154,454.84798431396484,34.88868713378906,355.7685661315918,135.49363374710083,115.38821447421998,31.96471405029297,31.14761734008789,44.63089748460746,0.2770188809658245,0.2699375970242341,0.3867890467668073,192,120.61846663184761,0.14383614182550122,0.2039474723592161,0.257548860582441,1,95,170.4997398136198,34.537316887334875,13.476253836518936,0,0,6,6,6
659,21.933333333333334,0,1,361.02813720703125,128.5953426361084,350.50899505615234,142.39192485809326,368.99566650390625,158.62136363983154,454.84798431396484,34.88868713378906,355.7685661315918,135.49363374710083,115.38821447421998,31.96471405029297,31.14761734008789,44.63089748460746,0.2770188809658245,0.2699375970242341,0.3867890467668073,192,120.61846663184761,0.14383614182550122,0.2039474723592161,0.257548860582441,1,96,170.4997398136198,34.537316887334875,13.476253836518936,0,0,6,6,6
660,21.966666666666665,1,1,357.63172149658203,127.21920490264893,348.1190872192383,148.18438053131104,367.0173645019531,156.3056230545044,452.31807708740234,35.22562265396118,352.87540435791016,137.70179271697998,115.38821447421998,31.96471405029297,31.14761734008789,44.63089748460746,0.2770188809658245,0.2699375970242341,0.3867890467668073,192,123.24584273863711,0.1868002509712321,0.1668971647538201,0.24798575559844346,1,97,167.71990002104613,52.641299400101865,15.09811041092421,-1,0,6,6,6
661,22.0,0,1,357.63172149658203,127.21920490264893,348.1190872192383,148.18438053131104,367.0173645019531,156.3056230545044,452.31807708740234,35.22562265396118,352.87540435791016,137.70179271697998,115.38821447421998,31.96471405029297,31.14761734008789,44.63089748460746,0.2770188809658245,0.2699375970242341,0.3867890467668073,192,123.24584273863711,0.1868002509712321,0.1668971647538201,0.24798575559844346,1,98,167.71990002104613,52.641299400101865,15.09811041092421,0,0,6,6,6
662,22.033333333333335,0,1,357.63172149658203,127.21920490264893,348.1190872192383,148.18438053131104,367.0173645019531,156.3056230545044,452.31807708740234,35.22562265396118,352.87540435791016,137.70179271697998,115.38821447421998,31.96471405029297,31.14761734008789,44.63089748460746,0.2770188809658245,0.2699375970242341,0.3867890467668073,192,123.24584273863711,0.1868002509712321,0.1668971647538201,0.24798575559844346,1,99,167.71990002104613,52.641299400101865,15.09811041092421,0,0,6,6,6
663,22.066666666666666,1,1,353.94107818603516,127.0417070388794,349.9702453613281,150.36415100097656,368.0283737182617,161.9106960296631,449.05040740966797,34.781588315963745,351.95566177368164,138.70292901992798,115.38821447421998,31.96471405029297,31.14761734008789,44.63089748460746,0.2770188809658245,0.2699375970242341,0.3867890467668073,192,123.54330437508004,0.19149610972986694,0.1734942644694761,0.30440465877750456,1,100,170.13950789876552,71.14173746366757,6.970238032783081,0,0,6,6,6
664,22.1,0,1,353.94107818603516,127.0417070388794,349.9702453613281,150.36415100097656,368.0283737182617,161.9106960296631,449.05040740966797,34.781588315963745,351.95566177368164,138.70292901992798,115.38821447421998,31.96471405029297,31.14761734008789,44.63089748460746,0.2770188809658245,0.2699375970242341,0.3867890467668073,192,123.54330437508004,0.19149610972986694,0.1734942644694761,0.30440465877750456,1,101,170.13950789876552,71.14173746366757,6.970238032783081,0,0,6,6,6
665,22.133333333333333,0,1,353.94107818603516,127.0417070388794,349.9702453613281,150.36415100097656,368.0283737182617,161.9106960296631,449.05040740966797,34.781588315963745,351.95566177368164,138.70292901992798,115.38821447421998,31.96471405029297,31.14761734008789,44.63089748460746,0.2770188809658245,0.2699375970242341,0.3867890467668073,192,123.54330437508004,0.19149610972986694,0.1734942644694761,0.30440465877750456,1,102,170.13950789876552,71.14173746366757,6.970238032783081,0,0,6,6,6
666,22.166666666666668,1,1,352.2554016113281,125.27905941009521,347.7726364135742,155.77268600463867,364.7721862792969,169.4322395324707,446.68067932128906,37.99480676651001,350.0140190124512,140.52587270736694,115.38821447421998,31.96471405029297,31.14761734008789,44.63089748460746,0.2770188809658245,0.2699375970242341,0.3867890467668073,192,122.50071839879861,0.2516014916637305,0.17801955919227572,0.3746350503230574,1,103,166.51833975613337,95.7936497692316,38.243875290230285,0,0,6,6,6
667,22.2,0,1,352.2554016113281,125.27905941009521,347.7726364135742,155.77268600463867,364.7721862792969,169.4322395324707,446.68067932128906,37.99480676651001,350.0140190124512,140.52587270736694,115.38821447421998,31.96471405029297,31.14761734008789,44.63089748460746,0.2770188809658245,0.2699375970242341,0.3867890467668073,192,122.50071839879861,0.2516014916637305,0.17801955919227572,0.3746350503230574,1,104,166.51833975613337,95.7936497692316,38.243875290230285,0,0,6,6,6
668,22.233333333333334,0,1,352.2554016113281,125.27905941009521,347.7726364135742,155.77268600463867,364.7721862792969,169.4322395324707,446.68067932128906,37.99480676651001,350.0140190124512,140.52587270736694,115.38821447421998,31.96471405029297,31.14761734008789,44.63089748460746,0.2770188809658245,0.2699375970242341,0.3867890467668073,192,122.50071839879861,0.2516014916637305,0.17801955919227572,0.3746350503230574,1,105,166.51833975613337,95.7936497692316,38.243875290230285,0,0,6,6,6
669,22.266666666666666,1,1,348.84525299072266,123.3074140548706,345.71155548095703,157.6376724243164,363.21949005126953,169.30317878723145,446.4997863769531,39.15927529335022,347.27840423583984,140.4725432395935,115.38821447421998,31.96471405029297,31.14761734008789,44.63089748460746,0.2770188809658245,0.2699375970242341,0.3867890467668073,192,126.39738850488472,0.2727349471383771,0.1664460137540597,0.381254015965096,1,106,166.0557138443579,95.87085060040853,30.86399923733649,-1,0,6,6,6
670,22.3,0,1,348.84525299072266,123.3074140548706,345.71155548095703,157.6376724243164,363.21949005126953,169.30317878723145,446.4997863769531,39.15927529335022,347.27840423583984,140.4725432395935,115.38821447421998,31.96471405029297,31.14761734008789,44.63089748460746,0.2770188809658245,0.2699375970242341,0.3867890467668073,192,126.39738850488472,0.2727349471383771,0.1664460137540597,0.381254015965096,1,107,166.0557138443579,95.87085060040853,30.86399923733649,0,0,6,6,6
671,22.333333333333332,0,1,348.84525299072266,123.3074140548706,345.71155548095703,157.6376724243164,363.21949005126953,169.30317878723145,446.4997863769531,39.15927529335022,347.27840423583984,140.4725432395935,115.38821447421998,31.96471405029297,31.14761734008789,44.63089748460746,0.2770188809658245,0.2699375970242341,0.3867890467668073,192,126.39738850488472,0.2727349471383771,0.1664460137540597,0.381254015965096,1,108,166.0557138443579,95.87085060040853,30.86399923733649,0,0,6,6,6
672,22.366666666666667,1,1,346.6371154785156,129.03558254241943,344.31060791015625,162.6761770248413,361.6450881958008,172.02421188354492,447.4031066894531,42.88352966308594,345.47386169433594,145.85587978363037,115.38821447421998,31.96471405029297,31.14761734008789,44.63089748460746,0.2770188809658245,0.2699375970242341,0.3867890467668073,192,127.5706733243997,0.26433149286637925,0.15438042291895182,0.3569243633256343,1,109,166.9570144838316,98.1927433209732,25.192803586328136,0,1,6,7,7
673,22.4,0,1,346.6371154785156,129.03558254241943,344.31060791015625,162.6761770248413,361.6450881958008,172.02421188354492,447.4031066894531,42.88352966308594,345.47386169433594,145.85587978363037,115.38821447421998,31.96471405029297,31.14761734008789,44.63089748460746,0.2770188809658245,0.2699375970242341,0.3867890467668073,192,127.5706733243997,0.26433149286637925,0.15438042291895182,0.3569243633256343,1,110,166.9570144838316,98.1927433209732,25.192803586328136,0,0,6,7,7
674,22.433333333333334,0,1,346.6371154785156,129.03558254241943,344.31060791015625,162.6761770248413,361.6450881958008,172.02421188354492,447.4031066894531,42.88352966308594,345.47386169433594,145.85587978363037,115.38821447421998,31.96471405029297,31.14761734008789,44.63089748460746,0.2770188809658245,0.2699375970242341,0.3867890467668073,192,127.5706733243997,0.26433149286637925,0.15438042291895182,0.3569243633256343,1,111,166.9570144838316,98.1927433209732,25.192803586328136,0,0,6,7,7
675,22.466666666666665,1,1,337.68924713134766,130.54404258728027,343.8694381713867,170.47585487365723,363.01597595214844,176.13342761993408,448.43482971191406,46.902183294296265,340.7793426513672,150.50994873046875,115.38821447421998,31.96471405029297,31.14761734008789,44.63089748460746,0.2770188809658245,0.2699375970242341,0.3867890467668073,192,129.50844563456462,0.3120046090495022,0.1541592140697527,0.4026921889922441,1,112,172.6576751067368,111.43626386555812,40.198581748242155,-1,1,6,7,7
676,22.5,0,1,337.68924713134766,130.54404258728027,343.8694381713867,170.47585487365723,363.01597595214844,176.13342761993408,448.43482971191406,46.902183294296265,340.7793426513672,150.50994873046875,115.38821447421998,31.96471405029297,31.14761734008789,44.63089748460746,0.2770188809658245,0.2699375970242341,0.3867890467668073,192,129.50844563456462,0.3120046090495022,0.1541592140697527,0.4026921889922441,1,113,172.6576751067368,111.43626386555812,40.198581748242155,0,0,6,7,7
677,22.533333333333335,0,1,337.68924713134766,130.54404258728027,343.8694381713867,170.47585487365723,363.01597595214844,176.13342761993408,448.43482971191406,46.902183294296265,340.7793426513672,150.50994873046875,115.38821447421998,31.96471405029297,31.14761734008789,44.63089748460746,0.2770188809658245,0.2699375970242341,0.3867890467668073,192,129.50844563456462,0.3120046090495022,0.1541592140697527,0.4026921889922441,1,114,172.6576751067368,111.43626386555812,40.198581748242155,0,0,6,7,7
678,22.566666666666666,1,1,330.3114700317383,131.44615173339844,345.49427032470703,160.17126560211182,363.7151336669922,170.0463581085205,448.4885787963867,49.78070139884949,337.90287017822266,145.80870866775513,115.38821447421998,31.96471405029297,31.14761734008789,44.63089748460746,0.2770188809658245,0.2699375970242341,0.3867890467668073,192,126.04811157081727,0.2577647632187319,0.16441975376505572,0.4049790768304298,1,115,172.1458454627644,58.237343053943945,2.503583872288411,-1,-1,6,8,8
679,22.6,0,1,330.3114700317383,131.44615173339844,345.49427032470703,160.17126560211182,363.7151336669922,170.0463581085205,448.4885787963867,49.78070139884949,337.90287017822266,145.80870866775513,115.38821447421998,31.96471405029297,31.14761734008789,44.63089748460746,0.2770188809658245,0.2699375970242341,0.3867890467668073,192,126.04811157081727,0.2577647632187319,0.16441975376505572,0.4049790768304298,1,116,172.1458454627644,58.237343053943945,2.503583872288411,0,0,6,8,8
680,22.633333333333333,0,1,330.3114700317383,131.44615173339844,345.49427032470703,160.17126560211182,363.7151336669922,170.0463581085205,448.4885787963867,49.78070139884949,337.90287017822266,145.80870866775513,115.38821447421998,31.96471405029297,31.14761734008789,44.63089748460746,0.2770188809658245,0.2699375970242341,0.3867890467668073,192,126.04811157081727,0.2577647632187319,0.16441975376505572,0.4049790768304298,1,117,172.1458454627644,58.237343053943945,2.503583872288411,0,0,6,8,8
681,22.666666666666668,1,1,326.9264602661133,127.17302799224854,343.71009826660156,163.49485874176025,361.4003372192383,173.71108531951904,452.8279113769531,50.66025137901306,335.3182792663574,145.3339433670044,115.38821447421998,31.96471405029297,31.14761734008789,44.63089748460746,0.2770188809658245,0.2699375970242341,0.3867890467668073,192,127.92432980908632,0.31277921805172,0.15969057482217155,0.45273477034455356,1,118,168.09437693509315,47.33297171558216,21.774938909379433,-1,0,6,8,8
682,22.7,0,1,326.9264602661133,127.17302799224854,343.71009826660156,163.49485874176025,361.4003372192383,173.71108531951904,452.8279113769531,50.66025137901306,335.3182792663574,145.3339433670044,115.38821447421998,31.96471405029297,31.14761734008789,44.63089748460746,0.2770188809658245,0.2699375970242341,0.3867890467668073,192,127.92432980908632,0.31277921805172,0.15969057482217155,0.45273477034455356,1,119,168.09437693509315,47.33297171558216,21.774938909379433,0,0,6,8,8
683,22.733333333333334,0,1,326.9264602661133,127.17302799224854,343.71009826660156,163.49485874176025,361.4003372192383,173.71108531951904,452.8279113769531,50.66025137901306,335.3182792663574,145.3339433670044,115.38821447421998,31.96471405029297,31.14761734008789,44.63089748460746,0.2770188809658245,0.2699375970242341,0.3867890467668073,192,127.92432980908632,0.31277921805172,0.15969057482217155,0.45273477034455356,1,120,168.09437693509315,47.33297171558216,21.774938909379433,0,0,6,8,8
684,22.766666666666666,1,1,326.55811309814453,127.71932601928711,342.6162338256836,159.72557544708252,361.1997604370117,172.83509731292725,454.76123809814453,52.13695764541626,334.58717346191406,143.72245073318481,115.38821447421998,31.96471405029297,31.14761734008789,44.63089748460746,0.2770188809658245,0.2699375970242341,0.3867890467668073,192,125.3140260332632,0.28575175977477113,0.18148156864493867,0.45390968070595017,1,121,164.82164785624605,0.23903110827999308,36.964833763781165,0,0,6,8,8
685,22.8,0,1,326.55811309814453,127.71932601928711,342.6162338256836,159.72557544708252,361.1997604370117,172.83509731292725,454.76123809814453,52.13695764541626,334.58717346191406,143.72245073318481,115.38821447421998,31.96471405029297,31.14761734008789,44.63089748460746,0.2770188809658245,0.2699375970242341,0.3867890467668073,192,125.3140260332632,0.28575175977477113,0.18148156864493867,0.45390968070595017,1,122,164.82164785624605,0.23903110827999308,36.964833763781165,0,0,6,8,8
686,22.833333333333332,0,1,326.55811309814453,127.71932601928711,342.6162338256836,159.72557544708252,361.1997604370117,172.83509731292725,454.76123809814453,52.13695764541626,334.58717346191406,143.72245073318481,115.38821447421998,31.96471405029297,31.14761734008789,44.63089748460746,0.2770188809658245,0.2699375970242341,0.3867890467668073,192,125.3140260332632,0.28575175977477113,0.18148156864493867,0.45390968070595017,1,123,164.82164785624605,0.23903110827999308,36.964833763781165,0,0,6,8,8
687,22.866666666666667,1,1,327.7283477783203,131.35997772216797,342.7554702758789,161.3900899887085,361.02752685546875,173.39890480041504,456.7043685913086,53.151594400405884,335.2419090270996,146.37503385543823,115.38821447421998,31.96471405029297,31.14761734008789,44.63089748460746,0.2770188809658245,0.2699375970242341,0.3867890467668073,192,125.02003672626098,0.2685976188759127,0.1748922329197811,0.4289660047728884,1,124,164.87033704532735,2.7761506134990412,38.9538976474174,0,1,6,9,9
688,22.9,0,1,327.7283477783203,131.35997772216797,342.7554702758789,161.3900899887085,361.02752685546875,173.39890480041504,456.7043685913086,53.151594400405884,335.2419090270996,146.37503385543823,115.38821447421998,31.96471405029297,31.14761734008789,44.63089748460746,0.2770188809658245,0.2699375970242341,0.3867890467668073,192,125.02003672626098,0.2685976188759127,0.1748922329197811,0.4289660047728884,1,125,164.87033704532735,2.7761506134990412,38.9538976474174,0,0,6,9,9
689,22.933333333333334,0,1,327.7283477783203,131.35997772216797,342.7554702758789,161.3900899887085,361.02752685546875,173.39890480041504,456.7043685913086,53.151594400405884,335.2419090270996,146.37503385543823,115.38821447421998,31.96471405029297,31.14761734008789,44.63089748460746,0.2770188809658245,0.2699375970242341,0.3867890467668073,192,125.02003672626098,0.2685976188759127,0.1748922329197811,0.4289660047728884,1,126,164.87033704532735,2.7761506134990412,38.9538976474174,0,0,6,9,9
690,22.966666666666665,1,1,327.31773376464844,130.29460430145264,344.16858673095703,156.23140811920166,362.8988265991211,167.9176139831543,458.25645446777344,54.59741234779358,335.74316024780273,143.26300621032715,115.38821447421998,31.96471405029297,31.14761734008789,44.63089748460746,0.2770188809658245,0.2699375970242341,0.3867890467668073,192,125.4094133607514,0.24663273723715615,0.17603857965911474,0.4129135847101684,1,127,161.92205569522977,14.365792900382374,38.378565847528236,0,-1,6,10,10
691,23.0,0,1,327.31773376464844,130.29460430145264,344.16858673095703,156.23140811920166,362.8988265991211,167.9176139831543,458.25645446777344,54.59741234779358,335.74316024780273,143.26300621032715,115.38821447421998,31.96471405029297,31.14761734008789,44.63089748460746,0.2770188809658245,0.2699375970242341,0.3867890467668073,192,125.4094133607514,0.24663273723715615,0.17603857965911474,0.4129135847101684,1,128,161.92205569522977,14.365792900382374,38.378565847528236,0,0,6,10,10
692,23.033333333333335,0,1,327.31773376464844,130.29460430145264,344.16858673095703,156.23140811920166,362.8988265991211,167.9176139831543,458.25645446777344,54.59741234779358,335.74316024780273,143.26300621032715,115.38821447421998,31.96471405029297,31.14761734008789,44.63089748460746,0.2770188809658245,0.2699375970242341,0.3867890467668073,192,125.4094133607514,0.24663273723715615,0.17603857965911474,0.4129135847101684,1,129,161.92205569522977,14.365792900382374,38.378565847528236,0,0,6,10,10
693,23.066666666666666,1,1,328.2764434814453,126.02501392364502,343.2972717285156,159.46303367614746,360.2376937866211,176.0379409790039,457.6626205444336,53.23776125907898,335.78685760498047,142.74402379989624,115.38821447421998,31.96471405029297,31.14761734008789,44.63089748460746,0.2770188809658245,0.2699375970242341,0.3867890467668073,192,123.80862821739785,0.29607689707662,0.19142709455895754,0.4793955179898999,1,130,161.03945561381212,2.9048141809179127,52.8751516523268,0,0,6,10,10
694,23.1,0,1,328.2764434814453,126.02501392364502,343.2972717285156,159.46303367614746,360.2376937866211,176.0379409790039,457.6626205444336,53.23776125907898,335.78685760498047,142.74402379989624,115.38821447421998,31.96471405029297,31.14761734008789,44.63089748460746,0.2770188809658245,0.2699375970242341,0.3867890467668073,192,123.80862821739785,0.29607689707662,0.19142709455895754,0.4793955179898999,1,131,161.03945561381212,2.9048141809179127,52.8751516523268,0,0,6,10,10
695,23.133333333333333,0,1,328.2764434814453,126.02501392364502,343.2972717285156,159.46303367614746,360.2376937866211,176.0379409790039,457.6626205444336,53.23776125907898,335.78685760498047,142.74402379989624,115.38821447421998,31.96471405029297,31.14761734008789,44.63089748460746,0.2770188809658245,0.2699375970242341,0.3867890467668073,192,123.80862821739785,0.29607689707662,0.19142709455895754,0.4793955179898999,1,132,161.03945561381212,2.9048141809179127,52.8751516523268,0,0,6,10,10
696,23.166666666666668,1,1,329.73155975341797,126.15167140960693,343.1802749633789,157.87017345428467,359.6787643432617,176.67982578277588,458.1307601928711,55.729451179504395,336.45591735839844,142.0109224319458,115.38821447421998,31.96471405029297,31.14761734008789,44.63089748460746,0.2770188809658245,0.2699375970242341,0.3867890467668073,192,120.6896659418018,0.28545832189927467,0.20730901201114393,0.48667049970523574,1,133,159.1201486858731,13.675110490958193,59.92217778267765,0,0,6,10,10
697,23.2,0,1,329.73155975341797,126.15167140960693,343.1802749633789,157.87017345428467,359.6787643432617,176.67982578277588,458.1307601928711,55.729451179504395,336.45591735839844,142.0109224319458,115.38821447421998,31.96471405029297,31.14761734008789,44.63089748460746,0.2770188809658245,0.2699375970242341,0.3867890467668073,192,120.6896659418018,0.28545832189927467,0.20730901201114393,0.48667049970523574,1,134,159.1201486858731,13.675110490958193,59.92217778267765,0,0,6,10,10
698,23.233333333333334,0,1,329.73155975341797,126.15167140960693,343.1802749633789,157.87017345428467,359.6787643432617,176.67982578277588,458.1307601928711,55.729451179504395,336.45591735839844,142.0109224319458,115.38821447421998,31.96471405029297,31.14761734008789,44.63089748460746,0.2770188809658245,0.2699375970242341,0.3867890467668073,192,120.6896659418018,0.28545832189927467,0.20730901201114393,0.48667049970523574,1,135,159.1201486858731,13.675110490958193,59.92217778267765,0,0,6,10,10
699,23.266666666666666,1,1,330.50453186035156,134.6366786956787,345.76465606689453,152.02863693237305,362.0965576171875,172.33619213104248,460.1791000366211,57.381906509399414,338.13459396362305,143.33265781402588,115.38821447421998,31.96471405029297,31.14761734008789,44.63089748460746,0.2770188809658245,0.2699375970242341,0.3867890467668073,192,121.18054452375044,0.19093548718836764,0.21505168843950384,0.4058941641532535,1,136,153.94587119130935,18.218068673367245,47.94499478890108,0,0,6,10,10
700,23.3,0,1,330.50453186035156,134.6366786956787,345.76465606689453,152.02863693237305,362.0965576171875,172.33619213104248,460.1791000366211,57.381906509399414,338.13459396362305,143.33265781402588,115.38821447421998,31.96471405029297,31.14761734008789,44.63089748460746,0.2770188809658245,0.2699375970242341,0.3867890467668073,192,121.18054452375044,0.19093548718836764,0.21505168843950384,0.4058941641532535,1,137,153.94587119130935,18.218068673367245,47.94499478890108,0,0,6,10,10
701,23.333333333333332,0,1,330.50453186035156,134.6366786956787,345.76465606689453,152.02863693237305,362.0965576171875,172.33619213104248,460.1791000366211,57.381906509399414,338.13459396362305,143.33265781402588,115.38821447421998,31.96471405029297,31.14761734008789,44.63089748460746,0.2770188809658245,0.2699375970242341,0.3867890467668073,192,121.18054452375044,0.19093548718836764,0.21505168843950384,0.4058941641532535,1,138,153.94587119130935,18.218068673367245,47.94499478890108,0,0,6,10,10
702,23.366666666666667,1,1,332.6842498779297,139.24617290496826,345.58326721191406,150.45033931732178,363.9786148071289,170.41819095611572,460.6982421875,58.120025396347046,339.1337585449219,144.84825611114502,115.38821447421998,31.96471405029297,31.14761734008789,44.63089748460746,0.2770188809658245,0.2699375970242341,0.3867890467668073,192,119.6804300356897,0.14276024721764569,0.22685127111685868,0.3690702624480942,1,139,156.74678541544662,29.89923273430856,50.368240016607956,0,0,6,10,10
703,23.4,0,1,332.6842498779297,139.24617290496826,345.58326721191406,150.45033931732178,363.9786148071289,170.41819095611572,460.6982421875,58.120025396347046,339.1337585449219,144.84825611114502,115.38821447421998,31.96471405029297,31.14761734008789,44.63089748460746,0.2770188809658245,0.2699375970242341,0.3867890467668073,192,119.6804300356897,0.14276024721764569,0.22685127111685868,0.3690702624480942,1,140,156.74678541544662,29.89923273430856,50.368240016607956,0,0,6,10,10
704,23.433333333333334,0,1,332.6842498779297,139.24617290496826,345.58326721191406,150.45033931732178,363.9786148071289,170.41819095611572,460.6982421875,58.120025396347046,339.1337585449219,144.84825611114502,115.38821447421998,31.96471405029297,31.14761734008789,44.63089748460746,0.2770188809658245,0.2699375970242341,0.3867890467668073,192,119.6804300356897,0.14276024721764569,0.22685127111685868,0.3690702624480942,1,141,156.74678541544662,29.89923273430856,50.368240016607956,0,0,6,10,10
705,23.466666666666665,1,1,334.5808792114258,142.62441158294678,344.02992248535156,146.3998031616211,360.0669860839844,169.61747646331787,464.2039108276367,62.25736141204834,339.3054008483887,144.51210737228394,115.38821447421998,31.96471405029297,31.14761734008789,44.63089748460746,0.2770188809658245,0.2699375970242341,0.3867890467668073,192,118.73028808562522,0.08570148850307145,0.23766355599399913,0.31267231740468504,1,142,152.413132133688,51.22492724488004,68.82840019556728,0,0,6,10,10
706,23.5,0,1,334.5808792114258,142.62441158294678,344.02992248535156,146.3998031616211,360.0669860839844,169.61747646331787,464.2039108276367,62.25736141204834,339.3054008483887,144.51210737228394,115.38821447421998,31.96471405029297,31.14761734008789,44.63089748460746,0.2770188809658245,0.2699375970242341,0.3867890467668073,192,118.73028808562522,0.08570148850307145,0.23766355599399913,0.31267231740468504,1,143,152.413132133688,51.22492724488004,68.82840019556728,0,0,6,10,10
707,23.533333333333335,0,1,334.5808792114258,142.62441158294678,344.02992248535156,146.3998031616211,360.0669860839844,169.61747646331787,464.2039108276367,62.25736141204834,339.3054008483887,144.51210737228394,115.38821447421998,31.96471405029297,31.14761734008789,44.63089748460746,0.2770188809658245,0.2699375970242341,0.3867890467668073,192,118.73028808562522,0.08570148850307145,0.23766355599399913,0.31267231740468504,1,144,152.413132133688,51.22492724488004,68.82840019556728,0,0,6,10,10
708,23.566666666666666,1,1,335.5717468261719,143.6348819732666,342.2901916503906,147.96524047851562,358.61541748046875,172.3974323272705,465.8152770996094,66.44317388534546,338.93096923828125,145.8000612258911,115.38821447421998,31.96471405029297,31.14761734008789,44.63089748460746,0.2770188809658245,0.2699375970242341,0.3867890467668073,192,118.306617485208,0.067562502327591,0.24837524077352885,0.3115214983417759,1,145,149.23954846919324,64.29896771882117,78.9730589549456,0,0,6,10,10
709,23.6,0,1,335.5717468261719,143.6348819732666,342.2901916503906,147.96524047851562,358.61541748046875,172.3974323272705,465.8152770996094,66.44317388534546,338.93096923828125,145.8000612258911,115.38821447421998,31.96471405029297,31.14761734008789,44.63089748460746,0.2770188809658245,0.2699375970242341,0.3867890467668073,192,118.306617485208,0.067562502327591,0.24837524077352885,0.3115214983417759,1,146,149.23954846919324,64.29896771882117,78.9730589549456,0,0,6,10,10
710,23.633333333333333,0,1,335.5717468261719,143.6348819732666,342.2901916503906,147.96524047851562,358.61541748046875,172.3974323272705,465.8152770996094,66.44317388534546,338.93096923828125,145.8000612258911,115.38821447421998,31.96471405029297,31.14761734008789,44.63089748460746,0.2770188809658245,0.2699375970242341,0.3867890467668073,192,118.306617485208,0.067562502327591,0.24837524077352885,0.3115214983417759,1,147,149.23954846919324,64.29896771882117,78.9730589549456,0,0,6,10,10
711,23.666666666666668,1,1,332.8685760498047,144.8629903793335,335.51753997802734,152.1601438522339,352.2404098510742,172.09221839904785,474.3375015258789,68.8766098022461,334.193058013916,148.5115671157837,115.38821447421998,31.96471405029297,31.14761734008789,44.63089748460746,0.2770188809658245,0.2699375970242341,0.3867890467668073,192,121.20240073745936,0.06405057176623336,0.21466661049536945,0.27571272023324017,1,148,153.67685156679175,89.12195660757148,94.22893304468141,-1,1,6,11,11
712,23.7,0,1,332.8685760498047,144.8629903793335,335.51753997802734,152.1601438522339,352.2404098510742,172.09221839904785,474.3375015258789,68.8766098022461,334.193058013916,148.5115671157837,115.38821447421998,31.96471405029297,31.14761734008789,44.63089748460746,0.2770188809658245,0.2699375970242341,0.3867890467668073,192,121.20240073745936,0.06405057176623336,0.21466661049536945,0.27571272023324017,1,149,153.67685156679175,89.12195660757148,94.22893304468141,0,0,6,11,11
713,23.733333333333334,0,1,332.8685760498047,144.8629903793335,335.51753997802734,152.1601438522339,352.2404098510742,172.09221839904785,474.3375015258789,68.8766098022461,334.193058013916,148.5115671157837,115.38821447421998,31.96471405029297,31.14761734008789,44.63089748460746,0.2770188809658245,0.2699375970242341,0.3867890467668073,192,121.20240073745936,0.06405057176623336,0.21466661049536945,0.27571272023324017,1,150,153.67685156679175,89.12195660757148,94.22893304468141,0,0,6,11,11
714,23.766666666666666,1,1,334.47315216064453,145.11537551879883,332.05650329589844,152.6268482208252,351.5763473510742,170.81811904907227,475.78739166259766,69.60955381393433,333.2648277282715,148.871111869812,115.38821447421998,31.96471405029297,31.14761734008789,44.63089748460746,0.2770188809658245,0.2699375970242341,0.3867890467668073,192,118.32239408972258,0.06668774443546899,0.2255053116300804,0.2609238322386751,1,151,149.696767020609,101.2901930224006,98.94727424955964,0,0,6,11,11
715,23.8,0,1,334.47315216064453,145.11537551879883,332.05650329589844,152.6268482208252,351.5763473510742,170.81811904907227,475.78739166259766,69.60955381393433,333.2648277282715,148.871111869812,115.38821447421998,31.96471405029297,31.14761734008789,44.63089748460746,0.2770188809658245,0.2699375970242341,0.3867890467668073,192,118.32239408972258,0.06668774443546899,0.2255053116300804,0.2609238322386751,1,152,149.696767020609,101.2901930224006,98.94727424955964,0,0,6,11,11
716,23.833333333333332,0,1,334.47315216064453,145.11537551879883,332.05650329589844,152.6268482208252,351.5763473510742,170.81811904907227,475.78739166259766,69.60955381393433,333.2648277282715,148.871111869812,115.38821447421998,31.96471405029297,31.14761734008789,44.63089748460746,0.2770188809658245,0.2699375970242341,0.3867890467668073,192,118.32239408972258,0.06668774443546899,0.2255053116300804,0.2609238322386751,1,153,149.696767020609,101.2901930224006,98.94727424955964,0,0,6,11,11
717,23.866666666666667,1,1,332.9722213745117,131.8544626235962,336.0858154296875,140.01131057739258,354.1627883911133,154.0052318572998,482.09861755371094,61.89485549926758,334.5290184020996,135.93288660049438,115.38821447421998,31.96471405029297,31.14761734008789,44.63089748460746,0.2770188809658245,0.2699375970242341,0.3867890467668073,192,116.60965237117608,0.07487288627964822,0.1960437588849744,0.26288109316947744,1,154,157.9584588164811,97.64952896218745,99.0362975817912,0,-1,6,12,12
718,23.9,0,1,332.9722213745117,131.8544626235962,336.0858154296875,140.01131057739258,354.1627883911133,154.0052318572998,482.09861755371094,61.89485549926758,334.5290184020996,135.93288660049438,115.38821447421998,31.96471405029297,31.14761734008789,44.63089748460746,0.2770188809658245,0.2699375970242341,0.3867890467668073,192,116.60965237117608,0.07487288627964822,0.1960437588849744,0.26288109316947744,1,155,157.9584588164811,97.64952896218745,99.0362975817912,0,0,6,12,12
719,23.933333333333334,0,1,332.9722213745117,131.8544626235962,336.0858154296875,140.01131057739258,354.1627883911133,154.0052318572998,482.09861755371094,61.89485549926758,334.5290184020996,135.93288660049438,115.38821447421998,31.96471405029297,31.14761734008789,44.63089748460746,0.2770188809658245,0.2699375970242341,0.3867890467668073,192,116.60965237117608,0.07487288627964822,0.1960437588849744,0.26288109316947744,1,156,157.9584588164811,97.64952896218745,99.0362975817912,0,0,6,12,12
720,23.966666666666665,1,1,342.9468536376953,104.0764331817627,343.05850982666016,114.34018850326538,364.98104095458984,128.3684492111206,486.8871307373047,36.19712233543396,343.00268173217773,109.20831084251404,115.38821447421998,31.96471405029297,31.14761734008789,44.63089748460746,0.2770188809658245,0.2699375970242341,0.3867890467668073,192,108.05868192700696,0.09498878254756192,0.2408571563851549,0.30350596830533716,1,157,153.66302307553426,95.36706511927537,89.71697843483282,1,-1,7,12,12
721,24.0,0,1,342.9468536376953,104.0764331817627,343.05850982666016,114.34018850326538,364.98104095458984,128.3684492111206,486.8871307373047,36.19712233543396,343.00268173217773,109.20831084251404,115.38821447421998,31.96471405029297,31.14761734008789,44.63089748460746,0.2770188809658245,0.2699375970242341,0.3867890467668073,192,108.05868192700696,0.09498878254756192,0.2408571563851549,0.30350596830533716,1,158,153.66302307553426,95.36706511927537,89.71697843483282,0,0,7,12,12
722,24.033333333333335,0,1,342.9468536376953,104.0764331817627,343.05850982666016,114.34018850326538,364.98104095458984,128.3684492111206,486.8871307373047,36.19712233543396,343.00268173217773,109.20831084251404,115.38821447421998,31.96471405029297,31.14761734008789,44.63089748460746,0.2770188809658245,0.2699375970242341,0.3867890467668073,192,108.05868192700696,0.09498878254756192,0.2408571563851549,0.30350596830533716,1,159,153.66302307553426,95.36706511927537,89.71697843483282,0,0,7,12,12
723,24.066666666666666,1,1,352.5347137451172,70.32202005386353,347.7543258666992,86.24643802642822,371.2480926513672,100.70942401885986,482.1934127807617,-0.9066247567534447,350.1445198059082,78.28422904014587,115.38821447421998,31.96471405029297,31.14761734008789,44.63089748460746,0.2770188809658245,0.2699375970242341,0.3867890467668073,192,101.35253797445864,0.1640458251076843,0.2722050825487973,0.3521107765863355,1,160,154.7206073702331,112.3083110689148,100.60235375559552,1,-1,7,12,12
724,24.1,0,1,352.5347137451172,70.32202005386353,347.7543258666992,86.24643802642822,371.2480926513672,100.70942401885986,482.1934127807617,-0.9066247567534447,350.1445198059082,78.28422904014587,115.38821447421998,31.96471405029297,31.14761734008789,44.63089748460746,0.2770188809658245,0.2699375970242341,0.3867890467668073,192,101.35253797445864,0.1640458251076843,0.2722050825487973,0.3521107765863355,1,161,154.7206073702331,112.3083110689148,100.60235375559552,0,0,7,12,12
725,24.133333333333333,0,1,352.5347137451172,70.32202005386353,347.7543258666992,86.24643802642822,371.2480926513672,100.70942401885986,482.1934127807617,-0.9066247567534447,350.1445198059082,78.28422904014587,115.38821447421998,31.96471405029297,31.14761734008789,44.63089748460746,0.2770188809658245,0.2699375970242341,0.3867890467668073,192,101.35253797445864,0.1640458251076843,0.2722050825487973,0.3521107765863355,1,162,154.7206073702331,112.3083110689148,100.60235375559552,0,0,7,12,12
726,24.166666666666668,1,1,368.59058380126953,49.22178626060486,366.01837158203125,76.07714653015137,384.12391662597656,84.72359418869019,479.0085220336914,-37.64644503593445,367.3044776916504,62.64946639537811,115.38821447421998,31.96471405029297,31.14761734008789,44.63089748460746,0.2770188809658245,0.2699375970242341,0.3867890467668073,192,103.5883164889923,0.26043731066598796,0.19369165485606102,0.374089428406098,1,163,167.45603838506005,128.4243484441153,113.375132291259,1,-1,7,12,12
727,24.2,0,1,368.59058380126953,49.22178626060486,366.01837158203125,76.07714653015137,384.12391662597656,84.72359418869019,479.0085220336914,-37.64644503593445,367.3044776916504,62.64946639537811,115.38821447421998,31.96471405029297,31.14761734008789,44.63089748460746,0.2770188809658245,0.2699375970242341,0.3867890467668073,192,103.5883164889923,0.26043731066598796,0.19369165485606102,0.374089428406098,1,164,167.45603838506005,128.4243484441153,113.375132291259,0,0,7,12,12
728,24.233333333333334,0,1,368.59058380126953,49.22178626060486,366.01837158203125,76.07714653015137,384.12391662597656,84.72359418869019,479.0085220336914,-37.64644503593445,367.3044776916504,62.64946639537811,115.38821447421998,31.96471405029297,31.14761734008789,44.63089748460746,0.2770188809658245,0.2699375970242341,0.3867890467668073,192,103.5883164889923,0.26043731066598796,0.19369165485606102,0.374089428406098,1,165,167.45603838506005,128.4243484441153,113.375132291259,0,0,7,12,12
729,24.266666666666666,1,1,381.38824462890625,49.33176040649414,382.0686340332031,65.51033735275269,398.9457321166992,78.42443704605103,475.4065704345703,-53.30367922782898,381.7284393310547,57.42104887962341,115.38821447421998,31.96471405029297,31.14761734008789,44.63089748460746,0.2770188809658245,0.2699375970242341,0.3867890467668073,192,103.34314143266197,0.15669039353802708,0.20563655201424125,0.32880875334749055,1,166,165.66367864042985,125.2134522877167,114.61424444837944,1,-1,7,12,12
730,24.3,0,1,381.38824462890625,49.33176040649414,382.0686340332031,65.51033735275269,398.9457321166992,78.42443704605103,475.4065704345703,-53.30367922782898,381.7284393310547,57.42104887962341,115.38821447421998,31.96471405029297,31.14761734008789,44.63089748460746,0.2770188809658245,0.2699375970242341,0.3867890467668073,192,103.34314143266197,0.15669039353802708,0.20563655201424125,0.32880875334749055,1,167,165.66367864042985,125.2134522877167,114.61424444837944,0,0,7,12,12
731,24.333333333333332,0,1,381.38824462890625,49.33176040649414,382.0686340332031,65.51033735275269,398.9457321166992,78.42443704605103,475.4065704345703,-53.30367922782898,381.7284393310547,57.42104887962341,115.38821447421998,31.96471405029297,31.14761734008789,44.63089748460746,0.2770188809658245,0.2699375970242341,0.3867890467668073,192,103.34314143266197,0.15669039353802708,0.20563655201424125,0.32880875334749055,1,168,165.66367864042985,125.2134522877167,114.61424444837944,0,0,7,12,12
732,24.366666666666667,1,1,384.47147369384766,55.33431529998779,393.85223388671875,62.32601881027222,411.42601013183594,76.90508365631104,469.8262405395508,-54.32052969932556,389.1618537902832,58.830167055130005,115.38821447421998,31.96471405029297,31.14761734008789,44.63089748460746,0.2770188809658245,0.2699375970242341,0.3867890467668073,192,103.39549348002363,0.11315466949434515,0.22084032723940852,0.3338937532933851,1,169,167.1778933482933,94.48093623677386,99.99760382726109,1,0,7,12,12
733,24.4,0,1,384.47147369384766,55.33431529998779,393.85223388671875,62.32601881027222,411.42601013183594,76.90508365631104,469.8262405395508,-54.32052969932556,389.1618537902832,58.830167055130005,115.38821447421998,31.96471405029297,31.14761734008789,44.63089748460746,0.2770188809658245,0.2699375970242341,0.3867890467668073,192,103.39549348002363,0.11315466949434515,0.22084032723940852,0.3338937532933851,1,170,167.1778933482933,94.48093623677386,99.99760382726109,0,0,7,12,12
734,24.433333333333334,0,1,384.47147369384766,55.33431529998779,393.85223388671875,62.32601881027222,411.42601013183594,76.90508365631104,469.8262405395508,-54.32052969932556,389.1618537902832,58.830167055130005,115.38821447421998,31.96471405029297,31.14761734008789,44.63089748460746,0.2770188809658245,0.2699375970242341,0.3867890467668073,192,103.39549348002363,0.11315466949434515,0.22084032723940852,0.3338937532933851,1,171,167.1778933482933,94.48093623677386,99.99760382726109,0,0,7,12,12
735,24.466666666666665,1,1,392.00721740722656,70.65505743026733,396.0737991333008,81.41062259674072,417.40692138671875,90.95762729644775,462.6219177246094,-43.355473279953,394.0405082702637,76.03284001350403,115.38821447421998,31.96471405029297,31.14761734008789,44.63089748460746,0.2770188809658245,0.2699375970242341,0.3867890467668073,192,100.56561479346962,0.11433991444196391,0.23240484625353572,0.32333869079536853,1,172,155.79106059692154,105.46510189870048,104.89518893627204,1,1,7,13,13
736,24.5,0,1,392.00721740722656,70.65505743026733,396.0737991333008,81.41062259674072,417.40692138671875,90.95762729644775,462.6219177246094,-43.355473279953,394.0405082702637,76.03284001350403,115.38821447421998,31.96471405029297,31.14761734008789,44.63089748460746,0.2770188809658245,0.2699375970242341,0.3867890467668073,192,100.56561479346962,0.11433991444196391,0.23240484625353572,0.32333869079536853,1,173,155.79106059692154,105.46510189870048,104.89518893627204,0,0,7,13,13
737,24.533333333333335,0,1,392.00721740722656,70.65505743026733,396.0737991333008,81.41062259674072,417.40692138671875,90.95762729644775,462.6219177246094,-43.355473279953,394.0405082702637,76.03284001350403,115.38821447421998,31.96471405029297,31.14761734008789,44.63089748460746,0.2770188809658245,0.2699375970242341,0.3867890467668073,192,100.56561479346962,0.11433991444196391,0.23240484625353572,0.32333869079536853,1,174,155.79106059692154,105.46510189870048,104.89518893627204,0,0,7,13,13
738,24.566666666666666,1,1,391.86710357666016,69.41795110702515,401.4377212524414,83.99052143096924,420.291748046875,95.12902736663818,464.7896957397461,-30.69758892059326,396.6524124145508,76.70423626899719,115.38821447421998,31.96471405029297,31.14761734008789,44.63089748460746,0.2770188809658245,0.2699375970242341,0.3867890467668073,192,96.22928676888557,0.18117508385901385,0.2275649870809826,0.3982965696402912,1,175,158.07675312846516,65.03950396712928,88.71574774692112,1,0,7,13,13
739,24.6,0,1,391.86710357666016,69.41795110702515,401.4377212524414,83.99052143096924,420.291748046875,95.12902736663818,464.7896957397461,-30.69758892059326,396.6524124145508,76.70423626899719,115.38821447421998,31.96471405029297,31.14761734008789,44.63089748460746,0.2770188809658245,0.2699375970242341,0.3867890467668073,192,96.22928676888557,0.18117508385901385,0.2275649870809826,0.3982965696402912,1,176,158.07675312846516,65.03950396712928,88.71574774692112,0,0,7,13,13
740,24.633333333333333,0,1,391.86710357666016,69.41795110702515,401.4377212524414,83.99052143096924,420.291748046875,95.12902736663818,464.7896957397461,-30.69758892059326,396.6524124145508,76.70423626899719,115.38821447421998,31.96471405029297,31.14761734008789,44.63089748460746,0.2770188809658245,0.2699375970242341,0.3867890467668073,192,96.22928676888557,0.18117508385901385,0.2275649870809826,0.3982965696402912,1,177,158.07675312846516,65.03950396712928,88.71574774692112,0,0,7,13,13
741,24.666666666666668,1,1,388.94275665283203,72.87129878997803,398.3788299560547,82.32027053833008,414.9121856689453,90.15815734863281,460.08724212646484,-28.38694989681244,393.66079330444336,77.59578466415405,115.38821447421998,31.96471405029297,31.14761734008789,44.63089748460746,0.2770188809658245,0.2699375970242341,0.3867890467668073,192,96.3958478622216,0.13853030840846617,0.18981224573018296,0.3236332595049593,1,178,164.78980229308394,57.29514432129313,79.70592459108218,-1,0,8,13,13
742,24.7,0,1,388.94275665283203,72.87129878997803,398.3788299560547,82.32027053833008,414.9121856689453,90.15815734863281,460.08724212646484,-28.38694989681244,393.66079330444336,77.59578466415405,115.38821447421998,31.96471405029297,31.14761734008789,44.63089748460746,0.2770188809658245,0.2699375970242341,0.3867890467668073,192,96.3958478622216,0.13853030840846617,0.18981224573018296,0.3236332595049593,1,179,164.78980229308394,57.29514432129313,79.70592459108218,0,0,8,13,13
743,24.733333333333334,0,1,388.94275665283203,72.87129878997803,398.3788299560547,82.32027053833008,414.9121856689453,90.15815734863281,460.08724212646484,-28.38694989681244,393.66079330444336,77.59578466415405,115.38821447421998,31.96471405029297,31.14761734008789,44.63089748460746,0.2770188809658245,0.2699375970242341,0.3867890467668073,192,96.3958478622216,0.13853030840846617,0.18981224573018296,0.3236332595049593,1,180,164.78980229308394,57.29514432129313,79.70592459108218,0,0,8,13,13
744,24.766666666666666,1,1,393.59657287597656,71.6077709197998,400.382080078125,82.85862922668457,418.19149017333984,87.60146856307983,466.9968032836914,-37.827486991882324,396.9893264770508,77.23320007324219,115.38821447421998,31.96471405029297,31.14761734008789,44.63089748460746,0.2770188809658245,0.2699375970242341,0.3867890467668073,192,92.97464065020628,0.14131466635625742,0.19822747074275424,0.31554659079162095,1,181,165.9044684613862,127.97745221189513,112.55070602435647,1,0,9,13,13
745,24.8,0,1,393.59657287597656,71.6077709197998,400.382080078125,82.85862922668457,418.19149017333984,87.60146856307983,466.9968032836914,-37.827486991882324,396.9893264770508,77.23320007324219,115.38821447421998,31.96471405029297,31.14761734008789,44.63089748460746,0.2770188809658245,0.2699375970242341,0.3867890467668073,192,92.97464065020628,0.14131466635625742,0.19822747074275424,0.31554659079162095,1,182,165.9044684613862,127.97745221189513,112.55070602435647,0,0,9,13,13
746,24.833333333333332,0,1,393.59657287597656,71.6077709197998,400.382080078125,82.85862922668457,418.19149017333984,87.60146856307983,466.9968032836914,-37.827486991882324,396.9893264770508,77.23320007324219,115.38821447421998,31.96471405029297,31.14761734008789,44.63089748460746,0.2770188809658245,0.2699375970242341,0.3867890467668073,192,92.97464065020628,0.14131466635625742,0.19822747074275424,0.31554659079162095,1,183,165.9044684613862,127.97745221189513,112.55070602435647,0,0,9,13,13
747,24.866666666666667,1,1,413.9659881591797,54.87282156944275,418.53878021240234,66.30398511886597,437.15457916259766,70.72893619537354,481.50585174560547,-55.682398080825806,416.252384185791,60.58840334415436,115.38821447421998,31.96471405029297,31.14761734008789,44.63089748460746,0.2770188809658245,0.2699375970242341,0.3867890467668073,192,86.02554687036303,0.14311866289090067,0.22242783051578538,0.3265472595520807,1,184,175.99058456129356,131.99972558208594,113.87745548289833,1,-1,9,14,14
748,24.9,0,1,413.9659881591797,54.87282156944275,418.53878021240234,66.30398511886597,437.15457916259766,70.72893619537354,481.50585174560547,-55.682398080825806,416.252384185791,60.58840334415436,115.38821447421998,31.96471405029297,31.14761734008789,44.63089748460746,0.2770188809658245,0.2699375970242341,0.3867890467668073,192,86.02554687036303,0.14311866289090067,0.22242783051578538,0.3265472595520807,1,185,175.99058456129356,131.99972558208594,113.87745548289833,0,0,9,14,14
749,24.933333333333334,0,1,413.9659881591797,54.87282156944275,418.53878021240234,66.30398511886597,437.15457916259766,70.72893619537354,481.50585174560547,-55.682398080825806,416.252384185791,60.58840334415436,115.38821447421998,31.96471405029297,31.14761734008789,44.63089748460746,0.2770188809658245,0.2699375970242341,0.3867890467668073,192,86.02554687036303,0.14311866289090067,0.22242783051578538,0.3265472595520807,1,186,175.99058456129356,131.99972558208594,113.87745548289833,0,0,9,14,14
750,24.966666666666665,1,1,438.01490783691406,38.87594819068909,447.75028228759766,50.36641001701355,467.63526916503906,51.059406995773315,519.619255065918,-63.708035945892334,442.88259506225586,44.62117910385132,115.38821447421998,31.96471405029297,31.14761734008789,44.63089748460746,0.2770188809658245,0.2699375970242341,0.3867890467668073,192,75.35295323761507,0.1998614921736258,0.26405147935053314,0.4250417520768473,1,187,171.8641647971768,140.7351176087963,112.55073560698939,1,-1,9,14,14
751,25.0,0,1,438.01490783691406,38.87594819068909,447.75028228759766,50.36641001701355,467.63526916503906,51.059406995773315,519.619255065918,-63.708035945892334,442.88259506225586,44.62117910385132,115.38821447421998,31.96471405029297,31.14761734008789,44.63089748460746,0.2770188809658245,0.2699375970242341,0.3867890467668073,192,75.35295323761507,0.1998614921736258,0.26405147935053314,0.4250417520768473,1,188,171.8641647971768,140.7351176087963,112.55073560698939,0,0,9,14,14
752,25.033333333333335,0,1,438.01490783691406,38.87594819068909,447.75028228759766,50.36641001701355,467.63526916503906,51.059406995773315,519.619255065918,-63.708035945892334,442.88259506225586,44.62117910385132,115.38821447421998,31.96471405029297,31.14761734008789,44.63089748460746,0.2770188809658245,0.2699375970242341,0.3867890467668073,192,75.35295323761507,0.1998614921736258,0.26405147935053314,0.4250417520768473,1,189,171.8641647971768,140.7351176087963,112.55073560698939,0,0,9,14,14
753,25.066666666666666,1,1,452.92259216308594,31.840624809265137,455.88428497314453,45.465474128723145,474.79190826416016,46.94313168525696,529.5593643188477,-68.87972831726074,454.40343856811523,38.65304946899414,115.38821447421998,31.96471405029297,31.14761734008789,44.63089748460746,0.2770188809658245,0.2699375970242341,0.3867890467668073,192,71.12945448099182,0.1960233235416574,0.26663041420875305,0.37364685148726673,1,190,169.96892730591682,147.02834495115488,127.18603297170058,1,-1,9,14,14
754,25.1,0,1,452.92259216308594,31.840624809265137,455.88428497314453,45.465474128723145,474.79190826416016,46.94313168525696,529.5593643188477,-68.87972831726074,454.40343856811523,38.65304946899414,115.38821447421998,31.96471405029297,31.14761734008789,44.63089748460746,0.2770188809658245,0.2699375970242341,0.3867890467668073,192,71.12945448099182,0.1960233235416574,0.26663041420875305,0.37364685148726673,1,191,169.96892730591682,147.02834495115488,127.18603297170058,0,0,9,14,14
755,25.133333333333333,0,1,452.92259216308594,31.840624809265137,455.88428497314453,45.465474128723145,474.79190826416016,46.94313168525696,529.5593643188477,-68.87972831726074,454.40343856811523,38.65304946899414,115.38821447421998,31.96471405029297,31.14761734008789,44.63089748460746,0.2770188809658245,0.2699375970242341,0.3867890467668073,192,71.12945448099182,0.1960233235416574,0.26663041420875305,0.37364685148726673,1,192,169.96892730591682,147.02834495115488,127.18603297170058,0,0,9,14,14
756,25.166666666666668,1,0,,,,,,,,,,,,,,,,,,0,,,,,0,192,,,,0,0,9,14,14
757,25.2,0,0,,,,,,,,,,,,,,,,,,0,,,,,0,192,,,,0,0,9,14,14
758,25.233333333333334,0,0,,,,,,,,,,,,,,,,,,0,,,,,0,192,,,,0,0,9,14,14
759,25.266666666666666,1,0,,,,,,,,,,,,,,,,,,0,,,,,0,192,,,,0,0,9,14,14
760,25.3,0,0,,,,,,,,,,,,,,,,,,0,,,,,0,192,,,,0,0,9,14,14
761,25.333333333333332,0,0,,,,,,,,,,,,,,,,,,0,,,,,0,192,,,,0,0,9,14,14
762,25.366666666666667,1,0,,,,,,,,,,,,,,,,,,0,,,,,0,192,,,,0,0,9,14,14
763,25.4,0,0,,,,,,,,,,,,,,,,,,0,,,,,0,192,,,,0,0,9,14,14
764,25.433333333333334,0,0,,,,,,,,,,,,,,,,,,0,,,,,0,192,,,,0,0,9,14,14
765,25.466666666666665,1,0,,,,,,,,,,,,,,,,,,0,,,,,0,192,,,,0,0,9,14,14
766,25.5,0,0,,,,,,,,,,,,,,,,,,0,,,,,0,192,,,,0,0,9,14,14
767,25.533333333333335,0,0,,,,,,,,,,,,,,,,,,0,,,,,0,192,,,,0,0,9,14,14
768,25.566666666666666,1,0,,,,,,,,,,,,,,,,,,0,,,,,0,192,,,,0,0,9,14,14
769,25.6,0,0,,,,,,,,,,,,,,,,,,0,,,,,0,192,,,,0,0,9,14,14
770,25.633333333333333,0,0,,,,,,,,,,,,,,,,,,0,,,,,0,192,,,,0,0,9,14,14
771,25.666666666666668,1,1,490.54588317871094,134.8148775100708,525.2750778198242,148.63693714141846,542.8999710083008,155.7218313217163,578.5666275024414,5.390348732471466,507.9104804992676,141.72590732574463,,,,,,,,0,75.5127786796785,0.4949981756220624,0.2515546927978576,0.7465518832857043,0,0,174.30264036040836,152.9824411435226,131.96264656000417,0,0,0,0,0
772,25.7,0,1,490.54588317871094,134.8148775100708,525.2750778198242,148.63693714141846,542.8999710083008,155.7218313217163,578.5666275024414,5.390348732471466,507.9104804992676,141.72590732574463,,,,,,,,0,75.5127786796785,0.4949981756220624,0.2515546927978576,0.7465518832857043,0,0,174.30264036040836,152.9824411435226,131.96264656000417,0,0,0,0,0
773,25.733333333333334,0,1,490.54588317871094,134.8148775100708,525.2750778198242,148.63693714141846,542.8999710083008,155.7218313217163,578.5666275024414,5.390348732471466,507.9104804992676,141.72590732574463,,,,,,,,0,75.5127786796785,0.4949981756220624,0.2515546927978576,0.7465518832857043,0,0,174.30264036040836,152.9824411435226,131.96264656000417,0,0,0,0,0
774,25.766666666666666,1,1,488.43257904052734,175.65719604492188,520.6546020507812,205.30227184295654,543.7834167480469,218.90912532806396,579.5765686035156,37.40004301071167,504.5435905456543,190.4797339439392,,,,,,,,0,84.61150608330507,0.517477825435283,0.3171491278251998,0.8302133528082958,0,0,178.32847924144937,154.23697052933383,144.49966537193433,0,0,0,0,0
775,25.8,0,1,488.43257904052734,175.65719604492188,520.6546020507812,205.30227184295654,543.7834167480469,218.90912532806396,579.5765686035156,37.40004301071167,504.5435905456543,190.4797339439392,,,,,,,,0,84.61150608330507,0.517477825435283,0.3171491278251998,0.8302133528082958,0,0,178.32847924144937,154.23697052933383,144.49966537193433,0,0,0,0,0
776,25.833333333333332,0,1,488.43257904052734,175.65719604492188,520.6546020507812,205.30227184295654,543.7834167480469,218.90912532806396,579.5765686035156,37.40004301071167,504.5435905456543,190.4797339439392,,,,,,,,0,84.61150608330507,0.517477825435283,0.3171491278251998,0.8302133528082958,0,0,178.32847924144937,154.23697052933383,144.49966537193433,0,0,0,0,0
777,25.866666666666667,1,1,480.28202056884766,200.17943859100342,524.1550445556641,240.31185150146484,554.2847061157227,263.7106990814209,570.7271194458008,67.039954662323,502.21853256225586,220.24564504623413,,,,,,,,0,82.12451829882988,0.7240185386658448,0.46451935409560047,1.1876191869188055,0,0,179.54932602384503,163.66549479616253,162.29166227206352,0,0,0,0,0
778,25.9,0,1,480.28202056884766,200.17943859100342,524.1550445556641,240.31185150146484,554.2847061157227,263.7106990814209,570.7271194458008,67.039954662323,502.21853256225586,220.24564504623413,,,,,,,,0,82.12451829882988,0.7240185386658448,0.46451935409560047,1.1876191869188055,0,0,179.54932602384503,163.66549479616253,162.29166227206352,0,0,0,0,0
779,25.933333333333334,0,1,480.28202056884766,200.17943859100342,524.1550445556641,240.31185150146484,554.2847061157227,263.7106990814209,570.7271194458008,67.039954662323,502.21853256225586,220.24564504623413,,,,,,,,0,82.12451829882988,0.7240185386658448,0.46451935409560047,1.1876191869188055,0,0,179.54932602384503,163.66549479616253,162.29166227206352,0,0,0,0,0
780,25.966666666666665,1,1,476.73973083496094,202.854266166687,520.2315139770508,247.28625297546387,548.9014434814453,268.24130058288574,565.3412246704102,78.51568222045898,498.48562240600586,225.07025957107544,,,,,,,,0,74.53503537887096,0.8341721199598251,0.4764426854941184,1.3064936638354003,0,0,176.7349924577726,166.43915774665948,162.28372613474644,0,0,0,0,0
781,26.0,0,1,476.73973083496094,202.854266166687,520.2315139770508,247.28625297546387,548.9014434814453,268.24130058288574,565.3412246704102,78.51568222045898,498.48562240600586,225.07025957107544,,,,,,,,0,74.53503537887096,0.8341721199598251,0.4764426854941184,1.3064936638354003,0,0,176.7349924577726,166.43915774665948,162.28372613474644,0,0,0,0,0
782,26.033333333333335,0,1,476.73973083496094,202.854266166687,520.2315139770508,247.28625297546387,548.9014434814453,268.24130058288574,565.3412246704102,78.51568222045898,498.48562240600586,225.07025957107544,,,,,,,,0,74.53503537887096,0.8341721199598251,0.4764426854941184,1.3064936638354003,0,0,176.7349924577726,166.43915774665948,162.28372613474644,0,0,0,0,0
783,26.066666666666666,1,1,476.5059280395508,200.356764793396,516.6930389404297,242.74781227111816,541.8072891235352,263.2347106933594,560.0359725952148,81.26472473144531,496.59948348999023,221.55228853225708,,,,,,,,0,71.07657400903703,0.8218230728186386,0.45599370126431177,1.2754224041000346,0,0,176.61187073136884,168.8378382774167,164.22472626071132,0,0,0,0,0
784,26.1,0,1,476.5059280395508,200.356764793396,516.6930389404297,242.74781227111816,541.8072891235352,263.2347106933594,560.0359725952148,81.26472473144531,496.59948348999023,221.55228853225708,,,,,,,,0,71.07657400903703,0.8218230728186386,0.45599370126431177,1.2754224041000346,0,0,176.61187073136884,168.8378382774167,164.22472626071132,0,0,0,0,0
785,26.133333333333333,0,1,476.5059280395508,200.356764793396,516.6930389404297,242.74781227111816,541.8072891235352,263.2347106933594,560.0359725952148,81.26472473144531,496.59948348999023,221.55228853225708,,,,,,,,0,71.07657400903703,0.8218230728186386,0.45599370126431177,1.2754224041000346,0,0,176.61187073136884,168.8378382774167,164.22472626071132,0,0,0,0,0
786,26.166666666666668,1,1,480.11749267578125,197.09901809692383,517.8662490844727,238.8013458251953,541.7948913574219,258.1216335296631,564.5049667358398,78.99155616760254,498.99187088012695,217.95018196105957,,,,,,,,0,72.20139091123573,0.7790696634616412,0.4259575881761578,1.2016838778620118,0,0,176.62170852461932,168.98745542678597,164.05972703990665,0,0,0,0,0
787,26.2,0,1,480.11749267578125,197.09901809692383,517.8662490844727,238.8013458251953,541.7948913574219,258.1216335296631,564.5049667358398,78.99155616760254,498.99187088012695,217.95018196105957,,,,,,,,0,72.20139091123573,0.7790696634616412,0.4259575881761578,1.2016838778620118,0,0,176.62170852461932,168.98745542678597,164.05972703990665,0,0,0,0,0
788,26.233333333333334,0,1,480.11749267578125,197.09901809692383,517.8662490844727,238.8013458251953,541.7948913574219,258.1216335296631,564.5049667358398,78.99155616760254,498.99187088012695,217.95018196105957,,,,,,,,0,72.20139091123573,0.7790696634616412,0.4259575881761578,1.2016838778620118,0,0,176.62170852461932,168.98745542678597,164.05972703990665,0,0,0,0,0
789,26.266666666666666,1,1,483.19061279296875,195.43918132781982,520.0162887573242,237.96505451202393,542.7646255493164,256.0206413269043,565.6525039672852,76.63822174072266,501.6034507751465,216.70211791992188,,,,,,,,0,71.49558632971043,0.7868262275899374,0.4062197225698484,1.1884053316720016,0,0,176.27695182365602,168.5445289668044,164.27413158299828,0,0,0,0,0
790,26.3,0,1,483.19061279296875,195.43918132781982,520.0162887573242,237.96505451202393,542.7646255493164,256.0206413269043,565.6525039672852,76.63822174072266,501.6034507751465,216.70211791992188,,,,,,,,0,71.49558632971043,0.7868262275899374,0.4062197225698484,1.1884053316720016,0,0,176.27695182365602,168.5445289668044,164.27413158299828,0,0,0,0,0
791,26.333333333333332,0,1,483.19061279296875,195.43918132781982,520.0162887573242,237.96505451202393,542.7646255493164,256.0206413269043,565.6525039672852,76.63822174072266,501.6034507751465,216.70211791992188,,,,,,,,0,71.49558632971043,0.7868262275899374,0.4062197225698484,1.1884053316720016,0,0,176.27695182365602,168.5445289668044,164.27413158299828,0,0,0,0,0
792,26.366666666666667,1,1,479.6952438354492,195.8279800415039,520.4454040527344,243.82744789123535,545.3988647460938,260.44032096862793,566.2907409667969,81.06222867965698,500.0703239440918,219.82771396636963,,,,,,,,0,72.75246661597461,0.8654616515847257,0.4120506925798731,1.2666310228166606,0,0,177.87421974617953,168.19973920463806,163.92004354789984,0,0,0,0,0
793,26.4,0,1,479.6952438354492,195.8279800415039,520.4454040527344,243.82744789123535,545.3988647460938,260.44032096862793,566.2907409667969,81.06222867965698,500.0703239440918,219.82771396636963,,,,,,,,0,72.75246661597461,0.8654616515847257,0.4120506925798731,1.2666310228166606,0,0,177.87421974617953,168.19973920463806,163.92004354789984,0,0,0,0,0
794,26.433333333333334,0,1,479.6952438354492,195.8279800415039,520.4454040527344,243.82744789123535,545.3988647460938,260.44032096862793,566.2907409667969,81.06222867965698,500.0703239440918,219.82771396636963,,,,,,,,0,72.75246661597461,0.8654616515847257,0.4120506925798731,1.2666310228166606,0,0,177.87421974617953,168.19973920463806,163.92004354789984,0,0,0,0,0
795,26.466666666666665,1,1,463.0928421020508,196.6754150390625,521.7069244384766,276.71799659729004,550.8522033691406,293.05861473083496,569.9980163574219,94.28557634353638,492.3998832702637,236.69670581817627,,,,,,,,0,84.06579506834835,1.1801351436786216,0.3974686312475125,1.5505850702184325,0,0,174.64167048937477,179.7925209445769,176.85614246992174,0,0,0,0,0
796,26.5,0,1,463.0928421020508,196.6754150390625,521.7069244384766,276.71799659729004,550.8522033691406,293.05861473083496,569.9980163574219,94.28557634353638,492.3998832702637,236.69670581817627,,,,,,,,0,84.06579506834835,1.1801351436786216,0.3974686312475125,1.5505850702184325,0,0,174.64167048937477,179.7925209445769,176.85614246992174,0,0,0,0,0
797,26.533333333333335,0,1,463.0928421020508,196.6754150390625,521.7069244384766,276.71799659729004,550.8522033691406,293.05861473083496,569.9980163574219,94.28557634353638,492.3998832702637,236.69670581817627,,,,,,,,0,84.06579506834835,1.1801351436786216,0.3974686312475125,1.5505850702184325,0,0,174.64167048937477,179.7925209445769,176.85614246992174,0,0,0,0,0
798,26.566666666666666,1,1,453.8047409057617,203.47970008850098,521.7679214477539,291.6529655456543,546.054573059082,308.6366844177246,565.1853179931641,104.52519178390503,487.7863311767578,247.56633281707764,,,,,,,,0,94.76891405267656,1.174712008134798,0.3127178044342855,1.4760720938876113,0,0,162.80208560125382,175.39776289776634,177.3615115278172,0,0,0,0,0
799,26.6,0,1,453.8047409057617,203.47970008850098,521.7679214477539,291.6529655456543,546.054573059082,308.6366844177246,565.1853179931641,104.52519178390503,487.7863311767578,247.56633281707764,,,,,,,,0,94.76891405267656,1.174712008134798,0.3127178044342855,1.4760720938876113,0,0,162.80208560125382,175.39776289776634,177.3615115278172,0,0,0,0,0
800,26.633333333333333,0,1,453.8047409057617,203.47970008850098,521.7679214477539,291.6529655456543,546.054573059082,308.6366844177246,565.1853179931641,104.52519178390503,487.7863311767578,247.56633281707764,,,,,,,,0,94.76891405267656,1.174712008134798,0.3127178044342855,1.4760720938876113,0,0,162.80208560125382,175.39776289776634,177.3615115278172,0,0,0,0,0
801,26.666666666666668,1,1,449.6479797363281,205.78405380249023,517.186393737793,298.5618495941162,543.5531616210938,311.30066871643066,561.0676193237305,103.59691143035889,483.41718673706055,252.17295169830322,,,,,,,,0,95.56366650385009,1.2008428584324213,0.30642218054030057,1.4780861664262985,0,0,162.05123219183287,175.27175511824296,175.86506676922536,0,0,0,0,0
802,26.7,0,1,449.6479797363281,205.78405380249023,517.186393737793,298.5618495941162,543.5531616210938,311.30066871643066,561.0676193237305,103.59691143035889,483.41718673706055,252.17295169830322,,,,,,,,0,95.56366650385009,1.2008428584324213,0.30642218054030057,1.4780861664262985,0,0,162.05123219183287,175.27175511824296,175.86506676922536,0,0,0,0,0
803,26.733333333333334,0,1,449.6479797363281,205.78405380249023,517.186393737793,298.5618495941162,543.5531616210938,311.30066871643066,561.0676193237305,103.59691143035889,483.41718673706055,252.17295169830322,,,,,,,,0,95.56366650385009,1.2008428584324213,0.30642218054030057,1.4780861664262985,0,0,162.05123219183287,175.27175511824296,175.86506676922536,0,0,0,0,0
804,26.766666666666666,1,1,449.1136932373047,205.62645435333252,516.4665603637695,296.95733070373535,542.7841186523438,311.3227844238281,560.614128112793,103.43451976776123,482.7901268005371,251.29189252853394,,,,,,,,0,97.39858870388693,1.1651105188469368,0.30783810965312824,1.450019188838955,0,0,163.25391617463464,174.81767707059234,175.83185675377055,0,0,0,0,0
805,26.8,0,1,449.1136932373047,205.62645435333252,516.4665603637695,296.95733070373535,542.7841186523438,311.3227844238281,560.614128112793,103.43451976776123,482.7901268005371,251.29189252853394,,,,,,,,0,97.39858870388693,1.1651105188469368,0.30783810965312824,1.450019188838955,0,0,163.25391617463464,174.81767707059234,175.83185675377055,0,0,0,0,0
806,26.833333333333332,0,1,449.1136932373047,205.62645435333252,516.4665603637695,296.95733070373535,542.7841186523438,311.3227844238281,560.614128112793,103.43451976776123,482.7901268005371,251.29189252853394,,,,,,,,0,97.39858870388693,1.1651105188469368,0.30783810965312824,1.450019188838955,0,0,163.25391617463464,174.81767707059234,175.83185675377055,0,0,0,0,0
807,26.866666666666667,1,1,449.3632125854492,205.00372409820557,516.1064147949219,297.62495040893555,542.3805618286133,311.7886734008789,561.208610534668,101.83997869491577,482.73481369018555,251.31433725357056,,,,,,,,0,98.6363077517998,1.1574204873344596,0.3026132035043378,1.4357448324839015,0,0,164.98281364525982,174.74841910324008,175.91553098944914,0,0,0,0,0
808,26.9,0,1,449.3632125854492,205.00372409820557,516.1064147949219,297.62495040893555,542.3805618286133,311.7886734008789,561.208610534668,101.83997869491577,482.73481369018555,251.31433725357056,,,,,,,,0,98.6363077517998,1.1574204873344596,0.3026132035043378,1.4357448324839015,0,0,164.98281364525982,174.74841910324008,175.91553098944914,0,0,0,0,0
809,26.933333333333334,0,1,449.3632125854492,205.00372409820557,516.1064147949219,297.62495040893555,542.3805618286133,311.7886734008789,561.208610534668,101.83997869491577,482.73481369018555,251.31433725357056,,,,,,,,0,98.6363077517998,1.1574204873344596,0.3026132035043378,1.4357448324839015,0,0,164.98281364525982,174.74841910324008,175.91553098944914,0,0,0,0,0
810,26.966666666666665,1,1,449.18933868408203,206.18767261505127,516.1946868896484,297.6138210296631,542.9615020751953,311.5821647644043,561.4057159423828,100.78530550003052,482.69201278686523,251.90074682235718,,,,,,,,0,100.88827898172077,1.1235302740670134,0.2992650299011525,1.398295984747004,0,0,163.79479124598413,174.44391566814923,175.4626153861249,0,0,0,0,0
811,27.0,0,1,449.18933868408203,206.18767261505127,516.1946868896484,297.6138210296631,542.9615020751953,311.5821647644043,561.4057159423828,100.78530550003052,482.69201278686523,251.90074682235718,,,,,,,,0,100.88827898172077,1.1235302740670134,0.2992650299011525,1.398295984747004,0,0,163.79479124598413,174.44391566814923,175.4626153861249,0,0,0,0,0
812,27.033333333333335,0,1,449.18933868408203,206.18767261505127,516.1946868896484,297.6138210296631,542.9615020751953,311.5821647644043,561.4057159423828,100.78530550003052,482.69201278686523,251.90074682235718,,,,,,,,0,100.88827898172077,1.1235302740670134,0.2992650299011525,1.398295984747004,0,0,163.79479124598413,174.44391566814923,175.4626153861249,0,0,0,0,0
813,27.066666666666666,1,1,449.0916442871094,206.11557483673096,516.3394165039062,297.28214263916016,542.6285171508789,311.4286422729492,560.8656692504883,100.6619668006897,482.7155303955078,251.69885873794556,,,,,,,,0,101.45273502875433,1.1166333400044872,0.294261632462356,1.3883755321803664,0,0,165.8636919614637,174.3950655592247,175.59726822391588,0,0,0,0,0
814,27.1,0,1,449.0916442871094,206.11557483673096,516.3394165039062,297.28214263916016,542.6285171508789,311.4286422729492,560.8656692504883,100.6619668006897,482.7155303955078,251.69885873794556,,,,,,,,0,101.45273502875433,1.1166333400044872,0.294261632462356,1.3883755321803664,0,0,165.8636919614637,174.3950655592247,175.59726822391588,0,0,0,0,0
815,27.133333333333333,0,1,449.0916442871094,206.11557483673096,516.3394165039062,297.28214263916016,542.6285171508789,311.4286422729492,560.8656692504883,100.6619668006897,482.7155303955078,251.69885873794556,,,,,,,,0,101.45273502875433,1.1166333400044872,0.294261632462356,1.3883755321803664,0,0,165.8636919614637,174.3950655592247,175.59726822391588,0,0,0,0,0
816,27.166666666666668,1,1,449.7990417480469,206.41738414764404,517.2314071655273,296.96022033691406,542.9441070556641,311.7547416687012,560.8168411254883,100.75389862060547,483.5152244567871,251.68880224227905,,,,,,,,0,100.87918788417926,1.1191042420760244,0.29406605171158695,1.3938733255189566,0,0,167.23101502817786,173.82603274065815,175.43086736679396,0,0,0,0,0
817,27.2,0,1,449.7990417480469,206.41738414764404,517.2314071655273,296.96022033691406,542.9441070556641,311.7547416687012,560.8168411254883,100.75389862060547,483.5152244567871,251.68880224227905,,,,,,,,0,100.87918788417926,1.1191042420760244,0.29406605171158695,1.3938733255189566,0,0,167.23101502817786,173.82603274065815,175.43086736679396,0,0,0,0,0
818,27.233333333333334,0,1,449.7990417480469,206.41738414764404,517.2314071655273,296.96022033691406,542.9441070556641,311.7547416687012,560.8168411254883,100.75389862060547,483.5152244567871,251.68880224227905,,,,,,,,0,100.87918788417926,1.1191042420760244,0.29406605171158695,1.3938733255189566,0,0,167.23101502817786,173.82603274065815,175.43086736679396,0,0,0,0,0
819,27.266666666666666,1,1,448.5163879394531,207.14492797851562,516.3231658935547,296.682071685791,542.3612976074219,310.9383487701416,559.8333358764648,100.74850559234619,482.4197769165039,251.91349983215332,,,,,,,,0,101.12116684627462,1.110697231535246,0.2935631334101412,1.3837690733329324,0,0,166.8252154503289,174.1472652819167,175.9124635579738,0,0,0,0,0
820,27.3,0,1,448.5163879394531,207.14492797851562,516.3231658935547,296.682071685791,542.3612976074219,310.9383487701416,559.8333358764648,100.74850559234619,482.4197769165039,251.91349983215332,,,,,,,,0,101.12116684627462,1.110697231535246,0.2935631334101412,1.3837690733329324,0,0,166.8252154503289,174.1472652819167,175.9124635579738,0,0,0,0,0
821,27.333333333333332,0,1,448.5163879394531,207.14492797851562,516.3231658935547,296.682071685791,542.3612976074219,310.9383487701416,559.8333358764648,100.74850559234619,482.4197769165039,251.91349983215332,,,,,,,,0,101.12116684627462,1.110697231535246,0.2935631334101412,1.3837690733329324,0,0,166.8252154503289,174.1472652819167,175.9124635579738,0,0,0,0,0
822,27.366666666666667,1,1,448.91624450683594,207.73788928985596,516.3776016235352,297.4262237548828,542.7558517456055,311.5758991241455,559.4482040405273,102.09040403366089,482.64692306518555,252.58205652236938,,,,,,,,0,100.96294855703349,1.1115720369382631,0.2964818646039154,1.3862299755169452,0,0,166.5508248795535,173.76344358582048,175.4729878205124,0,0,0,0,0
823,27.4,0,1,448.91624450683594,207.73788928985596,516.3776016235352,297.4262237548828,542.7558517456055,311.5758991241455,559.4482040405273,102.09040403366089,482.64692306518555,252.58205652236938,,,,,,,,0,100.96294855703349,1.1115720369382631,0.2964818646039154,1.3862299755169452,0,0,166.5508248795535,173.76344358582048,175.4729878205124,0,0,0,0,0
824,27.433333333333334,0,1,448.91624450683594,207.73788928985596,516.3776016235352,297.4262237548828,542.7558517456055,311.5758991241455,559.4482040405273,102.09040403366089,482.64692306518555,252.58205652236938,,,,,,,,0,100.96294855703349,1.1115720369382631,0.2964818646039154,1.3862299755169452,0,0,166.5508248795535,173.76344358582048,175.4729878205124,0,0,0,0,0
825,27.466666666666665,1,1,449.3842315673828,207.40872859954834,516.31591796875,297.4292850494385,542.5247192382812,311.5983009338379,560.8751678466797,100.82588195800781,482.8500747680664,252.4190068244934,,,,,,,,0,102.57078647771657,1.0936489118775736,0.2904692718389174,1.362493066610167,0,0,166.29442881651082,173.79281156555854,175.47264169063655,0,0,0,0,0
826,27.5,0,1,449.3842315673828,207.40872859954834,516.31591796875,297.4292850494385,542.5247192382812,311.5983009338379,560.8751678466797,100.82588195800781,482.8500747680664,252.4190068244934,,,,,,,,0,102.57078647771657,1.0936489118775736,0.2904692718389174,1.362493066610167,0,0,166.29442881651082,173.79281156555854,175.47264169063655,0,0,0,0,0
827,27.533333333333335,0,1,449.3842315673828,207.40872859954834,516.31591796875,297.4292850494385,542.5247192382812,311.5983009338379,560.8751678466797,100.82588195800781,482.8500747680664,252.4190068244934,,,,,,,,0,102.57078647771657,1.0936489118775736,0.2904692718389174,1.362493066610167,0,0,166.29442881651082,173.79281156555854,175.47264169063655,0,0,0,0,0
828,27.566666666666666,1,1,448.4986114501953,207.5160026550293,516.3545227050781,297.2131633758545,542.1997833251953,311.86351776123047,561.0162353515625,101.47812366485596,482.4265670776367,252.3645830154419,,,,,,,,0,101.79069566278874,1.1049363772440897,0.29186124648504597,1.3777660494796238,0,0,167.09484428593572,173.9756874502023,176.05712213995562,0,0,0,0,0
829,27.6,0,1,448.4986114501953,207.5160026550293,516.3545227050781,297.2131633758545,542.1997833251953,311.86351776123047,561.0162353515625,101.47812366485596,482.4265670776367,252.3645830154419,,,,,,,,0,101.79069566278874,1.1049363772440897,0.29186124648504597,1.3777660494796238,0,0,167.09484428593572,173.9756874502023,176.05712213995562,0,0,0,0,0
830,27.633333333333333,0,1,448.4986114501953,207.5160026550293,516.3545227050781,297.2131633758545,542.1997833251953,311.86351776123047,561.0162353515625,101.47812366485596,482.4265670776367,252.3645830154419,,,,,,,,0,101.79069566278874,1.1049363772440897,0.29186124648504597,1.3777660494796238,0,0,167.09484428593572,173.9756874502023,176.05712213995562,0,0,0,0,0
831,27.666666666666668,1,1,448.9338684082031,207.48793601989746,516.6789627075195,296.5985870361328,541.7009353637695,311.2422752380371,560.2341079711914,101.20622634887695,482.8064155578613,252.04326152801514,,,,,,,,0,101.12870957275781,1.1068860284315618,0.2866842801800737,1.3762524275624723,0,0,167.00217051272514,173.7808838666884,175.66121428879052,0,0,0,0,0
832,27.7,0,1,448.9338684082031,207.48793601989746,516.6789627075195,296.5985870361328,541.7009353637695,311.2422752380371,560.2341079711914,101.20622634887695,482.8064155578613,252.04326152801514,,,,,,,,0,101.12870957275781,1.1068860284315618,0.2866842801800737,1.3762524275624723,0,0,167.00217051272514,173.7808838666884,175.66121428879052,0,0,0,0,0
833,27.733333333333334,0,1,448.9338684082031,207.48793601989746,516.6789627075195,296.5985870361328,541.7009353637695,311.2422752380371,560.2341079711914,101.20622634887695,482.8064155578613,252.04326152801514,,,,,,,,0,101.12870957275781,1.1068860284315618,0.2866842801800737,1.3762524275624723,0,0,167.00217051272514,173.7808838666884,175.66121428879052,0,0,0,0,0
834,27.766666666666666,1,1,452.30213165283203,205.96107959747314,517.6121520996094,290.84635734558105,545.5674362182617,305.05022048950195,561.8626403808594,98.126699924469,484.9571418762207,248.4037184715271,,,,,,,,0,97.92776751697501,1.0936870408162547,0.3202031515490666,1.3895697059417051,0,0,167.0121349654057,172.1804339813696,173.46934201195893,0,0,0,0,0
835,27.8,0,1,452.30213165283203,205.96107959747314,517.6121520996094,290.84635734558105,545.5674362182617,305.05022048950195,561.8626403808594,98.126699924469,484.9571418762207,248.4037184715271,,,,,,,,0,97.92776751697501,1.0936870408162547,0.3202031515490666,1.3895697059417051,0,0,167.0121349654057,172.1804339813696,173.46934201195893,0,0,0,0,0
836,27.833333333333332,0,1,452.30213165283203,205.96107959747314,517.6121520996094,290.84635734558105,545.5674362182617,305.05022048950195,561.8626403808594,98.126699924469,484.9571418762207,248.4037184715271,,,,,,,,0,97.92776751697501,1.0936870408162547,0.3202031515490666,1.3895697059417051,0,0,167.0121349654057,172.1804339813696,173.46934201195893,0,0,0,0,0
837,27.866666666666667,1,1,478.055419921875,190.24005889892578,515.0676345825195,241.78095817565918,535.4110717773438,246.81653022766113,551.7996978759766,66.15363836288452,496.56152725219727,216.01050853729248,,,,,,,,0,94.79156439893629,0.669402084012381,0.22108924515487038,0.8499074934054169,0,0,178.14554221147347,174.66138149020136,178.0545871450311,0,0,0,0,0
838,27.9,0,1,478.055419921875,190.24005889892578,515.0676345825195,241.78095817565918,535.4110717773438,246.81653022766113,551.7996978759766,66.15363836288452,496.56152725219727,216.01050853729248,,,,,,,,0,94.79156439893629,0.669402084012381,0.22108924515487038,0.8499074934054169,0,0,178.14554221147347,174.66138149020136,178.0545871450311,0,0,0,0,0
839,27.933333333333334,0,1,478.055419921875,190.24005889892578,515.0676345825195,241.78095817565918,535.4110717773438,246.81653022766113,551.7996978759766,66.15363836288452,496.56152725219727,216.01050853729248,,,,,,,,0,94.79156439893629,0.669402084012381,0.22108924515487038,0.8499074934054169,0,0,178.14554221147347,174.66138149020136,178.0545871450311,0,0,0,0,0
840,27.966666666666665,1,0,,,,,,,,,,,,,,,,,,0,,,,,0,0,,,,0,0,0,0,0
841,28.0,0,0,,,,,,,,,,,,,,,,,,0,,,,,0,0,,,,0,0,0,0,0
842,28.033333333333335,0,0,,,,,,,,,,,,,,,,,,0,,,,,0,0,,,,0,0,0,0,0
843,28.066666666666666,1,0,,,,,,,,,,,,,,,,,,0,,,,,0,0,,,,0,0,0,0,0
844,28.1,0,0,,,,,,,,,,,,,,,,,,0,,,,,0,0,,,,0,0,0,0,0
845,28.133333333333333,0,0,,,,,,,,,,,,,,,,,,0,,,,,0,0,,,,0,0,0,0,0
846,28.166666666666668,1,1,278.70880126953125,96.93062782287598,272.6830863952637,115.05944967269897,287.51827239990234,118.42671632766724,403.73619079589844,8.861574232578278,275.69594383239746,105.99503874778748,90.28054917800739,0.0,7.62939453125e-06,7.62939453125e-06,0.0,8.45076220815518e-08,8.45076220815518e-08,3,90.28054917800739,0.21160721793350892,0.16850290988983355,0.25732230383350735,1,1,175.17115284282156,150.0656879104747,149.23522854168328,0,0,0,0,0
847,28.2,0,1,278.70880126953125,96.93062782287598,272.6830863952637,115.05944967269897,287.51827239990234,118.42671632766724,403.73619079589844,8.861574232578278,275.69594383239746,105.99503874778748,90.28054917800739,0.0,7.62939453125e-06,7.62939453125e-06,0.0,8.45076220815518e-08,8.45076220815518e-08,3,90.28054917800739,0.21160721793350892,0.16850290988983355,0.25732230383350735,1,2,175.17115284282156,150.0656879104747,149.23522854168328,0,0,0,0,0
848,28.233333333333334,0,1,278.70880126953125,96.93062782287598,272.6830863952637,115.05944967269897,287.51827239990234,118.42671632766724,403.73619079589844,8.861574232578278,275.69594383239746,105.99503874778748,90.28054917800739,0.0,7.62939453125e-06,7.62939453125e-06,0.0,8.45076220815518e-08,8.45076220815518e-08,3,90.28054917800739,0.21160721793350892,0.16850290988983355,0.25732230383350735,1,3,175.17115284282156,150.0656879104747,149.23522854168328,0,0,0,0,0
849,28.266666666666666,1,1,250.50359725952148,85.66874742507935,207.2218132019043,125.46566963195801,212.39822387695312,139.71094608306885,369.0596389770508,10.999133884906769,228.8627052307129,105.56720852851868,,,,,,,,0,87.94261491965804,0.6685857086133943,0.17234670557556822,0.7519162026331065,0,0,177.67669987685815,178.9343056909019,177.9125897800651,0,0,0,0,0
850,28.3,0,1,250.50359725952148,85.66874742507935,207.2218132019043,125.46566963195801,212.39822387695312,139.71094608306885,369.0596389770508,10.999133884906769,228.8627052307129,105.56720852851868,,,,,,,,0,87.94261491965804,0.6685857086133943,0.17234670557556822,0.7519162026331065,0,0,177.67669987685815,178.9343056909019,177.9125897800651,0,0,0,0,0
851,28.333333333333332,0,1,250.50359725952148,85.66874742507935,207.2218132019043,125.46566963195801,212.39822387695312,139.71094608306885,369.0596389770508,10.999133884906769,228.8627052307129,105.56720852851868,,,,,,,,0,87.94261491965804,0.6685857086133943,0.17234670557556822,0.7519162026331065,0,0,177.67669987685815,178.9343056909019,177.9125897800651,0,0,0,0,0
852,28.366666666666667,1,0,,,,,,,,,,,,,,,,,,0,,,,,0,0,,,,0,0,0,0,0
853,28.4,0,0,,,,,,,,,,,,,,,,,,0,,,,,0,0,,,,0,0,0,0,0
854,28.433333333333334,0,0,,,,,,,,,,,,,,,,,,0,,,,,0,0,,,,0,0,0,0,0
855,28.466666666666665,1,1,170.31526565551758,165.85827827453613,162.1646499633789,187.4994993209839,182.64703750610352,202.54749298095703,267.2475051879883,83.64350080490112,166.23995780944824,176.67888879776,127.17515997473768,6.4375481605529785,14.714767456054688,16.06133268459393,0.05061954049699442,0.11570472928029073,0.12629300161906132,60,123.8953609002506,0.1866510755492435,0.20514041725315912,0.3124105263498997,1,1,153.29859582162294,95.23388191709331,75.33024807405185,0,0,0,0,0
856,28.5,0,1,170.31526565551758,165.85827827453613,162.1646499633789,187.4994993209839,182.64703750610352,202.54749298095703,267.2475051879883,83.64350080490112,166.23995780944824,176.67888879776,127.17515997473768,6.4375481605529785,14.714767456054688,16.06133268459393,0.05061954049699442,0.11570472928029073,0.12629300161906132,60,123.8953609002506,0.1866510755492435,0.20514041725315912,0.3124105263498997,1,2,153.29859582162294,95.23388191709331,75.33024807405185,0,0,0,0,0
857,28.533333333333335,0,1,170.31526565551758,165.85827827453613,162.1646499633789,187.4994993209839,182.64703750610352,202.54749298095703,267.2475051879883,83.64350080490112,166.23995780944824,176.67888879776,127.17515997473768,6.4375481605529785,14.714767456054688,16.06133268459393,0.05061954049699442,0.11570472928029073,0.12629300161906132,60,123.8953609002506,0.1866510755492435,0.20514041725315912,0.3124105263498997,1,3,153.29859582162294,95.23388191709331,75.33024807405185,0,0,0,0,0
858,28.566666666666666,1,1,167.9540252685547,189.69961166381836,160.6869125366211,214.5944595336914,180.04194259643555,227.7481985092163,257.90307998657227,94.32162523269653,164.3204689025879,202.14703559875488,127.17515997473768,6.4375481605529785,14.714767456054688,16.06133268459393,0.05061954049699442,0.11570472928029073,0.12629300161906132,60,131.81860185543366,0.19673889587275212,0.1775293250148874,0.3028600163455639,1,4,158.85125565754885,112.47092252582945,85.2444276702259,0,1,0,0,0
859,28.6,0,1,167.9540252685547,189.69961166381836,160.6869125366211,214.5944595336914,180.04194259643555,227.7481985092163,257.90307998657227,94.32162523269653,164.3204689025879,202.14703559875488,127.17515997473768,6.4375481605529785,14.714767456054688,16.06133268459393,0.05061954049699442,0.11570472928029073,0.12629300161906132,60,131.81860185543366,0.19673889587275212,0.1775293250148874,0.3028600163455639,1,5,158.85125565754885,112.47092252582945,85.2444276702259,0,0,0,0,0
860,28.633333333333333,0,1,167.9540252685547,189.69961166381836,160.6869125366211,214.5944595336914,180.04194259643555,227.7481985092163,257.90307998657227,94.32162523269653,164.3204689025879,202.14703559875488,127.17515997473768,6.4375481605529785,14.714767456054688,16.06133268459393,0.05061954049699442,0.11570472928029073,0.12629300161906132,60,131.81860185543366,0.19673889587275212,0.1775293250148874,0.3028600163455639,1,6,158.85125565754885,112.47092252582945,85.2444276702259,0,0,0,0,0
861,28.666666666666668,1,1,145.4423999786377,201.60839080810547,156.24896049499512,233.9093542098999,174.55636978149414,242.4272918701172,250.9085464477539,112.68224000930786,150.8456802368164,217.75887250900269,127.17515997473768,6.4375481605529785,14.714767456054688,16.06133268459393,0.05061954049699442,0.11570472928029073,0.12629300161906132,60,128.20489622451475,0.2656742501511224,0.15749781405465013,0.39107608690020584,1,7,163.29561659033135,111.11297085184287,78.25751396182818,-1,1,0,0,0
862,28.7,0,1,145.4423999786377,201.60839080810547,156.24896049499512,233.9093542098999,174.55636978149414,242.4272918701172,250.9085464477539,112.68224000930786,150.8456802368164,217.75887250900269,127.17515997473768,6.4375481605529785,14.714767456054688,16.06133268459393,0.05061954049699442,0.11570472928029073,0.12629300161906132,60,128.20489622451475,0.2656742501511224,0.15749781405465013,0.39107608690020584,1,8,163.29561659033135,111.11297085184287,78.25751396182818,0,0,0,0,0
863,28.733333333333334,0,1,145.4423999786377,201.60839080810547,156.24896049499512,233.9093542098999,174.55636978149414,242.4272918701172,250.9085464477539,112.68224000930786,150.8456802368164,217.75887250900269,127.17515997473768,6.4375481605529785,14.714767456054688,16.06133268459393,0.05061954049699442,0.11570472928029073,0.12629300161906132,60,128.20489622451475,0.2656742501511224,0.15749781405465013,0.39107608690020584,1,9,163.29561659033135,111.11297085184287,78.25751396182818,0,0,0,0,0
864,28.766666666666666,1,1,147.87353515625,205.4047393798828,153.84550094604492,234.76472854614258,174.89791870117188,240.97332000732422,249.5710563659668,121.86279773712158,150.85951805114746,220.0847339630127,127.17515997473768,6.4375481605529785,14.714767456054688,16.06133268459393,0.05061954049699442,0.11570472928029073,0.12629300161906132,60,126.34973506479264,0.23712908626998402,0.17371484465345213,0.3535453548400327,1,10,160.2406810315731,109.44132047061638,67.17919805546819,0,0,0,0,0
865,28.8,0,1,147.87353515625,205.4047393798828,153.84550094604492,234.76472854614258,174.89791870117188,240.97332000732422,249.5710563659668,121.86279773712158,150.85951805114746,220.0847339630127,127.17515997473768,6.4375481605529785,14.714767456054688,16.06133268459393,0.05061954049699442,0.11570472928029073,0.12629300161906132,60,126.34973506479264,0.23712908626998402,0.17371484465345213,0.3535453548400327,1,11,160.2406810315731,109.44132047061638,67.17919805546819,0,0,0,0,0
866,28.833333333333332,0,1,147.87353515625,205.4047393798828,153.84550094604492,234.76472854614258,174.89791870117188,240.97332000732422,249.5710563659668,121.86279773712158,150.85951805114746,220.0847339630127,127.17515997473768,6.4375481605529785,14.714767456054688,16.06133268459393,0.05061954049699442,0.11570472928029073,0.12629300161906132,60,126.34973506479264,0.23712908626998402,0.17371484465345213,0.3535453548400327,1,12,160.2406810315731,109.44132047061638,67.17919805546819,0,0,0,0,0
867,28.866666666666667,1,1,149.5823574066162,203.065824508667,153.50029945373535,225.93373775482178,172.17388153076172,238.23363304138184,248.2472038269043,120.43596267700195,151.54132843017578,214.49978113174438,127.17515997473768,6.4375481605529785,14.714767456054688,16.06133268459393,0.05061954049699442,0.11570472928029073,0.12629300161906132,60,124.93491211786946,0.1857056155637266,0.17897685952917083,0.33456576138893823,1,13,160.38667419570558,98.73433513673879,74.27172360678529,0,-1,0,1,1
868,28.9,0,1,149.5823574066162,203.065824508667,153.50029945373535,225.93373775482178,172.17388153076172,238.23363304138184,248.2472038269043,120.43596267700195,151.54132843017578,214.49978113174438,127.17515997473768,6.4375481605529785,14.714767456054688,16.06133268459393,0.05061954049699442,0.11570472928029073,0.12629300161906132,60,124.93491211786946,0.1857056155637266,0.17897685952917083,0.33456576138893823,1,14,160.38667419570558,98.73433513673879,74.27172360678529,0,0,0,1,1
869,28.933333333333334,0,1,149.5823574066162,203.065824508667,153.50029945373535,225.93373775482178,172.17388153076172,238.23363304138184,248.2472038269043,120.43596267700195,151.54132843017578,214.49978113174438,127.17515997473768,6.4375481605529785,14.714767456054688,16.06133268459393,0.05061954049699442,0.11570472928029073,0.12629300161906132,60,124.93491211786946,0.1857056155637266,0.17897685952917083,0.33456576138893823,1,15,160.38667419570558,98.73433513673879,74.27172360678529,0,0,0,1,1
870,28.966666666666665,1,1,153.21085929870605,195.46754837036133,154.242525100708,195.34071922302246,169.6961212158203,216.5125036239624,252.1687126159668,118.65458250045776,153.72669219970703,195.4041337966919,127.17515997473768,6.4375481605529785,14.714767456054688,16.06133268459393,0.05061954049699442,0.11570472928029073,0.12629300161906132,60,124.97047197988323,0.008317424921335883,0.20974388986235537,0.2139146385058394,1,16,155.6961194580238,39.810395113175574,20.079151952002814,0,-1,0,1,1
871,29.0,0,1,153.21085929870605,195.46754837036133,154.242525100708,195.34071922302246,169.6961212158203,216.5125036239624,252.1687126159668,118.65458250045776,153.72669219970703,195.4041337966919,127.17515997473768,6.4375481605529785,14.714767456054688,16.06133268459393,0.05061954049699442,0.11570472928029073,0.12629300161906132,60,124.97047197988323,0.008317424921335883,0.20974388986235537,0.2139146385058394,1,17,155.6961194580238,39.810395113175574,20.079151952002814,0,0,0,1,1
872,29.033333333333335,0,1,153.21085929870605,195.46754837036133,154.242525100708,195.34071922302246,169.6961212158203,216.5125036239624,252.1687126159668,118.65458250045776,153.72669219970703,195.4041337966919,127.17515997473768,6.4375481605529785,14.714767456054688,16.06133268459393,0.05061954049699442,0.11570472928029073,0.12629300161906132,60,124.97047197988323,0.008317424921335883,0.20974388986235537,0.2139146385058394,1,18,155.6961194580238,39.810395113175574,20.079151952002814,0,0,0,1,1
873,29.066666666666666,1,1,158.10425758361816,204.02154922485352,157.6468563079834,224.36426639556885,177.78898239135742,235.273118019104,248.72821807861328,114.53465223312378,157.87555694580078,214.19290781021118,127.17515997473768,6.4375481605529785,14.714767456054688,16.06133268459393,0.05061954049699442,0.11570472928029073,0.12629300161906132,60,125.62924733441672,0.16196752932502848,0.18233422849084058,0.293995130758629,1,19,157.67392992746448,101.48327169750604,67.27101897961114,1,1,1,2,2
874,29.1,0,1,158.10425758361816,204.02154922485352,157.6468563079834,224.36426639556885,177.78898239135742,235.273118019104,248.72821807861328,114.53465223312378,157.87555694580078,214.19290781021118,127.17515997473768,6.4375481605529785,14.714767456054688,16.06133268459393,0.05061954049699442,0.11570472928029073,0.12629300161906132,60,125.62924733441672,0.16196752932502848,0.18233422849084058,0.293995130758629,1,20,157.67392992746448,101.48327169750604,67.27101897961114,0,0,1,2,2
875,29.133333333333333,0,1,158.10425758361816,204.02154922485352,157.6468563079834,224.36426639556885,177.78898239135742,235.273118019104,248.72821807861328,114.53465223312378,157.87555694580078,214.19290781021118,127.17515997473768,6.4375481605529785,14.714767456054688,16.06133268459393,0.05061954049699442,0.11570472928029073,0.12629300161906132,60,125.62924733441672,0.16196752932502848,0.18233422849084058,0.293995130758629,1,21,157.67392992746448,101.48327169750604,67.27101897961114,0,0,1,2,2
876,29.166666666666668,1,1,156.19356155395508,204.83468055725098,159.8970603942871,210.92026233673096,178.97062301635742,225.65504550933838,250.83181381225586,113.60162258148193,158.0453109741211,207.87747144699097,127.17515997473768,6.4375481605529785,14.714767456054688,16.06133268459393,0.05061954049699442,0.11570472928029073,0.12629300161906132,60,127.58780557935282,0.05583541529577468,0.18890653743691935,0.24186534625234912,1,22,157.18607790174437,58.62187568788884,36.080954058316706,0,-1,1,3,3
877,29.2,0,1,156.19356155395508,204.83468055725098,159.8970603942871,210.92026233673096,178.97062301635742,225.65504550933838,250.83181381225586,113.60162258148193,158.0453109741211,207.87747144699097,127.17515997473768,6.4375481605529785,14.714767456054688,16.06133268459393,0.05061954049699442,0.11570472928029073,0.12629300161906132,60,127.58780557935282,0.05583541529577468,0.18890653743691935,0.24186534625234912,1,23,157.18607790174437,58.62187568788884,36.080954058316706,0,0,1,3,3
878,29.233333333333334,0,1,156.19356155395508,204.83468055725098,159.8970603942871,210.92026233673096,178.97062301635742,225.65504550933838,250.83181381225586,113.60162258148193,158.0453109741211,207.87747144699097,127.17515997473768,6.4375481605529785,14.714767456054688,16.06133268459393,0.05061954049699442,0.11570472928029073,0.12629300161906132,60,127.58780557935282,0.05583541529577468,0.18890653743691935,0.24186534625234912,1,24,157.18607790174437,58.62187568788884,36.080954058316706,0,0,1,3,3
879,29.266666666666666,1,1,162.88326263427734,192.24846839904785,165.0441551208496,206.24783992767334,182.77854919433594,220.07034301757812,241.46612167358398,103.43785285949707,163.96370887756348,199.2481541633606,127.17515997473768,6.4375481605529785,14.714767456054688,16.06133268459393,0.05061954049699442,0.11570472928029073,0.12629300161906132,60,129.19574952688328,0.10964109610415544,0.1740373899035791,0.2647416502973265,1,25,159.62214977622938,80.99399246546578,57.383888262848174,1,-1,1,3,3
880,29.3,0,1,162.88326263427734,192.24846839904785,165.0441551208496,206.24783992767334,182.77854919433594,220.07034301757812,241.46612167358398,103.43785285949707,163.96370887756348,199.2481541633606,127.17515997473768,6.4375481605529785,14.714767456054688,16.06133268459393,0.05061954049699442,0.11570472928029073,0.12629300161906132,60,129.19574952688328,0.10964109610415544,0.1740373899035791,0.2647416502973265,1,26,159.62214977622938,80.99399246546578,57.383888262848174,0,0,1,3,3
881,29.333333333333332,0,1,162.88326263427734,192.24846839904785,165.0441551208496,206.24783992767334,182.77854919433594,220.07034301757812,241.46612167358398,103.43785285949707,163.96370887756348,199.2481541633606,127.17515997473768,6.4375481605529785,14.714767456054688,16.06133268459393,0.05061954049699442,0.11570472928029073,0.12629300161906132,60,129.19574952688328,0.10964109610415544,0.1740373899035791,0.2647416502973265,1,27,159.62214977622938,80.99399246546578,57.383888262848174,0,0,1,3,3
882,29.366666666666667,1,1,159.354248046875,180.88221073150635,164.9076271057129,204.75910663604736,183.86232376098633,220.14654636383057,233.8631248474121,94.27134990692139,162.13093757629395,192.82065868377686,127.17515997473768,6.4375481605529785,14.714767456054688,16.06133268459393,0.05061954049699442,0.11570472928029073,0.12629300161906132,60,126.94533553698432,0.1931083444157877,0.19232068288647555,0.3646085301177574,1,28,152.58272558257912,97.40680050129512,79.9498632742056,0,-1,1,3,3
883,29.4,0,1,159.354248046875,180.88221073150635,164.9076271057129,204.75910663604736,183.86232376098633,220.14654636383057,233.8631248474121,94.27134990692139,162.13093757629395,192.82065868377686,127.17515997473768,6.4375481605529785,14.714767456054688,16.06133268459393,0.05061954049699442,0.11570472928029073,0.12629300161906132,60,126.94533553698432,0.1931083444157877,0.19232068288647555,0.3646085301177574,1,29,152.58272558257912,97.40680050129512,79.9498632742056,0,0,1,3,3
884,29.433333333333334,0,1,159.354248046875,180.88221073150635,164.9076271057129,204.75910663604736,183.86232376098633,220.14654636383057,233.8631248474121,94.27134990692139,162.13093757629395,192.82065868377686,127.17515997473768,6.4375481605529785,14.714767456054688,16.06133268459393,0.05061954049699442,0.11570472928029073,0.12629300161906132,60,126.94533553698432,0.1931083444157877,0.19232068288647555,0.3646085301177574,1,30,152.58272558257912,97.40680050129512,79.9498632742056,0,0,1,3,3
885,29.466666666666665,1,1,151.79847717285156,172.494535446167,160.54262161254883,197.58387565612793,180.00524520874023,211.7177152633667,229.3587875366211,88.0821418762207,156.1705493927002,185.03920555114746,127.17515997473768,6.4375481605529785,14.714767456054688,16.06133268459393,0.05061954049699442,0.11570472928029073,0.12629300161906132,60,127.62696796693176,0.20818044000982508,0.18846531181311876,0.37854313926933203,1,31,153.90247940351648,90.41852420361731,73.51845544347728,-1,-1,2,3,3
886,29.5,0,1,151.79847717285156,172.494535446167,160.54262161254883,197.58387565612793,180.00524520874023,211.7177152633667,229.3587875366211,88.0821418762207,156.1705493927002,185.03920555114746,127.17515997473768,6.4375481605529785,14.714767456054688,16.06133268459393,0.05061954049699442,0.11570472928029073,0.12629300161906132,60,127.62696796693176,0.20818044000982508,0.18846531181311876,0.37854313926933203,1,32,153.90247940351648,90.41852420361731,73.51845544347728,0,0,2,3,3
887,29.533333333333335,0,1,151.79847717285156,172.494535446167,160.54262161254883,197.58387565612793,180.00524520874023,211.7177152633667,229.3587875366211,88.0821418762207,156.1705493927002,185.03920555114746,127.17515997473768,6.4375481605529785,14.714767456054688,16.06133268459393,0.05061954049699442,0.11570472928029073,0.12629300161906132,60,127.62696796693176,0.20818044000982508,0.18846531181311876,0.37854313926933203,1,33,153.90247940351648,90.41852420361731,73.51845544347728,0,0,2,3,3
888,29.566666666666666,1,1,144.61712837219238,168.74094486236572,158.9998435974121,186.12157344818115,176.98152542114258,200.74416160583496,224.25838470458984,83.20276021957397,151.80848598480225,177.43125915527344,127.17515997473768,6.4375481605529785,14.714767456054688,16.06133268459393,0.05061954049699442,0.11570472928029073,0.12629300161906132,60,128.6444594965492,0.17536621893229629,0.1801611462552569,0.35380841822581044,1,34,157.17807303005796,82.91350306084344,67.93829954532912,-1,-1,2,3,3
889,29.6,0,1,144.61712837219238,168.74094486236572,158.9998435974121,186.12157344818115,176.98152542114258,200.74416160583496,224.25838470458984,83.20276021957397,151.80848598480225,177.43125915527344,127.17515997473768,6.4375481605529785,14.714767456054688,16.06133268459393,0.05061954049699442,0.11570472928029073,0.12629300161906132,60,128.6444594965492,0.17536621893229629,0.1801611462552569,0.35380841822581044,1,35,157.17807303005796,82.91350306084344,67.93829954532912,0,0,2,3,3
890,29.633333333333333,0,1,144.61712837219238,168.74094486236572,158.9998435974121,186.12157344818115,176.98152542114258,200.74416160583496,224.25838470458984,83.20276021957397,151.80848598480225,177.43125915527344,127.17515997473768,6.4375481605529785,14.714767456054688,16.06133268459393,0.05061954049699442,0.11570472928029073,0.12629300161906132,60,128.6444594965492,0.17536621893229629,0.1801611462552569,0.35380841822581044,1,36,157.17807303005796,82.91350306084344,67.93829954532912,0,0,2,3,3
891,29.666666666666668,1,1,146.0272979736328,173.09482097625732,156.77621841430664,185.7683801651001,175.37078857421875,200.33287525177002,222.71923065185547,79.61337804794312,151.40175819396973,179.4316005706787,127.17515997473768,6.4375481605529785,14.714767456054688,16.06133268459393,0.05061954049699442,0.11570472928029073,0.12629300161906132,60,130.46871335889955,0.12737164097027343,0.18103602767695812,0.3068696125003331,1,37,159.32774083572983,84.10005353469818,68.32209295427499,0,0,2,3,3
892,29.7,0,1,146.0272979736328,173.09482097625732,156.77621841430664,185.7683801651001,175.37078857421875,200.33287525177002,222.71923065185547,79.61337804794312,151.40175819396973,179.4316005706787,127.17515997473768,6.4375481605529785,14.714767456054688,16.06133268459393,0.05061954049699442,0.11570472928029073,0.12629300161906132,60,130.46871335889955,0.12737164097027343,0.18103602767695812,0.3068696125003331,1,38,159.32774083572983,84.10005353469818,68.32209295427499,0,0,2,3,3
893,29.733333333333334,0,1,146.0272979736328,173.09482097625732,156.77621841430664,185.7683801651001,175.37078857421875,200.33287525177002,222.71923065185547,79.61337804794312,151.40175819396973,179.4316005706787,127.17515997473768,6.4375481605529785,14.714767456054688,16.06133268459393,0.05061954049699442,0.11570472928029073,0.12629300161906132,60,130.46871335889955,0.12737164097027343,0.18103602767695812,0.3068696125003331,1,39,159.32774083572983,84.10005353469818,68.32209295427499,0,0,2,3,3
894,29.766666666666666,1,1,148.868989944458,175.1685333251953,156.28460884094238,186.02826118469238,174.84073638916016,202.95523166656494,222.36980438232422,82.17833518981934,152.5767993927002,180.59839725494385,127.17515997473768,6.4375481605529785,14.714767456054688,16.06133268459393,0.05061954049699442,0.11570472928029073,0.12629300161906132,60,129.14850093230032,0.10182153482434868,0.19447977400954283,0.29450298226483046,1,40,158.22044932041786,82.10944117441834,69.2958629036351,0,0,2,3,3
895,29.8,0,1,148.868989944458,175.1685333251953,156.28460884094238,186.02826118469238,174.84073638916016,202.95523166656494,222.36980438232422,82.17833518981934,152.5767993927002,180.59839725494385,127.17515997473768,6.4375481605529785,14.714767456054688,16.06133268459393,0.05061954049699442,0.11570472928029073,0.12629300161906132,60,129.14850093230032,0.10182153482434868,0.19447977400954283,0.29450298226483046,1,41,158.22044932041786,82.10944117441834,69.2958629036351,0,0,2,3,3
896,29.833333333333332,0,1,148.868989944458,175.1685333251953,156.28460884094238,186.02826118469238,174.84073638916016,202.95523166656494,222.36980438232422,82.17833518981934,152.5767993927002,180.59839725494385,127.17515997473768,6.4375481605529785,14.714767456054688,16.06133268459393,0.05061954049699442,0.11570472928029073,0.12629300161906132,60,129.14850093230032,0.10182153482434868,0.19447977400954283,0.29450298226483046,1,42,158.22044932041786,82.10944117441834,69.2958629036351,0,0,2,3,3
897,29.866666666666667,1,1,142.54852294921875,175.1968288421631,154.6807098388672,184.56893920898438,174.39157485961914,197.89060592651367,221.13506317138672,81.48369312286377,148.61461639404297,179.88288402557373,127.17515997473768,6.4375481605529785,14.714767456054688,16.06133268459393,0.05061954049699442,0.11570472928029073,0.12629300161906132,60,128.12441293238734,0.11965378641198428,0.18568232857186912,0.3051898425837403,1,43,157.42537396445042,79.6597877501336,63.94471709528423,-1,0,2,3,3
898,29.9,0,1,142.54852294921875,175.1968288421631,154.6807098388672,184.56893920898438,174.39157485961914,197.89060592651367,221.13506317138672,81.48369312286377,148.61461639404297,179.88288402557373,127.17515997473768,6.4375481605529785,14.714767456054688,16.06133268459393,0.05061954049699442,0.11570472928029073,0.12629300161906132,60,128.12441293238734,0.11965378641198428,0.18568232857186912,0.3051898425837403,1,44,157.42537396445042,79.6597877501336,63.94471709528423,0,0,2,3,3
899,29.933333333333334,0,1,142.54852294921875,175.1968288421631,154.6807098388672,184.56893920898438,174.39157485961914,197.89060592651367,221.13506317138672,81.48369312286377,148.61461639404297,179.88288402557373,127.17515997473768,6.4375481605529785,14.714767456054688,16.06133268459393,0.05061954049699442,0.11570472928029073,0.12629300161906132,60,128.12441293238734,0.11965378641198428,0.18568232857186912,0.3051898425837403,1,45,157.42537396445042,79.6597877501336,63.94471709528423,0,0,2,3,3
900,29.966666666666665,1,1,133.9180564880371,174.8535919189453,152.25610733032227,193.6733865737915,173.77992630004883,203.72467517852783,216.46617889404297,80.8024263381958,143.0870819091797,184.2634892463684,127.17515997473768,6.4375481605529785,14.714767456054688,16.06133268459393,0.05061954049699442,0.11570472928029073,0.12629300161906132,60,127.26549626058167,0.2064720870644656,0.1866575562430112,0.38674253963520167,1,46,166.08515077447515,89.94764128998973,73.13855450808823,-1,1,2,4,4
901,30.0,0,1,133.9180564880371,174.8535919189453,152.25610733032227,193.6733865737915,173.77992630004883,203.72467517852783,216.46617889404297,80.8024263381958,143.0870819091797,184.2634892463684,127.17515997473768,6.4375481605529785,14.714767456054688,16.06133268459393,0.05061954049699442,0.11570472928029073,0.12629300161906132,60,127.26549626058167,0.2064720870644656,0.1866575562430112,0.38674253963520167,1,47,166.08515077447515,89.94764128998973,73.13855450808823,0,0,2,4,4
902,30.033333333333335,0,1,133.9180564880371,174.8535919189453,152.25610733032227,193.6733865737915,173.77992630004883,203.72467517852783,216.46617889404297,80.8024263381958,143.0870819091797,184.2634892463684,127.17515997473768,6.4375481605529785,14.714767456054688,16.06133268459393,0.05061954049699442,0.11570472928029073,0.12629300161906132,60,127.26549626058167,0.2064720870644656,0.1866575562430112,0.38674253963520167,1,48,166.08515077447515,89.94764128998973,73.13855450808823,0,0,2,4,4
903,30.066666666666666,1,1,137.15655326843262,182.51764297485352,150.4097080230713,198.59941005706787,171.35026931762695,213.02515983581543,217.039794921875,91.59389019012451,143.78313064575195,190.5585265159607,127.17515997473768,6.4375481605529785,14.714767456054688,16.06133268459393,0.05061954049699442,0.11570472928029073,0.12629300161906132,60,125.52281785031795,0.1660186606672877,0.20258081532362684,0.3650720385820603,1,49,164.99634244143797,80.25732681452173,70.13526332146898,0,1,2,4,4
904,30.1,0,1,137.15655326843262,182.51764297485352,150.4097080230713,198.59941005706787,171.35026931762695,213.02515983581543,217.039794921875,91.59389019012451,143.78313064575195,190.5585265159607,127.17515997473768,6.4375481605529785,14.714767456054688,16.06133268459393,0.05061954049699442,0.11570472928029073,0.12629300161906132,60,125.52281785031795,0.1660186606672877,0.20258081532362684,0.3650720385820603,1,50,164.99634244143797,80.25732681452173,70.13526332146898,0,0,2,4,4
905,30.133333333333333,0,1,137.15655326843262,182.51764297485352,150.4097080230713,198.59941005706787,171.35026931762695,213.02515983581543,217.039794921875,91.59389019012451,143.78313064575195,190.5585265159607,127.17515997473768,6.4375481605529785,14.714767456054688,16.06133268459393,0.05061954049699442,0.11570472928029073,0.12629300161906132,60,125.52281785031795,0.1660186606672877,0.20258081532362684,0.3650720385820603,1,51,164.99634244143797,80.25732681452173,70.13526332146898,0,0,2,4,4
906,30.166666666666668,1,1,140.93360900878906,191.285719871521,154.29829597473145,207.1802043914795,175.88117599487305,220.60097694396973,219.47633743286133,101.07322454452515,147.61595249176025,199.23296213150024,127.17515997473768,6.4375481605529785,14.714767456054688,16.06133268459393,0.05061954049699442,0.11570472928029073,0.12629300161906132,60,126.73619137917797,0.16385649034318425,0.2005370923452175,0.3599198742141301,1,52,166.67256218642768,81.36905673240254,65.41620148343995,1,1,3,4,4
907,30.2,0,1,140.93360900878906,191.285719871521,154.29829597473145,207.1802043914795,175.88117599487305,220.60097694396973,219.47633743286133,101.07322454452515,147.61595249176025,199.23296213150024,127.17515997473768,6.4375481605529785,14.714767456054688,16.06133268459393,0.05061954049699442,0.11570472928029073,0.12629300161906132,60,126.73619137917797,0.16385649034318425,0.2005370923452175,0.3599198742141301,1,53,166.67256218642768,81.36905673240254,65.41620148343995,0,0,3,4,4
908,30.233333333333334,0,1,140.93360900878906,191.285719871521,154.29829597473145,207.1802043914795,175.88117599487305,220.60097694396973,219.47633743286133,101.07322454452515,147.61595249176025,199.23296213150024,127.17515997473768,6.4375481605529785,14.714767456054688,16.06133268459393,0.05061954049699442,0.11570472928029073,0.12629300161906132,60,126.73619137917797,0.16385649034318425,0.2005370923452175,0.3599198742141301,1,54,166.67256218642768,81.36905673240254,65.41620148343995,0,0,3,4,4
909,30.266666666666666,1,1,151.18300437927246,197.13985919952393,156.31484985351562,208.8134479522705,178.75253677368164,221.2146520614624,226.3991355895996,104.94059085845947,153.74892711639404,202.97665357589722,127.17515997473768,6.4375481605529785,14.714767456054688,16.06133268459393,0.05061954049699442,0.11570472928029073,0.12629300161906132,60,127.0848236888937,0.1003408897118515,0.20172893217260066,0.28800895944921456,1,55,165.16452206591163,69.7058636400855,51.989756543343695,1,1,3,4,4
910,30.3,0,1,151.18300437927246,197.13985919952393,156.31484985351562,208.8134479522705,178.75253677368164,221.2146520614624,226.3991355895996,104.94059085845947,153.74892711639404,202.97665357589722,127.17515997473768,6.4375481605529785,14.714767456054688,16.06133268459393,0.05061954049699442,0.11570472928029073,0.12629300161906132,60,127.0848236888937,0.1003408897118515,0.20172893217260066,0.28800895944921456,1,56,165.16452206591163,69.7058636400855,51.989756543343695,0,0,3,4,4
911,30.333333333333332,0,1,151.18300437927246,197.13985919952393,156.31484985351562,208.8134479522705,178.75253677368164,221.2146520614624,226.3991355895996,104.94059085845947,153.74892711639404,202.97665357589722,127.17515997473768,6.4375481605529785,14.714767456054688,16.06133268459393,0.05061954049699442,0.11570472928029073,0.12629300161906132,60,127.0848236888937,0.1003408897118515,0.20172893217260066,0.28800895944921456,1,57,165.16452206591163,69.7058636400855,51.989756543343695,0,0,3,4,4
912,30.366666666666667,1,1,162.0677375793457,163.72748851776123,158.91429901123047,178.94170761108398,182.61611938476562,192.99802780151367,241.3084602355957,81.92533493041992,160.4910182952881,171.3345980644226,127.17515997473768,6.4375481605529785,14.714767456054688,16.06133268459393,0.05061954049699442,0.11570472928029073,0.12629300161906132,60,123.3035973124747,0.1260108239184512,0.22348433620015293,0.29004114042141876,1,58,155.78559789543633,56.94791036318377,36.09981340844354,1,-1,3,5,5
913,30.4,0,1,162.0677375793457,163.72748851776123,158.91429901123047,178.94170761108398,182.61611938476562,192.99802780151367,241.3084602355957,81.92533493041992,160.4910182952881,171.3345980644226,127.17515997473768,6.4375481605529785,14.714767456054688,16.06133268459393,0.05061954049699442,0.11570472928029073,0.12629300161906132,60,123.3035973124747,0.1260108239184512,0.22348433620015293,0.29004114042141876,1,59,155.78559789543633,56.94791036318377,36.09981340844354,0,0,3,5,5
914,30.433333333333334,0,1,162.0677375793457,163.72748851776123,158.91429901123047,178.94170761108398,182.61611938476562,192.99802780151367,241.3084602355957,81.92533493041992,160.4910182952881,171.3345980644226,127.17515997473768,6.4375481605529785,14.714767456054688,16.06133268459393,0.05061954049699442,0.11570472928029073,0.12629300161906132,60,123.3035973124747,0.1260108239184512,0.22348433620015293,0.29004114042141876,1,60,155.78559789543633,56.94791036318377,36.09981340844354,0,0,3,5,5
915,30.466666666666665,1,0,,,,,,,,,,,,,,,,,,0,,,,,0,60,,,,0,0,3,5,5
916,30.5,0,0,,,,,,,,,,,,,,,,,,0,,,,,0,60,,,,0,0,3,5,5
917,30.533333333333335,0,0,,,,,,,,,,,,,,,,,,0,,,,,0,60,,,,0,0,3,5,5
918,30.566666666666666,1,1,255.9658432006836,30.19689917564392,260.28743743896484,40.995508432388306,279.8883247375488,55.9763503074646,327.64808654785156,-23.556747436523438,258.1266403198242,35.59620380401611,120.95897599300577,0.0,0.0,0.0,0.0,0.0,0.0,3,120.95897599300577,0.09615869241492324,0.20395537411084688,0.29075225243037933,1,61,145.63781988479144,55.420240607563045,27.46573935602089,0,0,3,5,5
919,30.6,0,1,255.9658432006836,30.19689917564392,260.28743743896484,40.995508432388306,279.8883247375488,55.9763503074646,327.64808654785156,-23.556747436523438,258.1266403198242,35.59620380401611,120.95897599300577,0.0,0.0,0.0,0.0,0.0,0.0,3,120.95897599300577,0.09615869241492324,0.20395537411084688,0.29075225243037933,1,62,145.63781988479144,55.420240607563045,27.46573935602089,0,0,3,5,5
920,30.633333333333333,0,1,255.9658432006836,30.19689917564392,260.28743743896484,40.995508432388306,279.8883247375488,55.9763503074646,327.64808654785156,-23.556747436523438,258.1266403198242,35.59620380401611,120.95897599300577,0.0,0.0,0.0,0.0,0.0,0.0,3,120.95897599300577,0.09615869241492324,0.20395537411084688,0.29075225243037933,1,63,145.63781988479144,55.420240607563045,27.46573935602089,0,0,3,5,5
921,30.666666666666668,1,0,,,,,,,,,,,,,,,,,,0,,,,,0,63,,,,0,0,3,5,5
922,30.7,0,0,,,,,,,,,,,,,,,,,,0,,,,,0,63,,,,0,0,3,5,5
923,30.733333333333334,0,0,,,,,,,,,,,,,,,,,,0,,,,,0,63,,,,0,0,3,5,5
924,30.766666666666666,1,0,,,,,,,,,,,,,,,,,,0,,,,,0,63,,,,0,0,3,5,5
925,30.8,0,0,,,,,,,,,,,,,,,,,,0,,,,,0,63,,,,0,0,3,5,5
926,30.833333333333332,0,0,,,,,,,,,,,,,,,,,,0,,,,,0,63,,,,0,0,3,5,5
927,30.866666666666667,1,1,353.0531692504883,43.54285955429077,350.4762649536133,62.8209114074707,366.0856628417969,64.53505754470825,397.4401092529297,-21.209059953689575,351.7647171020508,53.18188548088074,92.72918338430055,3.2862727642059326,4.931399345397949,5.926068526818858,0.03543946624210553,0.053180661852273534,0.06390726533478959,9,82.34936814952636,0.2361829559744847,0.19069041656980099,0.3000468416459094,1,64,150.58753388424128,101.36764443182564,46.26867563440037,0,0,3,5,5
928,30.9,0,1,353.0531692504883,43.54285955429077,350.4762649536133,62.8209114074707,366.0856628417969,64.53505754470825,397.4401092529297,-21.209059953689575,351.7647171020508,53.18188548088074,92.72918338430055,3.2862727642059326,4.931399345397949,5.926068526818858,0.03543946624210553,0.053180661852273534,0.06390726533478959,9,82.34936814952636,0.2361829559744847,0.19069041656980099,0.3000468416459094,1,65,150.58753388424128,101.36764443182564,46.26867563440037,0,0,3,5,5
929,30.933333333333334,0,1,353.0531692504883,43.54285955429077,350.4762649536133,62.8209114074707,366.0856628417969,64.53505754470825,397.4401092529297,-21.209059953689575,351.7647171020508,53.18188548088074,92.72918338430055,3.2862727642059326,4.931399345397949,5.926068526818858,0.03543946624210553,0.053180661852273534,0.06390726533478959,9,82.34936814952636,0.2361829559744847,0.19069041656980099,0.3000468416459094,1,66,150.58753388424128,101.36764443182564,46.26867563440037,0,0,3,5,5
930,30.966666666666665,1,1,344.8461151123047,40.153584480285645,345.71895599365234,42.19347596168518,361.21402740478516,52.790794372558594,387.5419235229492,-29.18134868144989,345.2825355529785,41.17353022098541,92.72918338430055,3.2862727642059326,4.931399345397949,5.926068526818858,0.03543946624210553,0.053180661852273534,0.06390726533478959,9,92.72918338430055,0.02392758434757908,0.20244253101784274,0.22300073068922086,1,67,147.0209159009102,62.37258826679325,41.40217115220502,-1,-1,3,5,5
931,31.0,0,1,344.8461151123047,40.153584480285645,345.71895599365234,42.19347596168518,361.21402740478516,52.790794372558594,387.5419235229492,-29.18134868144989,345.2825355529785,41.17353022098541,92.72918338430055,3.2862727642059326,4.931399345397949,5.926068526818858,0.03543946624210553,0.053180661852273534,0.06390726533478959,9,92.72918338430055,0.02392758434757908,0.20244253101784274,0.22300073068922086,1,68,147.0209159009102,62.37258826679325,41.40217115220502,0,0,3,5,5
932,31.033333333333335,0,1,344.8461151123047,40.153584480285645,345.71895599365234,42.19347596168518,361.21402740478516,52.790794372558594,387.5419235229492,-29.18134868144989,345.2825355529785,41.17353022098541,92.72918338430055,3.2862727642059326,4.931399345397949,5.926068526818858,0.03543946624210553,0.053180661852273534,0.06390726533478959,9,92.72918338430055,0.02392758434757908,0.20244253101784274,0.22300073068922086,1,69,147.0209159009102,62.37258826679325,41.40217115220502,0,0,3,5,5
933,31.066666666666666,1,1,350.1548767089844,47.04325318336487,338.62579345703125,49.57818031311035,333.84082794189453,56.64604067802429,370.76141357421875,-23.250169157981873,344.3903350830078,48.31071674823761,92.72918338430055,3.2862727642059326,4.931399345397949,5.926068526818858,0.03543946624210553,0.053180661852273534,0.06390726533478959,9,93.93937656630968,0.1256605573208455,0.09085916248085471,0.201517668297074,1,70,171.7033150427883,25.102747910226125,20.07476472319357,0,1,3,6,6
934,31.1,0,1,350.1548767089844,47.04325318336487,338.62579345703125,49.57818031311035,333.84082794189453,56.64604067802429,370.76141357421875,-23.250169157981873,344.3903350830078,48.31071674823761,92.72918338430055,3.2862727642059326,4.931399345397949,5.926068526818858,0.03543946624210553,0.053180661852273534,0.06390726533478959,9,93.93937656630968,0.1256605573208455,0.09085916248085471,0.201517668297074,1,71,171.7033150427883,25.102747910226125,20.07476472319357,0,0,3,6,6
935,31.133333333333333,0,1,350.1548767089844,47.04325318336487,338.62579345703125,49.57818031311035,333.84082794189453,56.64604067802429,370.76141357421875,-23.250169157981873,344.3903350830078,48.31071674823761,92.72918338430055,3.2862727642059326,4.931399345397949,5.926068526818858,0.03543946624210553,0.053180661852273534,0.06390726533478959,9,93.93937656630968,0.1256605573208455,0.09085916248085471,0.201517668297074,1,72,171.7033150427883,25.102747910226125,20.07476472319357,0,0,3,6,6
936,31.166666666666668,1,0,,,,,,,,,,,,,,,,,,0,,,,,0,72,,,,0,0,3,6,6
937,31.2,0,0,,,,,,,,,,,,,,,,,,0,,,,,0,72,,,,0,0,3,6,6
938,31.233333333333334,0,0,,,,,,,,,,,,,,,,,,0,,,,,0,72,,,,0,0,3,6,6
939,31.266666666666666,1,1,175.39398193359375,136.5917730331421,159.9458408355713,152.22394466400146,177.41514205932617,169.8334264755249,275.57199478149414,50.465179681777954,167.66991138458252,144.40785884857178,127.25586687232804,10.054709434509277,27.17251968383789,28.973142870268106,0.07901175546269205,0.2135266557973257,0.22767628387095096,45,123.31020423762396,0.1782292493997263,0.2011564539024119,0.27007531361030435,1,73,151.61829985176314,57.04841025662485,5.723992564217567,0,0,3,6,6
940,31.3,0,1,175.39398193359375,136.5917730331421,159.9458408355713,152.22394466400146,177.41514205932617,169.8334264755249,275.57199478149414,50.465179681777954,167.66991138458252,144.40785884857178,127.25586687232804,10.054709434509277,27.17251968383789,28.973142870268106,0.07901175546269205,0.2135266557973257,0.22767628387095096,45,123.31020423762396,0.1782292493997263,0.2011564539024119,0.27007531361030435,1,74,151.61829985176314,57.04841025662485,5.723992564217567,0,0,3,6,6
941,31.333333333333332,0,1,175.39398193359375,136.5917730331421,159.9458408355713,152.22394466400146,177.41514205932617,169.8334264755249,275.57199478149414,50.465179681777954,167.66991138458252,144.40785884857178,127.25586687232804,10.054709434509277,27.17251968383789,28.973142870268106,0.07901175546269205,0.2135266557973257,0.22767628387095096,45,123.31020423762396,0.1782292493997263,0.2011564539024119,0.27007531361030435,1,75,151.61829985176314,57.04841025662485,5.723992564217567,0,0,3,6,6
942,31.366666666666667,1,1,143.53049278259277,175.65849781036377,132.40132331848145,227.8304672241211,143.83797645568848,252.6859474182129,258.89354705810547,90.87256908416748,137.9659080505371,201.74448251724243,127.25586687232804,10.054709434509277,27.17251968383789,28.973142870268106,0.07901175546269205,0.2135266557973257,0.22767628387095096,45,144.3968319702044,0.36943875108953295,0.18948066736078514,0.5334470450081543,1,76,161.42301950348218,143.23274157307375,140.0854172644788,-1,1,3,6,6
943,31.4,0,1,143.53049278259277,175.65849781036377,132.40132331848145,227.8304672241211,143.83797645568848,252.6859474182129,258.89354705810547,90.87256908416748,137.9659080505371,201.74448251724243,127.25586687232804,10.054709434509277,27.17251968383789,28.973142870268106,0.07901175546269205,0.2135266557973257,0.22767628387095096,45,144.3968319702044,0.36943875108953295,0.18948066736078514,0.5334470450081543,1,77,161.42301950348218,143.23274157307375,140.0854172644788,0,0,3,6,6
944,31.433333333333334,0,1,143.53049278259277,175.65849781036377,132.40132331848145,227.8304672241211,143.83797645568848,252.6859474182129,258.89354705810547,90.87256908416748,137.9659080505371,201.74448251724243,127.25586687232804,10.054709434509277,27.17251968383789,28.973142870268106,0.07901175546269205,0.2135266557973257,0.22767628387095096,45,144.3968319702044,0.36943875108953295,0.18948066736078514,0.5334470450081543,1,78,161.42301950348218,143.23274157307375,140.0854172644788,0,0,3,6,6
945,31.466666666666665,1,1,130.93229293823242,201.22843265533447,147.38248825073242,243.4533405303955,162.6561164855957,256.9024658203125,239.42388534545898,116.99775695800781,139.15739059448242,222.340886592865,127.25586687232804,10.054709434509277,27.17251968383789,28.973142870268106,0.07901175546269205,0.2135266557973257,0.22767628387095096,45,138.62681084196478,0.3268929811551239,0.14680412349183783,0.46223431662877146,1,79,172.90317080258112,113.28124849670462,94.32208071432912,0,1,3,6,6
946,31.5,0,1,130.93229293823242,201.22843265533447,147.38248825073242,243.4533405303955,162.6561164855957,256.9024658203125,239.42388534545898,116.99775695800781,139.15739059448242,222.340886592865,127.25586687232804,10.054709434509277,27.17251968383789,28.973142870268106,0.07901175546269205,0.2135266557973257,0.22767628387095096,45,138.62681084196478,0.3268929811551239,0.14680412349183783,0.46223431662877146,1,80,172.90317080258112,113.28124849670462,94.32208071432912,0,0,3,6,6
947,31.533333333333335,0,1,130.93229293823242,201.22843265533447,147.38248825073242,243.4533405303955,162.6561164855957,256.9024658203125,239.42388534545898,116.99775695800781,139.15739059448242,222.340886592865,127.25586687232804,10.054709434509277,27.17251968383789,28.973142870268106,0.07901175546269205,0.2135266557973257,0.22767628387095096,45,138.62681084196478,0.3268929811551239,0.14680412349183783,0.46223431662877146,1,81,172.90317080258112,113.28124849670462,94.32208071432912,0,0,3,6,6
948,31.566666666666666,1,1,139.5797824859619,215.10982990264893,152.1804904937744,245.31686782836914,170.5919075012207,254.20872688293457,237.3822784423828,127.57975101470947,145.88013648986816,230.21334886550903,127.25586687232804,10.054709434509277,27.17251968383789,28.973142870268106,0.07901175546269205,0.2135266557973257,0.22767628387095096,45,130.81678591696175,0.2501960911680126,0.15629614535650987,0.38148518322000924,1,82,160.59767376839568,101.76407817879716,70.89042924427174,1,1,4,6,6
949,31.6,0,1,139.5797824859619,215.10982990264893,152.1804904937744,245.31686782836914,170.5919075012207,254.20872688293457,237.3822784423828,127.57975101470947,145.88013648986816,230.21334886550903,127.25586687232804,10.054709434509277,27.17251968383789,28.973142870268106,0.07901175546269205,0.2135266557973257,0.22767628387095096,45,130.81678591696175,0.2501960911680126,0.15629614535650987,0.38148518322000924,1,83,160.59767376839568,101.76407817879716,70.89042924427174,0,0,4,6,6
950,31.633333333333333,0,1,139.5797824859619,215.10982990264893,152.1804904937744,245.31686782836914,170.5919075012207,254.20872688293457,237.3822784423828,127.57975101470947,145.88013648986816,230.21334886550903,127.25586687232804,10.054709434509277,27.17251968383789,28.973142870268106,0.07901175546269205,0.2135266557973257,0.22767628387095096,45,130.81678591696175,0.2501960911680126,0.15629614535650987,0.38148518322000924,1,84,160.59767376839568,101.76407817879716,70.89042924427174,0,0,4,6,6
951,31.666666666666668,1,1,136.1067008972168,210.6465768814087,161.5959358215332,240.07827758789062,177.5901222229004,250.0646209716797,237.72157669067383,126.82464122772217,148.851318359375,225.36242723464966,127.25586687232804,10.054709434509277,27.17251968383789,28.973142870268106,0.07901175546269205,0.2135266557973257,0.22767628387095096,45,127.25586687232804,0.30595756927528617,0.1481723140105135,0.449681538330568,1,85,173.9301402049006,97.75094717182795,74.44465306269208,1,-1,4,7,7
952,31.7,0,1,136.1067008972168,210.6465768814087,161.5959358215332,240.07827758789062,177.5901222229004,250.0646209716797,237.72157669067383,126.82464122772217,148.851318359375,225.36242723464966,127.25586687232804,10.054709434509277,27.17251968383789,28.973142870268106,0.07901175546269205,0.2135266557973257,0.22767628387095096,45,127.25586687232804,0.30595756927528617,0.1481723140105135,0.449681538330568,1,86,173.9301402049006,97.75094717182795,74.44465306269208,0,0,4,7,7
953,31.733333333333334,0,1,136.1067008972168,210.6465768814087,161.5959358215332,240.07827758789062,177.5901222229004,250.0646209716797,237.72157669067383,126.82464122772217,148.851318359375,225.36242723464966,127.25586687232804,10.054709434509277,27.17251968383789,28.973142870268106,0.07901175546269205,0.2135266557973257,0.22767628387095096,45,127.25586687232804,0.30595756927528617,0.1481723140105135,0.449681538330568,1,87,173.9301402049006,97.75094717182795,74.44465306269208,0,0,4,7,7
954,31.766666666666666,1,1,153.34749221801758,191.52202606201172,158.39275360107422,205.95564365386963,169.0607452392578,228.83245468139648,239.41547393798828,117.07800149917603,155.8701229095459,198.73883485794067,127.25586687232804,10.054709434509277,27.17251968383789,28.973142870268106,0.07901175546269205,0.2135266557973257,0.22767628387095096,45,127.32547266023984,0.12008591627911594,0.19824721270555043,0.3179587555874886,1,88,155.7704898972706,84.70997253255084,66.7047699268279,1,-1,4,7,7
955,31.8,0,1,153.34749221801758,191.52202606201172,158.39275360107422,205.95564365386963,169.0607452392578,228.83245468139648,239.41547393798828,117.07800149917603,155.8701229095459,198.73883485794067,127.25586687232804,10.054709434509277,27.17251968383789,28.973142870268106,0.07901175546269205,0.2135266557973257,0.22767628387095096,45,127.32547266023984,0.12008591627911594,0.19824721270555043,0.3179587555874886,1,89,155.7704898972706,84.70997253255084,66.7047699268279,0,0,4,7,7
956,31.833333333333332,0,1,153.34749221801758,191.52202606201172,158.39275360107422,205.95564365386963,169.0607452392578,228.83245468139648,239.41547393798828,117.07800149917603,155.8701229095459,198.73883485794067,127.25586687232804,10.054709434509277,27.17251968383789,28.973142870268106,0.07901175546269205,0.2135266557973257,0.22767628387095096,45,127.32547266023984,0.12008591627911594,0.19824721270555043,0.3179587555874886,1,90,155.7704898972706,84.70997253255084,66.7047699268279,0,0,4,7,7
957,31.866666666666667,1,1,156.64798736572266,197.9585838317871,161.78817749023438,203.2815456390381,172.9994010925293,227.9329490661621,244.2452621459961,113.28197479248047,159.21808242797852,200.6200647354126,127.25586687232804,10.054709434509277,27.17251968383789,28.973142870268106,0.07901175546269205,0.2135266557973257,0.22767628387095096,45,129.8903587182184,0.05696877314862682,0.20849160371730957,0.26286994827635624,1,91,156.91060487481667,70.57824397509197,52.996752765120235,1,0,4,7,7
958,31.9,0,1,156.64798736572266,197.9585838317871,161.78817749023438,203.2815456390381,172.9994010925293,227.9329490661621,244.2452621459961,113.28197479248047,159.21808242797852,200.6200647354126,127.25586687232804,10.054709434509277,27.17251968383789,28.973142870268106,0.07901175546269205,0.2135266557973257,0.22767628387095096,45,129.8903587182184,0.05696877314862682,0.20849160371730957,0.26286994827635624,1,92,156.91060487481667,70.57824397509197,52.996752765120235,0,0,4,7,7
959,31.933333333333334,0,1,156.64798736572266,197.9585838317871,161.78817749023438,203.2815456390381,172.9994010925293,227.9329490661621,244.2452621459961,113.28197479248047,159.21808242797852,200.6200647354126,127.25586687232804,10.054709434509277,27.17251968383789,28.973142870268106,0.07901175546269205,0.2135266557973257,0.22767628387095096,45,129.8903587182184,0.05696877314862682,0.20849160371730957,0.26286994827635624,1,93,156.91060487481667,70.57824397509197,52.996752765120235,0,0,4,7,7
960,31.966666666666665,1,1,159.53617095947266,208.28770637512207,163.91925811767578,213.99317264556885,175.99374771118164,235.00130653381348,245.13446807861328,114.854257106781,161.72771453857422,211.14043951034546,127.25586687232804,10.054709434509277,27.17251968383789,28.973142870268106,0.07901175546269205,0.2135266557973257,0.22767628387095096,45,132.46838122669854,0.05431263075378988,0.18291812943302535,0.2368583128400425,1,94,157.50762706910695,83.38396642250241,52.63042842942134,0,1,4,8,8
961,32.0,0,1,159.53617095947266,208.28770637512207,163.91925811767578,213.99317264556885,175.99374771118164,235.00130653381348,245.13446807861328,114.854257106781,161.72771453857422,211.14043951034546,127.25586687232804,10.054709434509277,27.17251968383789,28.973142870268106,0.07901175546269205,0.2135266557973257,0.22767628387095096,45,132.46838122669854,0.05431263075378988,0.18291812943302535,0.2368583128400425,1,95,157.50762706910695,83.38396642250241,52.63042842942134,0,0,4,8,8
962,32.03333333333333,0,1,159.53617095947266,208.28770637512207,163.91925811767578,213.99317264556885,175.99374771118164,235.00130653381348,245.13446807861328,114.854257106781,161.72771453857422,211.14043951034546,127.25586687232804,10.054709434509277,27.17251968383789,28.973142870268106,0.07901175546269205,0.2135266557973257,0.22767628387095096,45,132.46838122669854,0.05431263075378988,0.18291812943302535,0.2368583128400425,1,96,157.50762706910695,83.38396642250241,52.63042842942134,0,0,4,8,8
963,32.06666666666667,1,1,162.4352264404297,203.831205368042,168.52970123291016,209.6711826324463,180.82220077514648,231.46831512451172,245.31246185302734,112.55456686019897,165.48246383666992,206.75119400024414,127.25586687232804,10.054709434509277,27.17251968383789,28.973142870268106,0.07901175546269205,0.2135266557973257,0.22767628387095096,45,127.70818990648222,0.06609482542083758,0.1959498346179092,0.25992646576548073,1,97,158.31633707318431,71.0741055082938,45.92171136640248,1,-1,4,9,9
964,32.1,0,1,162.4352264404297,203.831205368042,168.52970123291016,209.6711826324463,180.82220077514648,231.46831512451172,245.31246185302734,112.55456686019897,165.48246383666992,206.75119400024414,127.25586687232804,10.054709434509277,27.17251968383789,28.973142870268106,0.07901175546269205,0.2135266557973257,0.22767628387095096,45,127.70818990648222,0.06609482542083758,0.1959498346179092,0.25992646576548073,1,98,158.31633707318431,71.0741055082938,45.92171136640248,0,0,4,9,9
965,32.13333333333333,0,1,162.4352264404297,203.831205368042,168.52970123291016,209.6711826324463,180.82220077514648,231.46831512451172,245.31246185302734,112.55456686019897,165.48246383666992,206.75119400024414,127.25586687232804,10.054709434509277,27.17251968383789,28.973142870268106,0.07901175546269205,0.2135266557973257,0.22767628387095096,45,127.70818990648222,0.06609482542083758,0.1959498346179092,0.25992646576548073,1,99,158.31633707318431,71.0741055082938,45.92171136640248,0,0,4,9,9
966,32.166666666666664,1,1,162.57390975952148,196.1974811553955,166.11661911010742,210.68979263305664,175.5348777770996,235.849027633667,238.6634063720703,110.6098222732544,164.34526443481445,203.44363689422607,127.25586687232804,10.054709434509277,27.17251968383789,28.973142870268106,0.07901175546269205,0.2135266557973257,0.22767628387095096,45,127.18733637586665,0.1172997617606353,0.21121836809170444,0.3279893044043076,1,100,153.88494749953756,96.91901393435681,87.85468318183543,0,-1,4,9,9
967,32.2,0,1,162.57390975952148,196.1974811553955,166.11661911010742,210.68979263305664,175.5348777770996,235.849027633667,238.6634063720703,110.6098222732544,164.34526443481445,203.44363689422607,127.25586687232804,10.054709434509277,27.17251968383789,28.973142870268106,0.07901175546269205,0.2135266557973257,0.22767628387095096,45,127.18733637586665,0.1172997617606353,0.21121836809170444,0.3279893044043076,1,101,153.88494749953756,96.91901393435681,87.85468318183543,0,0,4,9,9
968,32.233333333333334,0,1,162.57390975952148,196.1974811553955,166.11661911010742,210.68979263305664,175.5348777770996,235.849027633667,238.6634063720703,110.6098222732544,164.34526443481445,203.44363689422607,127.25586687232804,10.054709434509277,27.17251968383789,28.973142870268106,0.07901175546269205,0.2135266557973257,0.22767628387095096,45,127.18733637586665,0.1172997617606353,0.21121836809170444,0.3279893044043076,1,102,153.88494749953756,96.91901393435681,87.85468318183543,0,0,4,9,9
969,32.266666666666666,1,1,149.46020126342773,180.52627086639404,162.56963729858398,195.3515911102295,177.04845428466797,214.79387283325195,237.7280044555664,104.82725143432617,156.01491928100586,187.93893098831177,127.25586687232804,10.054709434509277,27.17251968383789,28.973142870268106,0.07901175546269205,0.2135266557973257,0.22767628387095096,45,126.5686832961044,0.15635845855449676,0.19152648741745265,0.3475816897932009,1,103,155.34735476103256,82.98215226837627,72.40104606450105,-1,-1,5,9,9
970,32.3,0,1,149.46020126342773,180.52627086639404,162.56963729858398,195.3515911102295,177.04845428466797,214.79387283325195,237.7280044555664,104.82725143432617,156.01491928100586,187.93893098831177,127.25586687232804,10.054709434509277,27.17251968383789,28.973142870268106,0.07901175546269205,0.2135266557973257,0.22767628387095096,45,126.5686832961044,0.15635845855449676,0.19152648741745265,0.3475816897932009,1,104,155.34735476103256,82.98215226837627,72.40104606450105,0,0,5,9,9
971,32.333333333333336,0,1,149.46020126342773,180.52627086639404,162.56963729858398,195.3515911102295,177.04845428466797,214.79387283325195,237.7280044555664,104.82725143432617,156.01491928100586,187.93893098831177,127.25586687232804,10.054709434509277,27.17251968383789,28.973142870268106,0.07901175546269205,0.2135266557973257,0.22767628387095096,45,126.5686832961044,0.15635845855449676,0.19152648741745265,0.3475816897932009,1,105,155.34735476103256,82.98215226837627,72.40104606450105,0,0,5,9,9
972,32.36666666666667,1,1,157.37933158874512,189.05253410339355,163.84729385375977,200.68912982940674,179.58637237548828,209.73019123077393,237.6328468322754,99.4066572189331,160.61331272125244,194.87083196640015,127.25586687232804,10.054709434509277,27.17251968383789,28.973142870268106,0.07901175546269205,0.2135266557973257,0.22767628387095096,45,125.92096651524959,0.10572770870661921,0.14414609863137137,0.2409712925681128,1,106,152.13608334098612,92.04243818429643,74.84263227285824,1,1,6,10,10
973,32.4,0,1,157.37933158874512,189.05253410339355,163.84729385375977,200.68912982940674,179.58637237548828,209.73019123077393,237.6328468322754,99.4066572189331,160.61331272125244,194.87083196640015,127.25586687232804,10.054709434509277,27.17251968383789,28.973142870268106,0.07901175546269205,0.2135266557973257,0.22767628387095096,45,125.92096651524959,0.10572770870661921,0.14414609863137137,0.2409712925681128,1,107,152.13608334098612,92.04243818429643,74.84263227285824,0,0,6,10,10
974,32.43333333333333,0,1,157.37933158874512,189.05253410339355,163.84729385375977,200.68912982940674,179.58637237548828,209.73019123077393,237.6328468322754,99.4066572189331,160.61331272125244,194.87083196640015,127.25586687232804,10.054709434509277,27.17251968383789,28.973142870268106,0.07901175546269205,0.2135266557973257,0.22767628387095096,45,125.92096651524959,0.10572770870661921,0.14414609863137137,0.2409712925681128,1,108,152.13608334098612,92.04243818429643,74.84263227285824,0,0,6,10,10
975,32.46666666666667,1,1,155.66326141357422,191.50810718536377,164.52152252197266,206.65308952331543,182.07120895385742,217.73207187652588,240.43533325195312,106.69814586639404,160.09239196777344,199.0805983543396,127.25586687232804,10.054709434509277,27.17251968383789,28.973142870268106,0.07901175546269205,0.2135266557973257,0.22767628387095096,45,125.33617101542781,0.13998631915909254,0.16558798889232254,0.2969343097670271,1,109,156.99757246447933,87.41322599295634,70.48510477953592,0,1,6,10,10
976,32.5,0,1,155.66326141357422,191.50810718536377,164.52152252197266,206.65308952331543,182.07120895385742,217.73207187652588,240.43533325195312,106.69814586639404,160.09239196777344,199.0805983543396,127.25586687232804,10.054709434509277,27.17251968383789,28.973142870268106,0.07901175546269205,0.2135266557973257,0.22767628387095096,45,125.33617101542781,0.13998631915909254,0.16558798889232254,0.2969343097670271,1,110,156.99757246447933,87.41322599295634,70.48510477953592,0,0,6,10,10
977,32.53333333333333,0,1,155.66326141357422,191.50810718536377,164.52152252197266,206.65308952331543,182.07120895385742,217.73207187652588,240.43533325195312,106.69814586639404,160.09239196777344,199.0805983543396,127.25586687232804,10.054709434509277,27.17251968383789,28.973142870268106,0.07901175546269205,0.2135266557973257,0.22767628387095096,45,125.33617101542781,0.13998631915909254,0.16558798889232254,0.2969343097670271,1,111,156.99757246447933,87.41322599295634,70.48510477953592,0,0,6,10,10
978,32.56666666666667,1,1,167.20735549926758,181.15233421325684,162.59620666503906,181.90139293670654,182.60787963867188,203.0357551574707,248.6406707763672,97.14683532714844,164.90178108215332,181.5268635749817,127.25586687232804,10.054709434509277,27.17251968383789,28.973142870268106,0.07901175546269205,0.2135266557973257,0.22767628387095096,45,126.59012652443297,0.036903297883406884,0.229918949683552,0.21138538184259034,1,112,147.39584311321815,64.34468964974897,54.98143625673836,1,-1,6,11,11
979,32.6,0,1,167.20735549926758,181.15233421325684,162.59620666503906,181.90139293670654,182.60787963867188,203.0357551574707,248.6406707763672,97.14683532714844,164.90178108215332,181.5268635749817,127.25586687232804,10.054709434509277,27.17251968383789,28.973142870268106,0.07901175546269205,0.2135266557973257,0.22767628387095096,45,126.59012652443297,0.036903297883406884,0.229918949683552,0.21138538184259034,1,113,147.39584311321815,64.34468964974897,54.98143625673836,0,0,6,11,11
980,32.63333333333333,0,1,167.20735549926758,181.15233421325684,162.59620666503906,181.90139293670654,182.60787963867188,203.0357551574707,248.6406707763672,97.14683532714844,164.90178108215332,181.5268635749817,127.25586687232804,10.054709434509277,27.17251968383789,28.973142870268106,0.07901175546269205,0.2135266557973257,0.22767628387095096,45,126.59012652443297,0.036903297883406884,0.229918949683552,0.21138538184259034,1,114,147.39584311321815,64.34468964974897,54.98143625673836,0,0,6,11,11
981,32.666666666666664,1,1,179.95534896850586,106.66856288909912,168.37533950805664,144.7313690185547,195.3087615966797,159.02664184570312,258.1785011291504,49.65305685997009,174.16534423828125,125.6999659538269,127.25586687232804,10.054709434509277,27.17251968383789,28.973142870268106,0.07901175546269205,0.2135266557973257,0.22767628387095096,45,105.94219550020661,0.3755382520840923,0.287817638966977,0.5150239551667498,1,115,152.1990327876372,114.38137964246484,89.03416422953998,1,-1,6,11,11
982,32.7,0,1,179.95534896850586,106.66856288909912,168.37533950805664,144.7313690185547,195.3087615966797,159.02664184570312,258.1785011291504,49.65305685997009,174.16534423828125,125.6999659538269,127.25586687232804,10.054709434509277,27.17251968383789,28.973142870268106,0.07901175546269205,0.2135266557973257,0.22767628387095096,45,105.94219550020661,0.3755382520840923,0.287817638966977,0.5150239551667498,1,116,152.1990327876372,114.38137964246484,89.03416422953998,0,0,6,11,11
983,32.733333333333334,0,1,179.95534896850586,106.66856288909912,168.37533950805664,144.7313690185547,195.3087615966797,159.02664184570312,258.1785011291504,49.65305685997009,174.16534423828125,125.6999659538269,127.25586687232804,10.054709434509277,27.17251968383789,28.973142870268106,0.07901175546269205,0.2135266557973257,0.22767628387095096,45,105.94219550020661,0.3755382520840923,0.287817638966977,0.5150239551667498,1,117,152.1990327876372,114.38137964246484,89.03416422953998,0,0,6,11,11
984,32.766666666666666,1,0,,,,,,,,,,,,,,,,,,0,,,,,0,117,,,,0,0,6,11,11
985,32.8,0,0,,,,,,,,,,,,,,,,,,0,,,,,0,117,,,,0,0,6,11,11
986,32.833333333333336,0,0,,,,,,,,,,,,,,,,,,0,,,,,0,117,,,,0,0,6,11,11
987,32.86666666666667,1,0,,,,,,,,,,,,,,,,,,0,,,,,0,117,,,,0,0,6,11,11
988,32.9,0,0,,,,,,,,,,,,,,,,,,0,,,,,0,117,,,,0,0,6,11,11
989,32.93333333333333,0,0,,,,,,,,,,,,,,,,,,0,,,,,0,117,,,,0,0,6,11,11
990,32.96666666666667,1,0,,,,,,,,,,,,,,,,,,0,,,,,0,117,,,,0,0,6,11,11
991,33.0,0,0,,,,,,,,,,,,,,,,,,0,,,,,0,117,,,,0,0,6,11,11
992,33.03333333333333,0,0,,,,,,,,,,,,,,,,,,0,,,,,0,117,,,,0,0,6,11,11
993,33.06666666666667,1,0,,,,,,,,,,,,,,,,,,0,,,,,0,117,,,,0,0,6,11,11
994,33.1,0,0,,,,,,,,,,,,,,,,,,0,,,,,0,117,,,,0,0,6,11,11
995,33.13333333333333,0,0,,,,,,,,,,,,,,,,,,0,,,,,0,117,,,,0,0,6,11,11
996,33.166666666666664,1,0,,,,,,,,,,,,,,,,,,0,,,,,0,117,,,,0,0,6,11,11
997,33.2,0,0,,,,,,,,,,,,,,,,,,0,,,,,0,117,,,,0,0,6,11,11
998,33.233333333333334,0,0,,,,,,,,,,,,,,,,,,0,,,,,0,117,,,,0,0,6,11,11
999,33.266666666666666,1,0,,,,,,,,,,,,,,,,,,0,,,,,0,117,,,,0,0,6,11,11
1000,33.3,0,0,,,,,,,,,,,,,,,,,,0,,,,,0,117,,,,0,0,6,11,11
1001,33.333333333333336,0,0,,,,,,,,,,,,,,,,,,0,,,,,0,117,,,,0,0,6,11,11
1002,33.36666666666667,1,0,,,,,,,,,,,,,,,,,,0,,,,,0,117,,,,0,0,6,11,11
1003,33.4,0,0,,,,,,,,,,,,,,,,,,0,,,,,0,117,,,,0,0,6,11,11
1004,33.43333333333333,0,0,,,,,,,,,,,,,,,,,,0,,,,,0,117,,,,0,0,6,11,11
1005,33.46666666666667,1,0,,,,,,,,,,,,,,,,,,0,,,,,0,117,,,,0,0,6,11,11
1006,33.5,0,0,,,,,,,,,,,,,,,,,,0,,,,,0,117,,,,0,0,6,11,11
1007,33.53333333333333,0,0,,,,,,,,,,,,,,,,,,0,,,,,0,117,,,,0,0,6,11,11
1008,33.56666666666667,1,0,,,,,,,,,,,,,,,,,,0,,,,,0,117,,,,0,0,6,11,11
1009,33.6,0,0,,,,,,,,,,,,,,,,,,0,,,,,0,117,,,,0,0,6,11,11
1010,33.63333333333333,0,0,,,,,,,,,,,,,,,,,,0,,,,,0,117,,,,0,0,6,11,11
1011,33.666666666666664,1,0,,,,,,,,,,,,,,,,,,0,,,,,0,117,,,,0,0,6,11,11
1012,33.7,0,0,,,,,,,,,,,,,,,,,,0,,,,,0,117,,,,0,0,6,11,11
1013,33.733333333333334,0,0,,,,,,,,,,,,,,,,,,0,,,,,0,117,,,,0,0,6,11,11
1014,33.766666666666666,1,0,,,,,,,,,,,,,,,,,,0,,,,,0,117,,,,0,0,6,11,11
1015,33.8,0,0,,,,,,,,,,,,,,,,,,0,,,,,0,117,,,,0,0,6,11,11
1016,33.833333333333336,0,0,,,,,,,,,,,,,,,,,,0,,,,,0,117,,,,0,0,6,11,11
1017,33.86666666666667,1,1,465.8944320678711,67.302725315094,512.263069152832,137.2818660736084,530.6500625610352,146.29523277282715,538.6178207397461,-26.952168345451355,489.07875061035156,102.2922956943512,,,,,,,,0,86.15380115312063,0.9743875314179875,0.2376837764380089,1.1855842090535185,0,0,161.34353548028022,176.23152478574244,179.24127011255393,0,0,0,0,0
1018,33.9,0,1,465.8944320678711,67.302725315094,512.263069152832,137.2818660736084,530.6500625610352,146.29523277282715,538.6178207397461,-26.952168345451355,489.07875061035156,102.2922956943512,,,,,,,,0,86.15380115312063,0.9743875314179875,0.2376837764380089,1.1855842090535185,0,0,161.34353548028022,176.23152478574244,179.24127011255393,0,0,0,0,0
1019,33.93333333333333,0,1,465.8944320678711,67.302725315094,512.263069152832,137.2818660736084,530.6500625610352,146.29523277282715,538.6178207397461,-26.952168345451355,489.07875061035156,102.2922956943512,,,,,,,,0,86.15380115312063,0.9743875314179875,0.2376837764380089,1.1855842090535185,0,0,161.34353548028022,176.23152478574244,179.24127011255393,0,0,0,0,0
1020,33.96666666666667,1,1,497.0579147338867,139.92908477783203,545.2005004882812,174.1649580001831,577.0328521728516,180.93207836151123,584.6179962158203,0.2731118816882372,521.129207611084,157.04702138900757,,,,,,,,0,72.65926671523168,0.8130354482809946,0.4478947193748256,1.236916486769731,0,0,175.72492386223908,179.19570072928084,179.03916958625607,0,0,0,0,0
1021,34.0,0,1,497.0579147338867,139.92908477783203,545.2005004882812,174.1649580001831,577.0328521728516,180.93207836151123,584.6179962158203,0.2731118816882372,521.129207611084,157.04702138900757,,,,,,,,0,72.65926671523168,0.8130354482809946,0.4478947193748256,1.236916486769731,0,0,175.72492386223908,179.19570072928084,179.03916958625607,0,0,0,0,0
1022,34.03333333333333,0,1,497.0579147338867,139.92908477783203,545.2005004882812,174.1649580001831,577.0328521728516,180.93207836151123,584.6179962158203,0.2731118816882372,521.129207611084,157.04702138900757,,,,,,,,0,72.65926671523168,0.8130354482809946,0.4478947193748256,1.236916486769731,0,0,175.72492386223908,179.19570072928084,179.03916958625607,0,0,0,0,0
1023,34.06666666666667,1,1,521.0673904418945,184.57808017730713,560.0444412231445,202.55980968475342,592.5009536743164,213.57984066009521,597.6985168457031,38.7402606010437,540.5559158325195,193.56894493103027,,,,,,,,0,73.68176671854837,0.5825724912667773,0.46519409092500796,1.0463430920403292,0,0,169.31188642301697,179.23102331222276,177.42830807830427,0,0,0,0,0
1024,34.1,0,1,521.0673904418945,184.57808017730713,560.0444412231445,202.55980968475342,592.5009536743164,213.57984066009521,597.6985168457031,38.7402606010437,540.5559158325195,193.56894493103027,,,,,,,,0,73.68176671854837,0.5825724912667773,0.46519409092500796,1.0463430920403292,0,0,169.31188642301697,179.23102331222276,177.42830807830427,0,0,0,0,0
1025,34.13333333333333,0,1,521.0673904418945,184.57808017730713,560.0444412231445,202.55980968475342,592.5009536743164,213.57984066009521,597.6985168457031,38.7402606010437,540.5559158325195,193.56894493103027,,,,,,,,0,73.68176671854837,0.5825724912667773,0.46519409092500796,1.0463430920403292,0,0,169.31188642301697,179.23102331222276,177.42830807830427,0,0,0,0,0
1026,34.166666666666664,1,1,504.3140411376953,214.10945892333984,538.2942581176758,227.48687267303467,569.3916702270508,236.30616188049316,590.5558776855469,76.05093240737915,521.3041496276855,220.79816579818726,,,,,,,,0,80.22832866822873,0.45518373260058953,0.4028977515942869,0.8570406268416649,0,0,163.8479358814211,178.66499153453856,173.55892322067103,0,0,0,0,0
1027,34.2,0,1,504.3140411376953,214.10945892333984,538.2942581176758,227.48687267303467,569.3916702270508,236.30616188049316,590.5558776855469,76.05093240737915,521.3041496276855,220.79816579818726,,,,,,,,0,80.22832866822873,0.45518373260058953,0.4028977515942869,0.8570406268416649,0,0,163.8479358814211,178.66499153453856,173.55892322067103,0,0,0,0,0
1028,34.233333333333334,0,1,504.3140411376953,214.10945892333984,538.2942581176758,227.48687267303467,569.3916702270508,236.30616188049316,590.5558776855469,76.05093240737915,521.3041496276855,220.79816579818726,,,,,,,,0,80.22832866822873,0.45518373260058953,0.4028977515942869,0.8570406268416649,0,0,163.8479358814211,178.66499153453856,173.55892322067103,0,0,0,0,0
1029,34.266666666666666,1,1,465.9794616699219,223.56651306152344,516.2464141845703,262.2967529296875,542.2920608520508,273.75941276550293,569.0032577514648,108.51710557937622,491.1129379272461,242.93163299560547,,,,,,,,0,88.82220711871935,0.714427825732862,0.3203751480932236,1.0283430063966263,0,0,179.5289462832644,176.7439390429423,179.19472816241694,0,0,0,0,0
1030,34.3,0,1,465.9794616699219,223.56651306152344,516.2464141845703,262.2967529296875,542.2920608520508,273.75941276550293,569.0032577514648,108.51710557937622,491.1129379272461,242.93163299560547,,,,,,,,0,88.82220711871935,0.714427825732862,0.3203751480932236,1.0283430063966263,0,0,179.5289462832644,176.7439390429423,179.19472816241694,0,0,0,0,0
1031,34.333333333333336,0,1,465.9794616699219,223.56651306152344,516.2464141845703,262.2967529296875,542.2920608520508,273.75941276550293,569.0032577514648,108.51710557937622,491.1129379272461,242.93163299560547,,,,,,,,0,88.82220711871935,0.714427825732862,0.3203751480932236,1.0283430063966263,0,0,179.5289462832644,176.7439390429423,179.19472816241694,0,0,0,0,0
1032,34.36666666666667,1,1,451.94705963134766,236.27089977264404,511.66969299316406,299.36848640441895,542.9510498046875,313.9338970184326,560.9362411499023,125.88077545166016,481.80837631225586,267.8196930885315,,,,,,,,0,97.06537134994342,0.8950647533920234,0.3554939389359329,1.2325514914471718,0,0,167.42077085032147,178.2752369226336,177.78521159322418,0,0,0,0,0
1033,34.4,0,1,451.94705963134766,236.27089977264404,511.66969299316406,299.36848640441895,542.9510498046875,313.9338970184326,560.9362411499023,125.88077545166016,481.80837631225586,267.8196930885315,,,,,,,,0,97.06537134994342,0.8950647533920234,0.3554939389359329,1.2325514914471718,0,0,167.42077085032147,178.2752369226336,177.78521159322418,0,0,0,0,0
1034,34.43333333333333,0,1,451.94705963134766,236.27089977264404,511.66969299316406,299.36848640441895,542.9510498046875,313.9338970184326,560.9362411499023,125.88077545166016,481.80837631225586,267.8196930885315,,,,,,,,0,97.06537134994342,0.8950647533920234,0.3554939389359329,1.2325514914471718,0,0,167.42077085032147,178.2752369226336,177.78521159322418,0,0,0,0,0
1035,34.46666666666667,1,1,454.08329010009766,233.96175384521484,516.7176818847656,320.8036422729492,543.3884429931641,334.3607425689697,557.2251510620117,130.38105010986328,485.40048599243164,277.38269805908203,,,,,,,,0,96.13840926604017,1.113735734753091,0.31120372167742655,1.3976751110946257,0,0,168.12253500664775,174.4430691901596,176.05057172554456,0,0,0,0,0
1036,34.5,0,1,454.08329010009766,233.96175384521484,516.7176818847656,320.8036422729492,543.3884429931641,334.3607425689697,557.2251510620117,130.38105010986328,485.40048599243164,277.38269805908203,,,,,,,,0,96.13840926604017,1.113735734753091,0.31120372167742655,1.3976751110946257,0,0,168.12253500664775,174.4430691901596,176.05057172554456,0,0,0,0,0
1037,34.53333333333333,0,1,454.08329010009766,233.96175384521484,516.7176818847656,320.8036422729492,543.3884429931641,334.3607425689697,557.2251510620117,130.38105010986328,485.40048599243164,277.38269805908203,,,,,,,,0,96.13840926604017,1.113735734753091,0.31120372167742655,1.3976751110946257,0,0,168.12253500664775,174.4430691901596,176.05057172554456,0,0,0,0,0
1038,34.56666666666667,1,1,455.13038635253906,235.6766939163208,517.7323913574219,321.29751205444336,545.0548553466797,334.1814994812012,557.5118637084961,127.91772365570068,486.43138885498047,278.4871029853821,,,,,,,,0,97.90095407690674,1.083398157451087,0.30855521040603323,1.362373699112186,0,0,168.5138415213643,173.2445396367962,174.79428823178054,0,0,0,0,0
1039,34.6,0,1,455.13038635253906,235.6766939163208,517.7323913574219,321.29751205444336,545.0548553466797,334.1814994812012,557.5118637084961,127.91772365570068,486.43138885498047,278.4871029853821,,,,,,,,0,97.90095407690674,1.083398157451087,0.30855521040603323,1.362373699112186,0,0,168.5138415213643,173.2445396367962,174.79428823178054,0,0,0,0,0
1040,34.63333333333333,0,1,455.13038635253906,235.6766939163208,517.7323913574219,321.29751205444336,545.0548553466797,334.1814994812012,557.5118637084961,127.91772365570068,486.43138885498047,278.4871029853821,,,,,,,,0,97.90095407690674,1.083398157451087,0.30855521040603323,1.362373699112186,0,0,168.5138415213643,173.2445396367962,174.79428823178054,0,0,0,0,0
1041,34.666666666666664,1,1,455.24967193603516,236.33079528808594,518.2594299316406,321.67762756347656,545.4782867431641,335.5344772338867,556.7301940917969,127.28978633880615,486.7545509338379,279.00421142578125,,,,,,,,0,99.66820097587589,1.0643950451858146,0.30644737873059835,1.3454553875939692,0,0,168.774717904638,174.00910079603457,175.67781276856445,0,0,0,0,0
1042,34.7,0,1,455.24967193603516,236.33079528808594,518.2594299316406,321.67762756347656,545.4782867431641,335.5344772338867,556.7301940917969,127.28978633880615,486.7545509338379,279.00421142578125,,,,,,,,0,99.66820097587589,1.0643950451858146,0.30644737873059835,1.3454553875939692,0,0,168.774717904638,174.00910079603457,175.67781276856445,0,0,0,0,0
1043,34.733333333333334,0,1,455.24967193603516,236.33079528808594,518.2594299316406,321.67762756347656,545.4782867431641,335.5344772338867,556.7301940917969,127.28978633880615,486.7545509338379,279.00421142578125,,,,,,,,0,99.66820097587589,1.0643950451858146,0.30644737873059835,1.3454553875939692,0,0,168.774717904638,174.00910079603457,175.67781276856445,0,0,0,0,0
1044,34.766666666666666,1,1,454.1170120239258,238.41453552246094,518.5358810424805,321.7880344390869,545.0386047363281,335.53650856018066,555.9869384765625,126.35534763336182,486.3264465332031,280.1012849807739,,,,,,,,0,99.15113099631908,1.0626298937989882,0.30112185211903647,1.3417814000827695,0,0,169.88757334469534,173.8207320479036,175.87056445882428,0,0,0,0,0
1045,34.8,0,1,454.1170120239258,238.41453552246094,518.5358810424805,321.7880344390869,545.0386047363281,335.53650856018066,555.9869384765625,126.35534763336182,486.3264465332031,280.1012849807739,,,,,,,,0,99.15113099631908,1.0626298937989882,0.30112185211903647,1.3417814000827695,0,0,169.88757334469534,173.8207320479036,175.87056445882428,0,0,0,0,0
1046,34.833333333333336,0,1,454.1170120239258,238.41453552246094,518.5358810424805,321.7880344390869,545.0386047363281,335.53650856018066,555.9869384765625,126.35534763336182,486.3264465332031,280.1012849807739,,,,,,,,0,99.15113099631908,1.0626298937989882,0.30112185211903647,1.3417814000827695,0,0,169.88757334469534,173.8207320479036,175.87056445882428,0,0,0,0,0
1047,34.86666666666667,1,1,454.4001007080078,236.29550457000732,518.2680892944336,321.42428398132324,545.2671051025391,335.76873779296875,555.9855270385742,126.74989700317383,486.3340950012207,278.8598942756653,,,,,,,,0,99.22653331650477,1.072533872759412,0.3081134625654007,1.3577858298613052,0,0,169.60738035528757,173.65312900510145,175.6300432484324,0,0,0,0,0
1048,34.9,0,1,454.4001007080078,236.29550457000732,518.2680892944336,321.42428398132324,545.2671051025391,335.76873779296875,555.9855270385742,126.74989700317383,486.3340950012207,278.8598942756653,,,,,,,,0,99.22653331650477,1.072533872759412,0.3081134625654007,1.3577858298613052,0,0,169.60738035528757,173.65312900510145,175.6300432484324,0,0,0,0,0
1049,34.93333333333333,0,1,454.4001007080078,236.29550457000732,518.2680892944336,321.42428398132324,545.2671051025391,335.76873779296875,555.9855270385742,126.74989700317383,486.3340950012207,278.8598942756653,,,,,,,,0,99.22653331650477,1.072533872759412,0.3081134625654007,1.3577858298613052,0,0,169.60738035528757,173.65312900510145,175.6300432484324,0,0,0,0,0
1050,34.96666666666667,1,1,454.16332244873047,238.14142227172852,518.3337020874023,321.90075874328613,545.1577758789062,336.2593746185303,555.111083984375,127.18966484069824,486.2485122680664,280.0210905075073,,,,,,,,0,99.22936261318196,1.0633468630340037,0.30661621215010015,1.3485675591289494,0,0,169.2938006731131,173.47733401272595,175.46045743914826,0,0,0,0,0
1051,35.0,0,1,454.16332244873047,238.14142227172852,518.3337020874023,321.90075874328613,545.1577758789062,336.2593746185303,555.111083984375,127.18966484069824,486.2485122680664,280.0210905075073,,,,,,,,0,99.22936261318196,1.0633468630340037,0.30661621215010015,1.3485675591289494,0,0,169.2938006731131,173.47733401272595,175.46045743914826,0,0,0,0,0
1052,35.03333333333333,0,1,454.16332244873047,238.14142227172852,518.3337020874023,321.90075874328613,545.1577758789062,336.2593746185303,555.111083984375,127.18966484069824,486.2485122680664,280.0210905075073,,,,,,,,0,99.22936261318196,1.0633468630340037,0.30661621215010015,1.3485675591289494,0,0,169.2938006731131,173.47733401272595,175.46045743914826,0,0,0,0,0
1053,35.06666666666667,1,1,453.7095642089844,237.76748657226562,517.7217864990234,322.32662200927734,546.0699844360352,336.0845947265625,555.0965118408203,127.29775428771973,485.7156753540039,280.0470542907715,,,,,,,,0,100.65759327356133,1.0536284332014978,0.31304493477976303,1.3401388182532907,0,0,170.0808313610138,174.00004393268605,175.665504812434,0,0,0,0,0
1054,35.1,0,1,453.7095642089844,237.76748657226562,517.7217864990234,322.32662200927734,546.0699844360352,336.0845947265625,555.0965118408203,127.29775428771973,485.7156753540039,280.0470542907715,,,,,,,,0,100.65759327356133,1.0536284332014978,0.31304493477976303,1.3401388182532907,0,0,170.0808313610138,174.00004393268605,175.665504812434,0,0,0,0,0
1055,35.13333333333333,0,1,453.7095642089844,237.76748657226562,517.7217864990234,322.32662200927734,546.0699844360352,336.0845947265625,555.0965118408203,127.29775428771973,485.7156753540039,280.0470542907715,,,,,,,,0,100.65759327356133,1.0536284332014978,0.31304493477976303,1.3401388182532907,0,0,170.0808313610138,174.00004393268605,175.665504812434,0,0,0,0,0
1056,35.166666666666664,1,1,453.0821990966797,238.2639455795288,516.9540405273438,323.1422424316406,545.2277755737305,337.29028701782227,556.4293670654297,128.1714391708374,485.0181198120117,280.7030940055847,,,,,,,,0,99.71844112486643,1.0652581204255815,0.31705265875804595,1.3564842107791861,0,0,169.11955072513928,174.0824172056978,176.16247745220358,0,0,0,0,0
1057,35.2,0,1,453.0821990966797,238.2639455795288,516.9540405273438,323.1422424316406,545.2277755737305,337.29028701782227,556.4293670654297,128.1714391708374,485.0181198120117,280.7030940055847,,,,,,,,0,99.71844112486643,1.0652581204255815,0.31705265875804595,1.3564842107791861,0,0,169.11955072513928,174.0824172056978,176.16247745220358,0,0,0,0,0
1058,35.233333333333334,0,1,453.0821990966797,238.2639455795288,516.9540405273438,323.1422424316406,545.2277755737305,337.29028701782227,556.4293670654297,128.1714391708374,485.0181198120117,280.7030940055847,,,,,,,,0,99.71844112486643,1.0652581204255815,0.31705265875804595,1.3564842107791861,0,0,169.11955072513928,174.0824172056978,176.16247745220358,0,0,0,0,0
1059,35.266666666666666,1,1,452.8427505493164,238.4882354736328,517.8137969970703,323.2865238189697,544.8971939086914,337.89464950561523,555.617790222168,128.15950870513916,485.32827377319336,280.88737964630127,,,,,,,,0,100.12969031091868,1.066885353966184,0.30732009353978396,1.3530756497488021,0,0,169.69009569982245,173.64729297864196,175.68089522738686,0,0,0,0,0
1060,35.3,0,1,452.8427505493164,238.4882354736328,517.8137969970703,323.2865238189697,544.8971939086914,337.89464950561523,555.617790222168,128.15950870513916,485.32827377319336,280.88737964630127,,,,,,,,0,100.12969031091868,1.066885353966184,0.30732009353978396,1.3530756497488021,0,0,169.69009569982245,173.64729297864196,175.68089522738686,0,0,0,0,0
1061,35.333333333333336,0,1,452.8427505493164,238.4882354736328,517.8137969970703,323.2865238189697,544.8971939086914,337.89464950561523,555.617790222168,128.15950870513916,485.32827377319336,280.88737964630127,,,,,,,,0,100.12969031091868,1.066885353966184,0.30732009353978396,1.3530756497488021,0,0,169.69009569982245,173.64729297864196,175.68089522738686,0,0,0,0,0
1062,35.36666666666667,1,1,453.3570861816406,239.25803661346436,517.2856140136719,323.6403179168701,545.1581192016602,338.47314834594727,556.2926864624023,128.73202800750732,485.32135009765625,281.44917726516724,,,,,,,,0,100.90568269825992,1.0491399896679903,0.31290165835539124,1.339572867873584,0,0,169.36210729452685,173.929300546205,175.83674613107368,0,0,0,0,0
1063,35.4,0,1,453.3570861816406,239.25803661346436,517.2856140136719,323.6403179168701,545.1581192016602,338.47314834594727,556.2926864624023,128.73202800750732,485.32135009765625,281.44917726516724,,,,,,,,0,100.90568269825992,1.0491399896679903,0.31290165835539124,1.339572867873584,0,0,169.36210729452685,173.929300546205,175.83674613107368,0,0,0,0,0
1064,35.43333333333333,0,1,453.3570861816406,239.25803661346436,517.2856140136719,323.6403179168701,545.1581192016602,338.47314834594727,556.2926864624023,128.73202800750732,485.32135009765625,281.44917726516724,,,,,,,,0,100.90568269825992,1.0491399896679903,0.31290165835539124,1.339572867873584,0,0,169.36210729452685,173.929300546205,175.83674613107368,0,0,0,0,0
1065,35.46666666666667,1,1,453.4140396118164,239.78802680969238,517.5197219848633,323.8601589202881,545.1582336425781,338.4258842468262,556.96533203125,129.2232084274292,485.46688079833984,281.82409286499023,,,,,,,,0,101.96733973347933,1.036846332256023,0.3063898880841974,1.321096186155411,0,0,169.389911461715,173.35716025233052,175.72194708028476,0,0,0,0,0
1066,35.5,0,1,453.4140396118164,239.78802680969238,517.5197219848633,323.8601589202881,545.1582336425781,338.4258842468262,556.96533203125,129.2232084274292,485.46688079833984,281.82409286499023,,,,,,,,0,101.96733973347933,1.036846332256023,0.3063898880841974,1.321096186155411,0,0,169.389911461715,173.35716025233052,175.72194708028476,0,0,0,0,0
1067,35.53333333333333,0,1,453.4140396118164,239.78802680969238,517.5197219848633,323.8601589202881,545.1582336425781,338.4258842468262,556.96533203125,129.2232084274292,485.46688079833984,281.82409286499023,,,,,,,,0,101.96733973347933,1.036846332256023,0.3063898880841974,1.321096186155411,0,0,169.389911461715,173.35716025233052,175.72194708028476,0,0,0,0,0
1068,35.56666666666667,1,1,453.56056213378906,238.3764410018921,517.6773452758789,325.25339126586914,545.3618240356445,339.6211051940918,557.5127410888672,129.31634902954102,485.618953704834,281.8149161338806,,,,,,,,0,103.21863302060736,1.0460789704781879,0.302181185331938,1.3240565810203333,0,0,169.51367087682536,174.1607439430086,176.01557202663653,0,0,0,0,0
1069,35.6,0,1,453.56056213378906,238.3764410018921,517.6773452758789,325.25339126586914,545.3618240356445,339.6211051940918,557.5127410888672,129.31634902954102,485.618953704834,281.8149161338806,,,,,,,,0,103.21863302060736,1.0460789704781879,0.302181185331938,1.3240565810203333,0,0,169.51367087682536,174.1607439430086,176.01557202663653,0,0,0,0,0
1070,35.63333333333333,0,1,453.56056213378906,238.3764410018921,517.6773452758789,325.25339126586914,545.3618240356445,339.6211051940918,557.5127410888672,129.31634902954102,485.618953704834,281.8149161338806,,,,,,,,0,103.21863302060736,1.0460789704781879,0.302181185331938,1.3240565810203333,0,0,169.51367087682536,174.1607439430086,176.01557202663653,0,0,0,0,0
1071,35.666666666666664,1,1,455.55408477783203,238.93621444702148,517.9643630981445,324.7145175933838,545.6055068969727,339.6723461151123,557.8120803833008,129.71131324768066,486.7592239379883,281.82536602020264,,,,,,,,0,101.42009269883394,1.0459462974962495,0.30988731213464393,1.3322662432856076,0,0,172.03868488894173,174.82903212522808,176.2525755166863,0,0,0,0,0
1072,35.7,0,1,455.55408477783203,238.93621444702148,517.9643630981445,324.7145175933838,545.6055068969727,339.6723461151123,557.8120803833008,129.71131324768066,486.7592239379883,281.82536602020264,,,,,,,,0,101.42009269883394,1.0459462974962495,0.30988731213464393,1.3322662432856076,0,0,172.03868488894173,174.82903212522808,176.2525755166863,0,0,0,0,0
1073,35.733333333333334,0,1,455.55408477783203,238.93621444702148,517.9643630981445,324.7145175933838,545.6055068969727,339.6723461151123,557.8120803833008,129.71131324768066,486.7592239379883,281.82536602020264,,,,,,,,0,101.42009269883394,1.0459462974962495,0.30988731213464393,1.3322662432856076,0,0,172.03868488894173,174.82903212522808,176.2525755166863,0,0,0,0,0
1074,35.766666666666666,1,1,455.29014587402344,239.33444023132324,518.1269073486328,323.7484645843506,545.3058242797852,339.0689277648926,558.3118057250977,130.1671314239502,486.7085266113281,281.5414524078369,,,,,,,,0,99.52031603960594,1.057411823643623,0.31349901561368193,1.3499706751280276,0,0,173.31962533639808,173.76901037544536,176.21095255914724,0,0,0,0,0
1075,35.8,0,1,455.29014587402344,239.33444023132324,518.1269073486328,323.7484645843506,545.3058242797852,339.0689277648926,558.3118057250977,130.1671314239502,486.7085266113281,281.5414524078369,,,,,,,,0,99.52031603960594,1.057411823643623,0.31349901561368193,1.3499706751280276,0,0,173.31962533639808,173.76901037544536,176.21095255914724,0,0,0,0,0
1076,35.833333333333336,0,1,455.29014587402344,239.33444023132324,518.1269073486328,323.7484645843506,545.3058242797852,339.0689277648926,558.3118057250977,130.1671314239502,486.7085266113281,281.5414524078369,,,,,,,,0,99.52031603960594,1.057411823643623,0.31349901561368193,1.3499706751280276,0,0,173.31962533639808,173.76901037544536,176.21095255914724,0,0,0,0,0
1077,35.86666666666667,1,1,461.7893600463867,234.1648292541504,529.3266296386719,308.73390197753906,550.4618835449219,317.40391731262207,553.1978225708008,119.27806377410889,495.5579948425293,271.4493656158447,,,,,,,,0,95.0074139304876,1.0589415994815337,0.24044895185993254,1.2801165877900416,0,0,176.45287304589192,175.7784002839904,178.28103336946748,0,0,0,0,0
1078,35.9,0,1,461.7893600463867,234.1648292541504,529.3266296386719,308.73390197753906,550.4618835449219,317.40391731262207,553.1978225708008,119.27806377410889,495.5579948425293,271.4493656158447,,,,,,,,0,95.0074139304876,1.0589415994815337,0.24044895185993254,1.2801165877900416,0,0,176.45287304589192,175.7784002839904,178.28103336946748,0,0,0,0,0
1079,35.93333333333333,0,1,461.7893600463867,234.1648292541504,529.3266296386719,308.73390197753906,550.4618835449219,317.40391731262207,553.1978225708008,119.27806377410889,495.5579948425293,271.4493656158447,,,,,,,,0,95.0074139304876,1.0589415994815337,0.24044895185993254,1.2801165877900416,0,0,176.45287304589192,175.7784002839904,178.28103336946748,0,0,0,0,0
1080,35.96666666666667,1,1,456.36863708496094,174.73883628845215,526.8954467773438,236.0112476348877,545.2847290039062,243.6283779144287,532.709846496582,80.51089525222778,491.63204193115234,205.37504196166992,,,,,,,,0,75.13384944047469,1.243455276021151,0.26491962244854134,1.4970669102544414,0,0,171.44962354494064,173.24639793989337,175.62073064524841,0,0,0,0,0
1081,36.0,0,1,456.36863708496094,174.73883628845215,526.8954467773438,236.0112476348877,545.2847290039062,243.6283779144287,532.709846496582,80.51089525222778,491.63204193115234,205.37504196166992,,,,,,,,0,75.13384944047469,1.243455276021151,0.26491962244854134,1.4970669102544414,0,0,171.44962354494064,173.24639793989337,175.62073064524841,0,0,0,0,0
1082,36.03333333333333,0,1,456.36863708496094,174.73883628845215,526.8954467773438,236.0112476348877,545.2847290039062,243.6283779144287,532.709846496582,80.51089525222778,491.63204193115234,205.37504196166992,,,,,,,,0,75.13384944047469,1.243455276021151,0.26491962244854134,1.4970669102544414,0,0,171.44962354494064,173.24639793989337,175.62073064524841,0,0,0,0,0
1083,36.06666666666667,1,0,,,,,,,,,,,,,,,,,,0,,,,,0,0,,,,0,0,0,0,0
1084,36.1,0,0,,,,,,,,,,,,,,,,,,0,,,,,0,0,,,,0,0,0,0,0
1085,36.13333333333333,0,0,,,,,,,,,,,,,,,,,,0,,,,,0,0,,,,0,0,0,0,0
1086,36.166666666666664,1,0,,,,,,,,,,,,,,,,,,0,,,,,0,0,,,,0,0,0,0,0
1087,36.2,0,0,,,,,,,,,,,,,,,,,,0,,,,,0,0,,,,0,0,0,0,0
1088,36.233333333333334,0,0,,,,,,,,,,,,,,,,,,0,,,,,0,0,,,,0,0,0,0,0
1089,36.266666666666666,1,0,,,,,,,,,,,,,,,,,,0,,,,,0,0,,,,0,0,0,0,0
1090,36.3,0,0,,,,,,,,,,,,,,,,,,0,,,,,0,0,,,,0,0,0,0,0
1091,36.333333333333336,0,0,,,,,,,,,,,,,,,,,,0,,,,,0,0,,,,0,0,0,0,0
1092,36.36666666666667,1,0,,,,,,,,,,,,,,,,,,0,,,,,0,0,,,,0,0,0,0,0
1093,36.4,0,0,,,,,,,,,,,,,,,,,,0,,,,,0,0,,,,0,0,0,0,0
1094,36.43333333333333,0,0,,,,,,,,,,,,,,,,,,0,,,,,0,0,,,,0,0,0,0,0
1095,36.46666666666667,1,0,,,,,,,,,,,,,,,,,,0,,,,,0,0,,,,0,0,0,0,0
1096,36.5,0,0,,,,,,,,,,,,,,,,,,0,,,,,0,0,,,,0,0,0,0,0
1097,36.53333333333333,0,0,,,,,,,,,,,,,,,,,,0,,,,,0,0,,,,0,0,0,0,0
1098,36.56666666666667,1,0,,,,,,,,,,,,,,,,,,0,,,,,0,0,,,,0,0,0,0,0
1099,36.6,0,0,,,,,,,,,,,,,,,,,,0,,,,,0,0,,,,0,0,0,0,0
1100,36.63333333333333,0,0,,,,,,,,,,,,,,,,,,0,,,,,0,0,,,,0,0,0,0,0
1101,36.666666666666664,1,0,,,,,,,,,,,,,,,,,,0,,,,,0,0,,,,0,0,0,0,0
1102,36.7,0,0,,,,,,,,,,,,,,,,,,0,,,,,0,0,,,,0,0,0,0,0
1103,36.733333333333334,0,0,,,,,,,,,,,,,,,,,,0,,,,,0,0,,,,0,0,0,0,0
1104,36.766666666666666,1,0,,,,,,,,,,,,,,,,,,0,,,,,0,0,,,,0,0,0,0,0
1105,36.8,0,0,,,,,,,,,,,,,,,,,,0,,,,,0,0,,,,0,0,0,0,0
1106,36.833333333333336,0,0,,,,,,,,,,,,,,,,,,0,,,,,0,0,,,,0,0,0,0,0
1107,36.86666666666667,1,0,,,,,,,,,,,,,,,,,,0,,,,,0,0,,,,0,0,0,0,0
1108,36.9,0,0,,,,,,,,,,,,,,,,,,0,,,,,0,0,,,,0,0,0,0,0
1109,36.93333333333333,0,0,,,,,,,,,,,,,,,,,,0,,,,,0,0,,,,0,0,0,0,0
1110,36.96666666666667,1,0,,,,,,,,,,,,,,,,,,0,,,,,0,0,,,,0,0,0,0,0
1111,37.0,0,0,,,,,,,,,,,,,,,,,,0,,,,,0,0,,,,0,0,0,0,0
1112,37.03333333333333,0,0,,,,,,,,,,,,,,,,,,0,,,,,0,0,,,,0,0,0,0,0
1113,37.06666666666667,1,0,,,,,,,,,,,,,,,,,,0,,,,,0,0,,,,0,0,0,0,0
1114,37.1,0,0,,,,,,,,,,,,,,,,,,0,,,,,0,0,,,,0,0,0,0,0
1115,37.13333333333333,0,0,,,,,,,,,,,,,,,,,,0,,,,,0,0,,,,0,0,0,0,0
1116,37.166666666666664,1,0,,,,,,,,,,,,,,,,,,0,,,,,0,0,,,,0,0,0,0,0
1117,37.2,0,0,,,,,,,,,,,,,,,,,,0,,,,,0,0,,,,0,0,0,0,0
1118,37.233333333333334,0,0,,,,,,,,,,,,,,,,,,0,,,,,0,0,,,,0,0,0,0,0
1119,37.266666666666666,1,0,,,,,,,,,,,,,,,,,,0,,,,,0,0,,,,0,0,0,0,0
1120,37.3,0,0,,,,,,,,,,,,,,,,,,0,,,,,0,0,,,,0,0,0,0,0
1121,37.333333333333336,0,0,,,,,,,,,,,,,,,,,,0,,,,,0,0,,,,0,0,0,0,0
1122,37.36666666666667,1,0,,,,,,,,,,,,,,,,,,0,,,,,0,0,,,,0,0,0,0,0
1123,37.4,0,0,,,,,,,,,,,,,,,,,,0,,,,,0,0,,,,0,0,0,0,0
1124,37.43333333333333,0,0,,,,,,,,,,,,,,,,,,0,,,,,0,0,,,,0,0,0,0,0
1125,37.46666666666667,1,0,,,,,,,,,,,,,,,,,,0,,,,,0,0,,,,0,0,0,0,0
1126,37.5,0,0,,,,,,,,,,,,,,,,,,0,,,,,0,0,,,,0,0,0,0,0
1127,37.53333333333333,0,0,,,,,,,,,,,,,,,,,,0,,,,,0,0,,,,0,0,0,0,0
1128,37.56666666666667,1,0,,,,,,,,,,,,,,,,,,0,,,,,0,0,,,,0,0,0,0,0
1129,37.6,0,0,,,,,,,,,,,,,,,,,,0,,,,,0,0,,,,0,0,0,0,0
1130,37.63333333333333,0,0,,,,,,,,,,,,,,,,,,0,,,,,0,0,,,,0,0,0,0,0
1131,37.666666666666664,1,0,,,,,,,,,,,,,,,,,,0,,,,,0,0,,,,0,0,0,0,0
1132,37.7,0,0,,,,,,,,,,,,,,,,,,0,,,,,0,0,,,,0,0,0,0,0
1133,37.733333333333334,0,0,,,,,,,,,,,,,,,,,,0,,,,,0,0,,,,0,0,0,0,0
1134,37.766666666666666,1,0,,,,,,,,,,,,,,,,,,0,,,,,0,0,,,,0,0,0,0,0
1135,37.8,0,0,,,,,,,,,,,,,,,,,,0,,,,,0,0,,,,0,0,0,0,0
1136,37.833333333333336,0,0,,,,,,,,,,,,,,,,,,0,,,,,0,0,,,,0,0,0,0,0
1137,37.86666666666667,1,0,,,,,,,,,,,,,,,,,,0,,,,,0,0,,,,0,0,0,0,0
1138,37.9,0,0,,,,,,,,,,,,,,,,,,0,,,,,0,0,,,,0,0,0,0,0
1139,37.93333333333333,0,0,,,,,,,,,,,,,,,,,,0,,,,,0,0,,,,0,0,0,0,0
1140,37.96666666666667,1,0,,,,,,,,,,,,,,,,,,0,,,,,0,0,,,,0,0,0,0,0
1141,38.0,0,0,,,,,,,,,,,,,,,,,,0,,,,,0,0,,,,0,0,0,0,0
1142,38.03333333333333,0,0,,,,,,,,,,,,,,,,,,0,,,,,0,0,,,,0,0,0,0,0
1143,38.06666666666667,1,0,,,,,,,,,,,,,,,,,,0,,,,,0,0,,,,0,0,0,0,0
1144,38.1,0,0,,,,,,,,,,,,,,,,,,0,,,,,0,0,,,,0,0,0,0,0
1145,38.13333333333333,0,0,,,,,,,,,,,,,,,,,,0,,,,,0,0,,,,0,0,0,0,0
1146,38.166666666666664,1,0,,,,,,,,,,,,,,,,,,0,,,,,0,0,,,,0,0,0,0,0
1147,38.2,0,0,,,,,,,,,,,,,,,,,,0,,,,,0,0,,,,0,0,0,0,0
1148,38.233333333333334,0,0,,,,,,,,,,,,,,,,,,0,,,,,0,0,,,,0,0,0,0,0
1149,38.266666666666666,1,0,,,,,,,,,,,,,,,,,,0,,,,,0,0,,,,0,0,0,0,0
1150,38.3,0,0,,,,,,,,,,,,,,,,,,0,,,,,0,0,,,,0,0,0,0,0
1151,38.333333333333336,0,0,,,,,,,,,,,,,,,,,,0,,,,,0,0,,,,0,0,0,0,0
1152,38.36666666666667,1,0,,,,,,,,,,,,,,,,,,0,,,,,0,0,,,,0,0,0,0,0
1153,38.4,0,0,,,,,,,,,,,,,,,,,,0,,,,,0,0,,,,0,0,0,0,0
1154,38.43333333333333,0,0,,,,,,,,,,,,,,,,,,0,,,,,0,0,,,,0,0,0,0,0
1155,38.46666666666667,1,0,,,,,,,,,,,,,,,,,,0,,,,,0,0,,,,0,0,0,0,0
1156,38.5,0,0,,,,,,,,,,,,,,,,,,0,,,,,0,0,,,,0,0,0,0,0
1157,38.53333333333333,0,0,,,,,,,,,,,,,,,,,,0,,,,,0,0,,,,0,0,0,0,0
1158,38.56666666666667,1,0,,,,,,,,,,,,,,,,,,0,,,,,0,0,,,,0,0,0,0,0
1159,38.6,0,0,,,,,,,,,,,,,,,,,,0,,,,,0,0,,,,0,0,0,0,0
1160,38.63333333333333,0,0,,,,,,,,,,,,,,,,,,0,,,,,0,0,,,,0,0,0,0,0
1161,38.666666666666664,1,0,,,,,,,,,,,,,,,,,,0,,,,,0,0,,,,0,0,0,0,0
1162,38.7,0,0,,,,,,,,,,,,,,,,,,0,,,,,0,0,,,,0,0,0,0,0
1163,38.733333333333334,0,0,,,,,,,,,,,,,,,,,,0,,,,,0,0,,,,0,0,0,0,0
1164,38.766666666666666,1,0,,,,,,,,,,,,,,,,,,0,,,,,0,0,,,,0,0,0,0,0
1165,38.8,0,0,,,,,,,,,,,,,,,,,,0,,,,,0,0,,,,0,0,0,0,0
1166,38.833333333333336,0,0,,,,,,,,,,,,,,,,,,0,,,,,0,0,,,,0,0,0,0,0
1167,38.86666666666667,1,0,,,,,,,,,,,,,,,,,,0,,,,,0,0,,,,0,0,0,0,0
1168,38.9,0,0,,,,,,,,,,,,,,,,,,0,,,,,0,0,,,,0,0,0,0,0
1169,38.93333333333333,0,0,,,,,,,,,,,,,,,,,,0,,,,,0,0,,,,0,0,0,0,0
1170,38.96666666666667,1,0,,,,,,,,,,,,,,,,,,0,,,,,0,0,,,,0,0,0,0,0
1171,39.0,0,0,,,,,,,,,,,,,,,,,,0,,,,,0,0,,,,0,0,0,0,0
1172,39.03333333333333,0,0,,,,,,,,,,,,,,,,,,0,,,,,0,0,,,,0,0,0,0,0
1173,39.06666666666667,1,0,,,,,,,,,,,,,,,,,,0,,,,,0,0,,,,0,0,0,0,0
1174,39.1,0,0,,,,,,,,,,,,,,,,,,0,,,,,0,0,,,,0,0,0,0,0
1175,39.13333333333333,0,0,,,,,,,,,,,,,,,,,,0,,,,,0,0,,,,0,0,0,0,0
1176,39.166666666666664,1,0,,,,,,,,,,,,,,,,,,0,,,,,0,0,,,,0,0,0,0,0
1177,39.2,0,0,,,,,,,,,,,,,,,,,,0,,,,,0,0,,,,0,0,0,0,0
1178,39.233333333333334,0,0,,,,,,,,,,,,,,,,,,0,,,,,0,0,,,,0,0,0,0,0
1179,39.266666666666666,1,0,,,,,,,,,,,,,,,,,,0,,,,,0,0,,,,0,0,0,0,0
1180,39.3,0,0,,,,,,,,,,,,,,,,,,0,,,,,0,0,,,,0,0,0,0,0
1181,39.333333333333336,0,0,,,,,,,,,,,,,,,,,,0,,,,,0,0,,,,0,0,0,0,0
1182,39.36666666666667,1,0,,,,,,,,,,,,,,,,,,0,,,,,0,0,,,,0,0,0,0,0
1183,39.4,0,0,,,,,,,,,,,,,,,,,,0,,,,,0,0,,,,0,0,0,0,0
1184,39.43333333333333,0,0,,,,,,,,,,,,,,,,,,0,,,,,0,0,,,,0,0,0,0,0
1185,39.46666666666667,1,0,,,,,,,,,,,,,,,,,,0,,,,,0,0,,,,0,0,0,0,0
1186,39.5,0,0,,,,,,,,,,,,,,,,,,0,,,,,0,0,,,,0,0,0,0,0
1187,39.53333333333333,0,0,,,,,,,,,,,,,,,,,,0,,,,,0,0,,,,0,0,0,0,0
1188,39.56666666666667,1,0,,,,,,,,,,,,,,,,,,0,,,,,0,0,,,,0,0,0,0,0
1189,39.6,0,0,,,,,,,,,,,,,,,,,,0,,,,,0,0,,,,0,0,0,0,0
1190,39.63333333333333,0,0,,,,,,,,,,,,,,,,,,0,,,,,0,0,,,,0,0,0,0,0
1191,39.666666666666664,1,0,,,,,,,,,,,,,,,,,,0,,,,,0,0,,,,0,0,0,0,0
1192,39.7,0,0,,,,,,,,,,,,,,,,,,0,,,,,0,0,,,,0,0,0,0,0
1193,39.733333333333334,0,0,,,,,,,,,,,,,,,,,,0,,,,,0,0,,,,0,0,0,0,0
1194,39.766666666666666,1,0,,,,,,,,,,,,,,,,,,0,,,,,0,0,,,,0,0,0,0,0
1195,39.8,0,0,,,,,,,,,,,,,,,,,,0,,,,,0,0,,,,0,0,0,0,0
1196,39.833333333333336,0,0,,,,,,,,,,,,,,,,,,0,,,,,0,0,,,,0,0,0,0,0
1197,39.86666666666667,1,0,,,,,,,,,,,,,,,,,,0,,,,,0,0,,,,0,0,0,0,0
1198,39.9,0,0,,,,,,,,,,,,,,,,,,0,,,,,0,0,,,,0,0,0,0,0
1199,39.93333333333333,0,0,,,,,,,,,,,,,,,,,,0,,,,,0,0,,,,0,0,0,0,0
1200,39.96666666666667,1,0,,,,,,,,,,,,,,,,,,0,,,,,0,0,,,,0,0,0,0,0
1201,40.0,0,0,,,,,,,,,,,,,,,,,,0,,,,,0,0,,,,0,0,0,0,0
1202,40.03333333333333,0,0,,,,,,,,,,,,,,,,,,0,,,,,0,0,,,,0,0,0,0,0
1203,40.06666666666667,1,0,,,,,,,,,,,,,,,,,,0,,,,,0,0,,,,0,0,0,0,0
1204,40.1,0,0,,,,,,,,,,,,,,,,,,0,,,,,0,0,,,,0,0,0,0,0
1205,40.13333333333333,0,0,,,,,,,,,,,,,,,,,,0,,,,,0,0,,,,0,0,0,0,0
1206,40.166666666666664,1,0,,,,,,,,,,,,,,,,,,0,,,,,0,0,,,,0,0,0,0,0
1207,40.2,0,0,,,,,,,,,,,,,,,,,,0,,,,,0,0,,,,0,0,0,0,0
1208,40.233333333333334,0,0,,,,,,,,,,,,,,,,,,0,,,,,0,0,,,,0,0,0,0,0
1209,40.266666666666666,1,0,,,,,,,,,,,,,,,,,,0,,,,,0,0,,,,0,0,0,0,0
1210,40.3,0,0,,,,,,,,,,,,,,,,,,0,,,,,0,0,,,,0,0,0,0,0
1211,40.333333333333336,0,0,,,,,,,,,,,,,,,,,,0,,,,,0,0,,,,0,0,0,0,0
1212,40.36666666666667,1,0,,,,,,,,,,,,,,,,,,0,,,,,0,0,,,,0,0,0,0,0
1213,40.4,0,0,,,,,,,,,,,,,,,,,,0,,,,,0,0,,,,0,0,0,0,0
1214,40.43333333333333,0,0,,,,,,,,,,,,,,,,,,0,,,,,0,0,,,,0,0,0,0,0
1215,40.46666666666667,1,0,,,,,,,,,,,,,,,,,,0,,,,,0,0,,,,0,0,0,0,0
1216,40.5,0,0,,,,,,,,,,,,,,,,,,0,,,,,0,0,,,,0,0,0,0,0
1217,40.53333333333333,0,0,,,,,,,,,,,,,,,,,,0,,,,,0,0,,,,0,0,0,0,0
1218,40.56666666666667,1,0,,,,,,,,,,,,,,,,,,0,,,,,0,0,,,,0,0,0,0,0
1219,40.6,0,0,,,,,,,,,,,,,,,,,,0,,,,,0,0,,,,0,0,0,0,0
1220,40.63333333333333,0,0,,,,,,,,,,,,,,,,,,0,,,,,0,0,,,,0,0,0,0,0
1221,40.666666666666664,1,0,,,,,,,,,,,,,,,,,,0,,,,,0,0,,,,0,0,0,0,0
1222,40.7,0,0,,,,,,,,,,,,,,,,,,0,,,,,0,0,,,,0,0,0,0,0
1223,40.733333333333334,0,0,,,,,,,,,,,,,,,,,,0,,,,,0,0,,,,0,0,0,0,0
1224,40.766666666666666,1,0,,,,,,,,,,,,,,,,,,0,,,,,0,0,,,,0,0,0,0,0
1225,40.8,0,0,,,,,,,,,,,,,,,,,,0,,,,,0,0,,,,0,0,0,0,0
1226,40.833333333333336,0,0,,,,,,,,,,,,,,,,,,0,,,,,0,0,,,,0,0,0,0,0
1227,40.86666666666667,1,0,,,,,,,,,,,,,,,,,,0,,,,,0,0,,,,0,0,0,0,0
1228,40.9,0,0,,,,,,,,,,,,,,,,,,0,,,,,0,0,,,,0,0,0,0,0
1229,40.93333333333333,0,0,,,,,,,,,,,,,,,,,,0,,,,,0,0,,,,0,0,0,0,0
1230,40.96666666666667,1,0,,,,,,,,,,,,,,,,,,0,,,,,0,0,,,,0,0,0,0,0
1231,41.0,0,0,,,,,,,,,,,,,,,,,,0,,,,,0,0,,,,0,0,0,0,0
1232,41.03333333333333,0,0,,,,,,,,,,,,,,,,,,0,,,,,0,0,,,,0,0,0,0,0
1233,41.06666666666667,1,0,,,,,,,,,,,,,,,,,,0,,,,,0,0,,,,0,0,0,0,0
1234,41.1,0,0,,,,,,,,,,,,,,,,,,0,,,,,0,0,,,,0,0,0,0,0
1235,41.13333333333333,0,0,,,,,,,,,,,,,,,,,,0,,,,,0,0,,,,0,0,0,0,0
1236,41.166666666666664,1,0,,,,,,,,,,,,,,,,,,0,,,,,0,0,,,,0,0,0,0,0
1237,41.2,0,0,,,,,,,,,,,,,,,,,,0,,,,,0,0,,,,0,0,0,0,0
1238,41.233333333333334,0,0,,,,,,,,,,,,,,,,,,0,,,,,0,0,,,,0,0,0,0,0
1239,41.266666666666666,1,0,,,,,,,,,,,,,,,,,,0,,,,,0,0,,,,0,0,0,0,0
1240,41.3,0,0,,,,,,,,,,,,,,,,,,0,,,,,0,0,,,,0,0,0,0,0
1241,41.333333333333336,0,0,,,,,,,,,,,,,,,,,,0,,,,,0,0,,,,0,0,0,0,0
1242,41.36666666666667,1,0,,,,,,,,,,,,,,,,,,0,,,,,0,0,,,,0,0,0,0,0
1243,41.4,0,0,,,,,,,,,,,,,,,,,,0,,,,,0,0,,,,0,0,0,0,0
1244,41.43333333333333,0,0,,,,,,,,,,,,,,,,,,0,,,,,0,0,,,,0,0,0,0,0
1245,41.46666666666667,1,0,,,,,,,,,,,,,,,,,,0,,,,,0,0,,,,0,0,0,0,0
1246,41.5,0,0,,,,,,,,,,,,,,,,,,0,,,,,0,0,,,,0,0,0,0,0
1247,41.53333333333333,0,0,,,,,,,,,,,,,,,,,,0,,,,,0,0,,,,0,0,0,0,0
1248,41.56666666666667,1,0,,,,,,,,,,,,,,,,,,0,,,,,0,0,,,,0,0,0,0,0
1249,41.6,0,0,,,,,,,,,,,,,,,,,,0,,,,,0,0,,,,0,0,0,0,0
1250,41.63333333333333,0,0,,,,,,,,,,,,,,,,,,0,,,,,0,0,,,,0,0,0,0,0
1251,41.666666666666664,1,0,,,,,,,,,,,,,,,,,,0,,,,,0,0,,,,0,0,0,0,0
1252,41.7,0,0,,,,,,,,,,,,,,,,,,0,,,,,0,0,,,,0,0,0,0,0
1253,41.733333333333334,0,0,,,,,,,,,,,,,,,,,,0,,,,,0,0,,,,0,0,0,0,0
1254,41.766666666666666,1,0,,,,,,,,,,,,,,,,,,0,,,,,0,0,,,,0,0,0,0,0
1255,41.8,0,0,,,,,,,,,,,,,,,,,,0,,,,,0,0,,,,0,0,0,0,0
1256,41.833333333333336,0,0,,,,,,,,,,,,,,,,,,0,,,,,0,0,,,,0,0,0,0,0
1257,41.86666666666667,1,0,,,,,,,,,,,,,,,,,,0,,,,,0,0,,,,0,0,0,0,0
1258,41.9,0,0,,,,,,,,,,,,,,,,,,0,,,,,0,0,,,,0,0,0,0,0
1259,41.93333333333333,0,0,,,,,,,,,,,,,,,,,,0,,,,,0,0,,,,0,0,0,0,0
1260,41.96666666666667,1,0,,,,,,,,,,,,,,,,,,0,,,,,0,0,,,,0,0,0,0,0
1261,42.0,0,0,,,,,,,,,,,,,,,,,,0,,,,,0,0,,,,0,0,0,0,0
1262,42.03333333333333,0,0,,,,,,,,,,,,,,,,,,0,,,,,0,0,,,,0,0,0,0,0
1263,42.06666666666667,1,0,,,,,,,,,,,,,,,,,,0,,,,,0,0,,,,0,0,0,0,0
1264,42.1,0,0,,,,,,,,,,,,,,,,,,0,,,,,0,0,,,,0,0,0,0,0
1265,42.13333333333333,0,0,,,,,,,,,,,,,,,,,,0,,,,,0,0,,,,0,0,0,0,0
1266,42.166666666666664,1,0,,,,,,,,,,,,,,,,,,0,,,,,0,0,,,,0,0,0,0,0
1267,42.2,0,0,,,,,,,,,,,,,,,,,,0,,,,,0,0,,,,0,0,0,0,0
1268,42.233333333333334,0,0,,,,,,,,,,,,,,,,,,0,,,,,0,0,,,,0,0,0,0,0
1269,42.266666666666666,1,0,,,,,,,,,,,,,,,,,,0,,,,,0,0,,,,0,0,0,0,0
1270,42.3,0,0,,,,,,,,,,,,,,,,,,0,,,,,0,0,,,,0,0,0,0,0
1271,42.333333333333336,0,0,,,,,,,,,,,,,,,,,,0,,,,,0,0,,,,0,0,0,0,0
1272,42.36666666666667,1,0,,,,,,,,,,,,,,,,,,0,,,,,0,0,,,,0,0,0,0,0
1273,42.4,0,0,,,,,,,,,,,,,,,,,,0,,,,,0,0,,,,0,0,0,0,0
1274,42.43333333333333,0,0,,,,,,,,,,,,,,,,,,0,,,,,0,0,,,,0,0,0,0,0
1275,42.46666666666667,1,0,,,,,,,,,,,,,,,,,,0,,,,,0,0,,,,0,0,0,0,0
1276,42.5,0,0,,,,,,,,,,,,,,,,,,0,,,,,0,0,,,,0,0,0,0,0
1277,42.53333333333333,0,0,,,,,,,,,,,,,,,,,,0,,,,,0,0,,,,0,0,0,0,0
1278,42.56666666666667,1,0,,,,,,,,,,,,,,,,,,0,,,,,0,0,,,,0,0,0,0,0
1279,42.6,0,0,,,,,,,,,,,,,,,,,,0,,,,,0,0,,,,0,0,0,0,0
1280,42.63333333333333,0,0,,,,,,,,,,,,,,,,,,0,,,,,0,0,,,,0,0,0,0,0
1281,42.666666666666664,1,0,,,,,,,,,,,,,,,,,,0,,,,,0,0,,,,0,0,0,0,0
1282,42.7,0,0,,,,,,,,,,,,,,,,,,0,,,,,0,0,,,,0,0,0,0,0
1283,42.733333333333334,0,0,,,,,,,,,,,,,,,,,,0,,,,,0,0,,,,0,0,0,0,0
1284,42.766666666666666,1,0,,,,,,,,,,,,,,,,,,0,,,,,0,0,,,,0,0,0,0,0
1285,42.8,0,0,,,,,,,,,,,,,,,,,,0,,,,,0,0,,,,0,0,0,0,0
1286,42.833333333333336,0,0,,,,,,,,,,,,,,,,,,0,,,,,0,0,,,,0,0,0,0,0
1287,42.86666666666667,1,0,,,,,,,,,,,,,,,,,,0,,,,,0,0,,,,0,0,0,0,0
1288,42.9,0,0,,,,,,,,,,,,,,,,,,0,,,,,0,0,,,,0,0,0,0,0
1289,42.93333333333333,0,0,,,,,,,,,,,,,,,,,,0,,,,,0,0,,,,0,0,0,0,0
1290,42.96666666666667,1,0,,,,,,,,,,,,,,,,,,0,,,,,0,0,,,,0,0,0,0,0
1291,43.0,0,0,,,,,,,,,,,,,,,,,,0,,,,,0,0,,,,0,0,0,0,0
1292,43.03333333333333,0,0,,,,,,,,,,,,,,,,,,0,,,,,0,0,,,,0,0,0,0,0
1293,43.06666666666667,1,0,,,,,,,,,,,,,,,,,,0,,,,,0,0,,,,0,0,0,0,0
1294,43.1,0,0,,,,,,,,,,,,,,,,,,0,,,,,0,0,,,,0,0,0,0,0
1295,43.13333333333333,0,0,,,,,,,,,,,,,,,,,,0,,,,,0,0,,,,0,0,0,0,0
1296,43.166666666666664,1,0,,,,,,,,,,,,,,,,,,0,,,,,0,0,,,,0,0,0,0,0
1297,43.2,0,0,,,,,,,,,,,,,,,,,,0,,,,,0,0,,,,0,0,0,0,0
1298,43.233333333333334,0,0,,,,,,,,,,,,,,,,,,0,,,,,0,0,,,,0,0,0,0,0
1299,43.266666666666666,1,0,,,,,,,,,,,,,,,,,,0,,,,,0,0,,,,0,0,0,0,0
1300,43.3,0,0,,,,,,,,,,,,,,,,,,0,,,,,0,0,,,,0,0,0,0,0
1301,43.333333333333336,0,0,,,,,,,,,,,,,,,,,,0,,,,,0,0,,,,0,0,0,0,0
1302,43.36666666666667,1,0,,,,,,,,,,,,,,,,,,0,,,,,0,0,,,,0,0,0,0,0
1303,43.4,0,0,,,,,,,,,,,,,,,,,,0,,,,,0,0,,,,0,0,0,0,0
1304,43.43333333333333,0,0,,,,,,,,,,,,,,,,,,0,,,,,0,0,,,,0,0,0,0,0
1305,43.46666666666667,1,0,,,,,,,,,,,,,,,,,,0,,,,,0,0,,,,0,0,0,0,0
1306,43.5,0,0,,,,,,,,,,,,,,,,,,0,,,,,0,0,,,,0,0,0,0,0
1307,43.53333333333333,0,0,,,,,,,,,,,,,,,,,,0,,,,,0,0,,,,0,0,0,0,0
1308,43.56666666666667,1,0,,,,,,,,,,,,,,,,,,0,,,,,0,0,,,,0,0,0,0,0
1309,43.6,0,0,,,,,,,,,,,,,,,,,,0,,,,,0,0,,,,0,0,0,0,0
1310,43.63333333333333,0,0,,,,,,,,,,,,,,,,,,0,,,,,0,0,,,,0,0,0,0,0
1311,43.666666666666664,1,0,,,,,,,,,,,,,,,,,,0,,,,,0,0,,,,0,0,0,0,0
1312,43.7,0,0,,,,,,,,,,,,,,,,,,0,,,,,0,0,,,,0,0,0,0,0
1313,43.733333333333334,0,0,,,,,,,,,,,,,,,,,,0,,,,,0,0,,,,0,0,0,0,0
1314,43.766666666666666,1,0,,,,,,,,,,,,,,,,,,0,,,,,0,0,,,,0,0,0,0,0
1315,43.8,0,0,,,,,,,,,,,,,,,,,,0,,,,,0,0,,,,0,0,0,0,0
1316,43.833333333333336,0,0,,,,,,,,,,,,,,,,,,0,,,,,0,0,,,,0,0,0,0,0
1317,43.86666666666667,1,0,,,,,,,,,,,,,,,,,,0,,,,,0,0,,,,0,0,0,0,0
1318,43.9,0,0,,,,,,,,,,,,,,,,,,0,,,,,0,0,,,,0,0,0,0,0
1319,43.93333333333333,0,0,,,,,,,,,,,,,,,,,,0,,,,,0,0,,,,0,0,0,0,0
1320,43.96666666666667,1,0,,,,,,,,,,,,,,,,,,0,,,,,0,0,,,,0,0,0,0,0
1321,44.0,0,0,,,,,,,,,,,,,,,,,,0,,,,,0,0,,,,0,0,0,0,0
1322,44.03333333333333,0,0,,,,,,,,,,,,,,,,,,0,,,,,0,0,,,,0,0,0,0,0
1323,44.06666666666667,1,0,,,,,,,,,,,,,,,,,,0,,,,,0,0,,,,0,0,0,0,0
1324,44.1,0,0,,,,,,,,,,,,,,,,,,0,,,,,0,0,,,,0,0,0,0,0
1325,44.13333333333333,0,0,,,,,,,,,,,,,,,,,,0,,,,,0,0,,,,0,0,0,0,0
1326,44.166666666666664,1,0,,,,,,,,,,,,,,,,,,0,,,,,0,0,,,,0,0,0,0,0
1327,44.2,0,0,,,,,,,,,,,,,,,,,,0,,,,,0,0,,,,0,0,0,0,0
1328,44.233333333333334,0,0,,,,,,,,,,,,,,,,,,0,,,,,0,0,,,,0,0,0,0,0
1329,44.266666666666666,1,0,,,,,,,,,,,,,,,,,,0,,,,,0,0,,,,0,0,0,0,0
1330,44.3,0,0,,,,,,,,,,,,,,,,,,0,,,,,0,0,,,,0,0,0,0,0
1331,44.333333333333336,0,0,,,,,,,,,,,,,,,,,,0,,,,,0,0,,,,0,0,0,0,0
1332,44.36666666666667,1,0,,,,,,,,,,,,,,,,,,0,,,,,0,0,,,,0,0,0,0,0
1333,44.4,0,0,,,,,,,,,,,,,,,,,,0,,,,,0,0,,,,0,0,0,0,0
1334,44.43333333333333,0,0,,,,,,,,,,,,,,,,,,0,,,,,0,0,,,,0,0,0,0,0
1335,44.46666666666667,1,0,,,,,,,,,,,,,,,,,,0,,,,,0,0,,,,0,0,0,0,0
1336,44.5,0,0,,,,,,,,,,,,,,,,,,0,,,,,0,0,,,,0,0,0,0,0
1337,44.53333333333333,0,0,,,,,,,,,,,,,,,,,,0,,,,,0,0,,,,0,0,0,0,0
1338,44.56666666666667,1,0,,,,,,,,,,,,,,,,,,0,,,,,0,0,,,,0,0,0,0,0
1339,44.6,0,0,,,,,,,,,,,,,,,,,,0,,,,,0,0,,,,0,0,0,0,0
1340,44.63333333333333,0,0,,,,,,,,,,,,,,,,,,0,,,,,0,0,,,,0,0,0,0,0
1341,44.666666666666664,1,0,,,,,,,,,,,,,,,,,,0,,,,,0,0,,,,0,0,0,0,0
1342,44.7,0,0,,,,,,,,,,,,,,,,,,0,,,,,0,0,,,,0,0,0,0,0
1343,44.733333333333334,0,0,,,,,,,,,,,,,,,,,,0,,,,,0,0,,,,0,0,0,0,0
1344,44.766666666666666,1,0,,,,,,,,,,,,,,,,,,0,,,,,0,0,,,,0,0,0,0,0
1345,44.8,0,0,,,,,,,,,,,,,,,,,,0,,,,,0,0,,,,0,0,0,0,0
1346,44.833333333333336,0,0,,,,,,,,,,,,,,,,,,0,,,,,0,0,,,,0,0,0,0,0
1347,44.86666666666667,1,0,,,,,,,,,,,,,,,,,,0,,,,,0,0,,,,0,0,0,0,0
1348,44.9,0,0,,,,,,,,,,,,,,,,,,0,,,,,0,0,,,,0,0,0,0,0
1349,44.93333333333333,0,0,,,,,,,,,,,,,,,,,,0,,,,,0,0,,,,0,0,0,0,0
1350,44.96666666666667,1,0,,,,,,,,,,,,,,,,,,0,,,,,0,0,,,,0,0,0,0,0
1351,45.0,0,0,,,,,,,,,,,,,,,,,,0,,,,,0,0,,,,0,0,0,0,0
1352,45.03333333333333,0,0,,,,,,,,,,,,,,,,,,0,,,,,0,0,,,,0,0,0,0,0
1353,45.06666666666667,1,0,,,,,,,,,,,,,,,,,,0,,,,,0,0,,,,0,0,0,0,0
1354,45.1,0,0,,,,,,,,,,,,,,,,,,0,,,,,0,0,,,,0,0,0,0,0
1355,45.13333333333333,0,0,,,,,,,,,,,,,,,,,,0,,,,,0,0,,,,0,0,0,0,0
1356,45.166666666666664,1,0,,,,,,,,,,,,,,,,,,0,,,,,0,0,,,,0,0,0,0,0
1357,45.2,0,0,,,,,,,,,,,,,,,,,,0,,,,,0,0,,,,0,0,0,0,0
1358,45.233333333333334,0,0,,,,,,,,,,,,,,,,,,0,,,,,0,0,,,,0,0,0,0,0
1359,45.266666666666666,1,0,,,,,,,,,,,,,,,,,,0,,,,,0,0,,,,0,0,0,0,0
1360,45.3,0,0,,,,,,,,,,,,,,,,,,0,,,,,0,0,,,,0,0,0,0,0
1361,45.333333333333336,0,0,,,,,,,,,,,,,,,,,,0,,,,,0,0,,,,0,0,0,0,0
1362,45.36666666666667,1,0,,,,,,,,,,,,,,,,,,0,,,,,0,0,,,,0,0,0,0,0
1363,45.4,0,0,,,,,,,,,,,,,,,,,,0,,,,,0,0,,,,0,0,0,0,0
1364,45.43333333333333,0,0,,,,,,,,,,,,,,,,,,0,,,,,0,0,,,,0,0,0,0,0
1365,45.46666666666667,1,0,,,,,,,,,,,,,,,,,,0,,,,,0,0,,,,0,0,0,0,0
1366,45.5,0,0,,,,,,,,,,,,,,,,,,0,,,,,0,0,,,,0,0,0,0,0
1367,45.53333333333333,0,0,,,,,,,,,,,,,,,,,,0,,,,,0,0,,,,0,0,0,0,0
1368,45.56666666666667,1,0,,,,,,,,,,,,,,,,,,0,,,,,0,0,,,,0,0,0,0,0
1369,45.6,0,0,,,,,,,,,,,,,,,,,,0,,,,,0,0,,,,0,0,0,0,0
1370,45.63333333333333,0,0,,,,,,,,,,,,,,,,,,0,,,,,0,0,,,,0,0,0,0,0
1371,45.666666666666664,1,0,,,,,,,,,,,,,,,,,,0,,,,,0,0,,,,0,0,0,0,0
1372,45.7,0,0,,,,,,,,,,,,,,,,,,0,,,,,0,0,,,,0,0,0,0,0
1373,45.733333333333334,0,0,,,,,,,,,,,,,,,,,,0,,,,,0,0,,,,0,0,0,0,0
1374,45.766666666666666,1,0,,,,,,,,,,,,,,,,,,0,,,,,0,0,,,,0,0,0,0,0
1375,45.8,0,0,,,,,,,,,,,,,,,,,,0,,,,,0,0,,,,0,0,0,0,0
1376,45.833333333333336,0,0,,,,,,,,,,,,,,,,,,0,,,,,0,0,,,,0,0,0,0,0
1377,45.86666666666667,1,0,,,,,,,,,,,,,,,,,,0,,,,,0,0,,,,0,0,0,0,0
1378,45.9,0,0,,,,,,,,,,,,,,,,,,0,,,,,0,0,,,,0,0,0,0,0
1379,45.93333333333333,0,0,,,,,,,,,,,,,,,,,,0,,,,,0,0,,,,0,0,0,0,0
1380,45.96666666666667,1,0,,,,,,,,,,,,,,,,,,0,,,,,0,0,,,,0,0,0,0,0
1381,46.0,0,0,,,,,,,,,,,,,,,,,,0,,,,,0,0,,,,0,0,0,0,0
1382,46.03333333333333,0,0,,,,,,,,,,,,,,,,,,0,,,,,0,0,,,,0,0,0,0,0
1383,46.06666666666667,1,0,,,,,,,,,,,,,,,,,,0,,,,,0,0,,,,0,0,0,0,0
1384,46.1,0,0,,,,,,,,,,,,,,,,,,0,,,,,0,0,,,,0,0,0,0,0
1385,46.13333333333333,0,0,,,,,,,,,,,,,,,,,,0,,,,,0,0,,,,0,0,0,0,0
1386,46.166666666666664,1,0,,,,,,,,,,,,,,,,,,0,,,,,0,0,,,,0,0,0,0,0
1387,46.2,0,0,,,,,,,,,,,,,,,,,,0,,,,,0,0,,,,0,0,0,0,0
1388,46.233333333333334,0,0,,,,,,,,,,,,,,,,,,0,,,,,0,0,,,,0,0,0,0,0
1389,46.266666666666666,1,0,,,,,,,,,,,,,,,,,,0,,,,,0,0,,,,0,0,0,0,0
1390,46.3,0,0,,,,,,,,,,,,,,,,,,0,,,,,0,0,,,,0,0,0,0,0
1391,46.333333333333336,0,0,,,,,,,,,,,,,,,,,,0,,,,,0,0,,,,0,0,0,0,0
1392,46.36666666666667,1,0,,,,,,,,,,,,,,,,,,0,,,,,0,0,,,,0,0,0,0,0
1393,46.4,0,0,,,,,,,,,,,,,,,,,,0,,,,,0,0,,,,0,0,0,0,0
1394,46.43333333333333,0,0,,,,,,,,,,,,,,,,,,0,,,,,0,0,,,,0,0,0,0,0
1395,46.46666666666667,1,0,,,,,,,,,,,,,,,,,,0,,,,,0,0,,,,0,0,0,0,0
1396,46.5,0,0,,,,,,,,,,,,,,,,,,0,,,,,0,0,,,,0,0,0,0,0
1397,46.53333333333333,0,0,,,,,,,,,,,,,,,,,,0,,,,,0,0,,,,0,0,0,0,0
1398,46.56666666666667,1,0,,,,,,,,,,,,,,,,,,0,,,,,0,0,,,,0,0,0,0,0
1399,46.6,0,0,,,,,,,,,,,,,,,,,,0,,,,,0,0,,,,0,0,0,0,0
1400,46.63333333333333,0,0,,,,,,,,,,,,,,,,,,0,,,,,0,0,,,,0,0,0,0,0
1401,46.666666666666664,1,0,,,,,,,,,,,,,,,,,,0,,,,,0,0,,,,0,0,0,0,0
1402,46.7,0,0,,,,,,,,,,,,,,,,,,0,,,,,0,0,,,,0,0,0,0,0
1403,46.733333333333334,0,0,,,,,,,,,,,,,,,,,,0,,,,,0,0,,,,0,0,0,0,0
1404,46.766666666666666,1,0,,,,,,,,,,,,,,,,,,0,,,,,0,0,,,,0,0,0,0,0
1405,46.8,0,0,,,,,,,,,,,,,,,,,,0,,,,,0,0,,,,0,0,0,0,0
1406,46.833333333333336,0,0,,,,,,,,,,,,,,,,,,0,,,,,0,0,,,,0,0,0,0,0
1407,46.86666666666667,1,0,,,,,,,,,,,,,,,,,,0,,,,,0,0,,,,0,0,0,0,0
1408,46.9,0,0,,,,,,,,,,,,,,,,,,0,,,,,0,0,,,,0,0,0,0,0
1409,46.93333333333333,0,0,,,,,,,,,,,,,,,,,,0,,,,,0,0,,,,0,0,0,0,0
1410,46.96666666666667,1,0,,,,,,,,,,,,,,,,,,0,,,,,0,0,,,,0,0,0,0,0
1411,47.0,0,0,,,,,,,,,,,,,,,,,,0,,,,,0,0,,,,0,0,0,0,0
1412,47.03333333333333,0,0,,,,,,,,,,,,,,,,,,0,,,,,0,0,,,,0,0,0,0,0
1413,47.06666666666667,1,0,,,,,,,,,,,,,,,,,,0,,,,,0,0,,,,0,0,0,0,0
1414,47.1,0,0,,,,,,,,,,,,,,,,,,0,,,,,0,0,,,,0,0,0,0,0
1415,47.13333333333333,0,0,,,,,,,,,,,,,,,,,,0,,,,,0,0,,,,0,0,0,0,0
1416,47.166666666666664,1,0,,,,,,,,,,,,,,,,,,0,,,,,0,0,,,,0,0,0,0,0
1417,47.2,0,0,,,,,,,,,,,,,,,,,,0,,,,,0,0,,,,0,0,0,0,0
1418,47.233333333333334,0,0,,,,,,,,,,,,,,,,,,0,,,,,0,0,,,,0,0,0,0,0
1419,47.266666666666666,1,0,,,,,,,,,,,,,,,,,,0,,,,,0,0,,,,0,0,0,0,0
1420,47.3,0,0,,,,,,,,,,,,,,,,,,0,,,,,0,0,,,,0,0,0,0,0
1421,47.333333333333336,0,0,,,,,,,,,,,,,,,,,,0,,,,,0,0,,,,0,0,0,0,0
1422,47.36666666666667,1,0,,,,,,,,,,,,,,,,,,0,,,,,0,0,,,,0,0,0,0,0
1423,47.4,0,0,,,,,,,,,,,,,,,,,,0,,,,,0,0,,,,0,0,0,0,0
1424,47.43333333333333,0,0,,,,,,,,,,,,,,,,,,0,,,,,0,0,,,,0,0,0,0,0
1425,47.46666666666667,1,0,,,,,,,,,,,,,,,,,,0,,,,,0,0,,,,0,0,0,0,0
1426,47.5,0,0,,,,,,,,,,,,,,,,,,0,,,,,0,0,,,,0,0,0,0,0
1427,47.53333333333333,0,0,,,,,,,,,,,,,,,,,,0,,,,,0,0,,,,0,0,0,0,0
1428,47.56666666666667,1,0,,,,,,,,,,,,,,,,,,0,,,,,0,0,,,,0,0,0,0,0
1429,47.6,0,0,,,,,,,,,,,,,,,,,,0,,,,,0,0,,,,0,0,0,0,0
1430,47.63333333333333,0,0,,,,,,,,,,,,,,,,,,0,,,,,0,0,,,,0,0,0,0,0
1431,47.666666666666664,1,0,,,,,,,,,,,,,,,,,,0,,,,,0,0,,,,0,0,0,0,0
1432,47.7,0,0,,,,,,,,,,,,,,,,,,0,,,,,0,0,,,,0,0,0,0,0
1433,47.733333333333334,0,0,,,,,,,,,,,,,,,,,,0,,,,,0,0,,,,0,0,0,0,0
1434,47.766666666666666,1,0,,,,,,,,,,,,,,,,,,0,,,,,0,0,,,,0,0,0,0,0
1435,47.8,0,0,,,,,,,,,,,,,,,,,,0,,,,,0,0,,,,0,0,0,0,0
1436,47.833333333333336,0,0,,,,,,,,,,,,,,,,,,0,,,,,0,0,,,,0,0,0,0,0
1437,47.86666666666667,1,0,,,,,,,,,,,,,,,,,,0,,,,,0,0,,,,0,0,0,0,0
1438,47.9,0,0,,,,,,,,,,,,,,,,,,0,,,,,0,0,,,,0,0,0,0,0
1439,47.93333333333333,0,0,,,,,,,,,,,,,,,,,,0,,,,,0,0,,,,0,0,0,0,0
1440,47.96666666666667,1,0,,,,,,,,,,,,,,,,,,0,,,,,0,0,,,,0,0,0,0,0
1441,48.0,0,0,,,,,,,,,,,,,,,,,,0,,,,,0,0,,,,0,0,0,0,0
1442,48.03333333333333,0,0,,,,,,,,,,,,,,,,,,0,,,,,0,0,,,,0,0,0,0,0
1443,48.06666666666667,1,0,,,,,,,,,,,,,,,,,,0,,,,,0,0,,,,0,0,0,0,0
1444,48.1,0,0,,,,,,,,,,,,,,,,,,0,,,,,0,0,,,,0,0,0,0,0
1445,48.13333333333333,0,0,,,,,,,,,,,,,,,,,,0,,,,,0,0,,,,0,0,0,0,0
1446,48.166666666666664,1,0,,,,,,,,,,,,,,,,,,0,,,,,0,0,,,,0,0,0,0,0
1447,48.2,0,0,,,,,,,,,,,,,,,,,,0,,,,,0,0,,,,0,0,0,0,0
1448,48.233333333333334,0,0,,,,,,,,,,,,,,,,,,0,,,,,0,0,,,,0,0,0,0,0
1449,48.266666666666666,1,0,,,,,,,,,,,,,,,,,,0,,,,,0,0,,,,0,0,0,0,0
1450,48.3,0,0,,,,,,,,,,,,,,,,,,0,,,,,0,0,,,,0,0,0,0,0
1451,48.333333333333336,0,0,,,,,,,,,,,,,,,,,,0,,,,,0,0,,,,0,0,0,0,0
1452,48.36666666666667,1,0,,,,,,,,,,,,,,,,,,0,,,,,0,0,,,,0,0,0,0,0
1453,48.4,0,0,,,,,,,,,,,,,,,,,,0,,,,,0,0,,,,0,0,0,0,0
1454,48.43333333333333,0,0,,,,,,,,,,,,,,,,,,0,,,,,0,0,,,,0,0,0,0,0
1455,48.46666666666667,1,0,,,,,,,,,,,,,,,,,,0,,,,,0,0,,,,0,0,0,0,0
1456,48.5,0,0,,,,,,,,,,,,,,,,,,0,,,,,0,0,,,,0,0,0,0,0
1457,48.53333333333333,0,0,,,,,,,,,,,,,,,,,,0,,,,,0,0,,,,0,0,0,0,0
1458,48.56666666666667,1,0,,,,,,,,,,,,,,,,,,0,,,,,0,0,,,,0,0,0,0,0
1459,48.6,0,0,,,,,,,,,,,,,,,,,,0,,,,,0,0,,,,0,0,0,0,0
1460,48.63333333333333,0,0,,,,,,,,,,,,,,,,,,0,,,,,0,0,,,,0,0,0,0,0
1461,48.666666666666664,1,0,,,,,,,,,,,,,,,,,,0,,,,,0,0,,,,0,0,0,0,0
1462,48.7,0,0,,,,,,,,,,,,,,,,,,0,,,,,0,0,,,,0,0,0,0,0
1463,48.733333333333334,0,0,,,,,,,,,,,,,,,,,,0,,,,,0,0,,,,0,0,0,0,0
1464,48.766666666666666,1,0,,,,,,,,,,,,,,,,,,0,,,,,0,0,,,,0,0,0,0,0
1465,48.8,0,0,,,,,,,,,,,,,,,,,,0,,,,,0,0,,,,0,0,0,0,0
1466,48.833333333333336,0,0,,,,,,,,,,,,,,,,,,0,,,,,0,0,,,,0,0,0,0,0
1467,48.86666666666667,1,0,,,,,,,,,,,,,,,,,,0,,,,,0,0,,,,0,0,0,0,0
1468,48.9,0,0,,,,,,,,,,,,,,,,,,0,,,,,0,0,,,,0,0,0,0,0
1469,48.93333333333333,0,0,,,,,,,,,,,,,,,,,,0,,,,,0,0,,,,0,0,0,0,0
1470,48.96666666666667,1,0,,,,,,,,,,,,,,,,,,0,,,,,0,0,,,,0,0,0,0,0
1471,49.0,0,0,,,,,,,,,,,,,,,,,,0,,,,,0,0,,,,0,0,0,0,0
1472,49.03333333333333,0,0,,,,,,,,,,,,,,,,,,0,,,,,0,0,,,,0,0,0,0,0
1473,49.06666666666667,1,0,,,,,,,,,,,,,,,,,,0,,,,,0,0,,,,0,0,0,0,0
1474,49.1,0,0,,,,,,,,,,,,,,,,,,0,,,,,0,0,,,,0,0,0,0,0
1475,49.13333333333333,0,0,,,,,,,,,,,,,,,,,,0,,,,,0,0,,,,0,0,0,0,0
1476,49.166666666666664,1,0,,,,,,,,,,,,,,,,,,0,,,,,0,0,,,,0,0,0,0,0
1477,49.2,0,0,,,,,,,,,,,,,,,,,,0,,,,,0,0,,,,0,0,0,0,0
1478,49.233333333333334,0,0,,,,,,,,,,,,,,,,,,0,,,,,0,0,,,,0,0,0,0,0
1479,49.266666666666666,1,0,,,,,,,,,,,,,,,,,,0,,,,,0,0,,,,0,0,0,0,0
1480,49.3,0,0,,,,,,,,,,,,,,,,,,0,,,,,0,0,,,,0,0,0,0,0
1481,49.333333333333336,0,0,,,,,,,,,,,,,,,,,,0,,,,,0,0,,,,0,0,0,0,0
1482,49.36666666666667,1,0,,,,,,,,,,,,,,,,,,0,,,,,0,0,,,,0,0,0,0,0
1483,49.4,0,0,,,,,,,,,,,,,,,,,,0,,,,,0,0,,,,0,0,0,0,0
1484,49.43333333333333,0,0,,,,,,,,,,,,,,,,,,0,,,,,0,0,,,,0,0,0,0,0
1485,49.46666666666667,1,0,,,,,,,,,,,,,,,,,,0,,,,,0,0,,,,0,0,0,0,0
1486,49.5,0,0,,,,,,,,,,,,,,,,,,0,,,,,0,0,,,,0,0,0,0,0
1487,49.53333333333333,0,0,,,,,,,,,,,,,,,,,,0,,,,,0,0,,,,0,0,0,0,0
1488,49.56666666666667,1,0,,,,,,,,,,,,,,,,,,0,,,,,0,0,,,,0,0,0,0,0
1489,49.6,0,0,,,,,,,,,,,,,,,,,,0,,,,,0,0,,,,0,0,0,0,0
1490,49.63333333333333,0,0,,,,,,,,,,,,,,,,,,0,,,,,0,0,,,,0,0,0,0,0
1491,49.666666666666664,1,0,,,,,,,,,,,,,,,,,,0,,,,,0,0,,,,0,0,0,0,0
1492,49.7,0,0,,,,,,,,,,,,,,,,,,0,,,,,0,0,,,,0,0,0,0,0
1493,49.733333333333334,0,0,,,,,,,,,,,,,,,,,,0,,,,,0,0,,,,0,0,0,0,0
1494,49.766666666666666,1,0,,,,,,,,,,,,,,,,,,0,,,,,0,0,,,,0,0,0,0,0
1495,49.8,0,0,,,,,,,,,,,,,,,,,,0,,,,,0,0,,,,0,0,0,0,0
1496,49.833333333333336,0,0,,,,,,,,,,,,,,,,,,0,,,,,0,0,,,,0,0,0,0,0
1497,49.86666666666667,1,0,,,,,,,,,,,,,,,,,,0,,,,,0,0,,,,0,0,0,0,0
1498,49.9,0,0,,,,,,,,,,,,,,,,,,0,,,,,0,0,,,,0,0,0,0,0
1499,49.93333333333333,0,0,,,,,,,,,,,,,,,,,,0,,,,,0,0,,,,0,0,0,0,0
1500,49.96666666666667,1,0,,,,,,,,,,,,,,,,,,0,,,,,0,0,,,,0,0,0,0,0
1501,50.0,0,0,,,,,,,,,,,,,,,,,,0,,,,,0,0,,,,0,0,0,0,0
1502,50.03333333333333,0,0,,,,,,,,,,,,,,,,,,0,,,,,0,0,,,,0,0,0,0,0
1503,50.06666666666667,1,0,,,,,,,,,,,,,,,,,,0,,,,,0,0,,,,0,0,0,0,0
1504,50.1,0,0,,,,,,,,,,,,,,,,,,0,,,,,0,0,,,,0,0,0,0,0
1505,50.13333333333333,0,0,,,,,,,,,,,,,,,,,,0,,,,,0,0,,,,0,0,0,0,0
1506,50.166666666666664,1,0,,,,,,,,,,,,,,,,,,0,,,,,0,0,,,,0,0,0,0,0
1507,50.2,0,0,,,,,,,,,,,,,,,,,,0,,,,,0,0,,,,0,0,0,0,0
1508,50.233333333333334,0,0,,,,,,,,,,,,,,,,,,0,,,,,0,0,,,,0,0,0,0,0
1509,50.266666666666666,1,0,,,,,,,,,,,,,,,,,,0,,,,,0,0,,,,0,0,0,0,0
1510,50.3,0,0,,,,,,,,,,,,,,,,,,0,,,,,0,0,,,,0,0,0,0,0
1511,50.333333333333336,0,0,,,,,,,,,,,,,,,,,,0,,,,,0,0,,,,0,0,0,0,0
1512,50.36666666666667,1,0,,,,,,,,,,,,,,,,,,0,,,,,0,0,,,,0,0,0,0,0
1513,50.4,0,0,,,,,,,,,,,,,,,,,,0,,,,,0,0,,,,0,0,0,0,0
1514,50.43333333333333,0,0,,,,,,,,,,,,,,,,,,0,,,,,0,0,,,,0,0,0,0,0
1515,50.46666666666667,1,0,,,,,,,,,,,,,,,,,,0,,,,,0,0,,,,0,0,0,0,0
1516,50.5,0,0,,,,,,,,,,,,,,,,,,0,,,,,0,0,,,,0,0,0,0,0
1517,50.53333333333333,0,0,,,,,,,,,,,,,,,,,,0,,,,,0,0,,,,0,0,0,0,0
1518,50.56666666666667,1,0,,,,,,,,,,,,,,,,,,0,,,,,0,0,,,,0,0,0,0,0
1519,50.6,0,0,,,,,,,,,,,,,,,,,,0,,,,,0,0,,,,0,0,0,0,0
1520,50.63333333333333,0,0,,,,,,,,,,,,,,,,,,0,,,,,0,0,,,,0,0,0,0,0
1521,50.666666666666664,1,0,,,,,,,,,,,,,,,,,,0,,,,,0,0,,,,0,0,0,0,0
1522,50.7,0,0,,,,,,,,,,,,,,,,,,0,,,,,0,0,,,,0,0,0,0,0
1523,50.733333333333334,0,0,,,,,,,,,,,,,,,,,,0,,,,,0,0,,,,0,0,0,0,0
1524,50.766666666666666,1,0,,,,,,,,,,,,,,,,,,0,,,,,0,0,,,,0,0,0,0,0
1525,50.8,0,0,,,,,,,,,,,,,,,,,,0,,,,,0,0,,,,0,0,0,0,0
1526,50.833333333333336,0,0,,,,,,,,,,,,,,,,,,0,,,,,0,0,,,,0,0,0,0,0
1527,50.86666666666667,1,0,,,,,,,,,,,,,,,,,,0,,,,,0,0,,,,0,0,0,0,0
1528,50.9,0,0,,,,,,,,,,,,,,,,,,0,,,,,0,0,,,,0,0,0,0,0
1529,50.93333333333333,0,0,,,,,,,,,,,,,,,,,,0,,,,,0,0,,,,0,0,0,0,0
1530,50.96666666666667,1,0,,,,,,,,,,,,,,,,,,0,,,,,0,0,,,,0,0,0,0,0
1531,51.0,0,0,,,,,,,,,,,,,,,,,,0,,,,,0,0,,,,0,0,0,0,0
1532,51.03333333333333,0,0,,,,,,,,,,,,,,,,,,0,,,,,0,0,,,,0,0,0,0,0
1533,51.06666666666667,1,0,,,,,,,,,,,,,,,,,,0,,,,,0,0,,,,0,0,0,0,0
1534,51.1,0,0,,,,,,,,,,,,,,,,,,0,,,,,0,0,,,,0,0,0,0,0
1535,51.13333333333333,0,0,,,,,,,,,,,,,,,,,,0,,,,,0,0,,,,0,0,0,0,0
1536,51.166666666666664,1,0,,,,,,,,,,,,,,,,,,0,,,,,0,0,,,,0,0,0,0,0
1537,51.2,0,0,,,,,,,,,,,,,,,,,,0,,,,,0,0,,,,0,0,0,0,0
1538,51.233333333333334,0,0,,,,,,,,,,,,,,,,,,0,,,,,0,0,,,,0,0,0,0,0
1539,51.266666666666666,1,0,,,,,,,,,,,,,,,,,,0,,,,,0,0,,,,0,0,0,0,0
1540,51.3,0,0,,,,,,,,,,,,,,,,,,0,,,,,0,0,,,,0,0,0,0,0
1541,51.333333333333336,0,0,,,,,,,,,,,,,,,,,,0,,,,,0,0,,,,0,0,0,0,0
1542,51.36666666666667,1,0,,,,,,,,,,,,,,,,,,0,,,,,0,0,,,,0,0,0,0,0
1543,51.4,0,0,,,,,,,,,,,,,,,,,,0,,,,,0,0,,,,0,0,0,0,0
1544,51.43333333333333,0,0,,,,,,,,,,,,,,,,,,0,,,,,0,0,,,,0,0,0,0,0
1545,51.46666666666667,1,0,,,,,,,,,,,,,,,,,,0,,,,,0,0,,,,0,0,0,0,0
1546,51.5,0,0,,,,,,,,,,,,,,,,,,0,,,,,0,0,,,,0,0,0,0,0
1547,51.53333333333333,0,0,,,,,,,,,,,,,,,,,,0,,,,,0,0,,,,0,0,0,0,0
1548,51.56666666666667,1,0,,,,,,,,,,,,,,,,,,0,,,,,0,0,,,,0,0,0,0,0
1549,51.6,0,0,,,,,,,,,,,,,,,,,,0,,,,,0,0,,,,0,0,0,0,0
1550,51.63333333333333,0,0,,,,,,,,,,,,,,,,,,0,,,,,0,0,,,,0,0,0,0,0
1551,51.666666666666664,1,0,,,,,,,,,,,,,,,,,,0,,,,,0,0,,,,0,0,0,0,0
1552,51.7,0,0,,,,,,,,,,,,,,,,,,0,,,,,0,0,,,,0,0,0,0,0
1553,51.733333333333334,0,0,,,,,,,,,,,,,,,,,,0,,,,,0,0,,,,0,0,0,0,0
1554,51.766666666666666,1,0,,,,,,,,,,,,,,,,,,0,,,,,0,0,,,,0,0,0,0,0
1555,51.8,0,0,,,,,,,,,,,,,,,,,,0,,,,,0,0,,,,0,0,0,0,0
1556,51.833333333333336,0,0,,,,,,,,,,,,,,,,,,0,,,,,0,0,,,,0,0,0,0,0
1557,51.86666666666667,1,0,,,,,,,,,,,,,,,,,,0,,,,,0,0,,,,0,0,0,0,0
1558,51.9,0,0,,,,,,,,,,,,,,,,,,0,,,,,0,0,,,,0,0,0,0,0
1559,51.93333333333333,0,0,,,,,,,,,,,,,,,,,,0,,,,,0,0,,,,0,0,0,0,0
1560,51.96666666666667,1,0,,,,,,,,,,,,,,,,,,0,,,,,0,0,,,,0,0,0,0,0
1561,52.0,0,0,,,,,,,,,,,,,,,,,,0,,,,,0,0,,,,0,0,0,0,0
1562,52.03333333333333,0,0,,,,,,,,,,,,,,,,,,0,,,,,0,0,,,,0,0,0,0,0
1563,52.06666666666667,1,0,,,,,,,,,,,,,,,,,,0,,,,,0,0,,,,0,0,0,0,0
1564,52.1,0,0,,,,,,,,,,,,,,,,,,0,,,,,0,0,,,,0,0,0,0,0
1565,52.13333333333333,0,0,,,,,,,,,,,,,,,,,,0,,,,,0,0,,,,0,0,0,0,0
1566,52.166666666666664,1,0,,,,,,,,,,,,,,,,,,0,,,,,0,0,,,,0,0,0,0,0
1567,52.2,0,0,,,,,,,,,,,,,,,,,,0,,,,,0,0,,,,0,0,0,0,0
1568,52.233333333333334,0,0,,,,,,,,,,,,,,,,,,0,,,,,0,0,,,,0,0,0,0,0
1569,52.266666666666666,1,0,,,,,,,,,,,,,,,,,,0,,,,,0,0,,,,0,0,0,0,0
1570,52.3,0,0,,,,,,,,,,,,,,,,,,0,,,,,0,0,,,,0,0,0,0,0
1571,52.333333333333336,0,0,,,,,,,,,,,,,,,,,,0,,,,,0,0,,,,0,0,0,0,0
1572,52.36666666666667,1,0,,,,,,,,,,,,,,,,,,0,,,,,0,0,,,,0,0,0,0,0
1573,52.4,0,0,,,,,,,,,,,,,,,,,,0,,,,,0,0,,,,0,0,0,0,0
1574,52.43333333333333,0,0,,,,,,,,,,,,,,,,,,0,,,,,0,0,,,,0,0,0,0,0
1575,52.46666666666667,1,0,,,,,,,,,,,,,,,,,,0,,,,,0,0,,,,0,0,0,0,0
1576,52.5,0,0,,,,,,,,,,,,,,,,,,0,,,,,0,0,,,,0,0,0,0,0
1577,52.53333333333333,0,0,,,,,,,,,,,,,,,,,,0,,,,,0,0,,,,0,0,0,0,0
1578,52.56666666666667,1,0,,,,,,,,,,,,,,,,,,0,,,,,0,0,,,,0,0,0,0,0
1579,52.6,0,0,,,,,,,,,,,,,,,,,,0,,,,,0,0,,,,0,0,0,0,0
1580,52.63333333333333,0,0,,,,,,,,,,,,,,,,,,0,,,,,0,0,,,,0,0,0,0,0
1581,52.666666666666664,1,0,,,,,,,,,,,,,,,,,,0,,,,,0,0,,,,0,0,0,0,0
1582,52.7,0,0,,,,,,,,,,,,,,,,,,0,,,,,0,0,,,,0,0,0,0,0
1583,52.733333333333334,0,0,,,,,,,,,,,,,,,,,,0,,,,,0,0,,,,0,0,0,0,0
1584,52.766666666666666,1,0,,,,,,,,,,,,,,,,,,0,,,,,0,0,,,,0,0,0,0,0
1585,52.8,0,0,,,,,,,,,,,,,,,,,,0,,,,,0,0,,,,0,0,0,0,0
1586,52.833333333333336,0,0,,,,,,,,,,,,,,,,,,0,,,,,0,0,,,,0,0,0,0,0
1587,52.86666666666667,1,0,,,,,,,,,,,,,,,,,,0,,,,,0,0,,,,0,0,0,0,0
1588,52.9,0,0,,,,,,,,,,,,,,,,,,0,,,,,0,0,,,,0,0,0,0,0
1589,52.93333333333333,0,0,,,,,,,,,,,,,,,,,,0,,,,,0,0,,,,0,0,0,0,0
1590,52.96666666666667,1,0,,,,,,,,,,,,,,,,,,0,,,,,0,0,,,,0,0,0,0,0
1591,53.0,0,0,,,,,,,,,,,,,,,,,,0,,,,,0,0,,,,0,0,0,0,0
1592,53.03333333333333,0,0,,,,,,,,,,,,,,,,,,0,,,,,0,0,,,,0,0,0,0,0
1593,53.06666666666667,1,0,,,,,,,,,,,,,,,,,,0,,,,,0,0,,,,0,0,0,0,0
1594,53.1,0,0,,,,,,,,,,,,,,,,,,0,,,,,0,0,,,,0,0,0,0,0
1595,53.13333333333333,0,0,,,,,,,,,,,,,,,,,,0,,,,,0,0,,,,0,0,0,0,0
1596,53.166666666666664,1,0,,,,,,,,,,,,,,,,,,0,,,,,0,0,,,,0,0,0,0,0
1597,53.2,0,0,,,,,,,,,,,,,,,,,,0,,,,,0,0,,,,0,0,0,0,0
1598,53.233333333333334,0,0,,,,,,,,,,,,,,,,,,0,,,,,0,0,,,,0,0,0,0,0
1599,53.266666666666666,1,0,,,,,,,,,,,,,,,,,,0,,,,,0,0,,,,0,0,0,0,0
1600,53.3,0,0,,,,,,,,,,,,,,,,,,0,,,,,0,0,,,,0,0,0,0,0
1601,53.333333333333336,0,0,,,,,,,,,,,,,,,,,,0,,,,,0,0,,,,0,0,0,0,0
1602,53.36666666666667,1,0,,,,,,,,,,,,,,,,,,0,,,,,0,0,,,,0,0,0,0,0
1603,53.4,0,0,,,,,,,,,,,,,,,,,,0,,,,,0,0,,,,0,0,0,0,0
1604,53.43333333333333,0,0,,,,,,,,,,,,,,,,,,0,,,,,0,0,,,,0,0,0,0,0
1605,53.46666666666667,1,0,,,,,,,,,,,,,,,,,,0,,,,,0,0,,,,0,0,0,0,0
1606,53.5,0,0,,,,,,,,,,,,,,,,,,0,,,,,0,0,,,,0,0,0,0,0
1607,53.53333333333333,0,0,,,,,,,,,,,,,,,,,,0,,,,,0,0,,,,0,0,0,0,0
1608,53.56666666666667,1,0,,,,,,,,,,,,,,,,,,0,,,,,0,0,,,,0,0,0,0,0
1609,53.6,0,0,,,,,,,,,,,,,,,,,,0,,,,,0,0,,,,0,0,0,0,0
1610,53.63333333333333,0,0,,,,,,,,,,,,,,,,,,0,,,,,0,0,,,,0,0,0,0,0
1611,53.666666666666664,1,0,,,,,,,,,,,,,,,,,,0,,,,,0,0,,,,0,0,0,0,0
1612,53.7,0,0,,,,,,,,,,,,,,,,,,0,,,,,0,0,,,,0,0,0,0,0
1613,53.733333333333334,0,0,,,,,,,,,,,,,,,,,,0,,,,,0,0,,,,0,0,0,0,0
1614,53.766666666666666,1,0,,,,,,,,,,,,,,,,,,0,,,,,0,0,,,,0,0,0,0,0
1615,53.8,0,0,,,,,,,,,,,,,,,,,,0,,,,,0,0,,,,0,0,0,0,0
1616,53.833333333333336,0,0,,,,,,,,,,,,,,,,,,0,,,,,0,0,,,,0,0,0,0,0
1617,53.86666666666667,1,0,,,,,,,,,,,,,,,,,,0,,,,,0,0,,,,0,0,0,0,0
1618,53.9,0,0,,,,,,,,,,,,,,,,,,0,,,,,0,0,,,,0,0,0,0,0
1619,53.93333333333333,0,0,,,,,,,,,,,,,,,,,,0,,,,,0,0,,,,0,0,0,0,0
1620,53.96666666666667,1,0,,,,,,,,,,,,,,,,,,0,,,,,0,0,,,,0,0,0,0,0
1621,54.0,0,0,,,,,,,,,,,,,,,,,,0,,,,,0,0,,,,0,0,0,0,0
1622,54.03333333333333,0,0,,,,,,,,,,,,,,,,,,0,,,,,0,0,,,,0,0,0,0,0
1623,54.06666666666667,1,0,,,,,,,,,,,,,,,,,,0,,,,,0,0,,,,0,0,0,0,0
1624,54.1,0,0,,,,,,,,,,,,,,,,,,0,,,,,0,0,,,,0,0,0,0,0
1625,54.13333333333333,0,0,,,,,,,,,,,,,,,,,,0,,,,,0,0,,,,0,0,0,0,0
1626,54.166666666666664,1,0,,,,,,,,,,,,,,,,,,0,,,,,0,0,,,,0,0,0,0,0
1627,54.2,0,0,,,,,,,,,,,,,,,,,,0,,,,,0,0,,,,0,0,0,0,0
1628,54.233333333333334,0,0,,,,,,,,,,,,,,,,,,0,,,,,0,0,,,,0,0,0,0,0
1629,54.266666666666666,1,0,,,,,,,,,,,,,,,,,,0,,,,,0,0,,,,0,0,0,0,0
1630,54.3,0,0,,,,,,,,,,,,,,,,,,0,,,,,0,0,,,,0,0,0,0,0
1631,54.333333333333336,0,0,,,,,,,,,,,,,,,,,,0,,,,,0,0,,,,0,0,0,0,0
1632,54.36666666666667,1,0,,,,,,,,,,,,,,,,,,0,,,,,0,0,,,,0,0,0,0,0
1633,54.4,0,0,,,,,,,,,,,,,,,,,,0,,,,,0,0,,,,0,0,0,0,0
1634,54.43333333333333,0,0,,,,,,,,,,,,,,,,,,0,,,,,0,0,,,,0,0,0,0,0
1635,54.46666666666667,1,0,,,,,,,,,,,,,,,,,,0,,,,,0,0,,,,0,0,0,0,0
1636,54.5,0,0,,,,,,,,,,,,,,,,,,0,,,,,0,0,,,,0,0,0,0,0
1637,54.53333333333333,0,0,,,,,,,,,,,,,,,,,,0,,,,,0,0,,,,0,0,0,0,0
1638,54.56666666666667,1,0,,,,,,,,,,,,,,,,,,0,,,,,0,0,,,,0,0,0,0,0
1639,54.6,0,0,,,,,,,,,,,,,,,,,,0,,,,,0,0,,,,0,0,0,0,0
1640,54.63333333333333,0,0,,,,,,,,,,,,,,,,,,0,,,,,0,0,,,,0,0,0,0,0
1641,54.666666666666664,1,0,,,,,,,,,,,,,,,,,,0,,,,,0,0,,,,0,0,0,0,0
1642,54.7,0,0,,,,,,,,,,,,,,,,,,0,,,,,0,0,,,,0,0,0,0,0
1643,54.733333333333334,0,0,,,,,,,,,,,,,,,,,,0,,,,,0,0,,,,0,0,0,0,0
1644,54.766666666666666,1,0,,,,,,,,,,,,,,,,,,0,,,,,0,0,,,,0,0,0,0,0
1645,54.8,0,0,,,,,,,,,,,,,,,,,,0,,,,,0,0,,,,0,0,0,0,0
1646,54.833333333333336,0,0,,,,,,,,,,,,,,,,,,0,,,,,0,0,,,,0,0,0,0,0
1647,54.86666666666667,1,0,,,,,,,,,,,,,,,,,,0,,,,,0,0,,,,0,0,0,0,0
1648,54.9,0,0,,,,,,,,,,,,,,,,,,0,,,,,0,0,,,,0,0,0,0,0
1649,54.93333333333333,0,0,,,,,,,,,,,,,,,,,,0,,,,,0,0,,,,0,0,0,0,0
1650,54.96666666666667,1,0,,,,,,,,,,,,,,,,,,0,,,,,0,0,,,,0,0,0,0,0
1651,55.0,0,0,,,,,,,,,,,,,,,,,,0,,,,,0,0,,,,0,0,0,0,0
1652,55.03333333333333,0,0,,,,,,,,,,,,,,,,,,0,,,,,0,0,,,,0,0,0,0,0
1653,55.06666666666667,1,0,,,,,,,,,,,,,,,,,,0,,,,,0,0,,,,0,0,0,0,0
1654,55.1,0,0,,,,,,,,,,,,,,,,,,0,,,,,0,0,,,,0,0,0,0,0
1655,55.13333333333333,0,0,,,,,,,,,,,,,,,,,,0,,,,,0,0,,,,0,0,0,0,0
1656,55.166666666666664,1,0,,,,,,,,,,,,,,,,,,0,,,,,0,0,,,,0,0,0,0,0
1657,55.2,0,0,,,,,,,,,,,,,,,,,,0,,,,,0,0,,,,0,0,0,0,0
1658,55.233333333333334,0,0,,,,,,,,,,,,,,,,,,0,,,,,0,0,,,,0,0,0,0,0
1659,55.266666666666666,1,0,,,,,,,,,,,,,,,,,,0,,,,,0,0,,,,0,0,0,0,0
1660,55.3,0,0,,,,,,,,,,,,,,,,,,0,,,,,0,0,,,,0,0,0,0,0
1661,55.333333333333336,0,0,,,,,,,,,,,,,,,,,,0,,,,,0,0,,,,0,0,0,0,0
1662,55.36666666666667,1,0,,,,,,,,,,,,,,,,,,0,,,,,0,0,,,,0,0,0,0,0
1663,55.4,0,0,,,,,,,,,,,,,,,,,,0,,,,,0,0,,,,0,0,0,0,0
1664,55.43333333333333,0,0,,,,,,,,,,,,,,,,,,0,,,,,0,0,,,,0,0,0,0,0
1665,55.46666666666667,1,0,,,,,,,,,,,,,,,,,,0,,,,,0,0,,,,0,0,0,0,0
1666,55.5,0,0,,,,,,,,,,,,,,,,,,0,,,,,0,0,,,,0,0,0,0,0
1667,55.53333333333333,0,0,,,,,,,,,,,,,,,,,,0,,,,,0,0,,,,0,0,0,0,0
1668,55.56666666666667,1,0,,,,,,,,,,,,,,,,,,0,,,,,0,0,,,,0,0,0,0,0
1669,55.6,0,0,,,,,,,,,,,,,,,,,,0,,,,,0,0,,,,0,0,0,0,0
1670,55.63333333333333,0,0,,,,,,,,,,,,,,,,,,0,,,,,0,0,,,,0,0,0,0,0
1671,55.666666666666664,1,0,,,,,,,,,,,,,,,,,,0,,,,,0,0,,,,0,0,0,0,0
1672,55.7,0,0,,,,,,,,,,,,,,,,,,0,,,,,0,0,,,,0,0,0,0,0
1673,55.733333333333334,0,0,,,,,,,,,,,,,,,,,,0,,,,,0,0,,,,0,0,0,0,0
1674,55.766666666666666,1,0,,,,,,,,,,,,,,,,,,0,,,,,0,0,,,,0,0,0,0,0
1675,55.8,0,0,,,,,,,,,,,,,,,,,,0,,,,,0,0,,,,0,0,0,0,0
1676,55.833333333333336,0,0,,,,,,,,,,,,,,,,,,0,,,,,0,0,,,,0,0,0,0,0
1677,55.86666666666667,1,0,,,,,,,,,,,,,,,,,,0,,,,,0,0,,,,0,0,0,0,0
1678,55.9,0,0,,,,,,,,,,,,,,,,,,0,,,,,0,0,,,,0,0,0,0,0
1679,55.93333333333333,0,0,,,,,,,,,,,,,,,,,,0,,,,,0,0,,,,0,0,0,0,0
1680,55.96666666666667,1,0,,,,,,,,,,,,,,,,,,0,,,,,0,0,,,,0,0,0,0,0
1681,56.0,0,0,,,,,,,,,,,,,,,,,,0,,,,,0,0,,,,0,0,0,0,0
1682,56.03333333333333,0,0,,,,,,,,,,,,,,,,,,0,,,,,0,0,,,,0,0,0,0,0
1683,56.06666666666667,1,0,,,,,,,,,,,,,,,,,,0,,,,,0,0,,,,0,0,0,0,0
1684,56.1,0,0,,,,,,,,,,,,,,,,,,0,,,,,0,0,,,,0,0,0,0,0
1685,56.13333333333333,0,0,,,,,,,,,,,,,,,,,,0,,,,,0,0,,,,0,0,0,0,0
1686,56.166666666666664,1,0,,,,,,,,,,,,,,,,,,0,,,,,0,0,,,,0,0,0,0,0
1687,56.2,0,0,,,,,,,,,,,,,,,,,,0,,,,,0,0,,,,0,0,0,0,0
1688,56.233333333333334,0,0,,,,,,,,,,,,,,,,,,0,,,,,0,0,,,,0,0,0,0,0
1689,56.266666666666666,1,0,,,,,,,,,,,,,,,,,,0,,,,,0,0,,,,0,0,0,0,0
1690,56.3,0,0,,,,,,,,,,,,,,,,,,0,,,,,0,0,,,,0,0,0,0,0
1691,56.333333333333336,0,0,,,,,,,,,,,,,,,,,,0,,,,,0,0,,,,0,0,0,0,0
1692,56.36666666666667,1,0,,,,,,,,,,,,,,,,,,0,,,,,0,0,,,,0,0,0,0,0
1693,56.4,0,0,,,,,,,,,,,,,,,,,,0,,,,,0,0,,,,0,0,0,0,0
1694,56.43333333333333,0,0,,,,,,,,,,,,,,,,,,0,,,,,0,0,,,,0,0,0,0,0
1695,56.46666666666667,1,0,,,,,,,,,,,,,,,,,,0,,,,,0,0,,,,0,0,0,0,0
1696,56.5,0,0,,,,,,,,,,,,,,,,,,0,,,,,0,0,,,,0,0,0,0,0
1697,56.53333333333333,0,0,,,,,,,,,,,,,,,,,,0,,,,,0,0,,,,0,0,0,0,0
1698,56.56666666666667,1,0,,,,,,,,,,,,,,,,,,0,,,,,0,0,,,,0,0,0,0,0
1699,56.6,0,0,,,,,,,,,,,,,,,,,,0,,,,,0,0,,,,0,0,0,0,0
1700,56.63333333333333,0,0,,,,,,,,,,,,,,,,,,0,,,,,0,0,,,,0,0,0,0,0
1701,56.666666666666664,1,0,,,,,,,,,,,,,,,,,,0,,,,,0,0,,,,0,0,0,0,0
1702,56.7,0,0,,,,,,,,,,,,,,,,,,0,,,,,0,0,,,,0,0,0,0,0
1703,56.733333333333334,0,0,,,,,,,,,,,,,,,,,,0,,,,,0,0,,,,0,0,0,0,0
1704,56.766666666666666,1,0,,,,,,,,,,,,,,,,,,0,,,,,0,0,,,,0,0,0,0,0
1705,56.8,0,0,,,,,,,,,,,,,,,,,,0,,,,,0,0,,,,0,0,0,0,0
1706,56.833333333333336,0,0,,,,,,,,,,,,,,,,,,0,,,,,0,0,,,,0,0,0,0,0
1707,56.86666666666667,1,0,,,,,,,,,,,,,,,,,,0,,,,,0,0,,,,0,0,0,0,0
1708,56.9,0,0,,,,,,,,,,,,,,,,,,0,,,,,0,0,,,,0,0,0,0,0
1709,56.93333333333333,0,0,,,,,,,,,,,,,,,,,,0,,,,,0,0,,,,0,0,0,0,0
1710,56.96666666666667,1,0,,,,,,,,,,,,,,,,,,0,,,,,0,0,,,,0,0,0,0,0
1711,57.0,0,0,,,,,,,,,,,,,,,,,,0,,,,,0,0,,,,0,0,0,0,0
1712,57.03333333333333,0,0,,,,,,,,,,,,,,,,,,0,,,,,0,0,,,,0,0,0,0,0
1713,57.06666666666667,1,0,,,,,,,,,,,,,,,,,,0,,,,,0,0,,,,0,0,0,0,0
1714,57.1,0,0,,,,,,,,,,,,,,,,,,0,,,,,0,0,,,,0,0,0,0,0
1715,57.13333333333333,0,0,,,,,,,,,,,,,,,,,,0,,,,,0,0,,,,0,0,0,0,0
1716,57.166666666666664,1,0,,,,,,,,,,,,,,,,,,0,,,,,0,0,,,,0,0,0,0,0
1717,57.2,0,0,,,,,,,,,,,,,,,,,,0,,,,,0,0,,,,0,0,0,0,0
1718,57.233333333333334,0,0,,,,,,,,,,,,,,,,,,0,,,,,0,0,,,,0,0,0,0,0
1719,57.266666666666666,1,0,,,,,,,,,,,,,,,,,,0,,,,,0,0,,,,0,0,0,0,0
1720,57.3,0,0,,,,,,,,,,,,,,,,,,0,,,,,0,0,,,,0,0,0,0,0
1721,57.333333333333336,0,0,,,,,,,,,,,,,,,,,,0,,,,,0,0,,,,0,0,0,0,0
1722,57.36666666666667,1,0,,,,,,,,,,,,,,,,,,0,,,,,0,0,,,,0,0,0,0,0
1723,57.4,0,0,,,,,,,,,,,,,,,,,,0,,,,,0,0,,,,0,0,0,0,0
1724,57.43333333333333,0,0,,,,,,,,,,,,,,,,,,0,,,,,0,0,,,,0,0,0,0,0
1725,57.46666666666667,1,0,,,,,,,,,,,,,,,,,,0,,,,,0,0,,,,0,0,0,0,0
1726,57.5,0,0,,,,,,,,,,,,,,,,,,0,,,,,0,0,,,,0,0,0,0,0
1727,57.53333333333333,0,0,,,,,,,,,,,,,,,,,,0,,,,,0,0,,,,0,0,0,0,0
1728,57.56666666666667,1,0,,,,,,,,,,,,,,,,,,0,,,,,0,0,,,,0,0,0,0,0
1729,57.6,0,0,,,,,,,,,,,,,,,,,,0,,,,,0,0,,,,0,0,0,0,0
1730,57.63333333333333,0,0,,,,,,,,,,,,,,,,,,0,,,,,0,0,,,,0,0,0,0,0
1731,57.666666666666664,1,0,,,,,,,,,,,,,,,,,,0,,,,,0,0,,,,0,0,0,0,0
1732,57.7,0,0,,,,,,,,,,,,,,,,,,0,,,,,0,0,,,,0,0,0,0,0
1733,57.733333333333334,0,0,,,,,,,,,,,,,,,,,,0,,,,,0,0,,,,0,0,0,0,0
1734,57.766666666666666,1,0,,,,,,,,,,,,,,,,,,0,,,,,0,0,,,,0,0,0,0,0
1735,57.8,0,0,,,,,,,,,,,,,,,,,,0,,,,,0,0,,,,0,0,0,0,0
1736,57.833333333333336,0,0,,,,,,,,,,,,,,,,,,0,,,,,0,0,,,,0,0,0,0,0
1737,57.86666666666667,1,0,,,,,,,,,,,,,,,,,,0,,,,,0,0,,,,0,0,0,0,0
1738,57.9,0,0,,,,,,,,,,,,,,,,,,0,,,,,0,0,,,,0,0,0,0,0
1739,57.93333333333333,0,0,,,,,,,,,,,,,,,,,,0,,,,,0,0,,,,0,0,0,0,0
1740,57.96666666666667,1,0,,,,,,,,,,,,,,,,,,0,,,,,0,0,,,,0,0,0,0,0
1741,58.0,0,0,,,,,,,,,,,,,,,,,,0,,,,,0,0,,,,0,0,0,0,0
1742,58.03333333333333,0,0,,,,,,,,,,,,,,,,,,0,,,,,0,0,,,,0,0,0,0,0
1743,58.06666666666667,1,0,,,,,,,,,,,,,,,,,,0,,,,,0,0,,,,0,0,0,0,0
1744,58.1,0,0,,,,,,,,,,,,,,,,,,0,,,,,0,0,,,,0,0,0,0,0
1745,58.13333333333333,0,0,,,,,,,,,,,,,,,,,,0,,,,,0,0,,,,0,0,0,0,0
1746,58.166666666666664,1,0,,,,,,,,,,,,,,,,,,0,,,,,0,0,,,,0,0,0,0,0
1747,58.2,0,0,,,,,,,,,,,,,,,,,,0,,,,,0,0,,,,0,0,0,0,0
1748,58.233333333333334,0,0,,,,,,,,,,,,,,,,,,0,,,,,0,0,,,,0,0,0,0,0
1749,58.266666666666666,1,0,,,,,,,,,,,,,,,,,,0,,,,,0,0,,,,0,0,0,0,0
1750,58.3,0,0,,,,,,,,,,,,,,,,,,0,,,,,0,0,,,,0,0,0,0,0
1751,58.333333333333336,0,0,,,,,,,,,,,,,,,,,,0,,,,,0,0,,,,0,0,0,0,0
1752,58.36666666666667,1,0,,,,,,,,,,,,,,,,,,0,,,,,0,0,,,,0,0,0,0,0
1753,58.4,0,0,,,,,,,,,,,,,,,,,,0,,,,,0,0,,,,0,0,0,0,0
1754,58.43333333333333,0,0,,,,,,,,,,,,,,,,,,0,,,,,0,0,,,,0,0,0,0,0
1755,58.46666666666667,1,0,,,,,,,,,,,,,,,,,,0,,,,,0,0,,,,0,0,0,0,0
1756,58.5,0,0,,,,,,,,,,,,,,,,,,0,,,,,0,0,,,,0,0,0,0,0
1757,58.53333333333333,0,0,,,,,,,,,,,,,,,,,,0,,,,,0,0,,,,0,0,0,0,0
1758,58.56666666666667,1,0,,,,,,,,,,,,,,,,,,0,,,,,0,0,,,,0,0,0,0,0
1759,58.6,0,0,,,,,,,,,,,,,,,,,,0,,,,,0,0,,,,0,0,0,0,0
1760,58.63333333333333,0,0,,,,,,,,,,,,,,,,,,0,,,,,0,0,,,,0,0,0,0,0
1761,58.666666666666664,1,0,,,,,,,,,,,,,,,,,,0,,,,,0,0,,,,0,0,0,0,0
1762,58.7,0,0,,,,,,,,,,,,,,,,,,0,,,,,0,0,,,,0,0,0,0,0
1763,58.733333333333334,0,0,,,,,,,,,,,,,,,,,,0,,,,,0,0,,,,0,0,0,0,0
1764,58.766666666666666,1,0,,,,,,,,,,,,,,,,,,0,,,,,0,0,,,,0,0,0,0,0
1765,58.8,0,0,,,,,,,,,,,,,,,,,,0,,,,,0,0,,,,0,0,0,0,0
1766,58.833333333333336,0,0,,,,,,,,,,,,,,,,,,0,,,,,0,0,,,,0,0,0,0,0
1767,58.86666666666667,1,0,,,,,,,,,,,,,,,,,,0,,,,,0,0,,,,0,0,0,0,0
1768,58.9,0,0,,,,,,,,,,,,,,,,,,0,,,,,0,0,,,,0,0,0,0,0
1769,58.93333333333333,0,0,,,,,,,,,,,,,,,,,,0,,,,,0,0,,,,0,0,0,0,0
1770,58.96666666666667,1,0,,,,,,,,,,,,,,,,,,0,,,,,0,0,,,,0,0,0,0,0
1771,59.0,0,0,,,,,,,,,,,,,,,,,,0,,,,,0,0,,,,0,0,0,0,0
1772,59.03333333333333,0,0,,,,,,,,,,,,,,,,,,0,,,,,0,0,,,,0,0,0,0,0
1773,59.06666666666667,1,0,,,,,,,,,,,,,,,,,,0,,,,,0,0,,,,0,0,0,0,0
1774,59.1,0,0,,,,,,,,,,,,,,,,,,0,,,,,0,0,,,,0,0,0,0,0
1775,59.13333333333333,0,0,,,,,,,,,,,,,,,,,,0,,,,,0,0,,,,0,0,0,0,0
1776,59.166666666666664,1,0,,,,,,,,,,,,,,,,,,0,,,,,0,0,,,,0,0,0,0,0
1777,59.2,0,0,,,,,,,,,,,,,,,,,,0,,,,,0,0,,,,0,0,0,0,0
1778,59.233333333333334,0,0,,,,,,,,,,,,,,,,,,0,,,,,0,0,,,,0,0,0,0,0
1779,59.266666666666666,1,0,,,,,,,,,,,,,,,,,,0,,,,,0,0,,,,0,0,0,0,0
1780,59.3,0,0,,,,,,,,,,,,,,,,,,0,,,,,0,0,,,,0,0,0,0,0
1781,59.333333333333336,0,0,,,,,,,,,,,,,,,,,,0,,,,,0,0,,,,0,0,0,0,0
1782,59.36666666666667,1,0,,,,,,,,,,,,,,,,,,0,,,,,0,0,,,,0,0,0,0,0
1783,59.4,0,0,,,,,,,,,,,,,,,,,,0,,,,,0,0,,,,0,0,0,0,0
1784,59.43333333333333,0,0,,,,,,,,,,,,,,,,,,0,,,,,0,0,,,,0,0,0,0,0
1785,59.46666666666667,1,0,,,,,,,,,,,,,,,,,,0,,,,,0,0,,,,0,0,0,0,0
1786,59.5,0,0,,,,,,,,,,,,,,,,,,0,,,,,0,0,,,,0,0,0,0,0
1787,59.53333333333333,0,0,,,,,,,,,,,,,,,,,,0,,,,,0,0,,,,0,0,0,0,0
1788,59.56666666666667,1,0,,,,,,,,,,,,,,,,,,0,,,,,0,0,,,,0,0,0,0,0
1789,59.6,0,0,,,,,,,,,,,,,,,,,,0,,,,,0,0,,,,0,0,0,0,0
1790,59.63333333333333,0,0,,,,,,,,,,,,,,,,,,0,,,,,0,0,,,,0,0,0,0,0
1791,59.666666666666664,1,0,,,,,,,,,,,,,,,,,,0,,,,,0,0,,,,0,0,0,0,0
1792,59.7,0,0,,,,,,,,,,,,,,,,,,0,,,,,0,0,,,,0,0,0,0,0
1793,59.733333333333334,0,0,,,,,,,,,,,,,,,,,,0,,,,,0,0,,,,0,0,0,0,0
1794,59.766666666666666,1,0,,,,,,,,,,,,,,,,,,0,,,,,0,0,,,,0,0,0,0,0
1795,59.8,0,0,,,,,,,,,,,,,,,,,,0,,,,,0,0,,,,0,0,0,0,0
1796,59.833333333333336,0,0,,,,,,,,,,,,,,,,,,0,,,,,0,0,,,,0,0,0,0,0
1797,59.86666666666667,1,0,,,,,,,,,,,,,,,,,,0,,,,,0,0,,,,0,0,0,0,0
1798,59.9,0,0,,,,,,,,,,,,,,,,,,0,,,,,0,0,,,,0,0,0,0,0
1799,59.93333333333333,0,0,,,,,,,,,,,,,,,,,,0,,,,,0,0,,,,0,0,0,0,0
1800,59.96666666666667,1,0,,,,,,,,,,,,,,,,,,0,,,,,0,0,,,,0,0,0,0,0
