frame,time_sec,mediapipe_processed,hand_detected,thumb_x,thumb_y,index_x,index_y,middle_x,middle_y,wrist_x,wrist_y,active_x,active_y,active_std_reference_distance,active_x_std_px,active_y_std_px,active_std_total_px,active_x_std_norm,active_y_std_norm,active_std_total_norm,active_std_valid_frames,reference_distance,thumb_index_ratio,index_middle_ratio,thumb_middle_ratio,pinch_detected,pinch_detected_frame_count,thumb_ip_angle,index_pip_angle,middle_pip_angle,direction_sign_x,direction_sign_y,rolling_direction_change_count_x,rolling_direction_change_count_y,rolling_repetition_count
1,0.0,0,0,,,,,,,,,,,,,,,,,,0,,,,,0,0,,,,0,0,0,0,0
2,0.03333333333333333,0,0,,,,,,,,,,,,,,,,,,0,,,,,0,0,,,,0,0,0,0,0
3,0.06666666666666667,1,0,,,,,,,,,,,,,,,,,,0,,,,,0,0,,,,0,0,0,0,0
4,0.1,0,0,,,,,,,,,,,,,,,,,,0,,,,,0,0,,,,0,0,0,0,0
5,0.13333333333333333,0,0,,,,,,,,,,,,,,,,,,0,,,,,0,0,,,,0,0,0,0,0
6,0.16666666666666666,1,0,,,,,,,,,,,,,,,,,,0,,,,,0,0,,,,0,0,0,0,0
7,0.2,0,0,,,,,,,,,,,,,,,,,,0,,,,,0,0,,,,0,0,0,0,0
8,0.23333333333333334,0,0,,,,,,,,,,,,,,,,,,0,,,,,0,0,,,,0,0,0,0,0
9,0.26666666666666666,1,0,,,,,,,,,,,,,,,,,,0,,,,,0,0,,,,0,0,0,0,0
10,0.3,0,0,,,,,,,,,,,,,,,,,,0,,,,,0,0,,,,0,0,0,0,0
11,0.3333333333333333,0,0,,,,,,,,,,,,,,,,,,0,,,,,0,0,,,,0,0,0,0,0
12,0.36666666666666664,1,0,,,,,,,,,,,,,,,,,,0,,,,,0,0,,,,0,0,0,0,0
13,0.4,0,0,,,,,,,,,,,,,,,,,,0,,,,,0,0,,,,0,0,0,0,0
14,0.43333333333333335,0,0,,,,,,,,,,,,,,,,,,0,,,,,0,0,,,,0,0,0,0,0
15,0.4666666666666667,1,0,,,,,,,,,,,,,,,,,,0,,,,,0,0,,,,0,0,0,0,0
16,0.5,0,0,,,,,,,,,,,,,,,,,,0,,,,,0,0,,,,0,0,0,0,0
17,0.5333333333333333,0,0,,,,,,,,,,,,,,,,,,0,,,,,0,0,,,,0,0,0,0,0
18,0.5666666666666667,1,0,,,,,,,,,,,,,,,,,,0,,,,,0,0,,,,0,0,0,0,0
19,0.6,0,0,,,,,,,,,,,,,,,,,,0,,,,,0,0,,,,0,0,0,0,0
20,0.6333333333333333,0,0,,,,,,,,,,,,,,,,,,0,,,,,0,0,,,,0,0,0,0,0
21,0.6666666666666666,1,0,,,,,,,,,,,,,,,,,,0,,,,,0,0,,,,0,0,0,0,0
22,0.7,0,0,,,,,,,,,,,,,,,,,,0,,,,,0,0,,,,0,0,0,0,0
23,0.7333333333333333,0,0,,,,,,,,,,,,,,,,,,0,,,,,0,0,,,,0,0,0,0,0
24,0.7666666666666667,1,0,,,,,,,,,,,,,,,,,,0,,,,,0,0,,,,0,0,0,0,0
25,0.8,0,0,,,,,,,,,,,,,,,,,,0,,,,,0,0,,,,0,0,0,0,0
26,0.8333333333333334,0,0,,,,,,,,,,,,,,,,,,0,,,,,0,0,,,,0,0,0,0,0
27,0.8666666666666667,1,0,,,,,,,,,,,,,,,,,,0,,,,,0,0,,,,0,0,0,0,0
28,0.9,0,0,,,,,,,,,,,,,,,,,,0,,,,,0,0,,,,0,0,0,0,0
29,0.9333333333333333,0,0,,,,,,,,,,,,,,,,,,0,,,,,0,0,,,,0,0,0,0,0
30,0.9666666666666667,1,0,,,,,,,,,,,,,,,,,,0,,,,,0,0,,,,0,0,0,0,0
31,1.0,0,0,,,,,,,,,,,,,,,,,,0,,,,,0,0,,,,0,0,0,0,0
32,1.0333333333333334,0,0,,,,,,,,,,,,,,,,,,0,,,,,0,0,,,,0,0,0,0,0
33,1.0666666666666667,1,0,,,,,,,,,,,,,,,,,,0,,,,,0,0,,,,0,0,0,0,0
34,1.1,0,0,,,,,,,,,,,,,,,,,,0,,,,,0,0,,,,0,0,0,0,0
35,1.1333333333333333,0,0,,,,,,,,,,,,,,,,,,0,,,,,0,0,,,,0,0,0,0,0
36,1.1666666666666667,1,0,,,,,,,,,,,,,,,,,,0,,,,,0,0,,,,0,0,0,0,0
37,1.2,0,0,,,,,,,,,,,,,,,,,,0,,,,,0,0,,,,0,0,0,0,0
38,1.2333333333333334,0,0,,,,,,,,,,,,,,,,,,0,,,,,0,0,,,,0,0,0,0,0
39,1.2666666666666666,1,0,,,,,,,,,,,,,,,,,,0,,,,,0,0,,,,0,0,0,0,0
40,1.3,0,0,,,,,,,,,,,,,,,,,,0,,,,,0,0,,,,0,0,0,0,0
41,1.3333333333333333,0,0,,,,,,,,,,,,,,,,,,0,,,,,0,0,,,,0,0,0,0,0
42,1.3666666666666667,1,0,,,,,,,,,,,,,,,,,,0,,,,,0,0,,,,0,0,0,0,0
43,1.4,0,0,,,,,,,,,,,,,,,,,,0,,,,,0,0,,,,0,0,0,0,0
44,1.4333333333333333,0,0,,,,,,,,,,,,,,,,,,0,,,,,0,0,,,,0,0,0,0,0
45,1.4666666666666666,1,0,,,,,,,,,,,,,,,,,,0,,,,,0,0,,,,0,0,0,0,0
46,1.5,0,0,,,,,,,,,,,,,,,,,,0,,,,,0,0,,,,0,0,0,0,0
47,1.5333333333333334,0,0,,,,,,,,,,,,,,,,,,0,,,,,0,0,,,,0,0,0,0,0
48,1.5666666666666667,1,0,,,,,,,,,,,,,,,,,,0,,,,,0,0,,,,0,0,0,0,0
49,1.6,0,0,,,,,,,,,,,,,,,,,,0,,,,,0,0,,,,0,0,0,0,0
50,1.6333333333333333,0,0,,,,,,,,,,,,,,,,,,0,,,,,0,0,,,,0,0,0,0,0
51,1.6666666666666667,1,0,,,,,,,,,,,,,,,,,,0,,,,,0,0,,,,0,0,0,0,0
52,1.7,0,0,,,,,,,,,,,,,,,,,,0,,,,,0,0,,,,0,0,0,0,0
53,1.7333333333333334,0,0,,,,,,,,,,,,,,,,,,0,,,,,0,0,,,,0,0,0,0,0
54,1.7666666666666666,1,0,,,,,,,,,,,,,,,,,,0,,,,,0,0,,,,0,0,0,0,0
55,1.8,0,0,,,,,,,,,,,,,,,,,,0,,,,,0,0,,,,0,0,0,0,0
56,1.8333333333333333,0,0,,,,,,,,,,,,,,,,,,0,,,,,0,0,,,,0,0,0,0,0
57,1.8666666666666667,1,0,,,,,,,,,,,,,,,,,,0,,,,,0,0,,,,0,0,0,0,0
58,1.9,0,0,,,,,,,,,,,,,,,,,,0,,,,,0,0,,,,0,0,0,0,0
59,1.9333333333333333,0,0,,,,,,,,,,,,,,,,,,0,,,,,0,0,,,,0,0,0,0,0
60,1.9666666666666666,1,0,,,,,,,,,,,,,,,,,,0,,,,,0,0,,,,0,0,0,0,0
61,2.0,0,0,,,,,,,,,,,,,,,,,,0,,,,,0,0,,,,0,0,0,0,0
62,2.033333333333333,0,0,,,,,,,,,,,,,,,,,,0,,,,,0,0,,,,0,0,0,0,0
63,2.066666666666667,1,0,,,,,,,,,,,,,,,,,,0,,,,,0,0,,,,0,0,0,0,0
64,2.1,0,0,,,,,,,,,,,,,,,,,,0,,,,,0,0,,,,0,0,0,0,0
65,2.1333333333333333,0,0,,,,,,,,,,,,,,,,,,0,,,,,0,0,,,,0,0,0,0,0
66,2.1666666666666665,1,1,593.0055999755859,15.52809476852417,566.5453720092773,106.90509796142578,538.9646911621094,129.67523574829102,466.0685729980469,-39.33620095252991,579.7754859924316,61.216596364974976,,,,,,,,0,70.6092952250022,1.3472866998369246,0.5065272187064238,1.7886210010011163,0,0,163.6825519342775,173.51565674347316,175.8886255284508,0,0,0,0,0
67,2.2,0,1,593.0055999755859,15.52809476852417,566.5453720092773,106.90509796142578,538.9646911621094,129.67523574829102,466.0685729980469,-39.33620095252991,579.7754859924316,61.216596364974976,,,,,,,,0,70.6092952250022,1.3472866998369246,0.5065272187064238,1.7886210010011163,0,0,163.6825519342775,173.51565674347316,175.8886255284508,0,0,0,0,0
68,2.2333333333333334,0,1,593.0055999755859,15.52809476852417,566.5453720092773,106.90509796142578,538.9646911621094,129.67523574829102,466.0685729980469,-39.33620095252991,579.7754859924316,61.216596364974976,,,,,,,,0,70.6092952250022,1.3472866998369246,0.5065272187064238,1.7886210010011163,0,0,163.6825519342775,173.51565674347316,175.8886255284508,0,0,0,0,0
69,2.2666666666666666,1,1,590.103874206543,103.6122465133667,553.5011672973633,141.66768550872803,527.9047393798828,161.75966262817383,471.78306579589844,-6.319814622402191,571.8025207519531,122.63996601104736,,,,,,,,0,82.28949490022036,0.641652674829704,0.3954356606262552,1.034713808650108,0,0,172.69464506326543,177.78494650125768,178.28194438992156,0,0,0,0,0
70,2.3,0,1,590.103874206543,103.6122465133667,553.5011672973633,141.66768550872803,527.9047393798828,161.75966262817383,471.78306579589844,-6.319814622402191,571.8025207519531,122.63996601104736,,,,,,,,0,82.28949490022036,0.641652674829704,0.3954356606262552,1.034713808650108,0,0,172.69464506326543,177.78494650125768,178.28194438992156,0,0,0,0,0
71,2.3333333333333335,0,1,590.103874206543,103.6122465133667,553.5011672973633,141.66768550872803,527.9047393798828,161.75966262817383,471.78306579589844,-6.319814622402191,571.8025207519531,122.63996601104736,,,,,,,,0,82.28949490022036,0.641652674829704,0.3954356606262552,1.034713808650108,0,0,172.69464506326543,177.78494650125768,178.28194438992156,0,0,0,0,0
72,2.3666666666666667,1,0,,,,,,,,,,,,,,,,,,0,,,,,0,0,,,,0,0,0,0,0
73,2.4,0,0,,,,,,,,,,,,,,,,,,0,,,,,0,0,,,,0,0,0,0,0
74,2.433333333333333,0,0,,,,,,,,,,,,,,,,,,0,,,,,0,0,,,,0,0,0,0,0
75,2.466666666666667,1,1,612.0585632324219,216.78287029266357,566.741943359375,295.7277488708496,539.3766784667969,310.1945972442627,515.9882354736328,117.25593566894531,589.4002532958984,256.2553095817566,,,,,,,,0,87.66226783546368,1.0383813448180548,0.353104674205668,1.3501489267395395,0,0,169.37684325030412,175.1370327171655,178.00884871017644,0,0,0,0,0
76,2.5,0,1,612.0585632324219,216.78287029266357,566.741943359375,295.7277488708496,539.3766784667969,310.1945972442627,515.9882354736328,117.25593566894531,589.4002532958984,256.2553095817566,,,,,,,,0,87.66226783546368,1.0383813448180548,0.353104674205668,1.3501489267395395,0,0,169.37684325030412,175.1370327171655,178.00884871017644,0,0,0,0,0
77,2.533333333333333,0,1,612.0585632324219,216.78287029266357,566.741943359375,295.7277488708496,539.3766784667969,310.1945972442627,515.9882354736328,117.25593566894531,589.4002532958984,256.2553095817566,,,,,,,,0,87.66226783546368,1.0383813448180548,0.353104674205668,1.3501489267395395,0,0,169.37684325030412,175.1370327171655,178.00884871017644,0,0,0,0,0
78,2.566666666666667,1,1,617.4893569946289,238.08517456054688,567.9170227050781,315.39347648620605,542.8328323364258,329.157657623291,517.7948760986328,130.5210542678833,592.7031898498535,276.73932552337646,,,,,,,,0,91.68219147323674,1.0016858801336685,0.3120823903476009,1.2844544355406768,0,0,171.46620057182346,176.19398817428802,176.42209532401748,0,0,0,0,0
79,2.6,0,1,617.4893569946289,238.08517456054688,567.9170227050781,315.39347648620605,542.8328323364258,329.157657623291,517.7948760986328,130.5210542678833,592.7031898498535,276.73932552337646,,,,,,,,0,91.68219147323674,1.0016858801336685,0.3120823903476009,1.2844544355406768,0,0,171.46620057182346,176.19398817428802,176.42209532401748,0,0,0,0,0
80,2.6333333333333333,0,1,617.4893569946289,238.08517456054688,567.9170227050781,315.39347648620605,542.8328323364258,329.157657623291,517.7948760986328,130.5210542678833,592.7031898498535,276.73932552337646,,,,,,,,0,91.68219147323674,1.0016858801336685,0.3120823903476009,1.2844544355406768,0,0,171.46620057182346,176.19398817428802,176.42209532401748,0,0,0,0,0
81,2.6666666666666665,1,1,617.032585144043,245.5865478515625,563.9595031738281,324.97461318969727,542.5616455078125,336.32649421691895,519.3375778198242,139.10179138183594,590.4960441589355,285.2805805206299,,,,,,,,0,92.29248299973024,1.0346952221193317,0.26245455721227207,1.2718998042992764,0,0,170.59840566866646,175.68048712883424,179.5515021654011,0,0,0,0,0
82,2.7,0,1,617.032585144043,245.5865478515625,563.9595031738281,324.97461318969727,542.5616455078125,336.32649421691895,519.3375778198242,139.10179138183594,590.4960441589355,285.2805805206299,,,,,,,,0,92.29248299973024,1.0346952221193317,0.26245455721227207,1.2718998042992764,0,0,170.59840566866646,175.68048712883424,179.5515021654011,0,0,0,0,0
83,2.7333333333333334,0,1,617.032585144043,245.5865478515625,563.9595031738281,324.97461318969727,542.5616455078125,336.32649421691895,519.3375778198242,139.10179138183594,590.4960441589355,285.2805805206299,,,,,,,,0,92.29248299973024,1.0346952221193317,0.26245455721227207,1.2718998042992764,0,0,170.59840566866646,175.68048712883424,179.5515021654011,0,0,0,0,0
84,2.7666666666666666,1,1,611.849365234375,245.278902053833,561.3956069946289,321.92994117736816,541.4831161499023,336.68798446655273,516.461067199707,137.51758575439453,586.622486114502,283.6044216156006,,,,,,,,0,92.9163451428403,0.9876174947069586,0.26674768600476884,1.2415049028729714,0,0,166.78743510525027,174.74427914577575,178.58916302801723,0,0,0,0,0
85,2.8,0,1,611.849365234375,245.278902053833,561.3956069946289,321.92994117736816,541.4831161499023,336.68798446655273,516.461067199707,137.51758575439453,586.622486114502,283.6044216156006,,,,,,,,0,92.9163451428403,0.9876174947069586,0.26674768600476884,1.2415049028729714,0,0,166.78743510525027,174.74427914577575,178.58916302801723,0,0,0,0,0
86,2.8333333333333335,0,1,611.849365234375,245.278902053833,561.3956069946289,321.92994117736816,541.4831161499023,336.68798446655273,516.461067199707,137.51758575439453,586.622486114502,283.6044216156006,,,,,,,,0,92.9163451428403,0.9876174947069586,0.26674768600476884,1.2415049028729714,0,0,166.78743510525027,174.74427914577575,178.58916302801723,0,0,0,0,0
87,2.8666666666666667,1,1,611.8722152709961,244.3223762512207,561.6800689697266,321.52350425720215,541.5169906616211,335.980281829834,516.1567306518555,136.1392307281494,586.7761421203613,282.9229402542114,,,,,,,,0,92.2753508804434,0.9979146932740468,0.2688718330492306,1.2521941455213081,0,0,171.11577329523595,175.65431317541405,179.4266508970734,0,0,0,0,0
88,2.9,0,1,611.8722152709961,244.3223762512207,561.6800689697266,321.52350425720215,541.5169906616211,335.980281829834,516.1567306518555,136.1392307281494,586.7761421203613,282.9229402542114,,,,,,,,0,92.2753508804434,0.9979146932740468,0.2688718330492306,1.2521941455213081,0,0,171.11577329523595,175.65431317541405,179.4266508970734,0,0,0,0,0
89,2.933333333333333,0,1,611.8722152709961,244.3223762512207,561.6800689697266,321.52350425720215,541.5169906616211,335.980281829834,516.1567306518555,136.1392307281494,586.7761421203613,282.9229402542114,,,,,,,,0,92.2753508804434,0.9979146932740468,0.2688718330492306,1.2521941455213081,0,0,171.11577329523595,175.65431317541405,179.4266508970734,0,0,0,0,0
90,2.966666666666667,1,1,611.8317031860352,244.29925918579102,561.5847778320312,321.4346981048584,540.9814834594727,336.6277885437012,515.9965896606445,135.93572616577148,586.7082405090332,282.8669786453247,,,,,,,,0,92.74271541624269,0.9926143544825395,0.27602524531735423,1.2548697512097433,0,0,173.35916804676657,175.51720677541107,179.8702784877706,0,0,0,0,0
91,3.0,0,1,611.8317031860352,244.29925918579102,561.5847778320312,321.4346981048584,540.9814834594727,336.6277885437012,515.9965896606445,135.93572616577148,586.7082405090332,282.8669786453247,,,,,,,,0,92.74271541624269,0.9926143544825395,0.27602524531735423,1.2548697512097433,0,0,173.35916804676657,175.51720677541107,179.8702784877706,0,0,0,0,0
92,3.033333333333333,0,1,611.8317031860352,244.29925918579102,561.5847778320312,321.4346981048584,540.9814834594727,336.6277885437012,515.9965896606445,135.93572616577148,586.7082405090332,282.8669786453247,,,,,,,,0,92.74271541624269,0.9926143544825395,0.27602524531735423,1.2548697512097433,0,0,173.35916804676657,175.51720677541107,179.8702784877706,0,0,0,0,0
93,3.066666666666667,1,1,611.8607330322266,244.56745147705078,561.6303634643555,322.67958641052246,540.4867553710938,337.66244888305664,514.9231338500977,137.1338939666748,586.745548248291,283.6235189437866,,,,,,,,0,92.56433104349033,1.0032882006451969,0.27995726149394456,1.2673019967009294,0,0,174.55871095527462,174.75394411438612,179.1161831919279,0,0,0,0,0
94,3.1,0,1,611.8607330322266,244.56745147705078,561.6303634643555,322.67958641052246,540.4867553710938,337.66244888305664,514.9231338500977,137.1338939666748,586.745548248291,283.6235189437866,,,,,,,,0,92.56433104349033,1.0032882006451969,0.27995726149394456,1.2673019967009294,0,0,174.55871095527462,174.75394411438612,179.1161831919279,0,0,0,0,0
95,3.1333333333333333,0,1,611.8607330322266,244.56745147705078,561.6303634643555,322.67958641052246,540.4867553710938,337.66244888305664,514.9231338500977,137.1338939666748,586.745548248291,283.6235189437866,,,,,,,,0,92.56433104349033,1.0032882006451969,0.27995726149394456,1.2673019967009294,0,0,174.55871095527462,174.75394411438612,179.1161831919279,0,0,0,0,0
96,3.1666666666666665,1,1,614.6107482910156,244.02042388916016,562.1751403808594,322.15670585632324,541.3350677490234,337.64891624450684,513.1074905395508,136.96327686309814,588.3929443359375,283.0885648727417,,,,,,,,0,93.55946627239821,1.005775250475024,0.2775520161029232,1.2707780196280314,0,0,173.65856842142767,174.12433553577424,178.7875926048423,0,0,0,0,0
97,3.2,0,1,614.6107482910156,244.02042388916016,562.1751403808594,322.15670585632324,541.3350677490234,337.64891624450684,513.1074905395508,136.96327686309814,588.3929443359375,283.0885648727417,,,,,,,,0,93.55946627239821,1.005775250475024,0.2775520161029232,1.2707780196280314,0,0,173.65856842142767,174.12433553577424,178.7875926048423,0,0,0,0,0
98,3.2333333333333334,0,1,614.6107482910156,244.02042388916016,562.1751403808594,322.15670585632324,541.3350677490234,337.64891624450684,513.1074905395508,136.96327686309814,588.3929443359375,283.0885648727417,,,,,,,,0,93.55946627239821,1.005775250475024,0.2775520161029232,1.2707780196280314,0,0,173.65856842142767,174.12433553577424,178.7875926048423,0,0,0,0,0
99,3.2666666666666666,1,1,614.5365142822266,243.67206573486328,562.7960968017578,322.07242012023926,541.4410781860352,337.589693069458,513.6388397216797,138.28282356262207,588.6663055419922,282.87224292755127,,,,,,,,0,93.69008339833131,1.0026085549239672,0.28175230782182253,1.2702555711652788,0,0,172.9614574930764,174.2195472880597,178.8515822334285,0,0,0,0,0
100,3.3,0,1,614.5365142822266,243.67206573486328,562.7960968017578,322.07242012023926,541.4410781860352,337.589693069458,513.6388397216797,138.28282356262207,588.6663055419922,282.87224292755127,,,,,,,,0,93.69008339833131,1.0026085549239672,0.28175230782182253,1.2702555711652788,0,0,172.9614574930764,174.2195472880597,178.8515822334285,0,0,0,0,0
101,3.3333333333333335,0,1,614.5365142822266,243.67206573486328,562.7960968017578,322.07242012023926,541.4410781860352,337.589693069458,513.6388397216797,138.28282356262207,588.6663055419922,282.87224292755127,,,,,,,,0,93.69008339833131,1.0026085549239672,0.28175230782182253,1.2702555711652788,0,0,172.9614574930764,174.2195472880597,178.8515822334285,0,0,0,0,0
102,3.3666666666666667,1,1,612.9179000854492,243.9759349822998,562.6908493041992,321.8729782104492,541.6751861572266,337.42770195007324,513.1906890869141,139.95248794555664,587.8043746948242,282.9244565963745,,,,,,,,0,91.30609174644202,1.0151136644414869,0.28635427073780795,1.2869970175234065,0,0,175.0922000187055,173.95593535359424,178.8381990699699,0,0,0,0,0
103,3.4,0,1,612.9179000854492,243.9759349822998,562.6908493041992,321.8729782104492,541.6751861572266,337.42770195007324,513.1906890869141,139.95248794555664,587.8043746948242,282.9244565963745,,,,,,,,0,91.30609174644202,1.0151136644414869,0.28635427073780795,1.2869970175234065,0,0,175.0922000187055,173.95593535359424,178.8381990699699,0,0,0,0,0
104,3.433333333333333,0,1,612.9179000854492,243.9759349822998,562.6908493041992,321.8729782104492,541.6751861572266,337.42770195007324,513.1906890869141,139.95248794555664,587.8043746948242,282.9244565963745,,,,,,,,0,91.30609174644202,1.0151136644414869,0.28635427073780795,1.2869970175234065,0,0,175.0922000187055,173.95593535359424,178.8381990699699,0,0,0,0,0
105,3.466666666666667,1,1,613.4561538696289,244.22727584838867,562.5171661376953,322.0883274078369,541.5980911254883,337.56829261779785,512.2122955322266,138.76639366149902,587.9866600036621,283.1578016281128,,,,,,,,0,91.2002400325988,1.0202129530906558,0.28534769214974715,1.2916300645174437,0,0,173.70197200159123,174.38235225549596,178.57893591121774,0,0,0,0,0
106,3.5,0,1,613.4561538696289,244.22727584838867,562.5171661376953,322.0883274078369,541.5980911254883,337.56829261779785,512.2122955322266,138.76639366149902,587.9866600036621,283.1578016281128,,,,,,,,0,91.2002400325988,1.0202129530906558,0.28534769214974715,1.2916300645174437,0,0,173.70197200159123,174.38235225549596,178.57893591121774,0,0,0,0,0
107,3.533333333333333,0,1,613.4561538696289,244.22727584838867,562.5171661376953,322.0883274078369,541.5980911254883,337.56829261779785,512.2122955322266,138.76639366149902,587.9866600036621,283.1578016281128,,,,,,,,0,91.2002400325988,1.0202129530906558,0.28534769214974715,1.2916300645174437,0,0,173.70197200159123,174.38235225549596,178.57893591121774,0,0,0,0,0
108,3.566666666666667,1,1,614.5487594604492,243.41517448425293,562.3000335693359,321.56307220458984,541.3122177124023,336.5067958831787,512.8000640869141,138.6152458190918,588.4243965148926,282.4891233444214,,,,,,,,0,93.34490478019632,1.0070763157109581,0.2760127117016893,1.26891538312934,0,0,172.17300757746355,174.46848427201402,178.55314329721296,0,0,0,0,0
109,3.6,0,1,614.5487594604492,243.41517448425293,562.3000335693359,321.56307220458984,541.3122177124023,336.5067958831787,512.8000640869141,138.6152458190918,588.4243965148926,282.4891233444214,,,,,,,,0,93.34490478019632,1.0070763157109581,0.2760127117016893,1.26891538312934,0,0,172.17300757746355,174.46848427201402,178.55314329721296,0,0,0,0,0
110,3.6333333333333333,0,1,614.5487594604492,243.41517448425293,562.3000335693359,321.56307220458984,541.3122177124023,336.5067958831787,512.8000640869141,138.6152458190918,588.4243965148926,282.4891233444214,,,,,,,,0,93.34490478019632,1.0070763157109581,0.2760127117016893,1.26891538312934,0,0,172.17300757746355,174.46848427201402,178.55314329721296,0,0,0,0,0
111,3.6666666666666665,1,1,614.2572402954102,244.54153060913086,561.9935989379883,322.0469856262207,540.8123397827148,337.8156280517578,512.4377059936523,138.35001468658447,588.1254196166992,283.2942581176758,,,,,,,,0,91.70148899836205,1.0193988498139197,0.28795998639851844,1.2946250073645744,0,0,172.18701320502643,175.0439758014357,178.43977837474435,0,0,0,0,0
112,3.7,0,1,614.2572402954102,244.54153060913086,561.9935989379883,322.0469856262207,540.8123397827148,337.8156280517578,512.4377059936523,138.35001468658447,588.1254196166992,283.2942581176758,,,,,,,,0,91.70148899836205,1.0193988498139197,0.28795998639851844,1.2946250073645744,0,0,172.18701320502643,175.0439758014357,178.43977837474435,0,0,0,0,0
113,3.7333333333333334,0,1,614.2572402954102,244.54153060913086,561.9935989379883,322.0469856262207,540.8123397827148,337.8156280517578,512.4377059936523,138.35001468658447,588.1254196166992,283.2942581176758,,,,,,,,0,91.70148899836205,1.0193988498139197,0.28795998639851844,1.2946250073645744,0,0,172.18701320502643,175.0439758014357,178.43977837474435,0,0,0,0,0
114,3.7666666666666666,1,1,614.5060729980469,244.63090896606445,561.9097137451172,322.2722053527832,540.5614471435547,337.0725631713867,512.8263092041016,138.35546493530273,588.207893371582,283.4515571594238,,,,,,,,0,94.30038513207785,0.9944736793189519,0.2754696606204864,1.2553251617779235,0,0,168.97630523081614,174.68872310871694,177.7800920892439,0,0,0,0,0
115,3.8,0,1,614.5060729980469,244.63090896606445,561.9097137451172,322.2722053527832,540.5614471435547,337.0725631713867,512.8263092041016,138.35546493530273,588.207893371582,283.4515571594238,,,,,,,,0,94.30038513207785,0.9944736793189519,0.2754696606204864,1.2553251617779235,0,0,168.97630523081614,174.68872310871694,177.7800920892439,0,0,0,0,0
116,3.8333333333333335,0,1,614.5060729980469,244.63090896606445,561.9097137451172,322.2722053527832,540.5614471435547,337.0725631713867,512.8263092041016,138.35546493530273,588.207893371582,283.4515571594238,,,,,,,,0,94.30038513207785,0.9944736793189519,0.2754696606204864,1.2553251617779235,0,0,168.97630523081614,174.68872310871694,177.7800920892439,0,0,0,0,0
117,3.8666666666666667,1,1,613.1663513183594,243.61258506774902,561.0722351074219,321.7587661743164,539.8015213012695,337.17684745788574,512.1152496337891,138.82166862487793,587.1192932128906,282.6856756210327,,,,,,,,0,92.4161035806501,1.0162532922045053,0.28426762081827445,1.2865477159203842,0,0,176.28811837592113,174.97192006195434,178.76393585545125,0,0,0,0,0
118,3.9,0,1,613.1663513183594,243.61258506774902,561.0722351074219,321.7587661743164,539.8015213012695,337.17684745788574,512.1152496337891,138.82166862487793,587.1192932128906,282.6856756210327,,,,,,,,0,92.4161035806501,1.0162532922045053,0.28426762081827445,1.2865477159203842,0,0,176.28811837592113,174.97192006195434,178.76393585545125,0,0,0,0,0
119,3.933333333333333,0,1,613.1663513183594,243.61258506774902,561.0722351074219,321.7587661743164,539.8015213012695,337.17684745788574,512.1152496337891,138.82166862487793,587.1192932128906,282.6856756210327,,,,,,,,0,92.4161035806501,1.0162532922045053,0.28426762081827445,1.2865477159203842,0,0,176.28811837592113,174.97192006195434,178.76393585545125,0,0,0,0,0
120,3.966666666666667,1,1,624.4343566894531,234.5082664489746,566.2655258178711,323.08362007141113,539.3292236328125,337.56128311157227,509.4689178466797,137.5955057144165,595.3499412536621,278.79594326019287,,,,,,,,0,94.62495261836878,1.119873202364956,0.3231758764763433,1.4124373358805173,0,0,179.18482624630738,176.2561303301376,178.4747890812307,0,0,0,0,0
121,4.0,0,1,624.4343566894531,234.5082664489746,566.2655258178711,323.08362007141113,539.3292236328125,337.56128311157227,509.4689178466797,137.5955057144165,595.3499412536621,278.79594326019287,,,,,,,,0,94.62495261836878,1.119873202364956,0.3231758764763433,1.4124373358805173,0,0,179.18482624630738,176.2561303301376,178.4747890812307,0,0,0,0,0
122,4.033333333333333,0,1,624.4343566894531,234.5082664489746,566.2655258178711,323.08362007141113,539.3292236328125,337.56128311157227,509.4689178466797,137.5955057144165,595.3499412536621,278.79594326019287,,,,,,,,0,94.62495261836878,1.119873202364956,0.3231758764763433,1.4124373358805173,0,0,179.18482624630738,176.2561303301376,178.4747890812307,0,0,0,0,0
123,4.066666666666666,1,1,624.4696807861328,223.86295795440674,572.4094772338867,318.9653778076172,544.3715667724609,334.74191665649414,500.98567962646484,135.2087116241455,598.4395790100098,271.41416788101196,,,,,,,,0,95.85716735489144,1.1310500708406914,0.3356220882816506,1.4269559851564055,0,0,179.78329518346837,178.22292831251858,179.23715487659203,0,0,0,0,0
124,4.1,0,1,624.4696807861328,223.86295795440674,572.4094772338867,318.9653778076172,544.3715667724609,334.74191665649414,500.98567962646484,135.2087116241455,598.4395790100098,271.41416788101196,,,,,,,,0,95.85716735489144,1.1310500708406914,0.3356220882816506,1.4269559851564055,0,0,179.78329518346837,178.22292831251858,179.23715487659203,0,0,0,0,0
125,4.133333333333334,0,1,624.4696807861328,223.86295795440674,572.4094772338867,318.9653778076172,544.3715667724609,334.74191665649414,500.98567962646484,135.2087116241455,598.4395790100098,271.41416788101196,,,,,,,,0,95.85716735489144,1.1310500708406914,0.3356220882816506,1.4269559851564055,0,0,179.78329518346837,178.22292831251858,179.23715487659203,0,0,0,0,0
126,4.166666666666667,1,1,617.5969696044922,209.67883586883545,579.8945617675781,303.7185859680176,550.9195709228516,321.96032524108887,494.1150665283203,129.6535348892212,598.7457656860352,256.6987109184265,,,,,,,,0,95.33020393735531,1.0627908719775896,0.35916244967172833,1.36984043084132,0,0,175.6684880944224,179.0818678856062,179.49178079349525,0,0,0,0,0
127,4.2,0,1,617.5969696044922,209.67883586883545,579.8945617675781,303.7185859680176,550.9195709228516,321.96032524108887,494.1150665283203,129.6535348892212,598.7457656860352,256.6987109184265,,,,,,,,0,95.33020393735531,1.0627908719775896,0.35916244967172833,1.36984043084132,0,0,175.6684880944224,179.0818678856062,179.49178079349525,0,0,0,0,0
128,4.233333333333333,0,1,617.5969696044922,209.67883586883545,579.8945617675781,303.7185859680176,550.9195709228516,321.96032524108887,494.1150665283203,129.6535348892212,598.7457656860352,256.6987109184265,,,,,,,,0,95.33020393735531,1.0627908719775896,0.35916244967172833,1.36984043084132,0,0,175.6684880944224,179.0818678856062,179.49178079349525,0,0,0,0,0
129,4.266666666666667,1,1,623.7646484375,196.37749671936035,591.9809722900391,282.37034797668457,568.5048294067383,301.61401748657227,498.51783752441406,120.70873260498047,607.8728103637695,239.37392234802246,,,,,,,,0,87.22918311365183,1.0510087796937324,0.34799550497586756,1.3626498387087655,0,0,176.06025230745902,177.44595038944814,175.8686678788089,0,0,0,0,0
130,4.3,0,1,623.7646484375,196.37749671936035,591.9809722900391,282.37034797668457,568.5048294067383,301.61401748657227,498.51783752441406,120.70873260498047,607.8728103637695,239.37392234802246,,,,,,,,0,87.22918311365183,1.0510087796937324,0.34799550497586756,1.3626498387087655,0,0,176.06025230745902,177.44595038944814,175.8686678788089,0,0,0,0,0
131,4.333333333333333,0,1,623.7646484375,196.37749671936035,591.9809722900391,282.37034797668457,568.5048294067383,301.61401748657227,498.51783752441406,120.70873260498047,607.8728103637695,239.37392234802246,,,,,,,,0,87.22918311365183,1.0510087796937324,0.34799550497586756,1.3626498387087655,0,0,176.06025230745902,177.44595038944814,175.8686678788089,0,0,0,0,0
132,4.366666666666666,1,1,624.7244262695312,190.98644256591797,598.9882278442383,260.8362007141113,577.536735534668,276.64137840270996,512.3150634765625,106.83141946792603,611.8563270568848,225.91132164001465,,,,,,,,0,81.58588680441811,0.9124149337878718,0.3265916001599577,1.1986493957870756,0,0,170.12300943676493,179.8702784877706,171.79493460057117,0,0,0,0,0
133,4.4,0,1,624.7244262695312,190.98644256591797,598.9882278442383,260.8362007141113,577.536735534668,276.64137840270996,512.3150634765625,106.83141946792603,611.8563270568848,225.91132164001465,,,,,,,,0,81.58588680441811,0.9124149337878718,0.3265916001599577,1.1986493957870756,0,0,170.12300943676493,179.8702784877706,171.79493460057117,0,0,0,0,0
134,4.433333333333334,0,1,624.7244262695312,190.98644256591797,598.9882278442383,260.8362007141113,577.536735534668,276.64137840270996,512.3150634765625,106.83141946792603,611.8563270568848,225.91132164001465,,,,,,,,0,81.58588680441811,0.9124149337878718,0.3265916001599577,1.1986493957870756,0,0,170.12300943676493,179.8702784877706,171.79493460057117,0,0,0,0,0
135,4.466666666666667,1,1,623.5404205322266,167.58859634399414,607.7324295043945,214.21048164367676,595.7785797119141,218.21524143218994,521.0311889648438,78.83123874664307,615.6364250183105,190.89953899383545,,,,,,,,0,76.44048011775794,0.644017187551189,0.16492372039797393,0.755344144310058,0,0,160.94133078838095,177.97164934288188,166.4768296700236,0,0,0,0,0
136,4.5,0,1,623.5404205322266,167.58859634399414,607.7324295043945,214.21048164367676,595.7785797119141,218.21524143218994,521.0311889648438,78.83123874664307,615.6364250183105,190.89953899383545,,,,,,,,0,76.44048011775794,0.644017187551189,0.16492372039797393,0.755344144310058,0,0,160.94133078838095,177.97164934288188,166.4768296700236,0,0,0,0,0
137,4.533333333333333,0,1,623.5404205322266,167.58859634399414,607.7324295043945,214.21048164367676,595.7785797119141,218.21524143218994,521.0311889648438,78.83123874664307,615.6364250183105,190.89953899383545,,,,,,,,0,76.44048011775794,0.644017187551189,0.16492372039797393,0.755344144310058,0,0,160.94133078838095,177.97164934288188,166.4768296700236,0,0,0,0,0
138,4.566666666666666,1,1,612.7275848388672,124.74469184875488,606.59423828125,159.5196533203125,589.5476913452148,160.56914806365967,513.5382461547852,42.477335929870605,609.6609115600586,142.1321725845337,80.48072672132962,25.903928756713867,27.837738037109375,38.02569110556222,0.3218649956580053,0.34589322401995165,0.4724819550552637,9,80.48072672132962,0.43875965828794056,0.21221010158327952,0.5301847143268522,1,1,160.29068480390893,162.88741612886767,142.63991305786476,0,0,0,0,0
139,4.6,0,1,612.7275848388672,124.74469184875488,606.59423828125,159.5196533203125,589.5476913452148,160.56914806365967,513.5382461547852,42.477335929870605,609.6609115600586,142.1321725845337,80.48072672132962,25.903928756713867,27.837738037109375,38.02569110556222,0.3218649956580053,0.34589322401995165,0.4724819550552637,9,80.48072672132962,0.43875965828794056,0.21221010158327952,0.5301847143268522,1,2,160.29068480390893,162.88741612886767,142.63991305786476,0,0,0,0,0
140,4.633333333333334,0,1,612.7275848388672,124.74469184875488,606.59423828125,159.5196533203125,589.5476913452148,160.56914806365967,513.5382461547852,42.477335929870605,609.6609115600586,142.1321725845337,80.48072672132962,25.903928756713867,27.837738037109375,38.02569110556222,0.3218649956580053,0.34589322401995165,0.4724819550552637,9,80.48072672132962,0.43875965828794056,0.21221010158327952,0.5301847143268522,1,3,160.29068480390893,162.88741612886767,142.63991305786476,0,0,0,0,0
141,4.666666666666667,1,1,589.3091583251953,90.34841537475586,585.1946640014648,110.60169696807861,569.1579818725586,110.06957530975342,492.7695846557617,9.389022588729858,587.2519111633301,100.47505617141724,80.48072672132962,25.903928756713867,27.837738037109375,38.02569110556222,0.3218649956580053,0.34589322401995165,0.4724819550552637,9,76.58346278826069,0.2698623087080104,0.2095166165327464,0.3681687668126957,1,4,164.32378978070258,142.92810824770106,125.30157679694408,-1,-1,0,0,0
142,4.7,0,1,589.3091583251953,90.34841537475586,585.1946640014648,110.60169696807861,569.1579818725586,110.06957530975342,492.7695846557617,9.389022588729858,587.2519111633301,100.47505617141724,80.48072672132962,25.903928756713867,27.837738037109375,38.02569110556222,0.3218649956580053,0.34589322401995165,0.4724819550552637,9,76.58346278826069,0.2698623087080104,0.2095166165327464,0.3681687668126957,1,5,164.32378978070258,142.92810824770106,125.30157679694408,0,0,0,0,0
143,4.733333333333333,0,1,589.3091583251953,90.34841537475586,585.1946640014648,110.60169696807861,569.1579818725586,110.06957530975342,492.7695846557617,9.389022588729858,587.2519111633301,100.47505617141724,80.48072672132962,25.903928756713867,27.837738037109375,38.02569110556222,0.3218649956580053,0.34589322401995165,0.4724819550552637,9,76.58346278826069,0.2698623087080104,0.2095166165327464,0.3681687668126957,1,6,164.32378978070258,142.92810824770106,125.30157679694408,0,0,0,0,0
144,4.766666666666667,1,1,548.1448745727539,68.81818056106567,545.9488296508789,80.28521060943604,532.2336959838867,85.19869565963745,454.78919982910156,-4.965375065803528,547.0468521118164,74.55169558525085,80.48072672132962,25.903928756713867,27.837738037109375,38.02569110556222,0.3218649956580053,0.34589322401995165,0.4724819550552637,9,84.65241525757291,0.13792185632828385,0.17210031237925774,0.2697629729610777,1,7,160.8971613185156,125.16811619215808,127.01639385420017,-1,-1,0,0,0
145,4.8,0,1,548.1448745727539,68.81818056106567,545.9488296508789,80.28521060943604,532.2336959838867,85.19869565963745,454.78919982910156,-4.965375065803528,547.0468521118164,74.55169558525085,80.48072672132962,25.903928756713867,27.837738037109375,38.02569110556222,0.3218649956580053,0.34589322401995165,0.4724819550552637,9,84.65241525757291,0.13792185632828385,0.17210031237925774,0.2697629729610777,1,8,160.8971613185156,125.16811619215808,127.01639385420017,0,0,0,0,0
146,4.833333333333333,0,1,548.1448745727539,68.81818056106567,545.9488296508789,80.28521060943604,532.2336959838867,85.19869565963745,454.78919982910156,-4.965375065803528,547.0468521118164,74.55169558525085,80.48072672132962,25.903928756713867,27.837738037109375,38.02569110556222,0.3218649956580053,0.34589322401995165,0.4724819550552637,9,84.65241525757291,0.13792185632828385,0.17210031237925774,0.2697629729610777,1,9,160.8971613185156,125.16811619215808,127.01639385420017,0,0,0,0,0
147,4.866666666666666,1,0,,,,,,,,,,,,,,,,,,0,,,,,0,9,,,,0,0,0,0,0
148,4.9,0,0,,,,,,,,,,,,,,,,,,0,,,,,0,9,,,,0,0,0,0,0
149,4.933333333333334,0,0,,,,,,,,,,,,,,,,,,0,,,,,0,9,,,,0,0,0,0,0
150,4.966666666666667,1,0,,,,,,,,,,,,,,,,,,0,,,,,0,9,,,,0,0,0,0,0
151,5.0,0,0,,,,,,,,,,,,,,,,,,0,,,,,0,9,,,,0,0,0,0,0
152,5.033333333333333,0,0,,,,,,,,,,,,,,,,,,0,,,,,0,9,,,,0,0,0,0,0
153,5.066666666666666,1,1,367.61035919189453,129.7884464263916,357.10235595703125,149.32974815368652,350.6659698486328,144.61748600006104,305.20721435546875,-22.34274387359619,362.3563575744629,139.55909729003906,108.23593492143857,24.082746505737305,46.52136993408203,52.38527025608739,0.22250231887604985,0.42981446012222163,0.4839914793003863,87,112.18566492082138,0.19777390860162702,0.0711053143976782,0.20071141462507439,1,10,178.70426681077743,123.0080722289068,117.40250921219582,0,0,0,0,0
154,5.1,0,1,367.61035919189453,129.7884464263916,357.10235595703125,149.32974815368652,350.6659698486328,144.61748600006104,305.20721435546875,-22.34274387359619,362.3563575744629,139.55909729003906,108.23593492143857,24.082746505737305,46.52136993408203,52.38527025608739,0.22250231887604985,0.42981446012222163,0.4839914793003863,87,112.18566492082138,0.19777390860162702,0.0711053143976782,0.20071141462507439,1,11,178.70426681077743,123.0080722289068,117.40250921219582,0,0,0,0,0
155,5.133333333333334,0,1,367.61035919189453,129.7884464263916,357.10235595703125,149.32974815368652,350.6659698486328,144.61748600006104,305.20721435546875,-22.34274387359619,362.3563575744629,139.55909729003906,108.23593492143857,24.082746505737305,46.52136993408203,52.38527025608739,0.22250231887604985,0.42981446012222163,0.4839914793003863,87,112.18566492082138,0.19777390860162702,0.0711053143976782,0.20071141462507439,1,12,178.70426681077743,123.0080722289068,117.40250921219582,0,0,0,0,0
156,5.166666666666667,1,1,336.49559020996094,163.47604751586914,326.7750549316406,192.65069961547852,321.16424560546875,177.3982572555542,276.0303497314453,1.4650452509522438,331.6353225708008,178.06337356567383,108.23593492143857,24.082746505737305,46.52136993408203,52.38527025608739,0.22250231887604985,0.42981446012222163,0.4839914793003863,87,117.00164775019502,0.26282885067810563,0.138901574717174,0.1770006790473862,1,13,177.37915261268213,139.63719031925518,128.0175299834189,-1,1,0,0,0
157,5.2,0,1,336.49559020996094,163.47604751586914,326.7750549316406,192.65069961547852,321.16424560546875,177.3982572555542,276.0303497314453,1.4650452509522438,331.6353225708008,178.06337356567383,108.23593492143857,24.082746505737305,46.52136993408203,52.38527025608739,0.22250231887604985,0.42981446012222163,0.4839914793003863,87,117.00164775019502,0.26282885067810563,0.138901574717174,0.1770006790473862,1,14,177.37915261268213,139.63719031925518,128.0175299834189,0,0,0,0,0
158,5.233333333333333,0,1,336.49559020996094,163.47604751586914,326.7750549316406,192.65069961547852,321.16424560546875,177.3982572555542,276.0303497314453,1.4650452509522438,331.6353225708008,178.06337356567383,108.23593492143857,24.082746505737305,46.52136993408203,52.38527025608739,0.22250231887604985,0.42981446012222163,0.4839914793003863,87,117.00164775019502,0.26282885067810563,0.138901574717174,0.1770006790473862,1,15,177.37915261268213,139.63719031925518,128.0175299834189,0,0,0,0,0
159,5.266666666666667,1,1,334.3006896972656,187.90881156921387,314.40608978271484,233.00660133361816,302.48809814453125,215.72091579437256,254.37026977539062,28.515701293945312,324.35338973999023,210.45770645141602,108.23593492143857,24.082746505737305,46.52136993408203,52.38527025608739,0.22250231887604985,0.42981446012222163,0.4839914793003863,87,119.01244896107882,0.41416701811693396,0.17641880588750836,0.35505376108838377,1,16,174.77212801022026,145.57873189708593,129.50036427276285,-1,1,0,0,0
160,5.3,0,1,334.3006896972656,187.90881156921387,314.40608978271484,233.00660133361816,302.48809814453125,215.72091579437256,254.37026977539062,28.515701293945312,324.35338973999023,210.45770645141602,108.23593492143857,24.082746505737305,46.52136993408203,52.38527025608739,0.22250231887604985,0.42981446012222163,0.4839914793003863,87,119.01244896107882,0.41416701811693396,0.17641880588750836,0.35505376108838377,1,17,174.77212801022026,145.57873189708593,129.50036427276285,0,0,0,0,0
161,5.333333333333333,0,1,334.3006896972656,187.90881156921387,314.40608978271484,233.00660133361816,302.48809814453125,215.72091579437256,254.37026977539062,28.515701293945312,324.35338973999023,210.45770645141602,108.23593492143857,24.082746505737305,46.52136993408203,52.38527025608739,0.22250231887604985,0.42981446012222163,0.4839914793003863,87,119.01244896107882,0.41416701811693396,0.17641880588750836,0.35505376108838377,1,18,174.77212801022026,145.57873189708593,129.50036427276285,0,0,0,0,0
162,5.366666666666666,1,1,341.1093521118164,202.05984592437744,319.1576385498047,254.13293838500977,296.0246276855469,237.59555339813232,248.1555938720703,59.227330684661865,330.13349533081055,228.0963921546936,108.23593492143857,24.082746505737305,46.52136993408203,52.38527025608739,0.22250231887604985,0.42981446012222163,0.4839914793003863,87,113.18600215920114,0.49927485993689913,0.25123484075168023,0.5071805524572991,1,19,166.51359442063475,152.20609955578902,127.93746992534045,1,1,1,0,1
163,5.4,0,1,341.1093521118164,202.05984592437744,319.1576385498047,254.13293838500977,296.0246276855469,237.59555339813232,248.1555938720703,59.227330684661865,330.13349533081055,228.0963921546936,108.23593492143857,24.082746505737305,46.52136993408203,52.38527025608739,0.22250231887604985,0.42981446012222163,0.4839914793003863,87,113.18600215920114,0.49927485993689913,0.25123484075168023,0.5071805524572991,1,20,166.51359442063475,152.20609955578902,127.93746992534045,0,0,1,0,1
164,5.433333333333334,0,1,341.1093521118164,202.05984592437744,319.1576385498047,254.13293838500977,296.0246276855469,237.59555339813232,248.1555938720703,59.227330684661865,330.13349533081055,228.0963921546936,108.23593492143857,24.082746505737305,46.52136993408203,52.38527025608739,0.22250231887604985,0.42981446012222163,0.4839914793003863,87,113.18600215920114,0.49927485993689913,0.25123484075168023,0.5071805524572991,1,21,166.51359442063475,152.20609955578902,127.93746992534045,0,0,1,0,1
165,5.466666666666667,1,1,342.0722198486328,215.1412582397461,328.92406463623047,271.0238456726074,296.5759086608887,254.16752815246582,246.45811080932617,84.38590049743652,335.49814224243164,243.08255195617676,108.23593492143857,24.082746505737305,46.52136993408203,52.38527025608739,0.22250231887604985,0.42981446012222163,0.4839914793003863,87,107.87993781138864,0.5321519079099248,0.33812171062662283,0.5556300812861538,1,22,174.32342177757957,154.5427724299261,125.1040560789944,1,1,1,0,1
166,5.5,0,1,342.0722198486328,215.1412582397461,328.92406463623047,271.0238456726074,296.5759086608887,254.16752815246582,246.45811080932617,84.38590049743652,335.49814224243164,243.08255195617676,108.23593492143857,24.082746505737305,46.52136993408203,52.38527025608739,0.22250231887604985,0.42981446012222163,0.4839914793003863,87,107.87993781138864,0.5321519079099248,0.33812171062662283,0.5556300812861538,1,23,174.32342177757957,154.5427724299261,125.1040560789944,0,0,1,0,1
167,5.533333333333333,0,1,342.0722198486328,215.1412582397461,328.92406463623047,271.0238456726074,296.5759086608887,254.16752815246582,246.45811080932617,84.38590049743652,335.49814224243164,243.08255195617676,108.23593492143857,24.082746505737305,46.52136993408203,52.38527025608739,0.22250231887604985,0.42981446012222163,0.4839914793003863,87,107.87993781138864,0.5321519079099248,0.33812171062662283,0.5556300812861538,1,24,174.32342177757957,154.5427724299261,125.1040560789944,0,0,1,0,1
168,5.566666666666666,1,1,349.6283721923828,223.19705486297607,341.0942840576172,260.09339332580566,310.41696548461914,260.0790309906006,249.93776321411133,100.68387508392334,345.361328125,241.64522409439087,108.23593492143857,24.082746505737305,46.52136993408203,52.38527025608739,0.22250231887604985,0.42981446012222163,0.4839914793003863,87,107.31333705798869,0.3528959589570268,0.2858668155893769,0.5016277994799833,1,25,172.61703477381675,140.39818858687048,120.66373382155395,1,0,1,0,1
169,5.6,0,1,349.6283721923828,223.19705486297607,341.0942840576172,260.09339332580566,310.41696548461914,260.0790309906006,249.93776321411133,100.68387508392334,345.361328125,241.64522409439087,108.23593492143857,24.082746505737305,46.52136993408203,52.38527025608739,0.22250231887604985,0.42981446012222163,0.4839914793003863,87,107.31333705798869,0.3528959589570268,0.2858668155893769,0.5016277994799833,1,26,172.61703477381675,140.39818858687048,120.66373382155395,0,0,1,0,1
170,5.633333333333334,0,1,349.6283721923828,223.19705486297607,341.0942840576172,260.09339332580566,310.41696548461914,260.0790309906006,249.93776321411133,100.68387508392334,345.361328125,241.64522409439087,108.23593492143857,24.082746505737305,46.52136993408203,52.38527025608739,0.22250231887604985,0.42981446012222163,0.4839914793003863,87,107.31333705798869,0.3528959589570268,0.2858668155893769,0.5016277994799833,1,27,172.61703477381675,140.39818858687048,120.66373382155395,0,0,1,0,1
171,5.666666666666667,1,1,353.57723236083984,232.2376012802124,342.0017623901367,261.1749458312988,305.86883544921875,269.05466079711914,256.45477294921875,109.24696683883667,347.7894973754883,246.70627355575562,108.23593492143857,24.082746505737305,46.52136993408203,52.38527025608739,0.22250231887604985,0.42981446012222163,0.4839914793003863,87,109.09120499251736,0.28569371416687106,0.3390019856511518,0.5524061283342716,1,28,173.54678799841417,131.52857498760523,121.5944078600363,1,1,1,0,1
172,5.7,0,1,353.57723236083984,232.2376012802124,342.0017623901367,261.1749458312988,305.86883544921875,269.05466079711914,256.45477294921875,109.24696683883667,347.7894973754883,246.70627355575562,108.23593492143857,24.082746505737305,46.52136993408203,52.38527025608739,0.22250231887604985,0.42981446012222163,0.4839914793003863,87,109.09120499251736,0.28569371416687106,0.3390019856511518,0.5524061283342716,1,29,173.54678799841417,131.52857498760523,121.5944078600363,0,0,1,0,1
173,5.733333333333333,0,1,353.57723236083984,232.2376012802124,342.0017623901367,261.1749458312988,305.86883544921875,269.05466079711914,256.45477294921875,109.24696683883667,347.7894973754883,246.70627355575562,108.23593492143857,24.082746505737305,46.52136993408203,52.38527025608739,0.22250231887604985,0.42981446012222163,0.4839914793003863,87,109.09120499251736,0.28569371416687106,0.3390019856511518,0.5524061283342716,1,30,173.54678799841417,131.52857498760523,121.5944078600363,0,0,1,0,1
174,5.766666666666667,1,1,352.9525375366211,241.97110176086426,341.5078353881836,261.4295768737793,305.9568214416504,276.56481742858887,259.84209060668945,119.61870431900024,347.23018646240234,251.70033931732178,108.23593492143857,24.082746505737305,46.52136993408203,52.38527025608739,0.22250231887604985,0.42981446012222163,0.4839914793003863,87,107.59965734688427,0.20980196775796195,0.3590969840988208,0.5423357523391551,1,31,179.5223462218435,121.80505831714352,113.99462252751643,0,1,1,0,1
175,5.8,0,1,352.9525375366211,241.97110176086426,341.5078353881836,261.4295768737793,305.9568214416504,276.56481742858887,259.84209060668945,119.61870431900024,347.23018646240234,251.70033931732178,108.23593492143857,24.082746505737305,46.52136993408203,52.38527025608739,0.22250231887604985,0.42981446012222163,0.4839914793003863,87,107.59965734688427,0.20980196775796195,0.3590969840988208,0.5423357523391551,1,32,179.5223462218435,121.80505831714352,113.99462252751643,0,0,1,0,1
176,5.833333333333333,0,1,352.9525375366211,241.97110176086426,341.5078353881836,261.4295768737793,305.9568214416504,276.56481742858887,259.84209060668945,119.61870431900024,347.23018646240234,251.70033931732178,108.23593492143857,24.082746505737305,46.52136993408203,52.38527025608739,0.22250231887604985,0.42981446012222163,0.4839914793003863,87,107.59965734688427,0.20980196775796195,0.3590969840988208,0.5423357523391551,1,33,179.5223462218435,121.80505831714352,113.99462252751643,0,0,1,0,1
177,5.866666666666666,1,1,354.38175201416016,248.58481407165527,340.81905364990234,260.2980709075928,318.3062934875488,275.22706031799316,255.84617614746094,125.00244140625,347.60040283203125,254.44144248962402,108.23593492143857,24.082746505737305,46.52136993408203,52.38527025608739,0.22250231887604985,0.42981446012222163,0.4839914793003863,87,107.25273230995998,0.16708739439992829,0.2518625168662055,0.41814263049987743,1,34,175.68080453549365,114.33442048109117,115.9619853538633,0,1,1,0,1
178,5.9,0,1,354.38175201416016,248.58481407165527,340.81905364990234,260.2980709075928,318.3062934875488,275.22706031799316,255.84617614746094,125.00244140625,347.60040283203125,254.44144248962402,108.23593492143857,24.082746505737305,46.52136993408203,52.38527025608739,0.22250231887604985,0.42981446012222163,0.4839914793003863,87,107.25273230995998,0.16708739439992829,0.2518625168662055,0.41814263049987743,1,35,175.68080453549365,114.33442048109117,115.9619853538633,0,0,1,0,1
179,5.933333333333334,0,1,354.38175201416016,248.58481407165527,340.81905364990234,260.2980709075928,318.3062934875488,275.22706031799316,255.84617614746094,125.00244140625,347.60040283203125,254.44144248962402,108.23593492143857,24.082746505737305,46.52136993408203,52.38527025608739,0.22250231887604985,0.42981446012222163,0.4839914793003863,87,107.25273230995998,0.16708739439992829,0.2518625168662055,0.41814263049987743,1,36,175.68080453549365,114.33442048109117,115.9619853538633,0,0,1,0,1
180,5.966666666666667,1,1,361.45137786865234,251.93103790283203,348.2683563232422,263.32343101501465,339.46144104003906,255.443115234375,250.97366333007812,126.3206148147583,354.85986709594727,257.62723445892334,108.23593492143857,24.082746505737305,46.52136993408203,52.38527025608739,0.22250231887604985,0.42981446012222163,0.4839914793003863,87,111.78815331343328,0.1558618585994005,0.10571631091167313,0.19920387078352528,1,37,178.59611540961734,119.11739709638975,122.25895686867622,1,1,1,0,1
181,6.0,0,1,361.45137786865234,251.93103790283203,348.2683563232422,263.32343101501465,339.46144104003906,255.443115234375,250.97366333007812,126.3206148147583,354.85986709594727,257.62723445892334,108.23593492143857,24.082746505737305,46.52136993408203,52.38527025608739,0.22250231887604985,0.42981446012222163,0.4839914793003863,87,111.78815331343328,0.1558618585994005,0.10571631091167313,0.19920387078352528,1,38,178.59611540961734,119.11739709638975,122.25895686867622,0,0,1,0,1
182,6.033333333333333,0,1,361.45137786865234,251.93103790283203,348.2683563232422,263.32343101501465,339.46144104003906,255.443115234375,250.97366333007812,126.3206148147583,354.85986709594727,257.62723445892334,108.23593492143857,24.082746505737305,46.52136993408203,52.38527025608739,0.22250231887604985,0.42981446012222163,0.4839914793003863,87,111.78815331343328,0.1558618585994005,0.10571631091167313,0.19920387078352528,1,39,178.59611540961734,119.11739709638975,122.25895686867622,0,0,1,0,1
183,6.066666666666666,1,1,357.21263885498047,261.01452827453613,347.17952728271484,271.7390727996826,339.1617965698242,255.0981044769287,250.2802276611328,131.55316829681396,352.19608306884766,266.3768005371094,108.23593492143857,24.082746505737305,46.52136993408203,52.38527025608739,0.22250231887604985,0.42981446012222163,0.4839914793003863,87,109.1840894834087,0.1345069602876251,0.16917993992295355,0.17397873212475157,1,40,175.72258805859934,123.5431761839749,125.68770472704689,-1,1,2,0,2
184,6.1,0,1,357.21263885498047,261.01452827453613,347.17952728271484,271.7390727996826,339.1617965698242,255.0981044769287,250.2802276611328,131.55316829681396,352.19608306884766,266.3768005371094,108.23593492143857,24.082746505737305,46.52136993408203,52.38527025608739,0.22250231887604985,0.42981446012222163,0.4839914793003863,87,109.1840894834087,0.1345069602876251,0.16917993992295355,0.17397873212475157,1,41,175.72258805859934,123.5431761839749,125.68770472704689,0,0,2,0,2
185,6.133333333333334,0,1,357.21263885498047,261.01452827453613,347.17952728271484,271.7390727996826,339.1617965698242,255.0981044769287,250.2802276611328,131.55316829681396,352.19608306884766,266.3768005371094,108.23593492143857,24.082746505737305,46.52136993408203,52.38527025608739,0.22250231887604985,0.42981446012222163,0.4839914793003863,87,109.1840894834087,0.1345069602876251,0.16917993992295355,0.17397873212475157,1,42,175.72258805859934,123.5431761839749,125.68770472704689,0,0,2,0,2
186,6.166666666666667,1,1,348.7251663208008,270.40417671203613,349.3056869506836,287.6435852050781,344.12818908691406,265.10098457336426,250.1641082763672,134.68734741210938,349.0154266357422,279.02388095855713,108.23593492143857,24.082746505737305,46.52136993408203,52.38527025608739,0.22250231887604985,0.42981446012222163,0.4839914793003863,87,109.95854405338979,0.15686984682609928,0.2103477620589489,0.06382646541705782,1,43,179.7202351736744,135.72603638193252,137.9861437931092,-1,1,2,0,2
187,6.2,0,1,348.7251663208008,270.40417671203613,349.3056869506836,287.6435852050781,344.12818908691406,265.10098457336426,250.1641082763672,134.68734741210938,349.0154266357422,279.02388095855713,108.23593492143857,24.082746505737305,46.52136993408203,52.38527025608739,0.22250231887604985,0.42981446012222163,0.4839914793003863,87,109.95854405338979,0.15686984682609928,0.2103477620589489,0.06382646541705782,1,44,179.7202351736744,135.72603638193252,137.9861437931092,0,0,2,0,2
188,6.233333333333333,0,1,348.7251663208008,270.40417671203613,349.3056869506836,287.6435852050781,344.12818908691406,265.10098457336426,250.1641082763672,134.68734741210938,349.0154266357422,279.02388095855713,108.23593492143857,24.082746505737305,46.52136993408203,52.38527025608739,0.22250231887604985,0.42981446012222163,0.4839914793003863,87,109.95854405338979,0.15686984682609928,0.2103477620589489,0.06382646541705782,1,45,179.7202351736744,135.72603638193252,137.9861437931092,0,0,2,0,2
189,6.266666666666667,1,1,331.24420166015625,280.85180282592773,346.55555725097656,311.86875343322754,347.18177795410156,284.9579429626465,252.3883819580078,146.75784587860107,338.8998794555664,296.36027812957764,108.23593492143857,24.082746505737305,46.52136993408203,52.38527025608739,0.22250231887604985,0.42981446012222163,0.4839914793003863,87,105.59324131812618,0.3275806225126154,0.25492252437580254,0.1558625248024093,1,46,178.59653364748982,151.58557028629195,145.93349849124556,-1,1,2,0,2
190,6.3,0,1,331.24420166015625,280.85180282592773,346.55555725097656,311.86875343322754,347.18177795410156,284.9579429626465,252.3883819580078,146.75784587860107,338.8998794555664,296.36027812957764,108.23593492143857,24.082746505737305,46.52136993408203,52.38527025608739,0.22250231887604985,0.42981446012222163,0.4839914793003863,87,105.59324131812618,0.3275806225126154,0.25492252437580254,0.1558625248024093,1,47,178.59653364748982,151.58557028629195,145.93349849124556,0,0,2,0,2
191,6.333333333333333,0,1,331.24420166015625,280.85180282592773,346.55555725097656,311.86875343322754,347.18177795410156,284.9579429626465,252.3883819580078,146.75784587860107,338.8998794555664,296.36027812957764,108.23593492143857,24.082746505737305,46.52136993408203,52.38527025608739,0.22250231887604985,0.42981446012222163,0.4839914793003863,87,105.59324131812618,0.3275806225126154,0.25492252437580254,0.1558625248024093,1,48,178.59653364748982,151.58557028629195,145.93349849124556,0,0,2,0,2
192,6.366666666666666,1,1,323.33473205566406,295.07643699645996,337.3130798339844,333.6031150817871,355.16456604003906,303.478946685791,253.55817794799805,155.04761695861816,330.3239059448242,314.33977603912354,108.23593492143857,24.082746505737305,46.52136993408203,52.38527025608739,0.22250231887604985,0.42981446012222163,0.4839914793003863,87,101.58195528808862,0.4034587890741552,0.3447098184711506,0.32407541349106855,1,49,172.27998701733733,165.24843608324312,162.5145735760313,-1,1,2,0,2
193,6.4,0,1,323.33473205566406,295.07643699645996,337.3130798339844,333.6031150817871,355.16456604003906,303.478946685791,253.55817794799805,155.04761695861816,330.3239059448242,314.33977603912354,108.23593492143857,24.082746505737305,46.52136993408203,52.38527025608739,0.22250231887604985,0.42981446012222163,0.4839914793003863,87,101.58195528808862,0.4034587890741552,0.3447098184711506,0.32407541349106855,1,50,172.27998701733733,165.24843608324312,162.5145735760313,0,0,2,0,2
194,6.433333333333334,0,1,323.33473205566406,295.07643699645996,337.3130798339844,333.6031150817871,355.16456604003906,303.478946685791,253.55817794799805,155.04761695861816,330.3239059448242,314.33977603912354,108.23593492143857,24.082746505737305,46.52136993408203,52.38527025608739,0.22250231887604985,0.42981446012222163,0.4839914793003863,87,101.58195528808862,0.4034587890741552,0.3447098184711506,0.32407541349106855,1,51,172.27998701733733,165.24843608324312,162.5145735760313,0,0,2,0,2
195,6.466666666666667,1,1,316.48229598999023,298.2378673553467,336.3608169555664,342.57740020751953,359.0069580078125,314.78516578674316,256.28244400024414,159.9937105178833,326.4215564727783,320.4076337814331,108.23593492143857,24.082746505737305,46.52136993408203,52.38527025608739,0.22250231887604985,0.42981446012222163,0.4839914793003863,87,99.96735349753178,0.48607532237728646,0.35862174948609865,0.45645592733062196,1,52,168.67660074300247,165.0637022580837,164.77229154835592,-1,1,2,0,2
196,6.5,0,1,316.48229598999023,298.2378673553467,336.3608169555664,342.57740020751953,359.0069580078125,314.78516578674316,256.28244400024414,159.9937105178833,326.4215564727783,320.4076337814331,108.23593492143857,24.082746505737305,46.52136993408203,52.38527025608739,0.22250231887604985,0.42981446012222163,0.4839914793003863,87,99.96735349753178,0.48607532237728646,0.35862174948609865,0.45645592733062196,1,53,168.67660074300247,165.0637022580837,164.77229154835592,0,0,2,0,2
197,6.533333333333333,0,1,316.48229598999023,298.2378673553467,336.3608169555664,342.57740020751953,359.0069580078125,314.78516578674316,256.28244400024414,159.9937105178833,326.4215564727783,320.4076337814331,108.23593492143857,24.082746505737305,46.52136993408203,52.38527025608739,0.22250231887604985,0.42981446012222163,0.4839914793003863,87,99.96735349753178,0.48607532237728646,0.35862174948609865,0.45645592733062196,1,54,168.67660074300247,165.0637022580837,164.77229154835592,0,0,2,0,2
198,6.566666666666666,1,1,306.74964904785156,299.7033977508545,331.1592102050781,344.100866317749,358.3531951904297,317.73974418640137,260.3293228149414,160.3454875946045,318.95442962646484,321.90213203430176,108.23593492143857,24.082746505737305,46.52136993408203,52.38527025608739,0.22250231887604985,0.42981446012222163,0.4839914793003863,87,103.02438669272227,0.4917786526587767,0.367619353722888,0.5306001788037794,1,55,176.75822033230824,164.75968454304405,162.41144799114946,-1,0,2,0,2
199,6.6,0,1,306.74964904785156,299.7033977508545,331.1592102050781,344.100866317749,358.3531951904297,317.73974418640137,260.3293228149414,160.3454875946045,318.95442962646484,321.90213203430176,108.23593492143857,24.082746505737305,46.52136993408203,52.38527025608739,0.22250231887604985,0.42981446012222163,0.4839914793003863,87,103.02438669272227,0.4917786526587767,0.367619353722888,0.5306001788037794,1,56,176.75822033230824,164.75968454304405,162.41144799114946,0,0,2,0,2
200,6.633333333333334,0,1,306.74964904785156,299.7033977508545,331.1592102050781,344.100866317749,358.3531951904297,317.73974418640137,260.3293228149414,160.3454875946045,318.95442962646484,321.90213203430176,108.23593492143857,24.082746505737305,46.52136993408203,52.38527025608739,0.22250231887604985,0.42981446012222163,0.4839914793003863,87,103.02438669272227,0.4917786526587767,0.367619353722888,0.5306001788037794,1,57,176.75822033230824,164.75968454304405,162.41144799114946,0,0,2,0,2
201,6.666666666666667,1,1,301.3392639160156,297.5713920593262,330.93395233154297,341.0976219177246,357.88970947265625,318.57032775878906,259.36105728149414,156.62866115570068,316.1366081237793,319.3345069885254,108.23593492143857,24.082746505737305,46.52136993408203,52.38527025608739,0.22250231887604985,0.42981446012222163,0.4839914793003863,87,103.90357041552014,0.5065695311088463,0.33809851741837443,0.5805706515677297,1,58,176.0309852435405,163.3350841289029,162.41916858764276,-1,-1,2,1,2
202,6.7,0,1,301.3392639160156,297.5713920593262,330.93395233154297,341.0976219177246,357.88970947265625,318.57032775878906,259.36105728149414,156.62866115570068,316.1366081237793,319.3345069885254,108.23593492143857,24.082746505737305,46.52136993408203,52.38527025608739,0.22250231887604985,0.42981446012222163,0.4839914793003863,87,103.90357041552014,0.5065695311088463,0.33809851741837443,0.5805706515677297,1,59,176.0309852435405,163.3350841289029,162.41916858764276,0,0,2,1,2
203,6.733333333333333,0,1,301.3392639160156,297.5713920593262,330.93395233154297,341.0976219177246,357.88970947265625,318.57032775878906,259.36105728149414,156.62866115570068,316.1366081237793,319.3345069885254,108.23593492143857,24.082746505737305,46.52136993408203,52.38527025608739,0.22250231887604985,0.42981446012222163,0.4839914793003863,87,103.90357041552014,0.5065695311088463,0.33809851741837443,0.5805706515677297,1,60,176.0309852435405,163.3350841289029,162.41916858764276,0,0,2,1,2
204,6.766666666666667,1,1,301.13037109375,294.5697212219238,329.49684143066406,338.9201831817627,356.38668060302734,319.0364170074463,258.33044052124023,152.7963638305664,315.31360626220703,316.74495220184326,108.23593492143857,24.082746505737305,46.52136993408203,52.38527025608739,0.22250231887604985,0.42981446012222163,0.4839914793003863,87,106.54402977323218,0.4941260308754601,0.3138880778448893,0.5671906557394529,1,61,175.80520692444316,162.88215935360932,159.33519101404465,0,-1,2,1,2
205,6.8,0,1,301.13037109375,294.5697212219238,329.49684143066406,338.9201831817627,356.38668060302734,319.0364170074463,258.33044052124023,152.7963638305664,315.31360626220703,316.74495220184326,108.23593492143857,24.082746505737305,46.52136993408203,52.38527025608739,0.22250231887604985,0.42981446012222163,0.4839914793003863,87,106.54402977323218,0.4941260308754601,0.3138880778448893,0.5671906557394529,1,62,175.80520692444316,162.88215935360932,159.33519101404465,0,0,2,1,2
206,6.833333333333333,0,1,301.13037109375,294.5697212219238,329.49684143066406,338.9201831817627,356.38668060302734,319.0364170074463,258.33044052124023,152.7963638305664,315.31360626220703,316.74495220184326,108.23593492143857,24.082746505737305,46.52136993408203,52.38527025608739,0.22250231887604985,0.42981446012222163,0.4839914793003863,87,106.54402977323218,0.4941260308754601,0.3138880778448893,0.5671906557394529,1,63,175.80520692444316,162.88215935360932,159.33519101404465,0,0,2,1,2
207,6.866666666666666,1,1,297.9184913635254,298.236665725708,328.63502502441406,339.00824546813965,358.3804702758789,319.1497993469238,256.3360595703125,150.451397895813,313.2767581939697,318.6224555969238,108.23593492143857,24.082746505737305,46.52136993408203,52.38527025608739,0.22250231887604985,0.42981446012222163,0.4839914793003863,87,107.8438707332414,0.4733445003709126,0.3316386723025486,0.593233869767158,1,64,179.88985657019026,162.9624815662064,161.43206913256628,0,0,2,1,2
208,6.9,0,1,297.9184913635254,298.236665725708,328.63502502441406,339.00824546813965,358.3804702758789,319.1497993469238,256.3360595703125,150.451397895813,313.2767581939697,318.6224555969238,108.23593492143857,24.082746505737305,46.52136993408203,52.38527025608739,0.22250231887604985,0.42981446012222163,0.4839914793003863,87,107.8438707332414,0.4733445003709126,0.3316386723025486,0.593233869767158,1,65,179.88985657019026,162.9624815662064,161.43206913256628,0,0,2,1,2
209,6.933333333333334,0,1,297.9184913635254,298.236665725708,328.63502502441406,339.00824546813965,358.3804702758789,319.1497993469238,256.3360595703125,150.451397895813,313.2767581939697,318.6224555969238,108.23593492143857,24.082746505737305,46.52136993408203,52.38527025608739,0.22250231887604985,0.42981446012222163,0.4839914793003863,87,107.8438707332414,0.4733445003709126,0.3316386723025486,0.593233869767158,1,66,179.88985657019026,162.9624815662064,161.43206913256628,0,0,2,1,2
210,6.966666666666667,1,1,300.24744033813477,296.5251159667969,330.8616638183594,326.06308937072754,355.1057434082031,322.219877243042,253.00704956054688,144.27446365356445,315.55455207824707,311.2941026687622,108.23593492143857,24.082746505737305,46.52136993408203,52.38527025608739,0.22250231887604985,0.42981446012222163,0.4839914793003863,87,108.23593492143857,0.3930379865845944,0.22678979777247657,0.5596816863356002,1,67,173.5411387363002,158.952427686147,161.5655306044447,1,-1,3,1,3
211,7.0,0,1,300.24744033813477,296.5251159667969,330.8616638183594,326.06308937072754,355.1057434082031,322.219877243042,253.00704956054688,144.27446365356445,315.55455207824707,311.2941026687622,108.23593492143857,24.082746505737305,46.52136993408203,52.38527025608739,0.22250231887604985,0.42981446012222163,0.4839914793003863,87,108.23593492143857,0.3930379865845944,0.22678979777247657,0.5596816863356002,1,68,173.5411387363002,158.952427686147,161.5655306044447,0,0,3,1,3
212,7.033333333333333,0,1,300.24744033813477,296.5251159667969,330.8616638183594,326.06308937072754,355.1057434082031,322.219877243042,253.00704956054688,144.27446365356445,315.55455207824707,311.2941026687622,108.23593492143857,24.082746505737305,46.52136993408203,52.38527025608739,0.22250231887604985,0.42981446012222163,0.4839914793003863,87,108.23593492143857,0.3930379865845944,0.22678979777247657,0.5596816863356002,1,69,173.5411387363002,158.952427686147,161.5655306044447,0,0,3,1,3
213,7.066666666666666,1,1,289.93871688842773,294.58871841430664,324.67884063720703,330.92677116394043,345.93639373779297,320.79543113708496,250.15790939331055,140.6330394744873,307.3087787628174,312.75774478912354,108.23593492143857,24.082746505737305,46.52136993408203,52.38527025608739,0.22250231887604985,0.42981446012222163,0.4839914793003863,87,110.17826889036797,0.4562838060049909,0.21373007816474826,0.5611508148528773,1,70,175.10995568991444,159.2364668563895,157.37378791788234,-1,0,4,1,4
214,7.1,0,1,289.93871688842773,294.58871841430664,324.67884063720703,330.92677116394043,345.93639373779297,320.79543113708496,250.15790939331055,140.6330394744873,307.3087787628174,312.75774478912354,108.23593492143857,24.082746505737305,46.52136993408203,52.38527025608739,0.22250231887604985,0.42981446012222163,0.4839914793003863,87,110.17826889036797,0.4562838060049909,0.21373007816474826,0.5611508148528773,1,71,175.10995568991444,159.2364668563895,157.37378791788234,0,0,4,1,4
215,7.133333333333334,0,1,289.93871688842773,294.58871841430664,324.67884063720703,330.92677116394043,345.93639373779297,320.79543113708496,250.15790939331055,140.6330394744873,307.3087787628174,312.75774478912354,108.23593492143857,24.082746505737305,46.52136993408203,52.38527025608739,0.22250231887604985,0.42981446012222163,0.4839914793003863,87,110.17826889036797,0.4562838060049909,0.21373007816474826,0.5611508148528773,1,72,175.10995568991444,159.2364668563895,157.37378791788234,0,0,4,1,4
216,7.166666666666667,1,1,287.950496673584,295.87263107299805,330.8625030517578,299.2306709289551,336.1225891113281,323.351526260376,245.43701171875,133.19170475006104,309.4064998626709,297.55165100097656,108.23593492143857,24.082746505737305,46.52136993408203,52.38527025608739,0.22250231887604985,0.42981446012222163,0.4839914793003863,87,110.68017888511366,0.3888970585997026,0.2230546912937025,0.5010694327904517,1,73,171.77194666173415,140.0847253566737,155.11183400218724,0,-1,4,1,4
217,7.2,0,1,287.950496673584,295.87263107299805,330.8625030517578,299.2306709289551,336.1225891113281,323.351526260376,245.43701171875,133.19170475006104,309.4064998626709,297.55165100097656,108.23593492143857,24.082746505737305,46.52136993408203,52.38527025608739,0.22250231887604985,0.42981446012222163,0.4839914793003863,87,110.68017888511366,0.3888970585997026,0.2230546912937025,0.5010694327904517,1,74,171.77194666173415,140.0847253566737,155.11183400218724,0,0,4,1,4
218,7.233333333333333,0,1,287.950496673584,295.87263107299805,330.8625030517578,299.2306709289551,336.1225891113281,323.351526260376,245.43701171875,133.19170475006104,309.4064998626709,297.55165100097656,108.23593492143857,24.082746505737305,46.52136993408203,52.38527025608739,0.22250231887604985,0.42981446012222163,0.4839914793003863,87,110.68017888511366,0.3888970585997026,0.2230546912937025,0.5010694327904517,1,75,171.77194666173415,140.0847253566737,155.11183400218724,0,0,4,1,4
219,7.266666666666667,1,1,274.59848403930664,292.9409408569336,308.94535064697266,331.2992763519287,338.5813903808594,309.8458671569824,241.12648010253906,136.0099697113037,291.77191734313965,312.12010860443115,108.23593492143857,24.082746505737305,46.52136993408203,52.38527025608739,0.22250231887604985,0.42981446012222163,0.4839914793003863,87,107.26542040474027,0.4800105564684822,0.34108021220775026,0.6169598905575634,1,76,178.8639168397162,163.33403619852714,154.76471626901082,-1,1,4,2,4
220,7.3,0,1,274.59848403930664,292.9409408569336,308.94535064697266,331.2992763519287,338.5813903808594,309.8458671569824,241.12648010253906,136.0099697113037,291.77191734313965,312.12010860443115,108.23593492143857,24.082746505737305,46.52136993408203,52.38527025608739,0.22250231887604985,0.42981446012222163,0.4839914793003863,87,107.26542040474027,0.4800105564684822,0.34108021220775026,0.6169598905575634,1,77,178.8639168397162,163.33403619852714,154.76471626901082,0,0,4,2,4
221,7.333333333333333,0,1,274.59848403930664,292.9409408569336,308.94535064697266,331.2992763519287,338.5813903808594,309.8458671569824,241.12648010253906,136.0099697113037,291.77191734313965,312.12010860443115,108.23593492143857,24.082746505737305,46.52136993408203,52.38527025608739,0.22250231887604985,0.42981446012222163,0.4839914793003863,87,107.26542040474027,0.4800105564684822,0.34108021220775026,0.6169598905575634,1,78,178.8639168397162,163.33403619852714,154.76471626901082,0,0,4,2,4
222,7.366666666666666,1,1,275.4430961608887,293.60469818115234,311.4692687988281,326.69837951660156,340.0775909423828,308.24732780456543,239.38243865966797,134.1637945175171,293.4561824798584,310.15153884887695,108.23593492143857,24.082746505737305,46.52136993408203,52.38527025608739,0.22250231887604985,0.42981446012222163,0.4839914793003863,87,107.69618827348125,0.45423227693205515,0.31609557430579194,0.6153639431861495,1,79,178.5107537541021,161.23500076695726,156.8791795282335,0,0,4,2,4
223,7.4,0,1,275.4430961608887,293.60469818115234,311.4692687988281,326.69837951660156,340.0775909423828,308.24732780456543,239.38243865966797,134.1637945175171,293.4561824798584,310.15153884887695,108.23593492143857,24.082746505737305,46.52136993408203,52.38527025608739,0.22250231887604985,0.42981446012222163,0.4839914793003863,87,107.69618827348125,0.45423227693205515,0.31609557430579194,0.6153639431861495,1,80,178.5107537541021,161.23500076695726,156.8791795282335,0,0,4,2,4
224,7.433333333333334,0,1,275.4430961608887,293.60469818115234,311.4692687988281,326.69837951660156,340.0775909423828,308.24732780456543,239.38243865966797,134.1637945175171,293.4561824798584,310.15153884887695,108.23593492143857,24.082746505737305,46.52136993408203,52.38527025608739,0.22250231887604985,0.42981446012222163,0.4839914793003863,87,107.69618827348125,0.45423227693205515,0.31609557430579194,0.6153639431861495,1,81,178.5107537541021,161.23500076695726,156.8791795282335,0,0,4,2,4
225,7.466666666666667,1,1,278.8428497314453,292.93087005615234,312.4509048461914,320.7243347167969,337.21275329589844,312.83446311950684,238.8758659362793,131.41337871551514,295.64687728881836,306.8276023864746,108.23593492143857,24.082746505737305,46.52136993408203,52.38527025608739,0.22250231887604985,0.42981446012222163,0.4839914793003863,87,109.06832065863107,0.3998564662813205,0.23827673946478894,0.5654261361129308,1,82,176.75134302338097,156.70185355579952,158.31233523591462,1,-1,5,3,5
226,7.5,0,1,278.8428497314453,292.93087005615234,312.4509048461914,320.7243347167969,337.21275329589844,312.83446311950684,238.8758659362793,131.41337871551514,295.64687728881836,306.8276023864746,108.23593492143857,24.082746505737305,46.52136993408203,52.38527025608739,0.22250231887604985,0.42981446012222163,0.4839914793003863,87,109.06832065863107,0.3998564662813205,0.23827673946478894,0.5654261361129308,1,83,176.75134302338097,156.70185355579952,158.31233523591462,0,0,5,3,5
227,7.533333333333333,0,1,278.8428497314453,292.93087005615234,312.4509048461914,320.7243347167969,337.21275329589844,312.83446311950684,238.8758659362793,131.41337871551514,295.64687728881836,306.8276023864746,108.23593492143857,24.082746505737305,46.52136993408203,52.38527025608739,0.22250231887604985,0.42981446012222163,0.4839914793003863,87,109.06832065863107,0.3998564662813205,0.23827673946478894,0.5654261361129308,1,84,176.75134302338097,156.70185355579952,158.31233523591462,0,0,5,3,5
228,7.566666666666666,1,1,276.0497856140137,289.1239929199219,307.04700469970703,317.29777336120605,332.07916259765625,315.65823554992676,241.0776138305664,125.65714359283447,291.54839515686035,303.21088314056396,108.23593492143857,24.082746505737305,46.52136993408203,52.38527025608739,0.22250231887604985,0.42981446012222163,0.4839914793003863,87,109.558133829762,0.38233419013593156,0.22897243846138537,0.5658622785617505,1,85,171.81721883978705,156.67514412853453,163.41929460215673,-1,-1,6,3,6
229,7.6,0,1,276.0497856140137,289.1239929199219,307.04700469970703,317.29777336120605,332.07916259765625,315.65823554992676,241.0776138305664,125.65714359283447,291.54839515686035,303.21088314056396,108.23593492143857,24.082746505737305,46.52136993408203,52.38527025608739,0.22250231887604985,0.42981446012222163,0.4839914793003863,87,109.558133829762,0.38233419013593156,0.22897243846138537,0.5658622785617505,1,86,171.81721883978705,156.67514412853453,163.41929460215673,0,0,6,3,6
230,7.633333333333334,0,1,276.0497856140137,289.1239929199219,307.04700469970703,317.29777336120605,332.07916259765625,315.65823554992676,241.0776138305664,125.65714359283447,291.54839515686035,303.21088314056396,108.23593492143857,24.082746505737305,46.52136993408203,52.38527025608739,0.22250231887604985,0.42981446012222163,0.4839914793003863,87,109.558133829762,0.38233419013593156,0.22897243846138537,0.5658622785617505,1,87,171.81721883978705,156.67514412853453,163.41929460215673,0,0,6,3,6
231,7.666666666666667,1,1,282.67101287841797,276.7973327636719,295.5216598510742,310.5464744567871,307.6825523376465,301.7692279815674,241.88409805297852,116.41699075698853,289.0963363647461,293.6719036102295,108.23593492143857,24.082746505737305,46.52136993408203,52.38527025608739,0.22250231887604985,0.42981446012222163,0.4839914793003863,87,109.5397698846548,0.3296787071357096,0.13691446079872227,0.32265575107053235,1,88,168.3714413531044,150.7703313833058,149.99448671560313,-1,-1,6,3,6
232,7.7,0,1,282.67101287841797,276.7973327636719,295.5216598510742,310.5464744567871,307.6825523376465,301.7692279815674,241.88409805297852,116.41699075698853,289.0963363647461,293.6719036102295,108.23593492143857,24.082746505737305,46.52136993408203,52.38527025608739,0.22250231887604985,0.42981446012222163,0.4839914793003863,87,109.5397698846548,0.3296787071357096,0.13691446079872227,0.32265575107053235,1,89,168.3714413531044,150.7703313833058,149.99448671560313,0,0,6,3,6
233,7.733333333333333,0,1,282.67101287841797,276.7973327636719,295.5216598510742,310.5464744567871,307.6825523376465,301.7692279815674,241.88409805297852,116.41699075698853,289.0963363647461,293.6719036102295,108.23593492143857,24.082746505737305,46.52136993408203,52.38527025608739,0.22250231887604985,0.42981446012222163,0.4839914793003863,87,109.5397698846548,0.3296787071357096,0.13691446079872227,0.32265575107053235,1,90,168.3714413531044,150.7703313833058,149.99448671560313,0,0,6,3,6
234,7.766666666666667,1,1,285.98737716674805,245.75016975402832,310.5885124206543,266.29337310791016,316.5285301208496,265.4373836517334,265.18362045288086,101.94148063659668,298.2879447937012,256.02177143096924,108.23593492143857,24.082746505737305,46.52136993408203,52.38527025608739,0.22250231887604985,0.42981446012222163,0.4839914793003863,87,111.17447204908478,0.288290735815499,0.053981611818268306,0.3268430077897066,1,91,161.7388323462709,128.7101349019989,133.63568115975477,1,-1,7,3,7
235,7.8,0,1,285.98737716674805,245.75016975402832,310.5885124206543,266.29337310791016,316.5285301208496,265.4373836517334,265.18362045288086,101.94148063659668,298.2879447937012,256.02177143096924,108.23593492143857,24.082746505737305,46.52136993408203,52.38527025608739,0.22250231887604985,0.42981446012222163,0.4839914793003863,87,111.17447204908478,0.288290735815499,0.053981611818268306,0.3268430077897066,1,92,161.7388323462709,128.7101349019989,133.63568115975477,0,0,7,3,7
236,7.833333333333333,0,1,285.98737716674805,245.75016975402832,310.5885124206543,266.29337310791016,316.5285301208496,265.4373836517334,265.18362045288086,101.94148063659668,298.2879447937012,256.02177143096924,108.23593492143857,24.082746505737305,46.52136993408203,52.38527025608739,0.22250231887604985,0.42981446012222163,0.4839914793003863,87,111.17447204908478,0.288290735815499,0.053981611818268306,0.3268430077897066,1,93,161.7388323462709,128.7101349019989,133.63568115975477,0,0,7,3,7
237,7.866666666666666,1,1,380.0505065917969,207.66703605651855,394.17308807373047,212.4294948577881,389.75074768066406,204.6174430847168,293.7237548828125,67.22443342208862,387.1117973327637,210.04826545715332,108.23593492143857,24.082746505737305,46.52136993408203,52.38527025608739,0.22250231887604985,0.42981446012222163,0.4839914793003863,87,101.45898170076642,0.14689650677553623,0.08847840250320353,0.10022097603349582,1,94,179.02481713621512,136.11222237839718,130.9249177785287,1,-1,7,3,7
238,7.9,0,1,380.0505065917969,207.66703605651855,394.17308807373047,212.4294948577881,389.75074768066406,204.6174430847168,293.7237548828125,67.22443342208862,387.1117973327637,210.04826545715332,108.23593492143857,24.082746505737305,46.52136993408203,52.38527025608739,0.22250231887604985,0.42981446012222163,0.4839914793003863,87,101.45898170076642,0.14689650677553623,0.08847840250320353,0.10022097603349582,1,95,179.02481713621512,136.11222237839718,130.9249177785287,0,0,7,3,7
239,7.933333333333334,0,1,380.0505065917969,207.66703605651855,394.17308807373047,212.4294948577881,389.75074768066406,204.6174430847168,293.7237548828125,67.22443342208862,387.1117973327637,210.04826545715332,108.23593492143857,24.082746505737305,46.52136993408203,52.38527025608739,0.22250231887604985,0.42981446012222163,0.4839914793003863,87,101.45898170076642,0.14689650677553623,0.08847840250320353,0.10022097603349582,1,96,179.02481713621512,136.11222237839718,130.9249177785287,0,0,7,3,7
240,7.966666666666667,1,0,,,,,,,,,,,,,,,,,,0,,,,,0,96,,,,0,0,7,3,7
241,8.0,0,0,,,,,,,,,,,,,,,,,,0,,,,,0,96,,,,0,0,7,3,7
242,8.033333333333333,0,0,,,,,,,,,,,,,,,,,,0,,,,,0,96,,,,0,0,7,3,7
243,8.066666666666666,1,1,576.5056228637695,135.18051624298096,566.2145614624023,181.46440029144287,545.1193618774414,189.00418281555176,440.9782409667969,35.357959270477295,571.3600921630859,158.3224582672119,100.72402830123173,0.0,0.0,0.0,0.0,0.0,0.0,3,100.72402830123173,0.4707334932563845,0.22241105633544403,0.6185850270709091,1,97,169.08037835601044,165.52347766548039,152.31856294060566,0,0,7,3,7
244,8.1,0,1,576.5056228637695,135.18051624298096,566.2145614624023,181.46440029144287,545.1193618774414,189.00418281555176,440.9782409667969,35.357959270477295,571.3600921630859,158.3224582672119,100.72402830123173,0.0,0.0,0.0,0.0,0.0,0.0,3,100.72402830123173,0.4707334932563845,0.22241105633544403,0.6185850270709091,1,98,169.08037835601044,165.52347766548039,152.31856294060566,0,0,7,3,7
245,8.133333333333333,0,1,576.5056228637695,135.18051624298096,566.2145614624023,181.46440029144287,545.1193618774414,189.00418281555176,440.9782409667969,35.357959270477295,571.3600921630859,158.3224582672119,100.72402830123173,0.0,0.0,0.0,0.0,0.0,0.0,3,100.72402830123173,0.4707334932563845,0.22241105633544403,0.6185850270709091,1,99,169.08037835601044,165.52347766548039,152.31856294060566,0,0,7,3,7
246,8.166666666666666,1,1,615.2301788330078,150.70853233337402,591.9646453857422,229.72038745880127,565.1818466186523,250.83154678344727,482.0176315307617,51.77796006202698,603.597412109375,190.21445989608765,,,,,,,,0,108.59253553663903,0.7584867750133615,0.3140434674096423,1.030780257911061,0,0,176.30270642529996,177.85460771440185,179.05518833734084,0,0,0,0,0
247,8.2,0,1,615.2301788330078,150.70853233337402,591.9646453857422,229.72038745880127,565.1818466186523,250.83154678344727,482.0176315307617,51.77796006202698,603.597412109375,190.21445989608765,,,,,,,,0,108.59253553663903,0.7584867750133615,0.3140434674096423,1.030780257911061,0,0,176.30270642529996,177.85460771440185,179.05518833734084,0,0,0,0,0
248,8.233333333333333,0,1,615.2301788330078,150.70853233337402,591.9646453857422,229.72038745880127,565.1818466186523,250.83154678344727,482.0176315307617,51.77796006202698,603.597412109375,190.21445989608765,,,,,,,,0,108.59253553663903,0.7584867750133615,0.3140434674096423,1.030780257911061,0,0,176.30270642529996,177.85460771440185,179.05518833734084,0,0,0,0,0
249,8.266666666666667,1,1,634.3898010253906,180.84404468536377,594.4015121459961,266.91481590270996,568.2884979248047,288.33703994750977,504.7382354736328,79.40043926239014,614.3956565856934,223.87943029403687,,,,,,,,0,104.785066614969,0.9057252919779021,0.32233360830539615,1.204282603932694,0,0,167.7405015974967,176.94129713368713,177.22730653995234,0,0,0,0,0
250,8.3,0,1,634.3898010253906,180.84404468536377,594.4015121459961,266.91481590270996,568.2884979248047,288.33703994750977,504.7382354736328,79.40043926239014,614.3956565856934,223.87943029403687,,,,,,,,0,104.785066614969,0.9057252919779021,0.32233360830539615,1.204282603932694,0,0,167.7405015974967,176.94129713368713,177.22730653995234,0,0,0,0,0
251,8.333333333333334,0,1,634.3898010253906,180.84404468536377,594.4015121459961,266.91481590270996,568.2884979248047,288.33703994750977,504.7382354736328,79.40043926239014,614.3956565856934,223.87943029403687,,,,,,,,0,104.785066614969,0.9057252919779021,0.32233360830539615,1.204282603932694,0,0,167.7405015974967,176.94129713368713,177.22730653995234,0,0,0,0,0
252,8.366666666666667,1,1,635.059814453125,198.6123561859131,590.1305389404297,289.879846572876,564.5668411254883,307.41482734680176,512.5894546508789,102.27750778198242,612.5951766967773,244.24610137939453,,,,,,,,0,98.838201868093,1.0292281466663198,0.3136403510608079,1.3116661970771715,0,0,167.3833956051477,173.9787469900847,177.03317477902732,0,0,0,0,0
253,8.4,0,1,635.059814453125,198.6123561859131,590.1305389404297,289.879846572876,564.5668411254883,307.41482734680176,512.5894546508789,102.27750778198242,612.5951766967773,244.24610137939453,,,,,,,,0,98.838201868093,1.0292281466663198,0.3136403510608079,1.3116661970771715,0,0,167.3833956051477,173.9787469900847,177.03317477902732,0,0,0,0,0
254,8.433333333333334,0,1,635.059814453125,198.6123561859131,590.1305389404297,289.879846572876,564.5668411254883,307.41482734680176,512.5894546508789,102.27750778198242,612.5951766967773,244.24610137939453,,,,,,,,0,98.838201868093,1.0292281466663198,0.3136403510608079,1.3116661970771715,0,0,167.3833956051477,173.9787469900847,177.03317477902732,0,0,0,0,0
255,8.466666666666667,1,1,632.0621490478516,214.48678493499756,581.9131851196289,304.7157382965088,558.1518936157227,320.56262969970703,516.7008972167969,117.38765716552734,606.9876670837402,259.6012616157532,,,,,,,,0,96.4572551213017,1.070202418256789,0.29609865805757163,1.3403426345890717,0,0,165.36941533176932,172.8644387079178,177.8554289083498,0,0,0,0,0
256,8.5,0,1,632.0621490478516,214.48678493499756,581.9131851196289,304.7157382965088,558.1518936157227,320.56262969970703,516.7008972167969,117.38765716552734,606.9876670837402,259.6012616157532,,,,,,,,0,96.4572551213017,1.070202418256789,0.29609865805757163,1.3403426345890717,0,0,165.36941533176932,172.8644387079178,177.8554289083498,0,0,0,0,0
257,8.533333333333333,0,1,632.0621490478516,214.48678493499756,581.9131851196289,304.7157382965088,558.1518936157227,320.56262969970703,516.7008972167969,117.38765716552734,606.9876670837402,259.6012616157532,,,,,,,,0,96.4572551213017,1.070202418256789,0.29609865805757163,1.3403426345890717,0,0,165.36941533176932,172.8644387079178,177.8554289083498,0,0,0,0,0
258,8.566666666666666,1,1,625.8180999755859,230.19776344299316,575.4538345336914,317.91083335876465,552.4716949462891,332.8227996826172,515.6604385375977,129.05171871185303,600.6359672546387,274.0542984008789,,,,,,,,0,96.75758597599123,1.0453357508219363,0.28314146988278177,1.3036824191546514,0,0,169.9904191526527,173.87010556734438,179.14270650679546,0,0,0,0,0
259,8.6,0,1,625.8180999755859,230.19776344299316,575.4538345336914,317.91083335876465,552.4716949462891,332.8227996826172,515.6604385375977,129.05171871185303,600.6359672546387,274.0542984008789,,,,,,,,0,96.75758597599123,1.0453357508219363,0.28314146988278177,1.3036824191546514,0,0,169.9904191526527,173.87010556734438,179.14270650679546,0,0,0,0,0
260,8.633333333333333,0,1,625.8180999755859,230.19776344299316,575.4538345336914,317.91083335876465,552.4716949462891,332.8227996826172,515.6604385375977,129.05171871185303,600.6359672546387,274.0542984008789,,,,,,,,0,96.75758597599123,1.0453357508219363,0.28314146988278177,1.3036824191546514,0,0,169.9904191526527,173.87010556734438,179.14270650679546,0,0,0,0,0
261,8.666666666666666,1,1,628.8971328735352,236.834979057312,573.758430480957,325.3963565826416,551.1279678344727,340.4483699798584,514.7956848144531,137.85123825073242,601.3277816772461,281.1156678199768,,,,,,,,0,95.37144308060583,1.093865244401407,0.28498104443696987,1.3583963523102276,0,0,168.722995234018,174.89500435468835,179.20524562157212,0,0,0,0,0
262,8.7,0,1,628.8971328735352,236.834979057312,573.758430480957,325.3963565826416,551.1279678344727,340.4483699798584,514.7956848144531,137.85123825073242,601.3277816772461,281.1156678199768,,,,,,,,0,95.37144308060583,1.093865244401407,0.28498104443696987,1.3583963523102276,0,0,168.722995234018,174.89500435468835,179.20524562157212,0,0,0,0,0
263,8.733333333333333,0,1,628.8971328735352,236.834979057312,573.758430480957,325.3963565826416,551.1279678344727,340.4483699798584,514.7956848144531,137.85123825073242,601.3277816772461,281.1156678199768,,,,,,,,0,95.37144308060583,1.093865244401407,0.28498104443696987,1.3583963523102276,0,0,168.722995234018,174.89500435468835,179.20524562157212,0,0,0,0,0
264,8.766666666666667,1,1,634.3960952758789,238.82875442504883,577.1316528320312,327.9075336456299,555.5815505981445,344.03921127319336,516.4632797241211,143.9881181716919,605.7638740539551,283.36814403533936,,,,,,,,0,94.79772868936949,1.1170872458855259,0.2839635515048434,1.3867116363610206,0,0,166.08110401462892,175.60399084465274,179.7992310642709,0,0,0,0,0
265,8.8,0,1,634.3960952758789,238.82875442504883,577.1316528320312,327.9075336456299,555.5815505981445,344.03921127319336,516.4632797241211,143.9881181716919,605.7638740539551,283.36814403533936,,,,,,,,0,94.79772868936949,1.1170872458855259,0.2839635515048434,1.3867116363610206,0,0,166.08110401462892,175.60399084465274,179.7992310642709,0,0,0,0,0
266,8.833333333333334,0,1,634.3960952758789,238.82875442504883,577.1316528320312,327.9075336456299,555.5815505981445,344.03921127319336,516.4632797241211,143.9881181716919,605.7638740539551,283.36814403533936,,,,,,,,0,94.79772868936949,1.1170872458855259,0.2839635515048434,1.3867116363610206,0,0,166.08110401462892,175.60399084465274,179.7992310642709,0,0,0,0,0
267,8.866666666666667,1,1,625.4839324951172,240.08136749267578,576.1229705810547,324.7023582458496,553.3696365356445,341.88002586364746,514.1036987304688,144.56714630126953,600.8034515380859,282.3918628692627,,,,,,,,0,91.90885913864349,1.0658970833779222,0.3101921899062483,1.3573611102723986,0,0,169.12863676917812,176.06995669706941,179.62674687779986,0,0,0,0,0
268,8.9,0,1,625.4839324951172,240.08136749267578,576.1229705810547,324.7023582458496,553.3696365356445,341.88002586364746,514.1036987304688,144.56714630126953,600.8034515380859,282.3918628692627,,,,,,,,0,91.90885913864349,1.0658970833779222,0.3101921899062483,1.3573611102723986,0,0,169.12863676917812,176.06995669706941,179.62674687779986,0,0,0,0,0
269,8.933333333333334,0,1,625.4839324951172,240.08136749267578,576.1229705810547,324.7023582458496,553.3696365356445,341.88002586364746,514.1036987304688,144.56714630126953,600.8034515380859,282.3918628692627,,,,,,,,0,91.90885913864349,1.0658970833779222,0.3101921899062483,1.3573611102723986,0,0,169.12863676917812,176.06995669706941,179.62674687779986,0,0,0,0,0
270,8.966666666666667,1,1,627.7913665771484,239.43514823913574,575.8768844604492,326.35711669921875,553.8679885864258,342.6090717315674,514.3446350097656,146.69481754302979,601.8341255187988,282.89613246917725,,,,,,,,0,93.28810979867116,1.0852933011041188,0.2932747662377596,1.3605517481121643,0,0,166.46843464167839,175.68438831170914,179.93438939407156,0,0,0,0,0
271,9.0,0,1,627.7913665771484,239.43514823913574,575.8768844604492,326.35711669921875,553.8679885864258,342.6090717315674,514.3446350097656,146.69481754302979,601.8341255187988,282.89613246917725,,,,,,,,0,93.28810979867116,1.0852933011041188,0.2932747662377596,1.3605517481121643,0,0,166.46843464167839,175.68438831170914,179.93438939407156,0,0,0,0,0
272,9.033333333333333,0,1,627.7913665771484,239.43514823913574,575.8768844604492,326.35711669921875,553.8679885864258,342.6090717315674,514.3446350097656,146.69481754302979,601.8341255187988,282.89613246917725,,,,,,,,0,93.28810979867116,1.0852933011041188,0.2932747662377596,1.3605517481121643,0,0,166.46843464167839,175.68438831170914,179.93438939407156,0,0,0,0,0
273,9.066666666666666,1,1,627.2428512573242,241.20317459106445,577.827033996582,327.36865997314453,554.2153930664062,343.1576156616211,515.4696273803711,146.41961574554443,602.5349426269531,284.2859172821045,,,,,,,,0,93.75907269777767,1.0594155935380516,0.3029492155125902,1.3375793313438504,0,0,167.8292107576443,176.90946158819432,179.94065297455344,0,0,0,0,0
274,9.1,0,1,627.2428512573242,241.20317459106445,577.827033996582,327.36865997314453,554.2153930664062,343.1576156616211,515.4696273803711,146.41961574554443,602.5349426269531,284.2859172821045,,,,,,,,0,93.75907269777767,1.0594155935380516,0.3029492155125902,1.3375793313438504,0,0,167.8292107576443,176.90946158819432,179.94065297455344,0,0,0,0,0
275,9.133333333333333,0,1,627.2428512573242,241.20317459106445,577.827033996582,327.36865997314453,554.2153930664062,343.1576156616211,515.4696273803711,146.41961574554443,602.5349426269531,284.2859172821045,,,,,,,,0,93.75907269777767,1.0594155935380516,0.3029492155125902,1.3375793313438504,0,0,167.8292107576443,176.90946158819432,179.94065297455344,0,0,0,0,0
276,9.166666666666666,1,1,626.8731689453125,239.8960018157959,578.4975433349609,327.09869384765625,554.5590972900391,342.874231338501,515.7685089111328,147.54552841186523,602.6853561401367,283.4973478317261,,,,,,,,0,92.95172994769375,1.0728382070462716,0.30842988156871204,1.3537412386635657,0,0,169.01453748593312,176.85228408101008,179.88635908459844,0,0,0,0,0
277,9.2,0,1,626.8731689453125,239.8960018157959,578.4975433349609,327.09869384765625,554.5590972900391,342.874231338501,515.7685089111328,147.54552841186523,602.6853561401367,283.4973478317261,,,,,,,,0,92.95172994769375,1.0728382070462716,0.30842988156871204,1.3537412386635657,0,0,169.01453748593312,176.85228408101008,179.88635908459844,0,0,0,0,0
278,9.233333333333333,0,1,626.8731689453125,239.8960018157959,578.4975433349609,327.09869384765625,554.5590972900391,342.874231338501,515.7685089111328,147.54552841186523,602.6853561401367,283.4973478317261,,,,,,,,0,92.95172994769375,1.0728382070462716,0.30842988156871204,1.3537412386635657,0,0,169.01453748593312,176.85228408101008,179.88635908459844,0,0,0,0,0
279,9.266666666666667,1,1,627.8009796142578,239.45058345794678,578.0521011352539,327.4024486541748,554.2726516723633,343.348388671875,514.8828506469727,147.0787811279297,602.9265403747559,283.4265160560608,,,,,,,,0,92.8394394482986,1.088405184525926,0.3083928410241548,1.3710101365333023,0,0,170.0951356755304,177.39668759048604,179.0683275832461,0,0,0,0,0
280,9.3,0,1,627.8009796142578,239.45058345794678,578.0521011352539,327.4024486541748,554.2726516723633,343.348388671875,514.8828506469727,147.0787811279297,602.9265403747559,283.4265160560608,,,,,,,,0,92.8394394482986,1.088405184525926,0.3083928410241548,1.3710101365333023,0,0,170.0951356755304,177.39668759048604,179.0683275832461,0,0,0,0,0
281,9.333333333333334,0,1,627.8009796142578,239.45058345794678,578.0521011352539,327.4024486541748,554.2726516723633,343.348388671875,514.8828506469727,147.0787811279297,602.9265403747559,283.4265160560608,,,,,,,,0,92.8394394482986,1.088405184525926,0.3083928410241548,1.3710101365333023,0,0,170.0951356755304,177.39668759048604,179.0683275832461,0,0,0,0,0
282,9.366666666666667,1,1,627.2341156005859,239.76712703704834,577.9117202758789,327.6228904724121,554.0138626098633,343.538818359375,514.4672012329102,148.37614059448242,602.5729179382324,283.6950087547302,,,,,,,,0,92.19866997972795,1.0927904706873082,0.3114230488450493,1.377493070120963,0,0,170.1373344379564,176.69725435550612,179.32016240290253,0,0,0,0,0
283,9.4,0,1,627.2341156005859,239.76712703704834,577.9117202758789,327.6228904724121,554.0138626098633,343.538818359375,514.4672012329102,148.37614059448242,602.5729179382324,283.6950087547302,,,,,,,,0,92.19866997972795,1.0927904706873082,0.3114230488450493,1.377493070120963,0,0,170.1373344379564,176.69725435550612,179.32016240290253,0,0,0,0,0
284,9.433333333333334,0,1,627.2341156005859,239.76712703704834,577.9117202758789,327.6228904724121,554.0138626098633,343.538818359375,514.4672012329102,148.37614059448242,602.5729179382324,283.6950087547302,,,,,,,,0,92.19866997972795,1.0927904706873082,0.3114230488450493,1.377493070120963,0,0,170.1373344379564,176.69725435550612,179.32016240290253,0,0,0,0,0
285,9.466666666666667,1,1,627.0698547363281,239.38450813293457,577.9264831542969,328.14723014831543,554.1350173950195,343.5533809661865,514.2527770996094,149.15356636047363,602.4981689453125,283.765869140625,,,,,,,,0,91.41271933862566,1.109898260674648,0.31006645102607544,1.3910957928667935,0,0,170.84218959317425,176.40032653111092,179.70791692016053,0,0,0,0,0
286,9.5,0,1,627.0698547363281,239.38450813293457,577.9264831542969,328.14723014831543,554.1350173950195,343.5533809661865,514.2527770996094,149.15356636047363,602.4981689453125,283.765869140625,,,,,,,,0,91.41271933862566,1.109898260674648,0.31006645102607544,1.3910957928667935,0,0,170.84218959317425,176.40032653111092,179.70791692016053,0,0,0,0,0
287,9.533333333333333,0,1,627.0698547363281,239.38450813293457,577.9264831542969,328.14723014831543,554.1350173950195,343.5533809661865,514.2527770996094,149.15356636047363,602.4981689453125,283.765869140625,,,,,,,,0,91.41271933862566,1.109898260674648,0.31006645102607544,1.3910957928667935,0,0,170.84218959317425,176.40032653111092,179.70791692016053,0,0,0,0,0
288,9.566666666666666,1,1,627.9514312744141,239.99197483062744,578.7409973144531,327.19505310058594,554.6035385131836,344.1126251220703,514.4744491577148,148.72076511383057,603.3462142944336,283.5935139656067,,,,,,,,0,92.29052014809128,1.0849449490248824,0.31938028288362114,1.3800093500540553,0,0,170.3234993200919,176.58092332824015,179.60188726744522,0,0,0,0,0
289,9.6,0,1,627.9514312744141,239.99197483062744,578.7409973144531,327.19505310058594,554.6035385131836,344.1126251220703,514.4744491577148,148.72076511383057,603.3462142944336,283.5935139656067,,,,,,,,0,92.29052014809128,1.0849449490248824,0.31938028288362114,1.3800093500540553,0,0,170.3234993200919,176.58092332824015,179.60188726744522,0,0,0,0,0
290,9.633333333333333,0,1,627.9514312744141,239.99197483062744,578.7409973144531,327.19505310058594,554.6035385131836,344.1126251220703,514.4744491577148,148.72076511383057,603.3462142944336,283.5935139656067,,,,,,,,0,92.29052014809128,1.0849449490248824,0.31938028288362114,1.3800093500540553,0,0,170.3234993200919,176.58092332824015,179.60188726744522,0,0,0,0,0
291,9.666666666666666,1,1,627.0305633544922,239.61615085601807,577.6467895507812,327.39166259765625,554.0820693969727,342.97359466552734,514.0830230712891,148.11211109161377,602.3386764526367,283.50390672683716,,,,,,,,0,93.71812567891463,1.0746473919163504,0.3014415119047346,1.349876345785067,0,0,168.35271748549346,176.29752003871548,179.9557653398252,0,0,0,0,0
292,9.7,0,1,627.0305633544922,239.61615085601807,577.6467895507812,327.39166259765625,554.0820693969727,342.97359466552734,514.0830230712891,148.11211109161377,602.3386764526367,283.50390672683716,,,,,,,,0,93.71812567891463,1.0746473919163504,0.3014415119047346,1.349876345785067,0,0,168.35271748549346,176.29752003871548,179.9557653398252,0,0,0,0,0
293,9.733333333333333,0,1,627.0305633544922,239.61615085601807,577.6467895507812,327.39166259765625,554.0820693969727,342.97359466552734,514.0830230712891,148.11211109161377,602.3386764526367,283.50390672683716,,,,,,,,0,93.71812567891463,1.0746473919163504,0.3014415119047346,1.349876345785067,0,0,168.35271748549346,176.29752003871548,179.9557653398252,0,0,0,0,0
294,9.766666666666667,1,1,628.2937240600586,239.85325813293457,578.5305404663086,328.2666492462158,554.4460296630859,343.7204647064209,514.8072814941406,149.60798263549805,603.4121322631836,284.0599536895752,,,,,,,,0,92.4849205378941,1.0969995092433036,0.3094142309275666,1.37799360419852,0,0,170.1410834558746,176.9668768384935,179.7659320227411,0,0,0,0,0
295,9.8,0,1,628.2937240600586,239.85325813293457,578.5305404663086,328.2666492462158,554.4460296630859,343.7204647064209,514.8072814941406,149.60798263549805,603.4121322631836,284.0599536895752,,,,,,,,0,92.4849205378941,1.0969995092433036,0.3094142309275666,1.37799360419852,0,0,170.1410834558746,176.9668768384935,179.7659320227411,0,0,0,0,0
296,9.833333333333334,0,1,628.2937240600586,239.85325813293457,578.5305404663086,328.2666492462158,554.4460296630859,343.7204647064209,514.8072814941406,149.60798263549805,603.4121322631836,284.0599536895752,,,,,,,,0,92.4849205378941,1.0969995092433036,0.3094142309275666,1.37799360419852,0,0,170.1410834558746,176.9668768384935,179.7659320227411,0,0,0,0,0
297,9.866666666666667,1,1,626.7039108276367,240.51761627197266,579.3088150024414,328.91175270080566,554.3275833129883,343.49461555480957,514.9914932250977,147.658052444458,603.0063629150391,284.71468448638916,,,,,,,,0,92.27640916782975,1.0869370326895424,0.31347279970948166,1.3640254585783889,0,0,169.65999010055256,177.00872997487588,179.82195885998775,0,0,0,0,0
298,9.9,0,1,626.7039108276367,240.51761627197266,579.3088150024414,328.91175270080566,554.3275833129883,343.49461555480957,514.9914932250977,147.658052444458,603.0063629150391,284.71468448638916,,,,,,,,0,92.27640916782975,1.0869370326895424,0.31347279970948166,1.3640254585783889,0,0,169.65999010055256,177.00872997487588,179.82195885998775,0,0,0,0,0
299,9.933333333333334,0,1,626.7039108276367,240.51761627197266,579.3088150024414,328.91175270080566,554.3275833129883,343.49461555480957,514.9914932250977,147.658052444458,603.0063629150391,284.71468448638916,,,,,,,,0,92.27640916782975,1.0869370326895424,0.31347279970948166,1.3640254585783889,0,0,169.65999010055256,177.00872997487588,179.82195885998775,0,0,0,0,0
300,9.966666666666667,1,1,627.2414398193359,239.91382598876953,577.9579162597656,328.4024906158447,554.2203521728516,343.52574348449707,514.435920715332,148.8017749786377,602.5996780395508,284.15815830230713,,,,,,,,0,92.73220636011482,1.0922554964113986,0.30351673329684803,1.3669218280683564,0,0,170.86603849969796,176.37323155627325,179.65338485706658,0,0,0,0,0
301,10.0,0,1,627.2414398193359,239.91382598876953,577.9579162597656,328.4024906158447,554.2203521728516,343.52574348449707,514.435920715332,148.8017749786377,602.5996780395508,284.15815830230713,,,,,,,,0,92.73220636011482,1.0922554964113986,0.30351673329684803,1.3669218280683564,0,0,170.86603849969796,176.37323155627325,179.65338485706658,0,0,0,0,0
302,10.033333333333333,0,1,627.2414398193359,239.91382598876953,577.9579162597656,328.4024906158447,554.2203521728516,343.52574348449707,514.435920715332,148.8017749786377,602.5996780395508,284.15815830230713,,,,,,,,0,92.73220636011482,1.0922554964113986,0.30351673329684803,1.3669218280683564,0,0,170.86603849969796,176.37323155627325,179.65338485706658,0,0,0,0,0
303,10.066666666666666,1,1,626.7642974853516,241.04204177856445,577.6826858520508,328.0594825744629,554.1082763671875,343.7654972076416,514.4926452636719,148.95532608032227,602.2234916687012,284.5507621765137,,,,,,,,0,90.62913518630782,1.1023513887762462,0.312562014162104,1.388309887826166,0,0,171.12905093080278,176.7131195441099,179.84804891154332,0,0,0,0,0
304,10.1,0,1,626.7642974853516,241.04204177856445,577.6826858520508,328.0594825744629,554.1082763671875,343.7654972076416,514.4926452636719,148.95532608032227,602.2234916687012,284.5507621765137,,,,,,,,0,90.62913518630782,1.1023513887762462,0.312562014162104,1.388309887826166,0,0,171.12905093080278,176.7131195441099,179.84804891154332,0,0,0,0,0
305,10.133333333333333,0,1,626.7642974853516,241.04204177856445,577.6826858520508,328.0594825744629,554.1082763671875,343.7654972076416,514.4926452636719,148.95532608032227,602.2234916687012,284.5507621765137,,,,,,,,0,90.62913518630782,1.1023513887762462,0.312562014162104,1.388309887826166,0,0,171.12905093080278,176.7131195441099,179.84804891154332,0,0,0,0,0
306,10.166666666666666,1,1,626.224365234375,239.8720407485962,577.071647644043,327.67407417297363,554.4023895263672,343.4626865386963,514.4054794311523,148.16612720489502,601.648006439209,283.7730574607849,,,,,,,,0,92.64636188819973,1.0861083452325166,0.29818366796687,1.3605848365022835,0,0,170.54825885428713,176.12096167537774,179.83214121092675,0,0,0,0,0
307,10.2,0,1,626.224365234375,239.8720407485962,577.071647644043,327.67407417297363,554.4023895263672,343.4626865386963,514.4054794311523,148.16612720489502,601.648006439209,283.7730574607849,,,,,,,,0,92.64636188819973,1.0861083452325166,0.29818366796687,1.3605848365022835,0,0,170.54825885428713,176.12096167537774,179.83214121092675,0,0,0,0,0
308,10.233333333333333,0,1,626.224365234375,239.8720407485962,577.071647644043,327.67407417297363,554.4023895263672,343.4626865386963,514.4054794311523,148.16612720489502,601.648006439209,283.7730574607849,,,,,,,,0,92.64636188819973,1.0861083452325166,0.29818366796687,1.3605848365022835,0,0,170.54825885428713,176.12096167537774,179.83214121092675,0,0,0,0,0
309,10.266666666666667,1,1,626.5287780761719,240.63125610351562,579.1017150878906,327.91643142700195,554.1863250732422,343.9101791381836,514.2863082885742,147.00093269348145,602.8152465820312,284.2738437652588,,,,,,,,0,92.77196710529597,1.0707754962782,0.31913774903272013,1.3591936554534034,0,0,170.14720855874663,176.73835205747656,179.83214121092675,0,0,0,0,0
310,10.3,0,1,626.5287780761719,240.63125610351562,579.1017150878906,327.91643142700195,554.1863250732422,343.9101791381836,514.2863082885742,147.00093269348145,602.8152465820312,284.2738437652588,,,,,,,,0,92.77196710529597,1.0707754962782,0.31913774903272013,1.3591936554534034,0,0,170.14720855874663,176.73835205747656,179.83214121092675,0,0,0,0,0
311,10.333333333333334,0,1,626.5287780761719,240.63125610351562,579.1017150878906,327.91643142700195,554.1863250732422,343.9101791381836,514.2863082885742,147.00093269348145,602.8152465820312,284.2738437652588,,,,,,,,0,92.77196710529597,1.0707754962782,0.31913774903272013,1.3591936554534034,0,0,170.14720855874663,176.73835205747656,179.83214121092675,0,0,0,0,0
312,10.366666666666667,1,1,636.435432434082,232.96252727508545,587.7370452880859,327.322940826416,552.6812362670898,344.41165924072266,510.91197967529297,147.66870975494385,612.086238861084,280.14273405075073,,,,,,,,0,93.24336256046023,1.1388025945810172,0.41825126549927255,1.4951400692352346,0,0,173.28516085839388,177.15510619274372,178.18997567042382,0,0,0,0,0
313,10.4,0,1,636.435432434082,232.96252727508545,587.7370452880859,327.322940826416,552.6812362670898,344.41165924072266,510.91197967529297,147.66870975494385,612.086238861084,280.14273405075073,,,,,,,,0,93.24336256046023,1.1388025945810172,0.41825126549927255,1.4951400692352346,0,0,173.28516085839388,177.15510619274372,178.18997567042382,0,0,0,0,0
314,10.433333333333334,0,1,636.435432434082,232.96252727508545,587.7370452880859,327.322940826416,552.6812362670898,344.41165924072266,510.91197967529297,147.66870975494385,612.086238861084,280.14273405075073,,,,,,,,0,93.24336256046023,1.1388025945810172,0.41825126549927255,1.4951400692352346,0,0,173.28516085839388,177.15510619274372,178.18997567042382,0,0,0,0,0
315,10.466666666666667,1,1,629.0896987915039,222.70036697387695,589.4952011108398,321.5859603881836,552.9213333129883,341.94860458374023,499.4652557373047,145.52525997161865,609.2924499511719,272.1431636810303,,,,,,,,0,96.387407226198,1.105102891005023,0.43429225459087256,1.4680162060256954,0,0,178.14786537053857,178.31367587093783,179.8298258062168,0,0,0,0,0
316,10.5,0,1,629.0896987915039,222.70036697387695,589.4952011108398,321.5859603881836,552.9213333129883,341.94860458374023,499.4652557373047,145.52525997161865,609.2924499511719,272.1431636810303,,,,,,,,0,96.387407226198,1.105102891005023,0.43429225459087256,1.4680162060256954,0,0,178.14786537053857,178.31367587093783,179.8298258062168,0,0,0,0,0
317,10.533333333333333,0,1,629.0896987915039,222.70036697387695,589.4952011108398,321.5859603881836,552.9213333129883,341.94860458374023,499.4652557373047,145.52525997161865,609.2924499511719,272.1431636810303,,,,,,,,0,96.387407226198,1.105102891005023,0.43429225459087256,1.4680162060256954,0,0,178.14786537053857,178.31367587093783,179.8298258062168,0,0,0,0,0
318,10.566666666666666,1,1,613.7762069702148,209.43729400634766,587.2473907470703,303.09574127197266,555.4522323608398,322.8959369659424,489.29325103759766,140.8919620513916,600.5117988586426,256.26651763916016,,,,,,,,0,92.09554908376325,1.056979626699366,0.4067120826751392,1.3852107351726142,0,0,175.26827624694744,177.94109965112725,175.09100262179157,0,0,0,0,0
319,10.6,0,1,613.7762069702148,209.43729400634766,587.2473907470703,303.09574127197266,555.4522323608398,322.8959369659424,489.29325103759766,140.8919620513916,600.5117988586426,256.26651763916016,,,,,,,,0,92.09554908376325,1.056979626699366,0.4067120826751392,1.3852107351726142,0,0,175.26827624694744,177.94109965112725,175.09100262179157,0,0,0,0,0
320,10.633333333333333,0,1,613.7762069702148,209.43729400634766,587.2473907470703,303.09574127197266,555.4522323608398,322.8959369659424,489.29325103759766,140.8919620513916,600.5117988586426,256.26651763916016,,,,,,,,0,92.09554908376325,1.056979626699366,0.4067120826751392,1.3852107351726142,0,0,175.26827624694744,177.94109965112725,175.09100262179157,0,0,0,0,0
321,10.666666666666666,1,1,617.6860809326172,193.5606050491333,595.7909774780273,281.01207733154297,568.2545471191406,299.0466785430908,493.0293273925781,133.68876457214355,606.7385292053223,237.28634119033813,,,,,,,,0,82.79892489245822,1.0887911661214706,0.3975485085051593,1.4069473283443628,0,0,175.9288819229405,178.43264530902545,170.80903248715018,0,0,0,0,0
322,10.7,0,1,617.6860809326172,193.5606050491333,595.7909774780273,281.01207733154297,568.2545471191406,299.0466785430908,493.0293273925781,133.68876457214355,606.7385292053223,237.28634119033813,,,,,,,,0,82.79892489245822,1.0887911661214706,0.3975485085051593,1.4069473283443628,0,0,175.9288819229405,178.43264530902545,170.80903248715018,0,0,0,0,0
323,10.733333333333333,0,1,617.6860809326172,193.5606050491333,595.7909774780273,281.01207733154297,568.2545471191406,299.0466785430908,493.0293273925781,133.68876457214355,606.7385292053223,237.28634119033813,,,,,,,,0,82.79892489245822,1.0887911661214706,0.3975485085051593,1.4069473283443628,0,0,175.9288819229405,178.43264530902545,170.80903248715018,0,0,0,0,0
324,10.766666666666667,1,1,617.8995513916016,186.04657173156738,601.4291000366211,255.0725555419922,584.8648452758789,274.42614555358887,496.7314910888672,124.20802116394043,609.6643257141113,220.55956363677979,,,,,,,,0,75.04615684505006,0.9456021751360711,0.33944738791142715,1.2572487541612223,0,0,169.10931528321163,179.26484739471988,170.59295072606088,0,0,0,0,0
325,10.8,0,1,617.8995513916016,186.04657173156738,601.4291000366211,255.0725555419922,584.8648452758789,274.42614555358887,496.7314910888672,124.20802116394043,609.6643257141113,220.55956363677979,,,,,,,,0,75.04615684505006,0.9456021751360711,0.33944738791142715,1.2572487541612223,0,0,169.10931528321163,179.26484739471988,170.59295072606088,0,0,0,0,0
326,10.833333333333334,0,1,617.8995513916016,186.04657173156738,601.4291000366211,255.0725555419922,584.8648452758789,274.42614555358887,496.7314910888672,124.20802116394043,609.6643257141113,220.55956363677979,,,,,,,,0,75.04615684505006,0.9456021751360711,0.33944738791142715,1.2572487541612223,0,0,169.10931528321163,179.26484739471988,170.59295072606088,0,0,0,0,0
327,10.866666666666667,1,1,621.0881805419922,165.51133632659912,609.6310043334961,213.25997829437256,599.2543029785156,221.88184261322021,500.04695892333984,100.90717792510986,615.3595924377441,189.38565731048584,,,,,,,,0,78.09034452225713,0.6288097271892537,0.17276399540586104,0.7741192393906879,0,0,164.75561868159804,177.5224291075439,165.35823803136657,0,0,0,0,0
328,10.9,0,1,621.0881805419922,165.51133632659912,609.6310043334961,213.25997829437256,599.2543029785156,221.88184261322021,500.04695892333984,100.90717792510986,615.3595924377441,189.38565731048584,,,,,,,,0,78.09034452225713,0.6288097271892537,0.17276399540586104,0.7741192393906879,0,0,164.75561868159804,177.5224291075439,165.35823803136657,0,0,0,0,0
329,10.933333333333334,0,1,621.0881805419922,165.51133632659912,609.6310043334961,213.25997829437256,599.2543029785156,221.88184261322021,500.04695892333984,100.90717792510986,615.3595924377441,189.38565731048584,,,,,,,,0,78.09034452225713,0.6288097271892537,0.17276399540586104,0.7741192393906879,0,0,164.75561868159804,177.5224291075439,165.35823803136657,0,0,0,0,0
330,10.966666666666667,1,1,617.0412063598633,130.49350261688232,612.613639831543,158.00206661224365,597.5023651123047,168.74078750610352,497.2049331665039,68.4148120880127,614.8274230957031,144.247784614563,73.69673560108927,51.22943878173828,33.45062255859375,61.18332736497233,0.6951385073422586,0.45389558011982467,0.8302040363924614,15,74.7253214154285,0.3728669044020837,0.2480867065125229,0.5747590211744561,1,1,161.14146325093895,147.1859222089108,139.9250604002512,0,0,0,0,0
331,11.0,0,1,617.0412063598633,130.49350261688232,612.613639831543,158.00206661224365,597.5023651123047,168.74078750610352,497.2049331665039,68.4148120880127,614.8274230957031,144.247784614563,73.69673560108927,51.22943878173828,33.45062255859375,61.18332736497233,0.6951385073422586,0.45389558011982467,0.8302040363924614,15,74.7253214154285,0.3728669044020837,0.2480867065125229,0.5747590211744561,1,2,161.14146325093895,147.1859222089108,139.9250604002512,0,0,0,0,0
332,11.033333333333333,0,1,617.0412063598633,130.49350261688232,612.613639831543,158.00206661224365,597.5023651123047,168.74078750610352,497.2049331665039,68.4148120880127,614.8274230957031,144.247784614563,73.69673560108927,51.22943878173828,33.45062255859375,61.18332736497233,0.6951385073422586,0.45389558011982467,0.8302040363924614,15,74.7253214154285,0.3728669044020837,0.2480867065125229,0.5747590211744561,1,3,161.14146325093895,147.1859222089108,139.9250604002512,0,0,0,0,0
333,11.066666666666666,1,1,599.2905426025391,94.13213968276978,595.7945251464844,112.72800922393799,575.6367874145508,114.6911072731018,478.0464172363281,33.87105345726013,597.5425338745117,103.43007445335388,73.69673560108927,51.22943878173828,33.45062255859375,61.18332736497233,0.6951385073422586,0.45389558011982467,0.8302040363924614,15,76.17770087729865,0.2483881882161204,0.26586654441536456,0.4114013901702183,1,4,163.6432639234353,134.23663645076178,114.4244310227811,-1,-1,0,0,0
334,11.1,0,1,599.2905426025391,94.13213968276978,595.7945251464844,112.72800922393799,575.6367874145508,114.6911072731018,478.0464172363281,33.87105345726013,597.5425338745117,103.43007445335388,73.69673560108927,51.22943878173828,33.45062255859375,61.18332736497233,0.6951385073422586,0.45389558011982467,0.8302040363924614,15,76.17770087729865,0.2483881882161204,0.26586654441536456,0.4114013901702183,1,5,163.6432639234353,134.23663645076178,114.4244310227811,0,0,0,0,0
335,11.133333333333333,0,1,599.2905426025391,94.13213968276978,595.7945251464844,112.72800922393799,575.6367874145508,114.6911072731018,478.0464172363281,33.87105345726013,597.5425338745117,103.43007445335388,73.69673560108927,51.22943878173828,33.45062255859375,61.18332736497233,0.6951385073422586,0.45389558011982467,0.8302040363924614,15,76.17770087729865,0.2483881882161204,0.26586654441536456,0.4114013901702183,1,6,163.6432639234353,134.23663645076178,114.4244310227811,0,0,0,0,0
336,11.166666666666666,1,1,567.6857376098633,69.29183721542358,564.0975952148438,78.10808658599854,545.6629943847656,82.23600625991821,455.92906951904297,3.5924164205789566,565.8916664123535,73.69996190071106,73.69673560108927,51.22943878173828,33.45062255859375,61.18332736497233,0.6951385073422586,0.45389558011982467,0.8302040363924614,15,71.49585407977695,0.13313298886707528,0.26422672074387954,0.35729500712808576,1,7,157.64766681799054,119.87438315879902,109.97673215336506,-1,-1,0,0,0
337,11.2,0,1,567.6857376098633,69.29183721542358,564.0975952148438,78.10808658599854,545.6629943847656,82.23600625991821,455.92906951904297,3.5924164205789566,565.8916664123535,73.69996190071106,73.69673560108927,51.22943878173828,33.45062255859375,61.18332736497233,0.6951385073422586,0.45389558011982467,0.8302040363924614,15,71.49585407977695,0.13313298886707528,0.26422672074387954,0.35729500712808576,1,8,157.64766681799054,119.87438315879902,109.97673215336506,0,0,0,0,0
338,11.233333333333333,0,1,567.6857376098633,69.29183721542358,564.0975952148438,78.10808658599854,545.6629943847656,82.23600625991821,455.92906951904297,3.5924164205789566,565.8916664123535,73.69996190071106,73.69673560108927,51.22943878173828,33.45062255859375,61.18332736497233,0.6951385073422586,0.45389558011982467,0.8302040363924614,15,71.49585407977695,0.13313298886707528,0.26422672074387954,0.35729500712808576,1,9,157.64766681799054,119.87438315879902,109.97673215336506,0,0,0,0,0
339,11.266666666666667,1,1,526.9355010986328,53.39679837226868,523.7322998046875,70.66082954406738,507.6109313964844,74.2562198638916,419.81361389160156,-13.849566578865051,525.3339004516602,62.02881395816803,73.69673560108927,51.22943878173828,33.45062255859375,61.18332736497233,0.6951385073422586,0.45389558011982467,0.8302040363924614,15,65.22013444730021,0.2692217814566733,0.2532565413156635,0.4359864063102349,1,10,165.08966761649214,131.29582461985493,121.33282995336575,-1,-1,0,0,0
340,11.3,0,1,526.9355010986328,53.39679837226868,523.7322998046875,70.66082954406738,507.6109313964844,74.2562198638916,419.81361389160156,-13.849566578865051,525.3339004516602,62.02881395816803,73.69673560108927,51.22943878173828,33.45062255859375,61.18332736497233,0.6951385073422586,0.45389558011982467,0.8302040363924614,15,65.22013444730021,0.2692217814566733,0.2532565413156635,0.4359864063102349,1,11,165.08966761649214,131.29582461985493,121.33282995336575,0,0,0,0,0
341,11.333333333333334,0,1,526.9355010986328,53.39679837226868,523.7322998046875,70.66082954406738,507.6109313964844,74.2562198638916,419.81361389160156,-13.849566578865051,525.3339004516602,62.02881395816803,73.69673560108927,51.22943878173828,33.45062255859375,61.18332736497233,0.6951385073422586,0.45389558011982467,0.8302040363924614,15,65.22013444730021,0.2692217814566733,0.2532565413156635,0.4359864063102349,1,12,165.08966761649214,131.29582461985493,121.33282995336575,0,0,0,0,0
342,11.366666666666667,1,1,479.3726348876953,53.270970582962036,466.49505615234375,50.10285973548889,456.89491271972656,55.801591873168945,379.7657775878906,-7.764768004417419,472.93384552001953,51.686915159225464,73.69673560108927,51.22943878173828,33.45062255859375,61.18332736497233,0.6951385073422586,0.45389558011982467,0.8302040363924614,15,73.69673560108927,0.17994771944658883,0.15148774837155382,0.30692983290974063,1,13,152.73742294171117,84.68163653791147,100.49629223944646,-1,-1,0,0,0
343,11.4,0,1,479.3726348876953,53.270970582962036,466.49505615234375,50.10285973548889,456.89491271972656,55.801591873168945,379.7657775878906,-7.764768004417419,472.93384552001953,51.686915159225464,73.69673560108927,51.22943878173828,33.45062255859375,61.18332736497233,0.6951385073422586,0.45389558011982467,0.8302040363924614,15,73.69673560108927,0.17994771944658883,0.15148774837155382,0.30692983290974063,1,14,152.73742294171117,84.68163653791147,100.49629223944646,0,0,0,0,0
344,11.433333333333334,0,1,479.3726348876953,53.270970582962036,466.49505615234375,50.10285973548889,456.89491271972656,55.801591873168945,379.7657775878906,-7.764768004417419,472.93384552001953,51.686915159225464,73.69673560108927,51.22943878173828,33.45062255859375,61.18332736497233,0.6951385073422586,0.45389558011982467,0.8302040363924614,15,73.69673560108927,0.17994771944658883,0.15148774837155382,0.30692983290974063,1,15,152.73742294171117,84.68163653791147,100.49629223944646,0,0,0,0,0
345,11.466666666666667,1,0,,,,,,,,,,,,,,,,,,0,,,,,0,15,,,,0,0,0,0,0
346,11.5,0,0,,,,,,,,,,,,,,,,,,0,,,,,0,15,,,,0,0,0,0,0
347,11.533333333333333,0,0,,,,,,,,,,,,,,,,,,0,,,,,0,15,,,,0,0,0,0,0
348,11.566666666666666,1,0,,,,,,,,,,,,,,,,,,0,,,,,0,15,,,,0,0,0,0,0
349,11.6,0,0,,,,,,,,,,,,,,,,,,0,,,,,0,15,,,,0,0,0,0,0
350,11.633333333333333,0,0,,,,,,,,,,,,,,,,,,0,,,,,0,15,,,,0,0,0,0,0
351,11.666666666666666,1,0,,,,,,,,,,,,,,,,,,0,,,,,0,15,,,,0,0,0,0,0
352,11.7,0,0,,,,,,,,,,,,,,,,,,0,,,,,0,15,,,,0,0,0,0,0
353,11.733333333333333,0,0,,,,,,,,,,,,,,,,,,0,,,,,0,15,,,,0,0,0,0,0
354,11.766666666666667,1,1,231.24040603637695,132.03253269195557,229.76003646850586,143.92443180084229,216.67205810546875,135.5140256881714,194.87049102783203,-17.92423367500305,230.5002212524414,137.97848224639893,109.29184569512026,6.85215950012207,12.817584991455078,14.534186417831842,0.06269598117353425,0.11727851158457805,0.1329850944083816,84,95.46491620207686,0.1255297512284448,0.1629637096260195,0.15690130418048862,1,16,176.66651361573813,135.17626855610115,123.99846297299425,0,0,0,0,0
355,11.8,0,1,231.24040603637695,132.03253269195557,229.76003646850586,143.92443180084229,216.67205810546875,135.5140256881714,194.87049102783203,-17.92423367500305,230.5002212524414,137.97848224639893,109.29184569512026,6.85215950012207,12.817584991455078,14.534186417831842,0.06269598117353425,0.11727851158457805,0.1329850944083816,84,95.46491620207686,0.1255297512284448,0.1629637096260195,0.15690130418048862,1,17,176.66651361573813,135.17626855610115,123.99846297299425,0,0,0,0,0
356,11.833333333333334,0,1,231.24040603637695,132.03253269195557,229.76003646850586,143.92443180084229,216.67205810546875,135.5140256881714,194.87049102783203,-17.92423367500305,230.5002212524414,137.97848224639893,109.29184569512026,6.85215950012207,12.817584991455078,14.534186417831842,0.06269598117353425,0.11727851158457805,0.1329850944083816,84,95.46491620207686,0.1255297512284448,0.1629637096260195,0.15690130418048862,1,18,176.66651361573813,135.17626855610115,123.99846297299425,0,0,0,0,0
357,11.866666666666667,1,1,214.51238632202148,160.02087593078613,207.07801818847656,177.5312089920044,189.6763038635254,165.73641300201416,169.5427131652832,3.048092946410179,210.79520225524902,168.77604246139526,109.29184569512026,6.85215950012207,12.817584991455078,14.534186417831842,0.06269598117353425,0.11727851158457805,0.1329850944083816,84,102.88672286781465,0.18489446598080073,0.20432466017667797,0.2477021029386469,1,19,176.84433328334904,143.52796861834017,130.2251416158847,-1,1,0,0,0
358,11.9,0,1,214.51238632202148,160.02087593078613,207.07801818847656,177.5312089920044,189.6763038635254,165.73641300201416,169.5427131652832,3.048092946410179,210.79520225524902,168.77604246139526,109.29184569512026,6.85215950012207,12.817584991455078,14.534186417831842,0.06269598117353425,0.11727851158457805,0.1329850944083816,84,102.88672286781465,0.18489446598080073,0.20432466017667797,0.2477021029386469,1,20,176.84433328334904,143.52796861834017,130.2251416158847,0,0,0,0,0
359,11.933333333333334,0,1,214.51238632202148,160.02087593078613,207.07801818847656,177.5312089920044,189.6763038635254,165.73641300201416,169.5427131652832,3.048092946410179,210.79520225524902,168.77604246139526,109.29184569512026,6.85215950012207,12.817584991455078,14.534186417831842,0.06269598117353425,0.11727851158457805,0.1329850944083816,84,102.88672286781465,0.18489446598080073,0.20432466017667797,0.2477021029386469,1,21,176.84433328334904,143.52796861834017,130.2251416158847,0,0,0,0,0
360,11.966666666666667,1,1,215.10908126831055,176.06862545013428,216.35412216186523,205.16733169555664,196.08043670654297,191.0617160797119,153.7870979309082,20.942734479904175,215.7316017150879,190.61797857284546,109.29184569512026,6.85215950012207,12.817584991455078,14.534186417831842,0.06269598117353425,0.11727851158457805,0.1329850944083816,84,107.05994577047187,0.27204693148459963,0.2306930934744245,0.22628116475279175,1,22,174.12924153982473,151.98924692011926,131.1034965124922,1,1,1,0,1
361,12.0,0,1,215.10908126831055,176.06862545013428,216.35412216186523,205.16733169555664,196.08043670654297,191.0617160797119,153.7870979309082,20.942734479904175,215.7316017150879,190.61797857284546,109.29184569512026,6.85215950012207,12.817584991455078,14.534186417831842,0.06269598117353425,0.11727851158457805,0.1329850944083816,84,107.05994577047187,0.27204693148459963,0.2306930934744245,0.22628116475279175,1,23,174.12924153982473,151.98924692011926,131.1034965124922,0,0,1,0,1
362,12.033333333333333,0,1,215.10908126831055,176.06862545013428,216.35412216186523,205.16733169555664,196.08043670654297,191.0617160797119,153.7870979309082,20.942734479904175,215.7316017150879,190.61797857284546,109.29184569512026,6.85215950012207,12.817584991455078,14.534186417831842,0.06269598117353425,0.11727851158457805,0.1329850944083816,84,107.05994577047187,0.27204693148459963,0.2306930934744245,0.22628116475279175,1,24,174.12924153982473,151.98924692011926,131.1034965124922,0,0,1,0,1
363,12.066666666666666,1,1,223.56014251708984,181.54709815979004,231.9338607788086,215.69561004638672,210.1700782775879,204.3784761428833,152.57247924804688,35.19894003868103,227.74700164794922,198.62135410308838,109.29184569512026,6.85215950012207,12.817584991455078,14.534186417831842,0.06269598117353425,0.11727851158457805,0.1329850944083816,84,107.84159490330833,0.32603565550184566,0.2274668156830882,0.24543591538009168,1,25,175.2426361912209,158.26043047679653,129.70526599969904,1,1,1,0,1
364,12.1,0,1,223.56014251708984,181.54709815979004,231.9338607788086,215.69561004638672,210.1700782775879,204.3784761428833,152.57247924804688,35.19894003868103,227.74700164794922,198.62135410308838,109.29184569512026,6.85215950012207,12.817584991455078,14.534186417831842,0.06269598117353425,0.11727851158457805,0.1329850944083816,84,107.84159490330833,0.32603565550184566,0.2274668156830882,0.24543591538009168,1,26,175.2426361912209,158.26043047679653,129.70526599969904,0,0,1,0,1
365,12.133333333333333,0,1,223.56014251708984,181.54709815979004,231.9338607788086,215.69561004638672,210.1700782775879,204.3784761428833,152.57247924804688,35.19894003868103,227.74700164794922,198.62135410308838,109.29184569512026,6.85215950012207,12.817584991455078,14.534186417831842,0.06269598117353425,0.11727851158457805,0.1329850944083816,84,107.84159490330833,0.32603565550184566,0.2274668156830882,0.24543591538009168,1,27,175.2426361912209,158.26043047679653,129.70526599969904,0,0,1,0,1
366,12.166666666666666,1,1,227.91791915893555,188.56816291809082,232.8445816040039,220.34926414489746,205.8452606201172,215.26373863220215,153.57877731323242,44.52181935310364,230.38125038146973,204.45871353149414,109.29184569512026,6.85215950012207,12.817584991455078,14.534186417831842,0.06269598117353425,0.11727851158457805,0.1329850944083816,84,109.61490129429357,0.293397121190615,0.2506419730142537,0.3160057389482465,1,28,175.66749343928026,157.58050251694843,133.1646039153498,1,1,1,0,1
367,12.2,0,1,227.91791915893555,188.56816291809082,232.8445816040039,220.34926414489746,205.8452606201172,215.26373863220215,153.57877731323242,44.52181935310364,230.38125038146973,204.45871353149414,109.29184569512026,6.85215950012207,12.817584991455078,14.534186417831842,0.06269598117353425,0.11727851158457805,0.1329850944083816,84,109.61490129429357,0.293397121190615,0.2506419730142537,0.3160057389482465,1,29,175.66749343928026,157.58050251694843,133.1646039153498,0,0,1,0,1
368,12.233333333333333,0,1,227.91791915893555,188.56816291809082,232.8445816040039,220.34926414489746,205.8452606201172,215.26373863220215,153.57877731323242,44.52181935310364,230.38125038146973,204.45871353149414,109.29184569512026,6.85215950012207,12.817584991455078,14.534186417831842,0.06269598117353425,0.11727851158457805,0.1329850944083816,84,109.61490129429357,0.293397121190615,0.2506419730142537,0.3160057389482465,1,30,175.66749343928026,157.58050251694843,133.1646039153498,0,0,1,0,1
369,12.266666666666667,1,1,227.69317626953125,188.92836570739746,236.7776870727539,224.38825607299805,209.51061248779297,219.3407392501831,153.9058780670166,50.76315522193909,232.23543167114258,206.65831089019775,109.29184569512026,6.85215950012207,12.817584991455078,14.534186417831842,0.06269598117353425,0.11727851158457805,0.1329850944083816,84,108.6303832910092,0.33696911221675524,0.2552722507054631,0.32618213828858483,1,31,177.68733896968837,158.24520360219205,133.3179156934018,0,1,1,0,1
370,12.3,0,1,227.69317626953125,188.92836570739746,236.7776870727539,224.38825607299805,209.51061248779297,219.3407392501831,153.9058780670166,50.76315522193909,232.23543167114258,206.65831089019775,109.29184569512026,6.85215950012207,12.817584991455078,14.534186417831842,0.06269598117353425,0.11727851158457805,0.1329850944083816,84,108.6303832910092,0.33696911221675524,0.2552722507054631,0.32618213828858483,1,32,177.68733896968837,158.24520360219205,133.3179156934018,0,0,1,0,1
371,12.333333333333334,0,1,227.69317626953125,188.92836570739746,236.7776870727539,224.38825607299805,209.51061248779297,219.3407392501831,153.9058780670166,50.76315522193909,232.23543167114258,206.65831089019775,109.29184569512026,6.85215950012207,12.817584991455078,14.534186417831842,0.06269598117353425,0.11727851158457805,0.1329850944083816,84,108.6303832910092,0.33696911221675524,0.2552722507054631,0.32618213828858483,1,33,177.68733896968837,158.24520360219205,133.3179156934018,0,0,1,0,1
372,12.366666666666667,1,1,233.98256301879883,192.06124305725098,242.97382354736328,223.08513164520264,217.78091430664062,221.7548131942749,155.62989234924316,53.86772632598877,238.47819328308105,207.5731873512268,109.29184569512026,6.85215950012207,12.817584991455078,14.534186417831842,0.06269598117353425,0.11727851158457805,0.1329850944083816,84,108.08240728092572,0.2988509764448694,0.23341457078102484,0.312965346789441,1,34,174.82157284019098,152.70702795043135,133.26321398663922,1,0,1,0,1
373,12.4,0,1,233.98256301879883,192.06124305725098,242.97382354736328,223.08513164520264,217.78091430664062,221.7548131942749,155.62989234924316,53.86772632598877,238.47819328308105,207.5731873512268,109.29184569512026,6.85215950012207,12.817584991455078,14.534186417831842,0.06269598117353425,0.11727851158457805,0.1329850944083816,84,108.08240728092572,0.2988509764448694,0.23341457078102484,0.312965346789441,1,35,174.82157284019098,152.70702795043135,133.26321398663922,0,0,1,0,1
374,12.433333333333334,0,1,233.98256301879883,192.06124305725098,242.97382354736328,223.08513164520264,217.78091430664062,221.7548131942749,155.62989234924316,53.86772632598877,238.47819328308105,207.5731873512268,109.29184569512026,6.85215950012207,12.817584991455078,14.534186417831842,0.06269598117353425,0.11727851158457805,0.1329850944083816,84,108.08240728092572,0.2988509764448694,0.23341457078102484,0.312965346789441,1,36,174.82157284019098,152.70702795043135,133.26321398663922,0,0,1,0,1
375,12.466666666666667,1,1,235.60882568359375,194.53927516937256,243.7757110595703,216.80377006530762,216.96727752685547,218.1786060333252,157.12844848632812,55.91108322143555,239.69226837158203,205.6715226173401,109.29184569512026,6.85215950012207,12.817584991455078,14.534186417831842,0.06269598117353425,0.11727851158457805,0.1329850944083816,84,107.78869262167213,0.22001468633448884,0.2490397005149294,0.2792986541016032,1,37,174.8138220000923,142.27981026827294,126.85389704182693,0,0,1,0,1
376,12.5,0,1,235.60882568359375,194.53927516937256,243.7757110595703,216.80377006530762,216.96727752685547,218.1786060333252,157.12844848632812,55.91108322143555,239.69226837158203,205.6715226173401,109.29184569512026,6.85215950012207,12.817584991455078,14.534186417831842,0.06269598117353425,0.11727851158457805,0.1329850944083816,84,107.78869262167213,0.22001468633448884,0.2490397005149294,0.2792986541016032,1,38,174.8138220000923,142.27981026827294,126.85389704182693,0,0,1,0,1
377,12.533333333333333,0,1,235.60882568359375,194.53927516937256,243.7757110595703,216.80377006530762,216.96727752685547,218.1786060333252,157.12844848632812,55.91108322143555,239.69226837158203,205.6715226173401,109.29184569512026,6.85215950012207,12.817584991455078,14.534186417831842,0.06269598117353425,0.11727851158457805,0.1329850944083816,84,107.78869262167213,0.22001468633448884,0.2490397005149294,0.2792986541016032,1,39,174.8138220000923,142.27981026827294,126.85389704182693,0,0,1,0,1
378,12.566666666666666,1,1,238.01603317260742,194.65888023376465,240.18571853637695,207.09086894989014,215.92540740966797,211.7382001876831,156.50697708129883,55.26095151901245,239.1008758544922,200.8748745918274,109.29184569512026,6.85215950012207,12.817584991455078,14.534186417831842,0.06269598117353425,0.11727851158457805,0.1329850944083816,84,111.40291541011325,0.11328159620423395,0.22173050532093724,0.2506495382863221,1,40,179.18698950739636,131.16572095480973,121.28287787310097,0,-1,1,1,1
379,12.6,0,1,238.01603317260742,194.65888023376465,240.18571853637695,207.09086894989014,215.92540740966797,211.7382001876831,156.50697708129883,55.26095151901245,239.1008758544922,200.8748745918274,109.29184569512026,6.85215950012207,12.817584991455078,14.534186417831842,0.06269598117353425,0.11727851158457805,0.1329850944083816,84,111.40291541011325,0.11328159620423395,0.22173050532093724,0.2506495382863221,1,41,179.18698950739636,131.16572095480973,121.28287787310097,0,0,1,1,1
380,12.633333333333333,0,1,238.01603317260742,194.65888023376465,240.18571853637695,207.09086894989014,215.92540740966797,211.7382001876831,156.50697708129883,55.26095151901245,239.1008758544922,200.8748745918274,109.29184569512026,6.85215950012207,12.817584991455078,14.534186417831842,0.06269598117353425,0.11727851158457805,0.1329850944083816,84,111.40291541011325,0.11328159620423395,0.22173050532093724,0.2506495382863221,1,42,179.18698950739636,131.16572095480973,121.28287787310097,0,0,1,1,1
381,12.666666666666666,1,1,237.18603134155273,193.7140130996704,234.87525939941406,203.45792770385742,209.42876815795898,206.42662525177002,156.35847091674805,55.787808895111084,236.0306453704834,198.58597040176392,109.29184569512026,6.85215950012207,12.817584991455078,14.534186417831842,0.06269598117353425,0.11727851158457805,0.1329850944083816,84,111.83883850305969,0.08954104887078848,0.22907137503262148,0.2729813980317661,1,43,177.12914637454526,125.41868230423106,115.69319661700116,-1,-1,2,1,2
382,12.7,0,1,237.18603134155273,193.7140130996704,234.87525939941406,203.45792770385742,209.42876815795898,206.42662525177002,156.35847091674805,55.787808895111084,236.0306453704834,198.58597040176392,109.29184569512026,6.85215950012207,12.817584991455078,14.534186417831842,0.06269598117353425,0.11727851158457805,0.1329850944083816,84,111.83883850305969,0.08954104887078848,0.22907137503262148,0.2729813980317661,1,44,177.12914637454526,125.41868230423106,115.69319661700116,0,0,2,1,2
383,12.733333333333333,0,1,237.18603134155273,193.7140130996704,234.87525939941406,203.45792770385742,209.42876815795898,206.42662525177002,156.35847091674805,55.787808895111084,236.0306453704834,198.58597040176392,109.29184569512026,6.85215950012207,12.817584991455078,14.534186417831842,0.06269598117353425,0.11727851158457805,0.1329850944083816,84,111.83883850305969,0.08954104887078848,0.22907137503262148,0.2729813980317661,1,45,177.12914637454526,125.41868230423106,115.69319661700116,0,0,2,1,2
384,12.766666666666667,1,1,237.9306983947754,191.3441276550293,232.83807754516602,200.26954650878906,206.03124618530273,200.64650058746338,152.33503341674805,52.17548489570618,235.3843879699707,195.80683708190918,109.29184569512026,6.85215950012207,12.817584991455078,14.534186417831842,0.06269598117353425,0.11727851158457805,0.1329850944083816,84,112.39269509663546,0.09143017108229043,0.23853402167051355,0.2956432226367583,1,46,175.3682341715293,124.12108761023632,115.33772833237295,0,-1,2,1,2
385,12.8,0,1,237.9306983947754,191.3441276550293,232.83807754516602,200.26954650878906,206.03124618530273,200.64650058746338,152.33503341674805,52.17548489570618,235.3843879699707,195.80683708190918,109.29184569512026,6.85215950012207,12.817584991455078,14.534186417831842,0.06269598117353425,0.11727851158457805,0.1329850944083816,84,112.39269509663546,0.09143017108229043,0.23853402167051355,0.2956432226367583,1,47,175.3682341715293,124.12108761023632,115.33772833237295,0,0,2,1,2
386,12.833333333333334,0,1,237.9306983947754,191.3441276550293,232.83807754516602,200.26954650878906,206.03124618530273,200.64650058746338,152.33503341674805,52.17548489570618,235.3843879699707,195.80683708190918,109.29184569512026,6.85215950012207,12.817584991455078,14.534186417831842,0.06269598117353425,0.11727851158457805,0.1329850944083816,84,112.39269509663546,0.09143017108229043,0.23853402167051355,0.2956432226367583,1,48,175.3682341715293,124.12108761023632,115.33772833237295,0,0,2,1,2
387,12.866666666666667,1,1,236.4155387878418,189.678955078125,231.5700912475586,197.16402053833008,207.20788955688477,197.09027767181396,149.14557456970215,49.261043071746826,233.9928150177002,193.42148780822754,109.29184569512026,6.85215950012207,12.817584991455078,14.534186417831842,0.06269598117353425,0.11727851158457805,0.1329850944083816,84,113.46535429661904,0.07858375268471086,0.21471147249284303,0.2655725065773475,1,49,176.6583012982464,123.50155208399599,117.17034356172303,0,-1,2,1,2
388,12.9,0,1,236.4155387878418,189.678955078125,231.5700912475586,197.16402053833008,207.20788955688477,197.09027767181396,149.14557456970215,49.261043071746826,233.9928150177002,193.42148780822754,109.29184569512026,6.85215950012207,12.817584991455078,14.534186417831842,0.06269598117353425,0.11727851158457805,0.1329850944083816,84,113.46535429661904,0.07858375268471086,0.21471147249284303,0.2655725065773475,1,50,176.6583012982464,123.50155208399599,117.17034356172303,0,0,2,1,2
389,12.933333333333334,0,1,236.4155387878418,189.678955078125,231.5700912475586,197.16402053833008,207.20788955688477,197.09027767181396,149.14557456970215,49.261043071746826,233.9928150177002,193.42148780822754,109.29184569512026,6.85215950012207,12.817584991455078,14.534186417831842,0.06269598117353425,0.11727851158457805,0.1329850944083816,84,113.46535429661904,0.07858375268471086,0.21471147249284303,0.2655725065773475,1,51,176.6583012982464,123.50155208399599,117.17034356172303,0,0,2,1,2
390,12.966666666666667,1,1,236.42555236816406,188.18581581115723,233.41690063476562,192.56555557250977,211.18667602539062,192.7698040008545,147.11726188659668,47.78615355491638,234.92122650146484,190.3756856918335,109.29184569512026,6.85215950012207,12.817584991455078,14.534186417831842,0.06269598117353425,0.11727851158457805,0.1329850944083816,84,112.9424358651932,0.04704677598583198,0.19683622655508398,0.2271226044544735,1,52,172.2026798511143,122.2575999588285,118.20409696243163,0,-1,2,1,2
391,13.0,0,1,236.42555236816406,188.18581581115723,233.41690063476562,192.56555557250977,211.18667602539062,192.7698040008545,147.11726188659668,47.78615355491638,234.92122650146484,190.3756856918335,109.29184569512026,6.85215950012207,12.817584991455078,14.534186417831842,0.06269598117353425,0.11727851158457805,0.1329850944083816,84,112.9424358651932,0.04704677598583198,0.19683622655508398,0.2271226044544735,1,53,172.2026798511143,122.2575999588285,118.20409696243163,0,0,2,1,2
392,13.033333333333333,0,1,236.42555236816406,188.18581581115723,233.41690063476562,192.56555557250977,211.18667602539062,192.7698040008545,147.11726188659668,47.78615355491638,234.92122650146484,190.3756856918335,109.29184569512026,6.85215950012207,12.817584991455078,14.534186417831842,0.06269598117353425,0.11727851158457805,0.1329850944083816,84,112.9424358651932,0.04704677598583198,0.19683622655508398,0.2271226044544735,1,54,172.2026798511143,122.2575999588285,118.20409696243163,0,0,2,1,2
393,13.066666666666666,1,1,235.0176239013672,185.2562427520752,233.59357833862305,191.4387559890747,210.38829803466797,189.66351985931396,145.59069633483887,47.83823847770691,234.30560111999512,188.34749937057495,109.29184569512026,6.85215950012207,12.817584991455078,14.534186417831842,0.06269598117353425,0.11727851158457805,0.1329850944083816,84,112.22614176463723,0.05653225789584337,0.20737668505197088,0.222947584633657,1,55,169.7123496324762,120.51253451124674,116.13385254699836,0,0,2,1,2
394,13.1,0,1,235.0176239013672,185.2562427520752,233.59357833862305,191.4387559890747,210.38829803466797,189.66351985931396,145.59069633483887,47.83823847770691,234.30560111999512,188.34749937057495,109.29184569512026,6.85215950012207,12.817584991455078,14.534186417831842,0.06269598117353425,0.11727851158457805,0.1329850944083816,84,112.22614176463723,0.05653225789584337,0.20737668505197088,0.222947584633657,1,56,169.7123496324762,120.51253451124674,116.13385254699836,0,0,2,1,2
395,13.133333333333333,0,1,235.0176239013672,185.2562427520752,233.59357833862305,191.4387559890747,210.38829803466797,189.66351985931396,145.59069633483887,47.83823847770691,234.30560111999512,188.34749937057495,109.29184569512026,6.85215950012207,12.817584991455078,14.534186417831842,0.06269598117353425,0.11727851158457805,0.1329850944083816,84,112.22614176463723,0.05653225789584337,0.20737668505197088,0.222947584633657,1,57,169.7123496324762,120.51253451124674,116.13385254699836,0,0,2,1,2
396,13.166666666666666,1,1,235.07495880126953,185.67622661590576,233.02129745483398,192.8113317489624,210.21612167358398,188.74631881713867,147.667875289917,48.63700032234192,234.04812812805176,189.24377918243408,109.29184569512026,6.85215950012207,12.817584991455078,14.534186417831842,0.06269598117353425,0.11727851158457805,0.1329850944083816,84,111.53015611010314,0.06657188508697348,0.20769841141579637,0.22458230453612707,1,58,166.76595144139878,120.07616075056303,115.3296594191937,0,0,2,1,2
397,13.2,0,1,235.07495880126953,185.67622661590576,233.02129745483398,192.8113317489624,210.21612167358398,188.74631881713867,147.667875289917,48.63700032234192,234.04812812805176,189.24377918243408,109.29184569512026,6.85215950012207,12.817584991455078,14.534186417831842,0.06269598117353425,0.11727851158457805,0.1329850944083816,84,111.53015611010314,0.06657188508697348,0.20769841141579637,0.22458230453612707,1,59,166.76595144139878,120.07616075056303,115.3296594191937,0,0,2,1,2
398,13.233333333333333,0,1,235.07495880126953,185.67622661590576,233.02129745483398,192.8113317489624,210.21612167358398,188.74631881713867,147.667875289917,48.63700032234192,234.04812812805176,189.24377918243408,109.29184569512026,6.85215950012207,12.817584991455078,14.534186417831842,0.06269598117353425,0.11727851158457805,0.1329850944083816,84,111.53015611010314,0.06657188508697348,0.20769841141579637,0.22458230453612707,1,60,166.76595144139878,120.07616075056303,115.3296594191937,0,0,2,1,2
399,13.266666666666667,1,1,236.74222946166992,184.4685459136963,231.59435272216797,192.83948421478271,209.61795806884766,188.18700313568115,147.5339412689209,49.128602743148804,234.16829109191895,188.6540150642395,109.29184569512026,6.85215950012207,12.817584991455078,14.534186417831842,0.06269598117353425,0.11727851158457805,0.1329850944083816,84,110.07731021222762,0.08927515211751677,0.20406994275989895,0.24871579760289658,1,61,170.21238404736053,121.19926125884534,113.92289095461454,0,0,2,1,2
400,13.3,0,1,236.74222946166992,184.4685459136963,231.59435272216797,192.83948421478271,209.61795806884766,188.18700313568115,147.5339412689209,49.128602743148804,234.16829109191895,188.6540150642395,109.29184569512026,6.85215950012207,12.817584991455078,14.534186417831842,0.06269598117353425,0.11727851158457805,0.1329850944083816,84,110.07731021222762,0.08927515211751677,0.20406994275989895,0.24871579760289658,1,62,170.21238404736053,121.19926125884534,113.92289095461454,0,0,2,1,2
401,13.333333333333334,0,1,236.74222946166992,184.4685459136963,231.59435272216797,192.83948421478271,209.61795806884766,188.18700313568115,147.5339412689209,49.128602743148804,234.16829109191895,188.6540150642395,109.29184569512026,6.85215950012207,12.817584991455078,14.534186417831842,0.06269598117353425,0.11727851158457805,0.1329850944083816,84,110.07731021222762,0.08927515211751677,0.20406994275989895,0.24871579760289658,1,63,170.21238404736053,121.19926125884534,113.92289095461454,0,0,2,1,2
402,13.366666666666667,1,1,236.8121337890625,185.36599159240723,232.81976699829102,193.36109161376953,211.74800872802734,188.78638744354248,149.3781280517578,49.0186071395874,234.81595039367676,189.36354160308838,109.29184569512026,6.85215950012207,12.817584991455078,14.534186417831842,0.06269598117353425,0.11727851158457805,0.1329850944083816,84,110.07391285580226,0.08118614603220894,0.19589226162439707,0.22981314429499022,1,64,170.98953529310685,120.8040922485042,114.97241705942382,0,0,2,1,2
403,13.4,0,1,236.8121337890625,185.36599159240723,232.81976699829102,193.36109161376953,211.74800872802734,188.78638744354248,149.3781280517578,49.0186071395874,234.81595039367676,189.36354160308838,109.29184569512026,6.85215950012207,12.817584991455078,14.534186417831842,0.06269598117353425,0.11727851158457805,0.1329850944083816,84,110.07391285580226,0.08118614603220894,0.19589226162439707,0.22981314429499022,1,65,170.98953529310685,120.8040922485042,114.97241705942382,0,0,2,1,2
404,13.433333333333334,0,1,236.8121337890625,185.36599159240723,232.81976699829102,193.36109161376953,211.74800872802734,188.78638744354248,149.3781280517578,49.0186071395874,234.81595039367676,189.36354160308838,109.29184569512026,6.85215950012207,12.817584991455078,14.534186417831842,0.06269598117353425,0.11727851158457805,0.1329850944083816,84,110.07391285580226,0.08118614603220894,0.19589226162439707,0.22981314429499022,1,66,170.98953529310685,120.8040922485042,114.97241705942382,0,0,2,1,2
405,13.466666666666667,1,1,237.5851821899414,185.24465560913086,233.5467529296875,192.25882530212402,212.55952835083008,187.41904735565186,148.87588500976562,49.30763840675354,235.56596755981445,188.75174045562744,109.29184569512026,6.85215950012207,12.817584991455078,14.534186417831842,0.06269598117353425,0.11727851158457805,0.1329850944083816,84,109.35279246295497,0.0740142926760713,0.19695918784645558,0.22971465399604304,1,67,170.73004539108734,121.19941297512693,115.19195479215358,0,0,2,1,2
406,13.5,0,1,237.5851821899414,185.24465560913086,233.5467529296875,192.25882530212402,212.55952835083008,187.41904735565186,148.87588500976562,49.30763840675354,235.56596755981445,188.75174045562744,109.29184569512026,6.85215950012207,12.817584991455078,14.534186417831842,0.06269598117353425,0.11727851158457805,0.1329850944083816,84,109.35279246295497,0.0740142926760713,0.19695918784645558,0.22971465399604304,1,68,170.73004539108734,121.19941297512693,115.19195479215358,0,0,2,1,2
407,13.533333333333333,0,1,237.5851821899414,185.24465560913086,233.5467529296875,192.25882530212402,212.55952835083008,187.41904735565186,148.87588500976562,49.30763840675354,235.56596755981445,188.75174045562744,109.29184569512026,6.85215950012207,12.817584991455078,14.534186417831842,0.06269598117353425,0.11727851158457805,0.1329850944083816,84,109.35279246295497,0.0740142926760713,0.19695918784645558,0.22971465399604304,1,69,170.73004539108734,121.19941297512693,115.19195479215358,0,0,2,1,2
408,13.566666666666666,1,1,235.31909942626953,185.11877059936523,232.74419784545898,193.79779815673828,210.76995849609375,189.5610523223877,149.4294261932373,49.482972621917725,234.03164863586426,189.45828437805176,109.29184569512026,6.85215950012207,12.817584991455078,14.534186417831842,0.06269598117353425,0.11727851158457805,0.1329850944083816,84,109.73794873632342,0.08249594056836483,0.2039307819115155,0.22734003686048887,1,70,169.34118581960882,121.89101355558778,116.34826371941566,0,0,2,1,2
409,13.6,0,1,235.31909942626953,185.11877059936523,232.74419784545898,193.79779815673828,210.76995849609375,189.5610523223877,149.4294261932373,49.482972621917725,234.03164863586426,189.45828437805176,109.29184569512026,6.85215950012207,12.817584991455078,14.534186417831842,0.06269598117353425,0.11727851158457805,0.1329850944083816,84,109.73794873632342,0.08249594056836483,0.2039307819115155,0.22734003686048887,1,71,169.34118581960882,121.89101355558778,116.34826371941566,0,0,2,1,2
410,13.633333333333333,0,1,235.31909942626953,185.11877059936523,232.74419784545898,193.79779815673828,210.76995849609375,189.5610523223877,149.4294261932373,49.482972621917725,234.03164863586426,189.45828437805176,109.29184569512026,6.85215950012207,12.817584991455078,14.534186417831842,0.06269598117353425,0.11727851158457805,0.1329850944083816,84,109.73794873632342,0.08249594056836483,0.2039307819115155,0.22734003686048887,1,72,169.34118581960882,121.89101355558778,116.34826371941566,0,0,2,1,2
411,13.666666666666666,1,1,236.3715362548828,184.67342376708984,232.6403045654297,193.09847831726074,212.91391372680664,190.12769222259521,149.63561058044434,50.76600909233093,234.50592041015625,188.8859510421753,109.29184569512026,6.85215950012207,12.817584991455078,14.534186417831842,0.06269598117353425,0.11727851158457805,0.1329850944083816,84,108.52186201497899,0.0849074705232155,0.18382320229938934,0.22192190235691697,1,73,170.25086953539875,121.4991938134486,118.27492808141182,0,0,2,1,2
412,13.7,0,1,236.3715362548828,184.67342376708984,232.6403045654297,193.09847831726074,212.91391372680664,190.12769222259521,149.63561058044434,50.76600909233093,234.50592041015625,188.8859510421753,109.29184569512026,6.85215950012207,12.817584991455078,14.534186417831842,0.06269598117353425,0.11727851158457805,0.1329850944083816,84,108.52186201497899,0.0849074705232155,0.18382320229938934,0.22192190235691697,1,74,170.25086953539875,121.4991938134486,118.27492808141182,0,0,2,1,2
413,13.733333333333333,0,1,236.3715362548828,184.67342376708984,232.6403045654297,193.09847831726074,212.91391372680664,190.12769222259521,149.63561058044434,50.76600909233093,234.50592041015625,188.8859510421753,109.29184569512026,6.85215950012207,12.817584991455078,14.534186417831842,0.06269598117353425,0.11727851158457805,0.1329850944083816,84,108.52186201497899,0.0849074705232155,0.18382320229938934,0.22192190235691697,1,75,170.25086953539875,121.4991938134486,118.27492808141182,0,0,2,1,2
414,13.766666666666667,1,1,235.86719512939453,184.42740440368652,232.8985595703125,194.13951873779297,212.56092071533203,189.9109411239624,149.66412544250488,51.59627079963684,234.38287734985352,189.28346157073975,109.29184569512026,6.85215950012207,12.817584991455078,14.534186417831842,0.06269598117353425,0.11727851158457805,0.1329850944083816,84,107.89528256431238,0.09412539589561052,0.19252545395671503,0.22190658084458692,1,76,168.1172928590337,122.07229733400503,117.56973337822367,0,0,2,1,2
415,13.8,0,1,235.86719512939453,184.42740440368652,232.8985595703125,194.13951873779297,212.56092071533203,189.9109411239624,149.66412544250488,51.59627079963684,234.38287734985352,189.28346157073975,109.29184569512026,6.85215950012207,12.817584991455078,14.534186417831842,0.06269598117353425,0.11727851158457805,0.1329850944083816,84,107.89528256431238,0.09412539589561052,0.19252545395671503,0.22190658084458692,1,77,168.1172928590337,122.07229733400503,117.56973337822367,0,0,2,1,2
416,13.833333333333334,0,1,235.86719512939453,184.42740440368652,232.8985595703125,194.13951873779297,212.56092071533203,189.9109411239624,149.66412544250488,51.59627079963684,234.38287734985352,189.28346157073975,109.29184569512026,6.85215950012207,12.817584991455078,14.534186417831842,0.06269598117353425,0.11727851158457805,0.1329850944083816,84,107.89528256431238,0.09412539589561052,0.19252545395671503,0.22190658084458692,1,78,168.1172928590337,122.07229733400503,117.56973337822367,0,0,2,1,2
417,13.866666666666667,1,1,234.09292221069336,184.7161102294922,231.4942741394043,192.5645112991333,210.88571548461914,188.12725067138672,148.97334098815918,50.94431161880493,232.79359817504883,188.64031076431274,109.29184569512026,6.85215950012207,12.817584991455078,14.534186417831842,0.06269598117353425,0.11727851158457805,0.1329850944083816,84,108.19381900051876,0.07641312973100552,0.1948433275489401,0.2168013172252856,1,79,164.80444003138496,121.18791516736373,115.39611221991802,0,0,2,1,2
418,13.9,0,1,234.09292221069336,184.7161102294922,231.4942741394043,192.5645112991333,210.88571548461914,188.12725067138672,148.97334098815918,50.94431161880493,232.79359817504883,188.64031076431274,109.29184569512026,6.85215950012207,12.817584991455078,14.534186417831842,0.06269598117353425,0.11727851158457805,0.1329850944083816,84,108.19381900051876,0.07641312973100552,0.1948433275489401,0.2168013172252856,1,80,164.80444003138496,121.18791516736373,115.39611221991802,0,0,2,1,2
419,13.933333333333334,0,1,234.09292221069336,184.7161102294922,231.4942741394043,192.5645112991333,210.88571548461914,188.12725067138672,148.97334098815918,50.94431161880493,232.79359817504883,188.64031076431274,109.29184569512026,6.85215950012207,12.817584991455078,14.534186417831842,0.06269598117353425,0.11727851158457805,0.1329850944083816,84,108.19381900051876,0.07641312973100552,0.1948433275489401,0.2168013172252856,1,81,164.80444003138496,121.18791516736373,115.39611221991802,0,0,2,1,2
420,13.966666666666667,1,1,234.47467803955078,184.97102737426758,232.0552635192871,191.3602352142334,211.33426666259766,187.45007514953613,148.4177589416504,50.756510496139526,233.26497077941895,188.1656312942505,109.29184569512026,6.85215950012207,12.817584991455078,14.534186417831842,0.06269598117353425,0.11727851158457805,0.1329850944083816,84,109.23089892728557,0.06254594863130188,0.19304705590578944,0.21306080780214418,1,82,167.09857585945426,119.09749969437028,114.28782154264327,0,0,2,1,2
421,14.0,0,1,234.47467803955078,184.97102737426758,232.0552635192871,191.3602352142334,211.33426666259766,187.45007514953613,148.4177589416504,50.756510496139526,233.26497077941895,188.1656312942505,109.29184569512026,6.85215950012207,12.817584991455078,14.534186417831842,0.06269598117353425,0.11727851158457805,0.1329850944083816,84,109.23089892728557,0.06254594863130188,0.19304705590578944,0.21306080780214418,1,83,167.09857585945426,119.09749969437028,114.28782154264327,0,0,2,1,2
422,14.033333333333333,0,1,234.47467803955078,184.97102737426758,232.0552635192871,191.3602352142334,211.33426666259766,187.45007514953613,148.4177589416504,50.756510496139526,233.26497077941895,188.1656312942505,109.29184569512026,6.85215950012207,12.817584991455078,14.534186417831842,0.06269598117353425,0.11727851158457805,0.1329850944083816,84,109.23089892728557,0.06254594863130188,0.19304705590578944,0.21306080780214418,1,84,167.09857585945426,119.09749969437028,114.28782154264327,0,0,2,1,2
423,14.066666666666666,1,1,235.3663444519043,185.2695894241333,230.00118255615234,190.5190658569336,208.16301345825195,185.78152656555176,148.28962326049805,50.288389921188354,232.68376350402832,187.89432764053345,109.29184569512026,6.85215950012207,12.817584991455078,14.534186417831842,0.06269598117353425,0.11727851158457805,0.1329850944083816,84,109.78354063316948,0.06837207519350323,0.20354725691026337,0.24783448831023672,1,85,168.86544515394615,115.13500625152491,110.64694781439289,0,0,2,1,2
424,14.1,0,1,235.3663444519043,185.2695894241333,230.00118255615234,190.5190658569336,208.16301345825195,185.78152656555176,148.28962326049805,50.288389921188354,232.68376350402832,187.89432764053345,109.29184569512026,6.85215950012207,12.817584991455078,14.534186417831842,0.06269598117353425,0.11727851158457805,0.1329850944083816,84,109.78354063316948,0.06837207519350323,0.20354725691026337,0.24783448831023672,1,86,168.86544515394615,115.13500625152491,110.64694781439289,0,0,2,1,2
425,14.133333333333333,0,1,235.3663444519043,185.2695894241333,230.00118255615234,190.5190658569336,208.16301345825195,185.78152656555176,148.28962326049805,50.288389921188354,232.68376350402832,187.89432764053345,109.29184569512026,6.85215950012207,12.817584991455078,14.534186417831842,0.06269598117353425,0.11727851158457805,0.1329850944083816,84,109.78354063316948,0.06837207519350323,0.20354725691026337,0.24783448831023672,1,87,168.86544515394615,115.13500625152491,110.64694781439289,0,0,2,1,2
426,14.166666666666666,1,1,234.324951171875,187.70426273345947,230.1112937927246,192.6261806488037,208.32761764526367,187.66802787780762,148.3006191253662,51.16263270378113,232.2181224822998,190.1652216911316,109.29184569512026,6.85215950012207,12.817584991455078,14.534186417831842,0.06269598117353425,0.11727851158457805,0.1329850944083816,84,109.4184596976233,0.05921497830391041,0.2041777120732409,0.23759572973659668,1,88,166.73827773265918,118.23684159400383,113.27549716150708,0,1,2,2,2
427,14.2,0,1,234.324951171875,187.70426273345947,230.1112937927246,192.6261806488037,208.32761764526367,187.66802787780762,148.3006191253662,51.16263270378113,232.2181224822998,190.1652216911316,109.29184569512026,6.85215950012207,12.817584991455078,14.534186417831842,0.06269598117353425,0.11727851158457805,0.1329850944083816,84,109.4184596976233,0.05921497830391041,0.2041777120732409,0.23759572973659668,1,89,166.73827773265918,118.23684159400383,113.27549716150708,0,0,2,2,2
428,14.233333333333333,0,1,234.324951171875,187.70426273345947,230.1112937927246,192.6261806488037,208.32761764526367,187.66802787780762,148.3006191253662,51.16263270378113,232.2181224822998,190.1652216911316,109.29184569512026,6.85215950012207,12.817584991455078,14.534186417831842,0.06269598117353425,0.11727851158457805,0.1329850944083816,84,109.4184596976233,0.05921497830391041,0.2041777120732409,0.23759572973659668,1,90,166.73827773265918,118.23684159400383,113.27549716150708,0,0,2,2,2
429,14.266666666666667,1,1,230.99477767944336,190.37768840789795,231.59997940063477,195.1688003540039,210.6460952758789,191.3124418258667,147.48790740966797,50.95467209815979,231.29737854003906,192.77324438095093,109.29184569512026,6.85215950012207,12.817584991455078,14.534186417831842,0.06269598117353425,0.11727851158457805,0.1329850944083816,84,109.2053551276198,0.044221132569298105,0.19509841527169403,0.18653060426604506,1,91,165.35981883538852,123.7923862980131,118.75932388242153,0,1,2,2,2
430,14.3,0,1,230.99477767944336,190.37768840789795,231.59997940063477,195.1688003540039,210.6460952758789,191.3124418258667,147.48790740966797,50.95467209815979,231.29737854003906,192.77324438095093,109.29184569512026,6.85215950012207,12.817584991455078,14.534186417831842,0.06269598117353425,0.11727851158457805,0.1329850944083816,84,109.2053551276198,0.044221132569298105,0.19509841527169403,0.18653060426604506,1,92,165.35981883538852,123.7923862980131,118.75932388242153,0,0,2,2,2
431,14.333333333333334,0,1,230.99477767944336,190.37768840789795,231.59997940063477,195.1688003540039,210.6460952758789,191.3124418258667,147.48790740966797,50.95467209815979,231.29737854003906,192.77324438095093,109.29184569512026,6.85215950012207,12.817584991455078,14.534186417831842,0.06269598117353425,0.11727851158457805,0.1329850944083816,84,109.2053551276198,0.044221132569298105,0.19509841527169403,0.18653060426604506,1,93,165.35981883538852,123.7923862980131,118.75932388242153,0,0,2,2,2
432,14.366666666666667,1,1,224.49871063232422,193.26737880706787,224.33900833129883,205.01452445983887,206.50568008422852,199.78689193725586,147.11902618408203,47.30182886123657,224.41885948181152,199.14095163345337,109.29184569512026,6.85215950012207,12.817584991455078,14.534186417831842,0.06269598117353425,0.11727851158457805,0.1329850944083816,84,106.4113592687311,0.11040391983301508,0.17464065331716158,0.17984680337553655,1,94,170.0498722853199,135.6031704693992,126.00651312985615,-1,1,2,2,2
433,14.4,0,1,224.49871063232422,193.26737880706787,224.33900833129883,205.01452445983887,206.50568008422852,199.78689193725586,147.11902618408203,47.30182886123657,224.41885948181152,199.14095163345337,109.29184569512026,6.85215950012207,12.817584991455078,14.534186417831842,0.06269598117353425,0.11727851158457805,0.1329850944083816,84,106.4113592687311,0.11040391983301508,0.17464065331716158,0.17984680337553655,1,95,170.0498722853199,135.6031704693992,126.00651312985615,0,0,2,2,2
434,14.433333333333334,0,1,224.49871063232422,193.26737880706787,224.33900833129883,205.01452445983887,206.50568008422852,199.78689193725586,147.11902618408203,47.30182886123657,224.41885948181152,199.14095163345337,109.29184569512026,6.85215950012207,12.817584991455078,14.534186417831842,0.06269598117353425,0.11727851158457805,0.1329850944083816,84,106.4113592687311,0.11040391983301508,0.17464065331716158,0.17984680337553655,1,96,170.0498722853199,135.6031704693992,126.00651312985615,0,0,2,2,2
435,14.466666666666667,1,1,218.4859848022461,183.32365036010742,212.03645706176758,192.4554204940796,198.65880966186523,175.98243713378906,155.98965644836426,25.042619705200195,215.26122093200684,187.8895354270935,109.29184569512026,6.85215950012207,12.817584991455078,14.534186417831842,0.06269598117353425,0.11727851158457805,0.1329850944083816,84,104.21041527437984,0.10728003881438015,0.20363376705822803,0.20288392194602184,1,97,175.93311723511772,139.65938523736054,121.99815581660997,-1,-1,2,3,3
436,14.5,0,1,218.4859848022461,183.32365036010742,212.03645706176758,192.4554204940796,198.65880966186523,175.98243713378906,155.98965644836426,25.042619705200195,215.26122093200684,187.8895354270935,109.29184569512026,6.85215950012207,12.817584991455078,14.534186417831842,0.06269598117353425,0.11727851158457805,0.1329850944083816,84,104.21041527437984,0.10728003881438015,0.20363376705822803,0.20288392194602184,1,98,175.93311723511772,139.65938523736054,121.99815581660997,0,0,2,3,3
437,14.533333333333333,0,1,218.4859848022461,183.32365036010742,212.03645706176758,192.4554204940796,198.65880966186523,175.98243713378906,155.98965644836426,25.042619705200195,215.26122093200684,187.8895354270935,109.29184569512026,6.85215950012207,12.817584991455078,14.534186417831842,0.06269598117353425,0.11727851158457805,0.1329850944083816,84,104.21041527437984,0.10728003881438015,0.20363376705822803,0.20288392194602184,1,99,175.93311723511772,139.65938523736054,121.99815581660997,0,0,2,3,3
438,14.566666666666666,1,0,,,,,,,,,,,,,,,,,,0,,,,,0,99,,,,0,0,2,3,3
439,14.6,0,0,,,,,,,,,,,,,,,,,,0,,,,,0,99,,,,0,0,2,3,3
440,14.633333333333333,0,0,,,,,,,,,,,,,,,,,,0,,,,,0,99,,,,0,0,2,3,3
441,14.666666666666666,1,0,,,,,,,,,,,,,,,,,,0,,,,,0,99,,,,0,0,2,3,3
442,14.7,0,0,,,,,,,,,,,,,,,,,,0,,,,,0,99,,,,0,0,2,3,3
443,14.733333333333333,0,0,,,,,,,,,,,,,,,,,,0,,,,,0,99,,,,0,0,2,3,3
444,14.766666666666667,1,0,,,,,,,,,,,,,,,,,,0,,,,,0,99,,,,0,0,2,3,3
445,14.8,0,0,,,,,,,,,,,,,,,,,,0,,,,,0,99,,,,0,0,2,3,3
446,14.833333333333334,0,0,,,,,,,,,,,,,,,,,,0,,,,,0,99,,,,0,0,2,3,3
447,14.866666666666667,1,0,,,,,,,,,,,,,,,,,,0,,,,,0,99,,,,0,0,2,3,3
448,14.9,0,0,,,,,,,,,,,,,,,,,,0,,,,,0,99,,,,0,0,2,3,3
449,14.933333333333334,0,0,,,,,,,,,,,,,,,,,,0,,,,,0,99,,,,0,0,2,3,3
450,14.966666666666667,1,0,,,,,,,,,,,,,,,,,,0,,,,,0,99,,,,0,0,2,3,3
451,15.0,0,0,,,,,,,,,,,,,,,,,,0,,,,,0,99,,,,0,0,2,3,3
452,15.033333333333333,0,0,,,,,,,,,,,,,,,,,,0,,,,,0,99,,,,0,0,2,3,3
453,15.066666666666666,1,0,,,,,,,,,,,,,,,,,,0,,,,,0,99,,,,0,0,2,3,3
454,15.1,0,0,,,,,,,,,,,,,,,,,,0,,,,,0,99,,,,0,0,2,3,3
455,15.133333333333333,0,0,,,,,,,,,,,,,,,,,,0,,,,,0,99,,,,0,0,2,3,3
456,15.166666666666666,1,0,,,,,,,,,,,,,,,,,,0,,,,,0,99,,,,0,0,2,3,3
457,15.2,0,0,,,,,,,,,,,,,,,,,,0,,,,,0,99,,,,0,0,2,3,3
458,15.233333333333333,0,0,,,,,,,,,,,,,,,,,,0,,,,,0,99,,,,0,0,2,3,3
459,15.266666666666667,1,0,,,,,,,,,,,,,,,,,,0,,,,,0,99,,,,0,0,2,3,3
460,15.3,0,0,,,,,,,,,,,,,,,,,,0,,,,,0,99,,,,0,0,2,3,3
461,15.333333333333334,0,0,,,,,,,,,,,,,,,,,,0,,,,,0,99,,,,0,0,2,3,3
462,15.366666666666667,1,0,,,,,,,,,,,,,,,,,,0,,,,,0,99,,,,0,0,2,3,3
463,15.4,0,0,,,,,,,,,,,,,,,,,,0,,,,,0,99,,,,0,0,2,3,3
464,15.433333333333334,0,0,,,,,,,,,,,,,,,,,,0,,,,,0,99,,,,0,0,2,3,3
465,15.466666666666667,1,0,,,,,,,,,,,,,,,,,,0,,,,,0,99,,,,0,0,2,3,3
466,15.5,0,0,,,,,,,,,,,,,,,,,,0,,,,,0,99,,,,0,0,2,3,3
467,15.533333333333333,0,0,,,,,,,,,,,,,,,,,,0,,,,,0,99,,,,0,0,2,3,3
468,15.566666666666666,1,0,,,,,,,,,,,,,,,,,,0,,,,,0,99,,,,0,0,2,3,3
469,15.6,0,0,,,,,,,,,,,,,,,,,,0,,,,,0,99,,,,0,0,2,3,3
470,15.633333333333333,0,0,,,,,,,,,,,,,,,,,,0,,,,,0,99,,,,0,0,2,3,3
471,15.666666666666666,1,0,,,,,,,,,,,,,,,,,,0,,,,,0,99,,,,0,0,2,3,3
472,15.7,0,0,,,,,,,,,,,,,,,,,,0,,,,,0,99,,,,0,0,2,3,3
473,15.733333333333333,0,0,,,,,,,,,,,,,,,,,,0,,,,,0,99,,,,0,0,2,3,3
474,15.766666666666667,1,0,,,,,,,,,,,,,,,,,,0,,,,,0,99,,,,0,0,2,3,3
475,15.8,0,0,,,,,,,,,,,,,,,,,,0,,,,,0,99,,,,0,0,2,3,3
476,15.833333333333334,0,0,,,,,,,,,,,,,,,,,,0,,,,,0,99,,,,0,0,2,3,3
477,15.866666666666667,1,0,,,,,,,,,,,,,,,,,,0,,,,,0,99,,,,0,0,2,3,3
478,15.9,0,0,,,,,,,,,,,,,,,,,,0,,,,,0,99,,,,0,0,2,3,3
479,15.933333333333334,0,0,,,,,,,,,,,,,,,,,,0,,,,,0,99,,,,0,0,2,3,3
480,15.966666666666667,1,0,,,,,,,,,,,,,,,,,,0,,,,,0,99,,,,0,0,2,3,3
481,16.0,0,0,,,,,,,,,,,,,,,,,,0,,,,,0,99,,,,0,0,2,3,3
482,16.033333333333335,0,0,,,,,,,,,,,,,,,,,,0,,,,,0,99,,,,0,0,2,3,3
483,16.066666666666666,1,0,,,,,,,,,,,,,,,,,,0,,,,,0,99,,,,0,0,2,3,3
484,16.1,0,0,,,,,,,,,,,,,,,,,,0,,,,,0,99,,,,0,0,2,3,3
485,16.133333333333333,0,0,,,,,,,,,,,,,,,,,,0,,,,,0,99,,,,0,0,2,3,3
486,16.166666666666668,1,0,,,,,,,,,,,,,,,,,,0,,,,,0,99,,,,0,0,2,3,3
487,16.2,0,0,,,,,,,,,,,,,,,,,,0,,,,,0,99,,,,0,0,2,3,3
488,16.233333333333334,0,0,,,,,,,,,,,,,,,,,,0,,,,,0,99,,,,0,0,2,3,3
489,16.266666666666666,1,0,,,,,,,,,,,,,,,,,,0,,,,,0,99,,,,0,0,2,3,3
490,16.3,0,0,,,,,,,,,,,,,,,,,,0,,,,,0,99,,,,0,0,2,3,3
491,16.333333333333332,0,0,,,,,,,,,,,,,,,,,,0,,,,,0,99,,,,0,0,2,3,3
492,16.366666666666667,1,0,,,,,,,,,,,,,,,,,,0,,,,,0,99,,,,0,0,2,3,3
493,16.4,0,0,,,,,,,,,,,,,,,,,,0,,,,,0,99,,,,0,0,2,3,3
494,16.433333333333334,0,0,,,,,,,,,,,,,,,,,,0,,,,,0,99,,,,0,0,2,3,3
495,16.466666666666665,1,0,,,,,,,,,,,,,,,,,,0,,,,,0,99,,,,0,0,2,3,3
496,16.5,0,0,,,,,,,,,,,,,,,,,,0,,,,,0,99,,,,0,0,2,3,3
497,16.533333333333335,0,0,,,,,,,,,,,,,,,,,,0,,,,,0,99,,,,0,0,2,3,3
498,16.566666666666666,1,1,645.1860046386719,139.44743156433105,613.8393020629883,226.1680555343628,594.3354415893555,243.91868591308594,534.405403137207,50.61398506164551,629.5126533508301,182.80774354934692,,,,,,,,0,92.91001244708751,0.9924889385326434,0.28384516885973304,1.250560571634682,0,0,164.19575970362285,176.16028392148743,177.9657720895957,0,0,0,0,0
499,16.6,0,1,645.1860046386719,139.44743156433105,613.8393020629883,226.1680555343628,594.3354415893555,243.91868591308594,534.405403137207,50.61398506164551,629.5126533508301,182.80774354934692,,,,,,,,0,92.91001244708751,0.9924889385326434,0.28384516885973304,1.250560571634682,0,0,164.19575970362285,176.16028392148743,177.9657720895957,0,0,0,0,0
500,16.633333333333333,0,1,645.1860046386719,139.44743156433105,613.8393020629883,226.1680555343628,594.3354415893555,243.91868591308594,534.405403137207,50.61398506164551,629.5126533508301,182.80774354934692,,,,,,,,0,92.91001244708751,0.9924889385326434,0.28384516885973304,1.250560571634682,0,0,164.19575970362285,176.16028392148743,177.9657720895957,0,0,0,0,0
501,16.666666666666668,1,1,634.1645050048828,187.03883171081543,586.0549163818359,270.94791412353516,566.0608673095703,288.2790184020996,515.8366012573242,86.91245555877686,610.1097106933594,228.9933729171753,,,,,,,,0,101.65347140815064,0.9514935982479529,0.2602956277559067,1.200304159851725,0,0,162.79691185257062,174.5717276883922,172.86680348663003,0,0,0,0,0
502,16.7,0,1,634.1645050048828,187.03883171081543,586.0549163818359,270.94791412353516,566.0608673095703,288.2790184020996,515.8366012573242,86.91245555877686,610.1097106933594,228.9933729171753,,,,,,,,0,101.65347140815064,0.9514935982479529,0.2602956277559067,1.200304159851725,0,0,162.79691185257062,174.5717276883922,172.86680348663003,0,0,0,0,0
503,16.733333333333334,0,1,634.1645050048828,187.03883171081543,586.0549163818359,270.94791412353516,566.0608673095703,288.2790184020996,515.8366012573242,86.91245555877686,610.1097106933594,228.9933729171753,,,,,,,,0,101.65347140815064,0.9514935982479529,0.2602956277559067,1.200304159851725,0,0,162.79691185257062,174.5717276883922,172.86680348663003,0,0,0,0,0
504,16.766666666666666,1,1,622.3237991333008,212.02757835388184,575.6661224365234,297.4270248413086,555.3129196166992,312.6010036468506,509.5357131958008,112.86350727081299,598.9949607849121,254.72730159759521,,,,,,,,0,97.22528978011177,1.0009118727077941,0.26111574263975473,1.2430212402490215,0,0,161.45664468433256,173.64713865890127,176.08693464455808,0,0,0,0,0
505,16.8,0,1,622.3237991333008,212.02757835388184,575.6661224365234,297.4270248413086,555.3129196166992,312.6010036468506,509.5357131958008,112.86350727081299,598.9949607849121,254.72730159759521,,,,,,,,0,97.22528978011177,1.0009118727077941,0.26111574263975473,1.2430212402490215,0,0,161.45664468433256,173.64713865890127,176.08693464455808,0,0,0,0,0
506,16.833333333333332,0,1,622.3237991333008,212.02757835388184,575.6661224365234,297.4270248413086,555.3129196166992,312.6010036468506,509.5357131958008,112.86350727081299,598.9949607849121,254.72730159759521,,,,,,,,0,97.22528978011177,1.0009118727077941,0.26111574263975473,1.2430212402490215,0,0,161.45664468433256,173.64713865890127,176.08693464455808,0,0,0,0,0
507,16.866666666666667,1,1,621.710090637207,225.13963222503662,569.3203735351562,312.0373249053955,551.4318466186523,326.35560035705566,511.7930603027344,127.99874782562256,595.5152320861816,268.58847856521606,,,,,,,,0,92.85324278423442,1.0927854453149473,0.24676735601662275,1.3270637488914125,0,0,165.16996490569704,173.4409081976738,178.93283774930083,0,0,0,0,0
508,16.9,0,1,621.710090637207,225.13963222503662,569.3203735351562,312.0373249053955,551.4318466186523,326.35560035705566,511.7930603027344,127.99874782562256,595.5152320861816,268.58847856521606,,,,,,,,0,92.85324278423442,1.0927854453149473,0.24676735601662275,1.3270637488914125,0,0,165.16996490569704,173.4409081976738,178.93283774930083,0,0,0,0,0
509,16.933333333333334,0,1,621.710090637207,225.13963222503662,569.3203735351562,312.0373249053955,551.4318466186523,326.35560035705566,511.7930603027344,127.99874782562256,595.5152320861816,268.58847856521606,,,,,,,,0,92.85324278423442,1.0927854453149473,0.24676735601662275,1.3270637488914125,0,0,165.16996490569704,173.4409081976738,178.93283774930083,0,0,0,0,0
510,16.966666666666665,1,1,621.2146759033203,236.251802444458,565.1995086669922,323.1016731262207,548.1943511962891,335.75672149658203,513.1467056274414,140.79321384429932,593.2070922851562,279.67673778533936,,,,,,,,0,93.62434669777973,1.103847312608961,0.2264080142297528,1.3182771525406918,0,0,168.0776524143056,174.15088337399135,179.76343744100805,0,0,0,0,0
511,17.0,0,1,621.2146759033203,236.251802444458,565.1995086669922,323.1016731262207,548.1943511962891,335.75672149658203,513.1467056274414,140.79321384429932,593.2070922851562,279.67673778533936,,,,,,,,0,93.62434669777973,1.103847312608961,0.2264080142297528,1.3182771525406918,0,0,168.0776524143056,174.15088337399135,179.76343744100805,0,0,0,0,0
512,17.033333333333335,0,1,621.2146759033203,236.251802444458,565.1995086669922,323.1016731262207,548.1943511962891,335.75672149658203,513.1467056274414,140.79321384429932,593.2070922851562,279.67673778533936,,,,,,,,0,93.62434669777973,1.103847312608961,0.2264080142297528,1.3182771525406918,0,0,168.0776524143056,174.15088337399135,179.76343744100805,0,0,0,0,0
513,17.066666666666666,1,1,624.3570327758789,239.56674098968506,566.3129043579102,326.5510368347168,549.3788909912109,341.2986946105957,512.2949981689453,144.49509143829346,595.3349685668945,283.0588889122009,,,,,,,,0,93.45178737593305,1.1189984823997117,0.24029080807477302,1.352321545111372,0,0,168.36603783887114,174.7754273159256,178.50904648374566,0,0,0,0,0
514,17.1,0,1,624.3570327758789,239.56674098968506,566.3129043579102,326.5510368347168,549.3788909912109,341.2986946105957,512.2949981689453,144.49509143829346,595.3349685668945,283.0588889122009,,,,,,,,0,93.45178737593305,1.1189984823997117,0.24029080807477302,1.352321545111372,0,0,168.36603783887114,174.7754273159256,178.50904648374566,0,0,0,0,0
515,17.133333333333333,0,1,624.3570327758789,239.56674098968506,566.3129043579102,326.5510368347168,549.3788909912109,341.2986946105957,512.2949981689453,144.49509143829346,595.3349685668945,283.0588889122009,,,,,,,,0,93.45178737593305,1.1189984823997117,0.24029080807477302,1.352321545111372,0,0,168.36603783887114,174.7754273159256,178.50904648374566,0,0,0,0,0
516,17.166666666666668,1,1,624.2040634155273,240.15192031860352,566.6530227661133,326.9282913208008,549.8711776733398,341.0503578186035,513.607063293457,143.7477207183838,595.4285430908203,283.54010581970215,,,,,,,,0,94.93759776518364,1.0967854671631088,0.23102702117826202,1.3200573409964806,0,0,169.28995927259055,174.47564550468547,178.5386089895578,0,0,0,0,0
517,17.2,0,1,624.2040634155273,240.15192031860352,566.6530227661133,326.9282913208008,549.8711776733398,341.0503578186035,513.607063293457,143.7477207183838,595.4285430908203,283.54010581970215,,,,,,,,0,94.93759776518364,1.0967854671631088,0.23102702117826202,1.3200573409964806,0,0,169.28995927259055,174.47564550468547,178.5386089895578,0,0,0,0,0
518,17.233333333333334,0,1,624.2040634155273,240.15192031860352,566.6530227661133,326.9282913208008,549.8711776733398,341.0503578186035,513.607063293457,143.7477207183838,595.4285430908203,283.54010581970215,,,,,,,,0,94.93759776518364,1.0967854671631088,0.23102702117826202,1.3200573409964806,0,0,169.28995927259055,174.47564550468547,178.5386089895578,0,0,0,0,0
519,17.266666666666666,1,1,622.0616149902344,241.66419982910156,567.2957611083984,326.71045303344727,550.0894546508789,342.3234272003174,513.3411407470703,145.13866424560547,594.6786880493164,284.1873264312744,,,,,,,,0,93.13366365238113,1.0861181155408497,0.2494701453843126,1.3286577620225681,0,0,169.98517446644948,175.01146937431673,179.00141993758055,0,0,0,0,0
520,17.3,0,1,622.0616149902344,241.66419982910156,567.2957611083984,326.71045303344727,550.0894546508789,342.3234272003174,513.3411407470703,145.13866424560547,594.6786880493164,284.1873264312744,,,,,,,,0,93.13366365238113,1.0861181155408497,0.2494701453843126,1.3286577620225681,0,0,169.98517446644948,175.01146937431673,179.00141993758055,0,0,0,0,0
521,17.333333333333332,0,1,622.0616149902344,241.66419982910156,567.2957611083984,326.71045303344727,550.0894546508789,342.3234272003174,513.3411407470703,145.13866424560547,594.6786880493164,284.1873264312744,,,,,,,,0,93.13366365238113,1.0861181155408497,0.2494701453843126,1.3286577620225681,0,0,169.98517446644948,175.01146937431673,179.00141993758055,0,0,0,0,0
522,17.366666666666667,1,1,623.8672256469727,241.72073364257812,566.8853378295898,326.264705657959,550.1421356201172,342.33012199401855,513.4330749511719,145.5790901184082,595.3762817382812,283.99271965026855,,,,,,,,0,94.02071164901744,1.084378125719043,0.24679824534728564,1.3266253623355713,0,0,169.30669494655865,175.1007499186543,178.744770166676,0,0,0,0,0
523,17.4,0,1,623.8672256469727,241.72073364257812,566.8853378295898,326.264705657959,550.1421356201172,342.33012199401855,513.4330749511719,145.5790901184082,595.3762817382812,283.99271965026855,,,,,,,,0,94.02071164901744,1.084378125719043,0.24679824534728564,1.3266253623355713,0,0,169.30669494655865,175.1007499186543,178.744770166676,0,0,0,0,0
524,17.433333333333334,0,1,623.8672256469727,241.72073364257812,566.8853378295898,326.264705657959,550.1421356201172,342.33012199401855,513.4330749511719,145.5790901184082,595.3762817382812,283.99271965026855,,,,,,,,0,94.02071164901744,1.084378125719043,0.24679824534728564,1.3266253623355713,0,0,169.30669494655865,175.1007499186543,178.744770166676,0,0,0,0,0
525,17.466666666666665,1,1,622.8882217407227,241.6204833984375,566.2251281738281,328.07172775268555,549.0304565429688,342.3277473449707,512.5290298461914,144.87722396850586,594.5566749572754,284.8461055755615,,,,,,,,0,94.21127489723776,1.0971719727406664,0.23708270766392497,1.325612455654361,0,0,172.37913294751328,174.9297796112197,178.3466075260458,0,0,0,0,0
526,17.5,0,1,622.8882217407227,241.6204833984375,566.2251281738281,328.07172775268555,549.0304565429688,342.3277473449707,512.5290298461914,144.87722396850586,594.5566749572754,284.8461055755615,,,,,,,,0,94.21127489723776,1.0971719727406664,0.23708270766392497,1.325612455654361,0,0,172.37913294751328,174.9297796112197,178.3466075260458,0,0,0,0,0
527,17.533333333333335,0,1,622.8882217407227,241.6204833984375,566.2251281738281,328.07172775268555,549.0304565429688,342.3277473449707,512.5290298461914,144.87722396850586,594.5566749572754,284.8461055755615,,,,,,,,0,94.21127489723776,1.0971719727406664,0.23708270766392497,1.325612455654361,0,0,172.37913294751328,174.9297796112197,178.3466075260458,0,0,0,0,0
528,17.566666666666666,1,1,622.4347686767578,241.06472969055176,566.8704223632812,329.2125606536865,549.8131942749023,342.97290802001953,513.7271118164062,145.92216968536377,594.6525955200195,285.13864517211914,,,,,,,,0,92.58491653487823,1.1254427642667741,0.23670876047823025,1.3515873811414358,0,0,172.08825067938028,175.414862014103,179.1111055447675,0,0,0,0,0
529,17.6,0,1,622.4347686767578,241.06472969055176,566.8704223632812,329.2125606536865,549.8131942749023,342.97290802001953,513.7271118164062,145.92216968536377,594.6525955200195,285.13864517211914,,,,,,,,0,92.58491653487823,1.1254427642667741,0.23670876047823025,1.3515873811414358,0,0,172.08825067938028,175.414862014103,179.1111055447675,0,0,0,0,0
530,17.633333333333333,0,1,622.4347686767578,241.06472969055176,566.8704223632812,329.2125606536865,549.8131942749023,342.97290802001953,513.7271118164062,145.92216968536377,594.6525955200195,285.13864517211914,,,,,,,,0,92.58491653487823,1.1254427642667741,0.23670876047823025,1.3515873811414358,0,0,172.08825067938028,175.414862014103,179.1111055447675,0,0,0,0,0
531,17.666666666666668,1,1,622.9611968994141,241.56641006469727,567.266960144043,327.138147354126,549.9801635742188,342.4681091308594,513.5831451416016,146.41093254089355,595.1140785217285,284.3522787094116,,,,,,,,0,91.36797462710486,1.1174572453738882,0.25287854888178446,1.3629354072354205,0,0,172.4723796875058,175.5748593332799,179.2179031386984,0,0,0,0,0
532,17.7,0,1,622.9611968994141,241.56641006469727,567.266960144043,327.138147354126,549.9801635742188,342.4681091308594,513.5831451416016,146.41093254089355,595.1140785217285,284.3522787094116,,,,,,,,0,91.36797462710486,1.1174572453738882,0.25287854888178446,1.3629354072354205,0,0,172.4723796875058,175.5748593332799,179.2179031386984,0,0,0,0,0
533,17.733333333333334,0,1,622.9611968994141,241.56641006469727,567.266960144043,327.138147354126,549.9801635742188,342.4681091308594,513.5831451416016,146.41093254089355,595.1140785217285,284.3522787094116,,,,,,,,0,91.36797462710486,1.1174572453738882,0.25287854888178446,1.3629354072354205,0,0,172.4723796875058,175.5748593332799,179.2179031386984,0,0,0,0,0
534,17.766666666666666,1,1,623.1732940673828,241.66065216064453,567.6133346557617,327.9932498931885,550.0780868530273,342.5537967681885,513.2424545288086,146.24067306518555,595.3933143615723,284.8269510269165,,,,,,,,0,92.20987733540588,1.1133905424535928,0.24717981789233623,1.3511423136756466,0,0,172.5830944900183,174.97445345905876,179.0545672132939,0,0,0,0,0
535,17.8,0,1,623.1732940673828,241.66065216064453,567.6133346557617,327.9932498931885,550.0780868530273,342.5537967681885,513.2424545288086,146.24067306518555,595.3933143615723,284.8269510269165,,,,,,,,0,92.20987733540588,1.1133905424535928,0.24717981789233623,1.3511423136756466,0,0,172.5830944900183,174.97445345905876,179.0545672132939,0,0,0,0,0
536,17.833333333333332,0,1,623.1732940673828,241.66065216064453,567.6133346557617,327.9932498931885,550.0780868530273,342.5537967681885,513.2424545288086,146.24067306518555,595.3933143615723,284.8269510269165,,,,,,,,0,92.20987733540588,1.1133905424535928,0.24717981789233623,1.3511423136756466,0,0,172.5830944900183,174.97445345905876,179.0545672132939,0,0,0,0,0
537,17.866666666666667,1,1,623.0158615112305,242.23855018615723,567.3455429077148,327.82848358154297,549.8952484130859,342.61021614074707,513.5473251342773,145.1032304763794,595.1807022094727,285.0335168838501,,,,,,,,0,92.50989393818215,1.1036874945917223,0.24721100936790852,1.3423613174732352,0,0,172.4774908592699,175.34347515846298,179.3014240998513,0,0,0,0,0
538,17.9,0,1,623.0158615112305,242.23855018615723,567.3455429077148,327.82848358154297,549.8952484130859,342.61021614074707,513.5473251342773,145.1032304763794,595.1807022094727,285.0335168838501,,,,,,,,0,92.50989393818215,1.1036874945917223,0.24721100936790852,1.3423613174732352,0,0,172.4774908592699,175.34347515846298,179.3014240998513,0,0,0,0,0
539,17.933333333333334,0,1,623.0158615112305,242.23855018615723,567.3455429077148,327.82848358154297,549.8952484130859,342.61021614074707,513.5473251342773,145.1032304763794,595.1807022094727,285.0335168838501,,,,,,,,0,92.50989393818215,1.1036874945917223,0.24721100936790852,1.3423613174732352,0,0,172.4774908592699,175.34347515846298,179.3014240998513,0,0,0,0,0
540,17.966666666666665,1,1,622.0878219604492,241.78542137145996,567.4142456054688,328.77516746520996,550.1883697509766,343.18450927734375,513.4010314941406,145.44972896575928,594.751033782959,285.28029441833496,,,,,,,,0,93.0604252375235,1.1040613656320186,0.24132663395926407,1.3357265782006065,0,0,171.43550880841627,175.7449909612418,179.66956930353538,0,0,0,0,0
541,18.0,0,1,622.0878219604492,241.78542137145996,567.4142456054688,328.77516746520996,550.1883697509766,343.18450927734375,513.4010314941406,145.44972896575928,594.751033782959,285.28029441833496,,,,,,,,0,93.0604252375235,1.1040613656320186,0.24132663395926407,1.3357265782006065,0,0,171.43550880841627,175.7449909612418,179.66956930353538,0,0,0,0,0
542,18.033333333333335,0,1,622.0878219604492,241.78542137145996,567.4142456054688,328.77516746520996,550.1883697509766,343.18450927734375,513.4010314941406,145.44972896575928,594.751033782959,285.28029441833496,,,,,,,,0,93.0604252375235,1.1040613656320186,0.24132663395926407,1.3357265782006065,0,0,171.43550880841627,175.7449909612418,179.66956930353538,0,0,0,0,0
543,18.066666666666666,1,1,623.1432342529297,242.7934741973877,566.6073226928711,328.1315517425537,549.3535995483398,342.30119705200195,514.0987014770508,146.1309814453125,594.8752784729004,285.4625129699707,,,,,,,,0,93.80241472319662,1.0912990137407756,0.23801559422302138,1.3206673533149085,0,0,171.55305645753324,175.04876131145718,178.8160095475802,0,0,0,0,0
544,18.1,0,1,623.1432342529297,242.7934741973877,566.6073226928711,328.1315517425537,549.3535995483398,342.30119705200195,514.0987014770508,146.1309814453125,594.8752784729004,285.4625129699707,,,,,,,,0,93.80241472319662,1.0912990137407756,0.23801559422302138,1.3206673533149085,0,0,171.55305645753324,175.04876131145718,178.8160095475802,0,0,0,0,0
545,18.133333333333333,0,1,623.1432342529297,242.7934741973877,566.6073226928711,328.1315517425537,549.3535995483398,342.30119705200195,514.0987014770508,146.1309814453125,594.8752784729004,285.4625129699707,,,,,,,,0,93.80241472319662,1.0912990137407756,0.23801559422302138,1.3206673533149085,0,0,171.55305645753324,175.04876131145718,178.8160095475802,0,0,0,0,0
546,18.166666666666668,1,1,622.9213714599609,241.87002182006836,567.0703125,326.55707359313965,549.8075485229492,341.9216537475586,513.5807037353516,145.57823181152344,594.9958419799805,284.213547706604,,,,,,,,0,94.08112327926868,1.0782793966914908,0.24563935991939256,1.3171522991144713,0,0,170.26515866366697,175.12110579491184,178.53339587966667,0,0,0,0,0
547,18.2,0,1,622.9213714599609,241.87002182006836,567.0703125,326.55707359313965,549.8075485229492,341.9216537475586,513.5807037353516,145.57823181152344,594.9958419799805,284.213547706604,,,,,,,,0,94.08112327926868,1.0782793966914908,0.24563935991939256,1.3171522991144713,0,0,170.26515866366697,175.12110579491184,178.53339587966667,0,0,0,0,0
548,18.233333333333334,0,1,622.9213714599609,241.87002182006836,567.0703125,326.55707359313965,549.8075485229492,341.9216537475586,513.5807037353516,145.57823181152344,594.9958419799805,284.213547706604,,,,,,,,0,94.08112327926868,1.0782793966914908,0.24563935991939256,1.3171522991144713,0,0,170.26515866366697,175.12110579491184,178.53339587966667,0,0,0,0,0
549,18.266666666666666,1,1,623.2971572875977,241.5091896057129,566.5891265869141,328.4700679779053,549.5010757446289,342.5984859466553,515.2803802490234,146.4659070968628,594.9431419372559,284.9896287918091,,,,,,,,0,92.04957591315747,1.1278392364170948,0.24087414487992262,1.3596969557401886,0,0,171.41413969338856,175.29139235326275,178.9876024598734,0,0,0,0,0
550,18.3,0,1,623.2971572875977,241.5091896057129,566.5891265869141,328.4700679779053,549.5010757446289,342.5984859466553,515.2803802490234,146.4659070968628,594.9431419372559,284.9896287918091,,,,,,,,0,92.04957591315747,1.1278392364170948,0.24087414487992262,1.3596969557401886,0,0,171.41413969338856,175.29139235326275,178.9876024598734,0,0,0,0,0
551,18.333333333333332,0,1,623.2971572875977,241.5091896057129,566.5891265869141,328.4700679779053,549.5010757446289,342.5984859466553,515.2803802490234,146.4659070968628,594.9431419372559,284.9896287918091,,,,,,,,0,92.04957591315747,1.1278392364170948,0.24087414487992262,1.3596969557401886,0,0,171.41413969338856,175.29139235326275,178.9876024598734,0,0,0,0,0
552,18.366666666666667,1,1,622.4764251708984,241.96709632873535,567.8243637084961,326.5110683441162,550.1934432983398,342.2830581665039,513.7741851806641,145.59754371643066,595.1503944396973,284.2390823364258,,,,,,,,0,92.73881679943315,1.0855261191774166,0.255081668577333,1.3332620406515931,0,0,171.2301198626433,175.11179891952997,179.0731708602785,0,0,0,0,0
553,18.4,0,1,622.4764251708984,241.96709632873535,567.8243637084961,326.5110683441162,550.1934432983398,342.2830581665039,513.7741851806641,145.59754371643066,595.1503944396973,284.2390823364258,,,,,,,,0,92.73881679943315,1.0855261191774166,0.255081668577333,1.3332620406515931,0,0,171.2301198626433,175.11179891952997,179.0731708602785,0,0,0,0,0
554,18.433333333333334,0,1,622.4764251708984,241.96709632873535,567.8243637084961,326.5110683441162,550.1934432983398,342.2830581665039,513.7741851806641,145.59754371643066,595.1503944396973,284.2390823364258,,,,,,,,0,92.73881679943315,1.0855261191774166,0.255081668577333,1.3332620406515931,0,0,171.2301198626433,175.11179891952997,179.0731708602785,0,0,0,0,0
555,18.466666666666665,1,1,622.666130065918,241.95093154907227,566.7034530639648,328.0975914001465,549.0688705444336,342.9771137237549,513.9065551757812,146.1910629272461,594.6847915649414,285.0242614746094,,,,,,,,0,91.80140283576793,1.1190256850829816,0.2513396534199288,1.3615411117641831,0,0,171.48008916001493,175.2833283135173,179.12687512599175,0,0,0,0,0
556,18.5,0,1,622.666130065918,241.95093154907227,566.7034530639648,328.0975914001465,549.0688705444336,342.9771137237549,513.9065551757812,146.1910629272461,594.6847915649414,285.0242614746094,,,,,,,,0,91.80140283576793,1.1190256850829816,0.2513396534199288,1.3615411117641831,0,0,171.48008916001493,175.2833283135173,179.12687512599175,0,0,0,0,0
557,18.533333333333335,0,1,622.666130065918,241.95093154907227,566.7034530639648,328.0975914001465,549.0688705444336,342.9771137237549,513.9065551757812,146.1910629272461,594.6847915649414,285.0242614746094,,,,,,,,0,91.80140283576793,1.1190256850829816,0.2513396534199288,1.3615411117641831,0,0,171.48008916001493,175.2833283135173,179.12687512599175,0,0,0,0,0
558,18.566666666666666,1,1,622.0844268798828,240.65646171569824,566.2739181518555,327.3172187805176,549.0908050537109,341.27294540405273,514.2701721191406,146.21585369110107,594.1791725158691,283.9868402481079,,,,,,,,0,93.58117310599815,1.1014731990353437,0.23654793600539545,1.3283125924190942,0,0,169.47675097731477,174.85307326069142,178.79682769231755,0,0,0,0,0
559,18.6,0,1,622.0844268798828,240.65646171569824,566.2739181518555,327.3172187805176,549.0908050537109,341.27294540405273,514.2701721191406,146.21585369110107,594.1791725158691,283.9868402481079,,,,,,,,0,93.58117310599815,1.1014731990353437,0.23654793600539545,1.3283125924190942,0,0,169.47675097731477,174.85307326069142,178.79682769231755,0,0,0,0,0
560,18.633333333333333,0,1,622.0844268798828,240.65646171569824,566.2739181518555,327.3172187805176,549.0908050537109,341.27294540405273,514.2701721191406,146.21585369110107,594.1791725158691,283.9868402481079,,,,,,,,0,93.58117310599815,1.1014731990353437,0.23654793600539545,1.3283125924190942,0,0,169.47675097731477,174.85307326069142,178.79682769231755,0,0,0,0,0
561,18.666666666666668,1,1,621.2749862670898,240.81788063049316,567.2317504882812,325.89674949645996,549.8838424682617,340.66165924072266,513.2315063476562,145.08773803710938,594.2533683776855,283.35731506347656,,,,,,,,0,93.72754808001834,1.0753752740836482,0.24305050999532665,1.3095562763013566,0,0,170.26439120558504,174.7517782161946,178.0700402630701,0,0,0,0,0
562,18.7,0,1,621.2749862670898,240.81788063049316,567.2317504882812,325.89674949645996,549.8838424682617,340.66165924072266,513.2315063476562,145.08773803710938,594.2533683776855,283.35731506347656,,,,,,,,0,93.72754808001834,1.0753752740836482,0.24305050999532665,1.3095562763013566,0,0,170.26439120558504,174.7517782161946,178.0700402630701,0,0,0,0,0
563,18.733333333333334,0,1,621.2749862670898,240.81788063049316,567.2317504882812,325.89674949645996,549.8838424682617,340.66165924072266,513.2315063476562,145.08773803710938,594.2533683776855,283.35731506347656,,,,,,,,0,93.72754808001834,1.0753752740836482,0.24305050999532665,1.3095562763013566,0,0,170.26439120558504,174.7517782161946,178.0700402630701,0,0,0,0,0
564,18.766666666666666,1,1,626.0305404663086,235.26626586914062,570.0381851196289,319.9921131134033,551.6150283813477,334.32180404663086,510.61248779296875,141.65878772735596,598.0343627929688,277.629189491272,,,,,,,,0,89.98551882949658,1.1285811484247708,0.2593743879390744,1.3768190596437084,0,0,173.95564345359622,173.7562486906866,178.32637316433454,0,0,0,0,0
565,18.8,0,1,626.0305404663086,235.26626586914062,570.0381851196289,319.9921131134033,551.6150283813477,334.32180404663086,510.61248779296875,141.65878772735596,598.0343627929688,277.629189491272,,,,,,,,0,89.98551882949658,1.1285811484247708,0.2593743879390744,1.3768190596437084,0,0,173.95564345359622,173.7562486906866,178.32637316433454,0,0,0,0,0
566,18.833333333333332,0,1,626.0305404663086,235.26626586914062,570.0381851196289,319.9921131134033,551.6150283813477,334.32180404663086,510.61248779296875,141.65878772735596,598.0343627929688,277.629189491272,,,,,,,,0,89.98551882949658,1.1285811484247708,0.2593743879390744,1.3768190596437084,0,0,173.95564345359622,173.7562486906866,178.32637316433454,0,0,0,0,0
567,18.866666666666667,1,1,628.858757019043,228.12283515930176,574.993896484375,313.27969551086426,554.2700958251953,325.2238368988037,509.0958786010742,137.67924785614014,601.926326751709,270.701265335083,,,,,,,,0,87.05853614816337,1.157412776711535,0.27475094731213145,1.4064344072504387,0,0,177.00617876217663,172.83530043877772,178.44279154350198,0,0,0,0,0
568,18.9,0,1,628.858757019043,228.12283515930176,574.993896484375,313.27969551086426,554.2700958251953,325.2238368988037,509.0958786010742,137.67924785614014,601.926326751709,270.701265335083,,,,,,,,0,87.05853614816337,1.157412776711535,0.27475094731213145,1.4064344072504387,0,0,177.00617876217663,172.83530043877772,178.44279154350198,0,0,0,0,0
569,18.933333333333334,0,1,628.858757019043,228.12283515930176,574.993896484375,313.27969551086426,554.2700958251953,325.2238368988037,509.0958786010742,137.67924785614014,601.926326751709,270.701265335083,,,,,,,,0,87.05853614816337,1.157412776711535,0.27475094731213145,1.4064344072504387,0,0,177.00617876217663,172.83530043877772,178.44279154350198,0,0,0,0,0
570,18.966666666666665,1,1,630.9502792358398,220.64877033233643,582.6760482788086,303.7035942077637,563.3282089233398,317.8147888183594,510.58204650878906,134.40057277679443,606.8131637573242,262.17618227005005,,,,,,,,0,86.45744190754749,1.1111259685350867,0.2769816281203721,1.369236154303356,0,0,179.60188726744522,173.5384980277382,179.7779436348076,0,0,0,0,0
571,19.0,0,1,630.9502792358398,220.64877033233643,582.6760482788086,303.7035942077637,563.3282089233398,317.8147888183594,510.58204650878906,134.40057277679443,606.8131637573242,262.17618227005005,,,,,,,,0,86.45744190754749,1.1111259685350867,0.2769816281203721,1.369236154303356,0,0,179.60188726744522,173.5384980277382,179.7779436348076,0,0,0,0,0
572,19.033333333333335,0,1,630.9502792358398,220.64877033233643,582.6760482788086,303.7035942077637,563.3282089233398,317.8147888183594,510.58204650878906,134.40057277679443,606.8131637573242,262.17618227005005,,,,,,,,0,86.45744190754749,1.1111259685350867,0.2769816281203721,1.369236154303356,0,0,179.60188726744522,173.5384980277382,179.7779436348076,0,0,0,0,0
573,19.066666666666666,1,1,622.3368072509766,217.93139934539795,596.523323059082,284.26486015319824,575.8028030395508,300.5805015563965,515.7199478149414,124.5809268951416,609.4300651550293,251.0981297492981,,,,,,,,0,82.99831797347944,0.8575968732289934,0.317754563815002,1.1427793269792157,0,0,172.84826363128101,176.18258361716303,176.78283248792184,0,0,0,0,0
574,19.1,0,1,622.3368072509766,217.93139934539795,596.523323059082,284.26486015319824,575.8028030395508,300.5805015563965,515.7199478149414,124.5809268951416,609.4300651550293,251.0981297492981,,,,,,,,0,82.99831797347944,0.8575968732289934,0.317754563815002,1.1427793269792157,0,0,172.84826363128101,176.18258361716303,176.78283248792184,0,0,0,0,0
575,19.133333333333333,0,1,622.3368072509766,217.93139934539795,596.523323059082,284.26486015319824,575.8028030395508,300.5805015563965,515.7199478149414,124.5809268951416,609.4300651550293,251.0981297492981,,,,,,,,0,82.99831797347944,0.8575968732289934,0.317754563815002,1.1427793269792157,0,0,172.84826363128101,176.18258361716303,176.78283248792184,0,0,0,0,0
576,19.166666666666668,1,1,621.1611938476562,202.45226383209229,612.4834823608398,249.7389793395996,592.7589797973633,266.4945316314697,519.3952560424805,109.67751502990723,616.822338104248,226.09562158584595,,,,,,,,0,78.75930783147943,0.610421278655981,0.32860347421413516,0.8895179462416184,0,0,162.9595212683495,175.63313690368986,175.8398049048209,0,0,0,0,0
577,19.2,0,1,621.1611938476562,202.45226383209229,612.4834823608398,249.7389793395996,592.7589797973633,266.4945316314697,519.3952560424805,109.67751502990723,616.822338104248,226.09562158584595,,,,,,,,0,78.75930783147943,0.610421278655981,0.32860347421413516,0.8895179462416184,0,0,162.9595212683495,175.63313690368986,175.8398049048209,0,0,0,0,0
578,19.233333333333334,0,1,621.1611938476562,202.45226383209229,612.4834823608398,249.7389793395996,592.7589797973633,266.4945316314697,519.3952560424805,109.67751502990723,616.822338104248,226.09562158584595,,,,,,,,0,78.75930783147943,0.610421278655981,0.32860347421413516,0.8895179462416184,0,0,162.9595212683495,175.63313690368986,175.8398049048209,0,0,0,0,0
579,19.266666666666666,1,1,623.570442199707,168.15313339233398,618.1884002685547,201.34418964385986,604.3936538696289,220.3759002685547,514.2340087890625,85.35930633544922,620.8794212341309,184.74866151809692,81.35705830337636,48.02643966674805,27.907716751098633,55.5461930407777,0.5903168166142374,0.34302760366570983,0.6827458391335728,12,80.3432455720678,0.41851163576013933,0.292561502207889,0.6924343611057294,1,1,163.54024750646641,173.17878133022325,164.60279294127264,0,0,0,0,0
580,19.3,0,1,623.570442199707,168.15313339233398,618.1884002685547,201.34418964385986,604.3936538696289,220.3759002685547,514.2340087890625,85.35930633544922,620.8794212341309,184.74866151809692,81.35705830337636,48.02643966674805,27.907716751098633,55.5461930407777,0.5903168166142374,0.34302760366570983,0.6827458391335728,12,80.3432455720678,0.41851163576013933,0.292561502207889,0.6924343611057294,1,2,163.54024750646641,173.17878133022325,164.60279294127264,0,0,0,0,0
581,19.333333333333332,0,1,623.570442199707,168.15313339233398,618.1884002685547,201.34418964385986,604.3936538696289,220.3759002685547,514.2340087890625,85.35930633544922,620.8794212341309,184.74866151809692,81.35705830337636,48.02643966674805,27.907716751098633,55.5461930407777,0.5903168166142374,0.34302760366570983,0.6827458391335728,12,80.3432455720678,0.41851163576013933,0.292561502207889,0.6924343611057294,1,3,163.54024750646641,173.17878133022325,164.60279294127264,0,0,0,0,0
582,19.366666666666667,1,1,613.1214141845703,135.21769523620605,612.0955276489258,157.26149082183838,595.391960144043,168.46864700317383,500.0517272949219,56.47170066833496,612.608470916748,146.23959302902222,81.35705830337636,48.02643966674805,27.907716751098633,55.5461930407777,0.5903168166142374,0.34302760366570983,0.6827458391335728,12,82.37087103468492,0.2679060454100007,0.24419928524081022,0.4574717652445479,1,4,163.45599032415274,146.9161323783585,140.91700506236998,-1,-1,0,0,0
583,19.4,0,1,613.1214141845703,135.21769523620605,612.0955276489258,157.26149082183838,595.391960144043,168.46864700317383,500.0517272949219,56.47170066833496,612.608470916748,146.23959302902222,81.35705830337636,48.02643966674805,27.907716751098633,55.5461930407777,0.5903168166142374,0.34302760366570983,0.6827458391335728,12,82.37087103468492,0.2679060454100007,0.24419928524081022,0.4574717652445479,1,5,163.45599032415274,146.9161323783585,140.91700506236998,0,0,0,0,0
584,19.433333333333334,0,1,613.1214141845703,135.21769523620605,612.0955276489258,157.26149082183838,595.391960144043,168.46864700317383,500.0517272949219,56.47170066833496,612.608470916748,146.23959302902222,81.35705830337636,48.02643966674805,27.907716751098633,55.5461930407777,0.5903168166142374,0.34302760366570983,0.6827458391335728,12,82.37087103468492,0.2679060454100007,0.24419928524081022,0.4574717652445479,1,6,163.45599032415274,146.9161323783585,140.91700506236998,0,0,0,0,0
585,19.466666666666665,1,1,574.1498947143555,122.52948760986328,577.5833892822266,142.75847911834717,562.9188919067383,140.10380744934082,466.6223907470703,31.426230669021606,575.866641998291,132.64398336410522,81.35705830337636,48.02643966674805,27.907716751098633,55.5461930407777,0.5903168166142374,0.34302760366570983,0.6827458391335728,12,76.08580986689957,0.26967326107371653,0.19586890401621632,0.2741176740624771,1,7,158.03038877749785,144.36796844920082,130.71412444619446,-1,-1,0,0,0
586,19.5,0,1,574.1498947143555,122.52948760986328,577.5833892822266,142.75847911834717,562.9188919067383,140.10380744934082,466.6223907470703,31.426230669021606,575.866641998291,132.64398336410522,81.35705830337636,48.02643966674805,27.907716751098633,55.5461930407777,0.5903168166142374,0.34302760366570983,0.6827458391335728,12,76.08580986689957,0.26967326107371653,0.19586890401621632,0.2741176740624771,1,8,158.03038877749785,144.36796844920082,130.71412444619446,0,0,0,0,0
587,19.533333333333335,0,1,574.1498947143555,122.52948760986328,577.5833892822266,142.75847911834717,562.9188919067383,140.10380744934082,466.6223907470703,31.426230669021606,575.866641998291,132.64398336410522,81.35705830337636,48.02643966674805,27.907716751098633,55.5461930407777,0.5903168166142374,0.34302760366570983,0.6827458391335728,12,76.08580986689957,0.26967326107371653,0.19586890401621632,0.2741176740624771,1,9,158.03038877749785,144.36796844920082,130.71412444619446,0,0,0,0,0
588,19.566666666666666,1,1,508.9483642578125,118.01761865615845,489.7245407104492,97.1353268623352,487.33875274658203,105.73396682739258,434.19910430908203,25.30827820301056,499.33645248413086,107.57647275924683,81.35705830337636,48.02643966674805,27.907716751098633,55.5461930407777,0.5903168166142374,0.34302760366570983,0.6827458391335728,12,89.1104916900312,0.31852077426403935,0.100139560787029,0.27894424076033886,1,10,165.0781382155119,82.82779257321748,87.76561414414864,-1,-1,0,0,0
589,19.6,0,1,508.9483642578125,118.01761865615845,489.7245407104492,97.1353268623352,487.33875274658203,105.73396682739258,434.19910430908203,25.30827820301056,499.33645248413086,107.57647275924683,81.35705830337636,48.02643966674805,27.907716751098633,55.5461930407777,0.5903168166142374,0.34302760366570983,0.6827458391335728,12,89.1104916900312,0.31852077426403935,0.100139560787029,0.27894424076033886,1,11,165.0781382155119,82.82779257321748,87.76561414414864,0,0,0,0,0
590,19.633333333333333,0,1,508.9483642578125,118.01761865615845,489.7245407104492,97.1353268623352,487.33875274658203,105.73396682739258,434.19910430908203,25.30827820301056,499.33645248413086,107.57647275924683,81.35705830337636,48.02643966674805,27.907716751098633,55.5461930407777,0.5903168166142374,0.34302760366570983,0.6827458391335728,12,89.1104916900312,0.31852077426403935,0.100139560787029,0.27894424076033886,1,12,165.0781382155119,82.82779257321748,87.76561414414864,0,0,0,0,0
591,19.666666666666668,1,0,,,,,,,,,,,,,,,,,,0,,,,,0,12,,,,0,0,0,0,0
592,19.7,0,0,,,,,,,,,,,,,,,,,,0,,,,,0,12,,,,0,0,0,0,0
593,19.733333333333334,0,0,,,,,,,,,,,,,,,,,,0,,,,,0,12,,,,0,0,0,0,0
594,19.766666666666666,1,1,355.13465881347656,195.53491115570068,356.57379150390625,209.71352577209473,339.8341369628906,207.5530242919922,300.93143463134766,46.28076910972595,355.8542251586914,202.6242184638977,110.71012901448073,19.31071662902832,86.19766235351562,88.33425593696545,0.17442592471825685,0.7785887625714996,0.7978877517648946,99,95.52283465680055,0.14919431225225271,0.1766959827204681,0.20368041342428814,1,13,168.65402918638128,132.3867989221006,128.33300329088135,0,0,0,0,0
595,19.8,0,1,355.13465881347656,195.53491115570068,356.57379150390625,209.71352577209473,339.8341369628906,207.5530242919922,300.93143463134766,46.28076910972595,355.8542251586914,202.6242184638977,110.71012901448073,19.31071662902832,86.19766235351562,88.33425593696545,0.17442592471825685,0.7785887625714996,0.7978877517648946,99,95.52283465680055,0.14919431225225271,0.1766959827204681,0.20368041342428814,1,14,168.65402918638128,132.3867989221006,128.33300329088135,0,0,0,0,0
596,19.833333333333332,0,1,355.13465881347656,195.53491115570068,356.57379150390625,209.71352577209473,339.8341369628906,207.5530242919922,300.93143463134766,46.28076910972595,355.8542251586914,202.6242184638977,110.71012901448073,19.31071662902832,86.19766235351562,88.33425593696545,0.17442592471825685,0.7785887625714996,0.7978877517648946,99,95.52283465680055,0.14919431225225271,0.1766959827204681,0.20368041342428814,1,15,168.65402918638128,132.3867989221006,128.33300329088135,0,0,0,0,0
597,19.866666666666667,1,1,344.4893264770508,226.08720302581787,330.9003448486328,248.24252128601074,314.83760833740234,249.6053123474121,286.7364501953125,70.65978527069092,337.6948356628418,237.1648621559143,110.71012901448073,19.31071662902832,86.19766235351562,88.33425593696545,0.17442592471825685,0.7785887625714996,0.7978877517648946,99,99.77052062927551,0.2605052024597548,0.16157521836675554,0.3793312980847682,1,16,177.1668276489611,149.08632837951615,139.0848921306289,-1,1,0,0,0
598,19.9,0,1,344.4893264770508,226.08720302581787,330.9003448486328,248.24252128601074,314.83760833740234,249.6053123474121,286.7364501953125,70.65978527069092,337.6948356628418,237.1648621559143,110.71012901448073,19.31071662902832,86.19766235351562,88.33425593696545,0.17442592471825685,0.7785887625714996,0.7978877517648946,99,99.77052062927551,0.2605052024597548,0.16157521836675554,0.3793312980847682,1,17,177.1668276489611,149.08632837951615,139.0848921306289,0,0,0,0,0
599,19.933333333333334,0,1,344.4893264770508,226.08720302581787,330.9003448486328,248.24252128601074,314.83760833740234,249.6053123474121,286.7364501953125,70.65978527069092,337.6948356628418,237.1648621559143,110.71012901448073,19.31071662902832,86.19766235351562,88.33425593696545,0.17442592471825685,0.7785887625714996,0.7978877517648946,99,99.77052062927551,0.2605052024597548,0.16157521836675554,0.3793312980847682,1,18,177.1668276489611,149.08632837951615,139.0848921306289,0,0,0,0,0
600,19.966666666666665,1,1,365.42232513427734,240.35682678222656,351.02359771728516,266.6572666168213,333.92494201660156,267.3585033416748,287.3236083984375,88.827645778656,358.22296142578125,253.50704669952393,110.71012901448073,19.31071662902832,86.19766235351562,88.33425593696545,0.17442592471825685,0.7785887625714996,0.7978877517648946,99,97.62047417746766,0.30714803833673626,0.17530163718656303,0.4249831269450586,1,19,175.9008377716245,151.9089124358872,140.12004137941213,1,1,1,0,1
601,20.0,0,1,365.42232513427734,240.35682678222656,351.02359771728516,266.6572666168213,333.92494201660156,267.3585033416748,287.3236083984375,88.827645778656,358.22296142578125,253.50704669952393,110.71012901448073,19.31071662902832,86.19766235351562,88.33425593696545,0.17442592471825685,0.7785887625714996,0.7978877517648946,99,97.62047417746766,0.30714803833673626,0.17530163718656303,0.4249831269450586,1,20,175.9008377716245,151.9089124358872,140.12004137941213,0,0,1,0,1
602,20.033333333333335,0,1,365.42232513427734,240.35682678222656,351.02359771728516,266.6572666168213,333.92494201660156,267.3585033416748,287.3236083984375,88.827645778656,358.22296142578125,253.50704669952393,110.71012901448073,19.31071662902832,86.19766235351562,88.33425593696545,0.17442592471825685,0.7785887625714996,0.7978877517648946,99,97.62047417746766,0.30714803833673626,0.17530163718656303,0.4249831269450586,1,21,175.9008377716245,151.9089124358872,140.12004137941213,0,0,1,0,1
603,20.066666666666666,1,1,373.24947357177734,241.9643497467041,366.8987274169922,266.5718364715576,350.4166030883789,271.2733268737793,292.06104278564453,100.44783353805542,370.07410049438477,254.26809310913086,110.71012901448073,19.31071662902832,86.19766235351562,88.33425593696545,0.17442592471825685,0.7785887625714996,0.7978877517648946,99,100.6080040402796,0.2526020022304693,0.17035978154667886,0.36928616595283864,1,22,178.2765990390715,146.87631982963157,137.6857448750428,1,0,1,0,1
604,20.1,0,1,373.24947357177734,241.9643497467041,366.8987274169922,266.5718364715576,350.4166030883789,271.2733268737793,292.06104278564453,100.44783353805542,370.07410049438477,254.26809310913086,110.71012901448073,19.31071662902832,86.19766235351562,88.33425593696545,0.17442592471825685,0.7785887625714996,0.7978877517648946,99,100.6080040402796,0.2526020022304693,0.17035978154667886,0.36928616595283864,1,23,178.2765990390715,146.87631982963157,137.6857448750428,0,0,1,0,1
605,20.133333333333333,0,1,373.24947357177734,241.9643497467041,366.8987274169922,266.5718364715576,350.4166030883789,271.2733268737793,292.06104278564453,100.44783353805542,370.07410049438477,254.26809310913086,110.71012901448073,19.31071662902832,86.19766235351562,88.33425593696545,0.17442592471825685,0.7785887625714996,0.7978877517648946,99,100.6080040402796,0.2526020022304693,0.17035978154667886,0.36928616595283864,1,24,178.2765990390715,146.87631982963157,137.6857448750428,0,0,1,0,1
606,20.166666666666668,1,1,372.46185302734375,249.09101486206055,368.1032180786133,266.5437698364258,348.9543914794922,265.6213188171387,294.28232192993164,107.5051474571228,370.2825355529785,257.81739234924316,110.71012901448073,19.31071662902832,86.19766235351562,88.33425593696545,0.17442592471825685,0.7785887625714996,0.7978877517648946,99,105.32134243417956,0.1707990396208181,0.18202419155665764,0.2728567153670114,1,25,177.32584623843402,139.8243183479211,124.45713915783996,0,1,1,0,1
607,20.2,0,1,372.46185302734375,249.09101486206055,368.1032180786133,266.5437698364258,348.9543914794922,265.6213188171387,294.28232192993164,107.5051474571228,370.2825355529785,257.81739234924316,110.71012901448073,19.31071662902832,86.19766235351562,88.33425593696545,0.17442592471825685,0.7785887625714996,0.7978877517648946,99,105.32134243417956,0.1707990396208181,0.18202419155665764,0.2728567153670114,1,26,177.32584623843402,139.8243183479211,124.45713915783996,0,0,1,0,1
608,20.233333333333334,0,1,372.46185302734375,249.09101486206055,368.1032180786133,266.5437698364258,348.9543914794922,265.6213188171387,294.28232192993164,107.5051474571228,370.2825355529785,257.81739234924316,110.71012901448073,19.31071662902832,86.19766235351562,88.33425593696545,0.17442592471825685,0.7785887625714996,0.7978877517648946,99,105.32134243417956,0.1707990396208181,0.18202419155665764,0.2728567153670114,1,27,177.32584623843402,139.8243183479211,124.45713915783996,0,0,1,0,1
609,20.266666666666666,1,1,373.80725860595703,252.4866771697998,367.6267623901367,263.7824821472168,344.57767486572266,255.38804054260254,292.38582611083984,109.3682599067688,370.7170104980469,258.1345796585083,110.71012901448073,19.31071662902832,86.19766235351562,88.33425593696545,0.17442592471825685,0.7785887625714996,0.7978877517648946,99,107.67464209669569,0.11958332701127489,0.2278171127720858,0.2727961441004141,1,28,174.8093657749549,131.04743937350216,105.0846528488633,0,0,1,0,1
610,20.3,0,1,373.80725860595703,252.4866771697998,367.6267623901367,263.7824821472168,344.57767486572266,255.38804054260254,292.38582611083984,109.3682599067688,370.7170104980469,258.1345796585083,110.71012901448073,19.31071662902832,86.19766235351562,88.33425593696545,0.17442592471825685,0.7785887625714996,0.7978877517648946,99,107.67464209669569,0.11958332701127489,0.2278171127720858,0.2727961441004141,1,29,174.8093657749549,131.04743937350216,105.0846528488633,0,0,1,0,1
611,20.333333333333332,0,1,373.80725860595703,252.4866771697998,367.6267623901367,263.7824821472168,344.57767486572266,255.38804054260254,292.38582611083984,109.3682599067688,370.7170104980469,258.1345796585083,110.71012901448073,19.31071662902832,86.19766235351562,88.33425593696545,0.17442592471825685,0.7785887625714996,0.7978877517648946,99,107.67464209669569,0.11958332701127489,0.2278171127720858,0.2727961441004141,1,30,174.8093657749549,131.04743937350216,105.0846528488633,0,0,1,0,1
612,20.366666666666667,1,1,374.1630172729492,254.55187797546387,364.96009826660156,254.87743377685547,341.41902923583984,247.8610897064209,289.2412757873535,112.56814241409302,369.5615577697754,254.71465587615967,110.71012901448073,19.31071662902832,86.19766235351562,88.33425593696545,0.17442592471825685,0.7785887625714996,0.7978877517648946,99,109.92960909179138,0.08376883712442573,0.2234559552236022,0.304018032607287,1,31,174.35249805545953,109.98074747721509,91.20379510512491,0,-1,1,1,1
613,20.4,0,1,374.1630172729492,254.55187797546387,364.96009826660156,254.87743377685547,341.41902923583984,247.8610897064209,289.2412757873535,112.56814241409302,369.5615577697754,254.71465587615967,110.71012901448073,19.31071662902832,86.19766235351562,88.33425593696545,0.17442592471825685,0.7785887625714996,0.7978877517648946,99,109.92960909179138,0.08376883712442573,0.2234559552236022,0.304018032607287,1,32,174.35249805545953,109.98074747721509,91.20379510512491,0,0,1,1,1
614,20.433333333333334,0,1,374.1630172729492,254.55187797546387,364.96009826660156,254.87743377685547,341.41902923583984,247.8610897064209,289.2412757873535,112.56814241409302,369.5615577697754,254.71465587615967,110.71012901448073,19.31071662902832,86.19766235351562,88.33425593696545,0.17442592471825685,0.7785887625714996,0.7978877517648946,99,109.92960909179138,0.08376883712442573,0.2234559552236022,0.304018032607287,1,33,174.35249805545953,109.98074747721509,91.20379510512491,0,0,1,1,1
615,20.466666666666665,1,1,372.6814651489258,254.78845596313477,363.0808639526367,253.06903839111328,338.70548248291016,250.2242660522461,288.72894287109375,117.26730823516846,367.88116455078125,253.92874717712402,110.71012901448073,19.31071662902832,86.19766235351562,88.33425593696545,0.17442592471825685,0.7785887625714996,0.7978877517648946,99,110.71012901448073,0.08809812989039399,0.221667361075846,0.3096480802447675,1,34,173.121998476202,102.27230603559204,87.08928822125112,0,0,1,1,1
616,20.5,0,1,372.6814651489258,254.78845596313477,363.0808639526367,253.06903839111328,338.70548248291016,250.2242660522461,288.72894287109375,117.26730823516846,367.88116455078125,253.92874717712402,110.71012901448073,19.31071662902832,86.19766235351562,88.33425593696545,0.17442592471825685,0.7785887625714996,0.7978877517648946,99,110.71012901448073,0.08809812989039399,0.221667361075846,0.3096480802447675,1,35,173.121998476202,102.27230603559204,87.08928822125112,0,0,1,1,1
617,20.533333333333335,0,1,372.6814651489258,254.78845596313477,363.0808639526367,253.06903839111328,338.70548248291016,250.2242660522461,288.72894287109375,117.26730823516846,367.88116455078125,253.92874717712402,110.71012901448073,19.31071662902832,86.19766235351562,88.33425593696545,0.17442592471825685,0.7785887625714996,0.7978877517648946,99,110.71012901448073,0.08809812989039399,0.221667361075846,0.3096480802447675,1,36,173.121998476202,102.27230603559204,87.08928822125112,0,0,1,1,1
618,20.566666666666666,1,1,373.6930465698242,253.38850021362305,355.6484603881836,248.26194763183594,333.22376251220703,249.46781158447266,285.70751190185547,120.49731731414795,364.6707534790039,250.8252239227295,110.71012901448073,19.31071662902832,86.19766235351562,88.33425593696545,0.17442592471825685,0.7785887625714996,0.7978877517648946,99,111.98687963388193,0.16750796963362144,0.20053328177444832,0.3630671733124422,1,37,171.97830563291484,74.39574303789988,76.36170123452061,-1,-1,2,1,2
619,20.6,0,1,373.6930465698242,253.38850021362305,355.6484603881836,248.26194763183594,333.22376251220703,249.46781158447266,285.70751190185547,120.49731731414795,364.6707534790039,250.8252239227295,110.71012901448073,19.31071662902832,86.19766235351562,88.33425593696545,0.17442592471825685,0.7785887625714996,0.7978877517648946,99,111.98687963388193,0.16750796963362144,0.20053328177444832,0.3630671733124422,1,38,171.97830563291484,74.39574303789988,76.36170123452061,0,0,2,1,2
620,20.633333333333333,0,1,373.6930465698242,253.38850021362305,355.6484603881836,248.26194763183594,333.22376251220703,249.46781158447266,285.70751190185547,120.49731731414795,364.6707534790039,250.8252239227295,110.71012901448073,19.31071662902832,86.19766235351562,88.33425593696545,0.17442592471825685,0.7785887625714996,0.7978877517648946,99,111.98687963388193,0.16750796963362144,0.20053328177444832,0.3630671733124422,1,39,171.97830563291484,74.39574303789988,76.36170123452061,0,0,2,1,2
621,20.666666666666668,1,1,373.07594299316406,255.50148010253906,357.7812194824219,254.19748306274414,334.7230911254883,253.76275062561035,283.12997817993164,125.10653972625732,365.42858123779297,254.8494815826416,110.71012901448073,19.31071662902832,86.19766235351562,88.33425593696545,0.17442592471825685,0.7785887625714996,0.7978877517648946,99,114.49964026472264,0.1340633987410223,0.20141745520061624,0.33530449760161485,1,40,169.58731322398944,80.40466036365787,87.11346664943991,0,1,2,2,2
622,20.7,0,1,373.07594299316406,255.50148010253906,357.7812194824219,254.19748306274414,334.7230911254883,253.76275062561035,283.12997817993164,125.10653972625732,365.42858123779297,254.8494815826416,110.71012901448073,19.31071662902832,86.19766235351562,88.33425593696545,0.17442592471825685,0.7785887625714996,0.7978877517648946,99,114.49964026472264,0.1340633987410223,0.20141745520061624,0.33530449760161485,1,41,169.58731322398944,80.40466036365787,87.11346664943991,0,0,2,2,2
623,20.733333333333334,0,1,373.07594299316406,255.50148010253906,357.7812194824219,254.19748306274414,334.7230911254883,253.76275062561035,283.12997817993164,125.10653972625732,365.42858123779297,254.8494815826416,110.71012901448073,19.31071662902832,86.19766235351562,88.33425593696545,0.17442592471825685,0.7785887625714996,0.7978877517648946,99,114.49964026472264,0.1340633987410223,0.20141745520061624,0.33530449760161485,1,42,169.58731322398944,80.40466036365787,87.11346664943991,0,0,2,2,2
624,20.766666666666666,1,1,368.9426803588867,254.49119567871094,361.7007827758789,258.2581043243408,340.0034713745117,255.54302215576172,280.7640838623047,128.25030326843262,365.3217315673828,256.3746500015259,110.71012901448073,19.31071662902832,86.19766235351562,88.33425593696545,0.17442592471825685,0.7785887625714996,0.7978877517648946,99,113.99795040163262,0.0716066109323286,0.19181508701346478,0.25402489652081756,1,43,179.52071040692252,89.29436481729505,92.6562925007811,0,0,2,2,2
625,20.8,0,1,368.9426803588867,254.49119567871094,361.7007827758789,258.2581043243408,340.0034713745117,255.54302215576172,280.7640838623047,128.25030326843262,365.3217315673828,256.3746500015259,110.71012901448073,19.31071662902832,86.19766235351562,88.33425593696545,0.17442592471825685,0.7785887625714996,0.7978877517648946,99,113.99795040163262,0.0716066109323286,0.19181508701346478,0.25402489652081756,1,44,179.52071040692252,89.29436481729505,92.6562925007811,0,0,2,2,2
626,20.833333333333332,0,1,368.9426803588867,254.49119567871094,361.7007827758789,258.2581043243408,340.0034713745117,255.54302215576172,280.7640838623047,128.25030326843262,365.3217315673828,256.3746500015259,110.71012901448073,19.31071662902832,86.19766235351562,88.33425593696545,0.17442592471825685,0.7785887625714996,0.7978877517648946,99,113.99795040163262,0.0716066109323286,0.19181508701346478,0.25402489652081756,1,45,179.52071040692252,89.29436481729505,92.6562925007811,0,0,2,2,2
627,20.866666666666667,1,1,363.4421157836914,251.577730178833,362.5770950317383,256.2856864929199,339.71492767333984,254.26036834716797,280.2365303039551,129.47726726531982,363.00960540771484,253.93170833587646,110.71012901448073,19.31071662902832,86.19766235351562,88.33425593696545,0.17442592471825685,0.7785887625714996,0.7978877517648946,99,114.703507686596,0.04173163062491524,0.20009590064751615,0.20817461427664816,1,46,165.95337886255712,89.8802181649018,93.46817598731948,-1,-1,2,3,3
628,20.9,0,1,363.4421157836914,251.577730178833,362.5770950317383,256.2856864929199,339.71492767333984,254.26036834716797,280.2365303039551,129.47726726531982,363.00960540771484,253.93170833587646,110.71012901448073,19.31071662902832,86.19766235351562,88.33425593696545,0.17442592471825685,0.7785887625714996,0.7978877517648946,99,114.703507686596,0.04173163062491524,0.20009590064751615,0.20817461427664816,1,47,165.95337886255712,89.8802181649018,93.46817598731948,0,0,2,3,3
629,20.933333333333334,0,1,363.4421157836914,251.577730178833,362.5770950317383,256.2856864929199,339.71492767333984,254.26036834716797,280.2365303039551,129.47726726531982,363.00960540771484,253.93170833587646,110.71012901448073,19.31071662902832,86.19766235351562,88.33425593696545,0.17442592471825685,0.7785887625714996,0.7978877517648946,99,114.703507686596,0.04173163062491524,0.20009590064751615,0.20817461427664816,1,48,165.95337886255712,89.8802181649018,93.46817598731948,0,0,2,3,3
630,20.966666666666665,1,1,363.6049270629883,250.43423652648926,362.3801040649414,252.10896492004395,339.7103500366211,252.46264457702637,282.09665298461914,131.03675365447998,362.99251556396484,251.2716007232666,110.71012901448073,19.31071662902832,86.19766235351562,88.33425593696545,0.17442592471825685,0.7785887625714996,0.7978877517648946,99,114.52808520664628,0.018116315077335302,0.19796465440375158,0.20938548043857783,1,49,159.5364080486879,84.29765253027264,90.50894084310133,0,-1,2,3,3
631,21.0,0,1,363.6049270629883,250.43423652648926,362.3801040649414,252.10896492004395,339.7103500366211,252.46264457702637,282.09665298461914,131.03675365447998,362.99251556396484,251.2716007232666,110.71012901448073,19.31071662902832,86.19766235351562,88.33425593696545,0.17442592471825685,0.7785887625714996,0.7978877517648946,99,114.52808520664628,0.018116315077335302,0.19796465440375158,0.20938548043857783,1,50,159.5364080486879,84.29765253027264,90.50894084310133,0,0,2,3,3
632,21.033333333333335,0,1,363.6049270629883,250.43423652648926,362.3801040649414,252.10896492004395,339.7103500366211,252.46264457702637,282.09665298461914,131.03675365447998,362.99251556396484,251.2716007232666,110.71012901448073,19.31071662902832,86.19766235351562,88.33425593696545,0.17442592471825685,0.7785887625714996,0.7978877517648946,99,114.52808520664628,0.018116315077335302,0.19796465440375158,0.20938548043857783,1,51,159.5364080486879,84.29765253027264,90.50894084310133,0,0,2,3,3
633,21.066666666666666,1,1,362.8276062011719,251.02100372314453,359.7385025024414,251.79654121398926,337.6040267944336,256.0311985015869,284.34194564819336,133.35904598236084,361.28305435180664,251.4087724685669,110.71012901448073,19.31071662902832,86.19766235351562,88.33425593696545,0.17442592471825685,0.7785887625714996,0.7978877517648946,99,113.47799691279182,0.028066831579619794,0.19859279138147393,0.2266197637684522,1,52,151.87355439033715,78.45394431926437,90.59881006377006,0,0,2,3,3
634,21.1,0,1,362.8276062011719,251.02100372314453,359.7385025024414,251.79654121398926,337.6040267944336,256.0311985015869,284.34194564819336,133.35904598236084,361.28305435180664,251.4087724685669,110.71012901448073,19.31071662902832,86.19766235351562,88.33425593696545,0.17442592471825685,0.7785887625714996,0.7978877517648946,99,113.47799691279182,0.028066831579619794,0.19859279138147393,0.2266197637684522,1,53,151.87355439033715,78.45394431926437,90.59881006377006,0,0,2,3,3
635,21.133333333333333,0,1,362.8276062011719,251.02100372314453,359.7385025024414,251.79654121398926,337.6040267944336,256.0311985015869,284.34194564819336,133.35904598236084,361.28305435180664,251.4087724685669,110.71012901448073,19.31071662902832,86.19766235351562,88.33425593696545,0.17442592471825685,0.7785887625714996,0.7978877517648946,99,113.47799691279182,0.028066831579619794,0.19859279138147393,0.2266197637684522,1,54,151.87355439033715,78.45394431926437,90.59881006377006,0,0,2,3,3
636,21.166666666666668,1,1,362.4609375,253.2865047454834,359.15687561035156,254.53024864196777,337.05333709716797,256.3703727722168,286.5447425842285,132.41443634033203,360.8089065551758,253.9083766937256,110.71012901448073,19.31071662902832,86.19766235351562,88.33425593696545,0.17442592471825685,0.7785887625714996,0.7978877517648946,99,114.44433995571305,0.03084818312165193,0.19380601629636843,0.2236377058063276,1,55,157.4469300885047,78.15215423593558,91.29956601486006,0,1,2,4,4
637,21.2,0,1,362.4609375,253.2865047454834,359.15687561035156,254.53024864196777,337.05333709716797,256.3703727722168,286.5447425842285,132.41443634033203,360.8089065551758,253.9083766937256,110.71012901448073,19.31071662902832,86.19766235351562,88.33425593696545,0.17442592471825685,0.7785887625714996,0.7978877517648946,99,114.44433995571305,0.03084818312165193,0.19380601629636843,0.2236377058063276,1,56,157.4469300885047,78.15215423593558,91.29956601486006,0,0,2,4,4
638,21.233333333333334,0,1,362.4609375,253.2865047454834,359.15687561035156,254.53024864196777,337.05333709716797,256.3703727722168,286.5447425842285,132.41443634033203,360.8089065551758,253.9083766937256,110.71012901448073,19.31071662902832,86.19766235351562,88.33425593696545,0.17442592471825685,0.7785887625714996,0.7978877517648946,99,114.44433995571305,0.03084818312165193,0.19380601629636843,0.2236377058063276,1,57,157.4469300885047,78.15215423593558,91.29956601486006,0,0,2,4,4
639,21.266666666666666,1,1,364.52571868896484,258.2655715942383,365.82908630371094,263.66108894348145,343.0302047729492,258.56823921203613,291.03681564331055,132.8754186630249,365.1774024963379,260.96333026885986,110.71012901448073,19.31071662902832,86.19766235351562,88.33425593696545,0.17442592471825685,0.7785887625714996,0.7978877517648946,99,112.3145543557966,0.04942110495287048,0.2079942510053048,0.19140568904582697,1,58,161.00807474770946,87.52018457919858,90.85261543324687,1,1,3,4,4
640,21.3,0,1,364.52571868896484,258.2655715942383,365.82908630371094,263.66108894348145,343.0302047729492,258.56823921203613,291.03681564331055,132.8754186630249,365.1774024963379,260.96333026885986,110.71012901448073,19.31071662902832,86.19766235351562,88.33425593696545,0.17442592471825685,0.7785887625714996,0.7978877517648946,99,112.3145543557966,0.04942110495287048,0.2079942510053048,0.19140568904582697,1,59,161.00807474770946,87.52018457919858,90.85261543324687,0,0,3,4,4
641,21.333333333333332,0,1,364.52571868896484,258.2655715942383,365.82908630371094,263.66108894348145,343.0302047729492,258.56823921203613,291.03681564331055,132.8754186630249,365.1774024963379,260.96333026885986,110.71012901448073,19.31071662902832,86.19766235351562,88.33425593696545,0.17442592471825685,0.7785887625714996,0.7978877517648946,99,112.3145543557966,0.04942110495287048,0.2079942510053048,0.19140568904582697,1,60,161.00807474770946,87.52018457919858,90.85261543324687,0,0,3,4,4
642,21.366666666666667,1,1,367.61425018310547,263.1540298461914,366.21082305908203,263.7148189544678,345.1507568359375,260.8360290527344,294.9639701843262,129.9978733062744,366.91253662109375,263.4344244003296,110.71012901448073,19.31071662902832,86.19766235351562,88.33425593696545,0.17442592471825685,0.7785887625714996,0.7978877517648946,99,113.7865468620552,0.013282073816497531,0.18680514691773148,0.198466111934376,1,61,159.5756929264888,88.47590229069417,94.09904023519987,0,1,3,4,4
643,21.4,0,1,367.61425018310547,263.1540298461914,366.21082305908203,263.7148189544678,345.1507568359375,260.8360290527344,294.9639701843262,129.9978733062744,366.91253662109375,263.4344244003296,110.71012901448073,19.31071662902832,86.19766235351562,88.33425593696545,0.17442592471825685,0.7785887625714996,0.7978877517648946,99,113.7865468620552,0.013282073816497531,0.18680514691773148,0.198466111934376,1,62,159.5756929264888,88.47590229069417,94.09904023519987,0,0,3,4,4
644,21.433333333333334,0,1,367.61425018310547,263.1540298461914,366.21082305908203,263.7148189544678,345.1507568359375,260.8360290527344,294.9639701843262,129.9978733062744,366.91253662109375,263.4344244003296,110.71012901448073,19.31071662902832,86.19766235351562,88.33425593696545,0.17442592471825685,0.7785887625714996,0.7978877517648946,99,113.7865468620552,0.013282073816497531,0.18680514691773148,0.198466111934376,1,63,159.5756929264888,88.47590229069417,94.09904023519987,0,0,3,4,4
645,21.466666666666665,1,1,368.1675720214844,262.9137897491455,366.73595428466797,261.5592670440674,343.89453887939453,260.9186267852783,293.1952667236328,131.3637399673462,367.4517631530762,262.23652839660645,110.71012901448073,19.31071662902832,86.19766235351562,88.33425593696545,0.17442592471825685,0.7785887625714996,0.7978877517648946,99,114.22602573117678,0.01725397407966229,0.20004545908715834,0.21321667147856452,1,64,161.76364316127263,83.32105406886082,91.35553064010956,0,0,3,4,4
646,21.5,0,1,368.1675720214844,262.9137897491455,366.73595428466797,261.5592670440674,343.89453887939453,260.9186267852783,293.1952667236328,131.3637399673462,367.4517631530762,262.23652839660645,110.71012901448073,19.31071662902832,86.19766235351562,88.33425593696545,0.17442592471825685,0.7785887625714996,0.7978877517648946,99,114.22602573117678,0.01725397407966229,0.20004545908715834,0.21321667147856452,1,65,161.76364316127263,83.32105406886082,91.35553064010956,0,0,3,4,4
647,21.533333333333335,0,1,368.1675720214844,262.9137897491455,366.73595428466797,261.5592670440674,343.89453887939453,260.9186267852783,293.1952667236328,131.3637399673462,367.4517631530762,262.23652839660645,110.71012901448073,19.31071662902832,86.19766235351562,88.33425593696545,0.17442592471825685,0.7785887625714996,0.7978877517648946,99,114.22602573117678,0.01725397407966229,0.20004545908715834,0.21321667147856452,1,66,161.76364316127263,83.32105406886082,91.35553064010956,0,0,3,4,4
648,21.566666666666666,1,1,363.44799041748047,266.2138366699219,359.4704055786133,263.8620185852051,337.07279205322266,260.23472785949707,280.3091239929199,122.20057010650635,361.4591979980469,265.0379276275635,110.71012901448073,19.31071662902832,86.19766235351562,88.33425593696545,0.17442592471825685,0.7785887625714996,0.7978877517648946,99,115.17734474553605,0.040119411295890126,0.19699561718334754,0.23480679596014906,1,67,171.52858742850782,108.44340849331533,107.10051791716715,-1,1,4,4,4
649,21.6,0,1,363.44799041748047,266.2138366699219,359.4704055786133,263.8620185852051,337.07279205322266,260.23472785949707,280.3091239929199,122.20057010650635,361.4591979980469,265.0379276275635,110.71012901448073,19.31071662902832,86.19766235351562,88.33425593696545,0.17442592471825685,0.7785887625714996,0.7978877517648946,99,115.17734474553605,0.040119411295890126,0.19699561718334754,0.23480679596014906,1,68,171.52858742850782,108.44340849331533,107.10051791716715,0,0,4,4,4
650,21.633333333333333,0,1,363.44799041748047,266.2138366699219,359.4704055786133,263.8620185852051,337.07279205322266,260.23472785949707,280.3091239929199,122.20057010650635,361.4591979980469,265.0379276275635,110.71012901448073,19.31071662902832,86.19766235351562,88.33425593696545,0.17442592471825685,0.7785887625714996,0.7978877517648946,99,115.17734474553605,0.040119411295890126,0.19699561718334754,0.23480679596014906,1,69,171.52858742850782,108.44340849331533,107.10051791716715,0,0,4,4,4
651,21.666666666666668,1,1,366.7570495605469,243.45820426940918,357.9657745361328,244.87054824829102,341.61964416503906,239.38010215759277,257.4776077270508,99.13022518157959,362.36141204833984,244.1643762588501,110.71012901448073,19.31071662902832,86.19766235351562,88.33425593696545,0.17442592471825685,0.7785887625714996,0.7978877517648946,99,119.44889545838129,0.07454234606532291,0.14435945819302562,0.21319625479961424,1,70,179.12396650957635,128.73948119716673,125.215203723902,0,-1,4,5,5
652,21.7,0,1,366.7570495605469,243.45820426940918,357.9657745361328,244.87054824829102,341.61964416503906,239.38010215759277,257.4776077270508,99.13022518157959,362.36141204833984,244.1643762588501,110.71012901448073,19.31071662902832,86.19766235351562,88.33425593696545,0.17442592471825685,0.7785887625714996,0.7978877517648946,99,119.44889545838129,0.07454234606532291,0.14435945819302562,0.21319625479961424,1,71,179.12396650957635,128.73948119716673,125.215203723902,0,0,4,5,5
653,21.733333333333334,0,1,366.7570495605469,243.45820426940918,357.9657745361328,244.87054824829102,341.61964416503906,239.38010215759277,257.4776077270508,99.13022518157959,362.36141204833984,244.1643762588501,110.71012901448073,19.31071662902832,86.19766235351562,88.33425593696545,0.17442592471825685,0.7785887625714996,0.7978877517648946,99,119.44889545838129,0.07454234606532291,0.14435945819302562,0.21319625479961424,1,72,179.12396650957635,128.73948119716673,125.215203723902,0,0,4,5,5
654,21.766666666666666,1,1,351.3593292236328,221.08277320861816,353.1380081176758,233.1089687347412,345.67508697509766,224.87760543823242,236.2856674194336,79.29548263549805,352.2486686706543,227.0958709716797,110.71012901448073,19.31071662902832,86.19766235351562,88.33425593696545,0.17442592471825685,0.7785887625714996,0.7978877517648946,99,119.7610510769185,0.10151061227184616,0.09277498375768081,0.05706839577448783,1,73,176.51445633722074,143.41681351336442,139.14154721340324,-1,-1,4,5,5
655,21.8,0,1,351.3593292236328,221.08277320861816,353.1380081176758,233.1089687347412,345.67508697509766,224.87760543823242,236.2856674194336,79.29548263549805,352.2486686706543,227.0958709716797,110.71012901448073,19.31071662902832,86.19766235351562,88.33425593696545,0.17442592471825685,0.7785887625714996,0.7978877517648946,99,119.7610510769185,0.10151061227184616,0.09277498375768081,0.05706839577448783,1,74,176.51445633722074,143.41681351336442,139.14154721340324,0,0,4,5,5
656,21.833333333333332,0,1,351.3593292236328,221.08277320861816,353.1380081176758,233.1089687347412,345.67508697509766,224.87760543823242,236.2856674194336,79.29548263549805,352.2486686706543,227.0958709716797,110.71012901448073,19.31071662902832,86.19766235351562,88.33425593696545,0.17442592471825685,0.7785887625714996,0.7978877517648946,99,119.7610510769185,0.10151061227184616,0.09277498375768081,0.05706839577448783,1,75,176.51445633722074,143.41681351336442,139.14154721340324,0,0,4,5,5
657,21.866666666666667,1,1,330.67440032958984,194.01270389556885,342.92510986328125,210.16282081604004,341.2970733642578,193.89947891235352,220.9542465209961,61.527392864227295,336.79975509643555,202.08776235580444,110.71012901448073,19.31071662902832,86.19766235351562,88.33425593696545,0.17442592471825685,0.7785887625714996,0.7978877517648946,99,117.86005789770294,0.17199058599351544,0.13867824347736696,0.0901346616354753,1,76,177.17547737408947,148.30042401699816,144.5059349117144,-1,-1,4,5,5
658,21.9,0,1,330.67440032958984,194.01270389556885,342.92510986328125,210.16282081604004,341.2970733642578,193.89947891235352,220.9542465209961,61.527392864227295,336.79975509643555,202.08776235580444,110.71012901448073,19.31071662902832,86.19766235351562,88.33425593696545,0.17442592471825685,0.7785887625714996,0.7978877517648946,99,117.86005789770294,0.17199058599351544,0.13867824347736696,0.0901346616354753,1,77,177.17547737408947,148.30042401699816,144.5059349117144,0,0,4,5,5
659,21.933333333333334,0,1,330.67440032958984,194.01270389556885,342.92510986328125,210.16282081604004,341.2970733642578,193.89947891235352,220.9542465209961,61.527392864227295,336.79975509643555,202.08776235580444,110.71012901448073,19.31071662902832,86.19766235351562,88.33425593696545,0.17442592471825685,0.7785887625714996,0.7978877517648946,99,117.86005789770294,0.17199058599351544,0.13867824347736696,0.0901346616354753,1,78,177.17547737408947,148.30042401699816,144.5059349117144,0,0,4,5,5
660,21.966666666666665,1,1,319.5871925354004,164.2419147491455,323.7940979003906,179.70205307006836,324.07474517822266,164.39403533935547,210.17213821411133,31.47823691368103,321.6906452178955,171.97198390960693,110.71012901448073,19.31071662902832,86.19766235351562,88.33425593696545,0.17442592471825685,0.7785887625714996,0.7978877517648946,99,115.55005896797614,0.13866106959793897,0.13250179406218482,0.038858744517259215,1,79,174.26512903721346,151.0881625782245,146.71069650445293,-1,-1,4,5,5
661,22.0,0,1,319.5871925354004,164.2419147491455,323.7940979003906,179.70205307006836,324.07474517822266,164.39403533935547,210.17213821411133,31.47823691368103,321.6906452178955,171.97198390960693,110.71012901448073,19.31071662902832,86.19766235351562,88.33425593696545,0.17442592471825685,0.7785887625714996,0.7978877517648946,99,115.55005896797614,0.13866106959793897,0.13250179406218482,0.038858744517259215,1,80,174.26512903721346,151.0881625782245,146.71069650445293,0,0,4,5,5
662,22.033333333333335,0,1,319.5871925354004,164.2419147491455,323.7940979003906,179.70205307006836,324.07474517822266,164.39403533935547,210.17213821411133,31.47823691368103,321.6906452178955,171.97198390960693,110.71012901448073,19.31071662902832,86.19766235351562,88.33425593696545,0.17442592471825685,0.7785887625714996,0.7978877517648946,99,115.55005896797614,0.13866106959793897,0.13250179406218482,0.038858744517259215,1,81,174.26512903721346,151.0881625782245,146.71069650445293,0,0,4,5,5
663,22.066666666666666,1,1,312.2468948364258,126.12183094024658,330.73646545410156,129.3220853805542,334.4899368286133,114.88296747207642,204.24549102783203,3.179856464266777,321.4916801452637,127.72195816040039,110.71012901448073,19.31071662902832,86.19766235351562,88.33425593696545,0.17442592471825685,0.7785887625714996,0.7978877517648946,99,113.94106781397598,0.16468586877531563,0.13093614138459853,0.21871986627232243,1,82,177.6659415377266,140.25566429176533,134.0390066161322,0,-1,4,5,5
664,22.1,0,1,312.2468948364258,126.12183094024658,330.73646545410156,129.3220853805542,334.4899368286133,114.88296747207642,204.24549102783203,3.179856464266777,321.4916801452637,127.72195816040039,110.71012901448073,19.31071662902832,86.19766235351562,88.33425593696545,0.17442592471825685,0.7785887625714996,0.7978877517648946,99,113.94106781397598,0.16468586877531563,0.13093614138459853,0.21871986627232243,1,83,177.6659415377266,140.25566429176533,134.0390066161322,0,0,4,5,5
665,22.133333333333333,0,1,312.2468948364258,126.12183094024658,330.73646545410156,129.3220853805542,334.4899368286133,114.88296747207642,204.24549102783203,3.179856464266777,321.4916801452637,127.72195816040039,110.71012901448073,19.31071662902832,86.19766235351562,88.33425593696545,0.17442592471825685,0.7785887625714996,0.7978877517648946,99,113.94106781397598,0.16468586877531563,0.13093614138459853,0.21871986627232243,1,84,177.6659415377266,140.25566429176533,134.0390066161322,0,0,4,5,5
666,22.166666666666668,1,1,327.4192428588867,77.55638837814331,340.74440002441406,84.19623613357544,333.11351776123047,64.9120831489563,217.2796630859375,-32.021706104278564,334.0818214416504,80.87631225585938,110.71012901448073,19.31071662902832,86.19766235351562,88.33425593696545,0.17442592471825685,0.7785887625714996,0.7978877517648946,99,110.00126288098664,0.13534232765869159,0.1885348126839615,0.1260653136187225,1,85,179.088498769824,138.6215057109376,128.83155995547844,1,-1,5,5,5
667,22.2,0,1,327.4192428588867,77.55638837814331,340.74440002441406,84.19623613357544,333.11351776123047,64.9120831489563,217.2796630859375,-32.021706104278564,334.0818214416504,80.87631225585938,110.71012901448073,19.31071662902832,86.19766235351562,88.33425593696545,0.17442592471825685,0.7785887625714996,0.7978877517648946,99,110.00126288098664,0.13534232765869159,0.1885348126839615,0.1260653136187225,1,86,179.088498769824,138.6215057109376,128.83155995547844,0,0,5,5,5
668,22.233333333333334,0,1,327.4192428588867,77.55638837814331,340.74440002441406,84.19623613357544,333.11351776123047,64.9120831489563,217.2796630859375,-32.021706104278564,334.0818214416504,80.87631225585938,110.71012901448073,19.31071662902832,86.19766235351562,88.33425593696545,0.17442592471825685,0.7785887625714996,0.7978877517648946,99,110.00126288098664,0.13534232765869159,0.1885348126839615,0.1260653136187225,1,87,179.088498769824,138.6215057109376,128.83155995547844,0,0,5,5,5
669,22.266666666666666,1,1,338.604736328125,45.04786491394043,340.11444091796875,55.39418935775757,334.0321350097656,47.9936957359314,247.17802047729492,-65.23336887359619,339.3595886230469,50.221027135849,110.71012901448073,19.31071662902832,86.19766235351562,88.33425593696545,0.17442592471825685,0.7785887625714996,0.7978877517648946,99,101.5610999317416,0.10295172158303079,0.09431992578594937,0.05355748186610376,1,88,169.95918758215146,142.3780841776762,128.0396367367776,1,-1,5,5,5
670,22.3,0,1,338.604736328125,45.04786491394043,340.11444091796875,55.39418935775757,334.0321350097656,47.9936957359314,247.17802047729492,-65.23336887359619,339.3595886230469,50.221027135849,110.71012901448073,19.31071662902832,86.19766235351562,88.33425593696545,0.17442592471825685,0.7785887625714996,0.7978877517648946,99,101.5610999317416,0.10295172158303079,0.09431992578594937,0.05355748186610376,1,89,169.95918758215146,142.3780841776762,128.0396367367776,0,0,5,5,5
671,22.333333333333332,0,1,338.604736328125,45.04786491394043,340.11444091796875,55.39418935775757,334.0321350097656,47.9936957359314,247.17802047729492,-65.23336887359619,339.3595886230469,50.221027135849,110.71012901448073,19.31071662902832,86.19766235351562,88.33425593696545,0.17442592471825685,0.7785887625714996,0.7978877517648946,99,101.5610999317416,0.10295172158303079,0.09431992578594937,0.05355748186610376,1,90,169.95918758215146,142.3780841776762,128.0396367367776,0,0,5,5,5
672,22.366666666666667,1,1,341.6523742675781,35.29578924179077,339.96143341064453,47.390971183776855,318.9357566833496,38.3545196056366,246.58355712890625,-70.48314571380615,340.8069038391113,41.34338021278381,110.71012901448073,19.31071662902832,86.19766235351562,88.33425593696545,0.17442592471825685,0.7785887625714996,0.7978877517648946,99,89.50896142898334,0.13644230643697086,0.2556759739053381,0.25608181650861284,1,91,178.01909721531956,133.89494667007193,111.75538974184927,0,-1,5,5,5
673,22.4,0,1,341.6523742675781,35.29578924179077,339.96143341064453,47.390971183776855,318.9357566833496,38.3545196056366,246.58355712890625,-70.48314571380615,340.8069038391113,41.34338021278381,110.71012901448073,19.31071662902832,86.19766235351562,88.33425593696545,0.17442592471825685,0.7785887625714996,0.7978877517648946,99,89.50896142898334,0.13644230643697086,0.2556759739053381,0.25608181650861284,1,92,178.01909721531956,133.89494667007193,111.75538974184927,0,0,5,5,5
674,22.433333333333334,0,1,341.6523742675781,35.29578924179077,339.96143341064453,47.390971183776855,318.9357566833496,38.3545196056366,246.58355712890625,-70.48314571380615,340.8069038391113,41.34338021278381,110.71012901448073,19.31071662902832,86.19766235351562,88.33425593696545,0.17442592471825685,0.7785887625714996,0.7978877517648946,99,89.50896142898334,0.13644230643697086,0.2556759739053381,0.25608181650861284,1,93,178.01909721531956,133.89494667007193,111.75538974184927,0,0,5,5,5
675,22.466666666666665,1,1,324.8447799682617,39.247591495513916,325.87093353271484,54.63529586791992,311.0406684875488,51.90100908279419,245.3423309326172,-62.82985210418701,325.3578567504883,46.94144368171692,110.71012901448073,19.31071662902832,86.19766235351562,88.33425593696545,0.17442592471825685,0.7785887625714996,0.7978877517648946,99,85.91463707496351,0.17950237915342723,0.17552564010815774,0.2179603437524986,1,94,174.2700183487672,133.7765096152961,114.0013569453237,-1,1,6,6,6
676,22.5,0,1,324.8447799682617,39.247591495513916,325.87093353271484,54.63529586791992,311.0406684875488,51.90100908279419,245.3423309326172,-62.82985210418701,325.3578567504883,46.94144368171692,110.71012901448073,19.31071662902832,86.19766235351562,88.33425593696545,0.17442592471825685,0.7785887625714996,0.7978877517648946,99,85.91463707496351,0.17950237915342723,0.17552564010815774,0.2179603437524986,1,95,174.2700183487672,133.7765096152961,114.0013569453237,0,0,6,6,6
677,22.533333333333335,0,1,324.8447799682617,39.247591495513916,325.87093353271484,54.63529586791992,311.0406684875488,51.90100908279419,245.3423309326172,-62.82985210418701,325.3578567504883,46.94144368171692,110.71012901448073,19.31071662902832,86.19766235351562,88.33425593696545,0.17442592471825685,0.7785887625714996,0.7978877517648946,99,85.91463707496351,0.17950237915342723,0.17552564010815774,0.2179603437524986,1,96,174.2700183487672,133.7765096152961,114.0013569453237,0,0,6,6,6
678,22.566666666666666,1,1,313.4757614135742,45.41746258735657,317.6799774169922,63.680641651153564,302.3660087585449,63.954784870147705,234.8823356628418,-58.24125409126282,315.5778694152832,54.549052119255066,110.71012901448073,19.31071662902832,86.19766235351562,88.33425593696545,0.17442592471825685,0.7785887625714996,0.7978877517648946,99,88.67493845025518,0.2113431581683733,0.17272549063872955,0.24371650434668712,1,97,178.7449260730333,146.86378518821388,126.32090209245392,-1,1,6,6,6
679,22.6,0,1,313.4757614135742,45.41746258735657,317.6799774169922,63.680641651153564,302.3660087585449,63.954784870147705,234.8823356628418,-58.24125409126282,315.5778694152832,54.549052119255066,110.71012901448073,19.31071662902832,86.19766235351562,88.33425593696545,0.17442592471825685,0.7785887625714996,0.7978877517648946,99,88.67493845025518,0.2113431581683733,0.17272549063872955,0.24371650434668712,1,98,178.7449260730333,146.86378518821388,126.32090209245392,0,0,6,6,6
680,22.633333333333333,0,1,313.4757614135742,45.41746258735657,317.6799774169922,63.680641651153564,302.3660087585449,63.954784870147705,234.8823356628418,-58.24125409126282,315.5778694152832,54.549052119255066,110.71012901448073,19.31071662902832,86.19766235351562,88.33425593696545,0.17442592471825685,0.7785887625714996,0.7978877517648946,99,88.67493845025518,0.2113431581683733,0.17272549063872955,0.24371650434668712,1,99,178.7449260730333,146.86378518821388,126.32090209245392,0,0,6,6,6
681,22.666666666666668,1,1,311.02256774902344,51.27879023551941,310.5521774291992,77.3546576499939,295.28860092163086,71.6653060913086,236.07122421264648,-56.81608557701111,310.7873725891113,64.31672394275665,110.71012901448073,19.31071662902832,86.19766235351562,88.33425593696545,0.17442592471825685,0.7785887625714996,0.7978877517648946,99,88.59349901024031,0.2943794986776673,0.18386708879023228,0.290676445998173,1,100,175.23370906796296,166.30119051539023,137.82088090551392,-1,1,6,6,6
682,22.7,0,1,311.02256774902344,51.27879023551941,310.5521774291992,77.3546576499939,295.28860092163086,71.6653060913086,236.07122421264648,-56.81608557701111,310.7873725891113,64.31672394275665,110.71012901448073,19.31071662902832,86.19766235351562,88.33425593696545,0.17442592471825685,0.7785887625714996,0.7978877517648946,99,88.59349901024031,0.2943794986776673,0.18386708879023228,0.290676445998173,1,101,175.23370906796296,166.30119051539023,137.82088090551392,0,0,6,6,6
683,22.733333333333334,0,1,311.02256774902344,51.27879023551941,310.5521774291992,77.3546576499939,295.28860092163086,71.6653060913086,236.07122421264648,-56.81608557701111,310.7873725891113,64.31672394275665,110.71012901448073,19.31071662902832,86.19766235351562,88.33425593696545,0.17442592471825685,0.7785887625714996,0.7978877517648946,99,88.59349901024031,0.2943794986776673,0.18386708879023228,0.290676445998173,1,102,175.23370906796296,166.30119051539023,137.82088090551392,0,0,6,6,6
684,22.766666666666666,1,1,309.8371124267578,50.530632734298706,309.76600646972656,82.94134855270386,292.9109573364258,67.21726655960083,237.88766860961914,-55.23146867752075,309.8015594482422,66.73599064350128,110.71012901448073,19.31071662902832,86.19766235351562,88.33425593696545,0.17442592471825685,0.7785887625714996,0.7978877517648946,99,78.8939541919575,0.4108146707823516,0.2921744946470653,0.30127066970964367,1,103,163.55097800359133,171.74688087610826,131.52070176220667,0,1,6,6,6
685,22.8,0,1,309.8371124267578,50.530632734298706,309.76600646972656,82.94134855270386,292.9109573364258,67.21726655960083,237.88766860961914,-55.23146867752075,309.8015594482422,66.73599064350128,110.71012901448073,19.31071662902832,86.19766235351562,88.33425593696545,0.17442592471825685,0.7785887625714996,0.7978877517648946,99,78.8939541919575,0.4108146707823516,0.2921744946470653,0.30127066970964367,1,104,163.55097800359133,171.74688087610826,131.52070176220667,0,0,6,6,6
686,22.833333333333332,0,1,309.8371124267578,50.530632734298706,309.76600646972656,82.94134855270386,292.9109573364258,67.21726655960083,237.88766860961914,-55.23146867752075,309.8015594482422,66.73599064350128,110.71012901448073,19.31071662902832,86.19766235351562,88.33425593696545,0.17442592471825685,0.7785887625714996,0.7978877517648946,99,78.8939541919575,0.4108146707823516,0.2921744946470653,0.30127066970964367,1,105,163.55097800359133,171.74688087610826,131.52070176220667,0,0,6,6,6
687,22.866666666666667,1,1,333.64105224609375,43.14484477043152,331.93359375,70.58623552322388,314.56653594970703,64.29380178451538,251.96481704711914,-56.18601679801941,332.7873229980469,56.8655401468277,110.71012901448073,19.31071662902832,86.19766235351562,88.33425593696545,0.17442592471825685,0.7785887625714996,0.7978877517648946,99,77.13554980162593,0.3564434331187802,0.23947265336152018,0.3692213327107086,1,106,168.45883429674092,162.71942840056533,129.625618795365,1,-1,7,7,7
688,22.9,0,1,333.64105224609375,43.14484477043152,331.93359375,70.58623552322388,314.56653594970703,64.29380178451538,251.96481704711914,-56.18601679801941,332.7873229980469,56.8655401468277,110.71012901448073,19.31071662902832,86.19766235351562,88.33425593696545,0.17442592471825685,0.7785887625714996,0.7978877517648946,99,77.13554980162593,0.3564434331187802,0.23947265336152018,0.3692213327107086,1,107,168.45883429674092,162.71942840056533,129.625618795365,0,0,7,7,7
689,22.933333333333334,0,1,333.64105224609375,43.14484477043152,331.93359375,70.58623552322388,314.56653594970703,64.29380178451538,251.96481704711914,-56.18601679801941,332.7873229980469,56.8655401468277,110.71012901448073,19.31071662902832,86.19766235351562,88.33425593696545,0.17442592471825685,0.7785887625714996,0.7978877517648946,99,77.13554980162593,0.3564434331187802,0.23947265336152018,0.3692213327107086,1,108,168.45883429674092,162.71942840056533,129.625618795365,0,0,7,7,7
690,22.966666666666665,1,1,359.6964645385742,38.955219984054565,372.70557403564453,71.83245420455933,362.43762969970703,69.85072374343872,288.2281684875488,-54.60037350654602,366.2010192871094,55.393837094306946,110.71012901448073,19.31071662902832,86.19766235351562,88.33425593696545,0.17442592471825685,0.7785887625714996,0.7978877517648946,99,78.70461460749868,0.44924243457142404,0.1328693947741216,0.39409212248383974,1,109,179.24101225664816,158.9134751451347,137.99768162834613,1,0,7,7,7
691,23.0,0,1,359.6964645385742,38.955219984054565,372.70557403564453,71.83245420455933,362.43762969970703,69.85072374343872,288.2281684875488,-54.60037350654602,366.2010192871094,55.393837094306946,110.71012901448073,19.31071662902832,86.19766235351562,88.33425593696545,0.17442592471825685,0.7785887625714996,0.7978877517648946,99,78.70461460749868,0.44924243457142404,0.1328693947741216,0.39409212248383974,1,110,179.24101225664816,158.9134751451347,137.99768162834613,0,0,7,7,7
692,23.033333333333335,0,1,359.6964645385742,38.955219984054565,372.70557403564453,71.83245420455933,362.43762969970703,69.85072374343872,288.2281684875488,-54.60037350654602,366.2010192871094,55.393837094306946,110.71012901448073,19.31071662902832,86.19766235351562,88.33425593696545,0.17442592471825685,0.7785887625714996,0.7978877517648946,99,78.70461460749868,0.44924243457142404,0.1328693947741216,0.39409212248383974,1,111,179.24101225664816,158.9134751451347,137.99768162834613,0,0,7,7,7
693,23.066666666666666,1,0,,,,,,,,,,,,,,,,,,0,,,,,0,111,,,,0,0,7,7,7
694,23.1,0,0,,,,,,,,,,,,,,,,,,0,,,,,0,111,,,,0,0,7,7,7
695,23.133333333333333,0,0,,,,,,,,,,,,,,,,,,0,,,,,0,111,,,,0,0,7,7,7
696,23.166666666666668,1,1,529.6597671508789,75.55423021316528,523.8912582397461,118.2473373413086,509.38812255859375,131.6051959991455,431.58302307128906,-14.543775022029877,526.7755126953125,96.90078377723694,,,,,,,,0,80.05059530109622,0.5381727945549858,0.24631092077238195,0.7445805146683357,0,0,175.28623643133884,177.44059140083502,171.9403644491378,0,0,0,0,0
697,23.2,0,1,529.6597671508789,75.55423021316528,523.8912582397461,118.2473373413086,509.38812255859375,131.6051959991455,431.58302307128906,-14.543775022029877,526.7755126953125,96.90078377723694,,,,,,,,0,80.05059530109622,0.5381727945549858,0.24631092077238195,0.7445805146683357,0,0,175.28623643133884,177.44059140083502,171.9403644491378,0,0,0,0,0
698,23.233333333333334,0,1,529.6597671508789,75.55423021316528,523.8912582397461,118.2473373413086,509.38812255859375,131.6051959991455,431.58302307128906,-14.543775022029877,526.7755126953125,96.90078377723694,,,,,,,,0,80.05059530109622,0.5381727945549858,0.24631092077238195,0.7445805146683357,0,0,175.28623643133884,177.44059140083502,171.9403644491378,0,0,0,0,0
699,23.266666666666666,1,1,571.5463638305664,102.74463415145874,557.7896881103516,159.2977237701416,537.613639831543,174.91722106933594,460.3196716308594,7.594882249832153,564.668025970459,131.02117896080017,,,,,,,,0,93.51157392191533,0.6224065603073323,0.27285945653504906,0.8528523398967772,0,0,176.45193479787486,176.9453960133561,179.85598234624055,0,0,0,0,0
700,23.3,0,1,571.5463638305664,102.74463415145874,557.7896881103516,159.2977237701416,537.613639831543,174.91722106933594,460.3196716308594,7.594882249832153,564.668025970459,131.02117896080017,,,,,,,,0,93.51157392191533,0.6224065603073323,0.27285945653504906,0.8528523398967772,0,0,176.45193479787486,176.9453960133561,179.85598234624055,0,0,0,0,0
701,23.333333333333332,0,1,571.5463638305664,102.74463415145874,557.7896881103516,159.2977237701416,537.613639831543,174.91722106933594,460.3196716308594,7.594882249832153,564.668025970459,131.02117896080017,,,,,,,,0,93.51157392191533,0.6224065603073323,0.27285945653504906,0.8528523398967772,0,0,176.45193479787486,176.9453960133561,179.85598234624055,0,0,0,0,0
702,23.366666666666667,1,1,606.1925506591797,141.98381423950195,574.4097518920898,194.33502674102783,553.8463592529297,209.91751670837402,480.1008987426758,41.284836530685425,590.3011512756348,168.1594204902649,,,,,,,,0,100.11221437888756,0.6117509322801983,0.2577160594274642,0.8566581840724814,0,0,167.7887965270969,177.23522482526369,177.845686076952,0,0,0,0,0
703,23.4,0,1,606.1925506591797,141.98381423950195,574.4097518920898,194.33502674102783,553.8463592529297,209.91751670837402,480.1008987426758,41.284836530685425,590.3011512756348,168.1594204902649,,,,,,,,0,100.11221437888756,0.6117509322801983,0.2577160594274642,0.8566581840724814,0,0,167.7887965270969,177.23522482526369,177.845686076952,0,0,0,0,0
704,23.433333333333334,0,1,606.1925506591797,141.98381423950195,574.4097518920898,194.33502674102783,553.8463592529297,209.91751670837402,480.1008987426758,41.284836530685425,590.3011512756348,168.1594204902649,,,,,,,,0,100.11221437888756,0.6117509322801983,0.2577160594274642,0.8566581840724814,0,0,167.7887965270969,177.23522482526369,177.845686076952,0,0,0,0,0
705,23.466666666666665,1,1,624.6709823608398,177.64344692230225,583.3347320556641,236.86925411224365,562.4748229980469,253.08380126953125,496.2675476074219,75.40325403213501,604.002857208252,207.25635051727295,,,,,,,,0,100.86465685083199,0.71605382871516,0.26194096586463483,0.9693509857024037,0,0,165.35502289381688,179.9476608437256,178.37033158099828,0,0,0,0,0
706,23.5,0,1,624.6709823608398,177.64344692230225,583.3347320556641,236.86925411224365,562.4748229980469,253.08380126953125,496.2675476074219,75.40325403213501,604.002857208252,207.25635051727295,,,,,,,,0,100.86465685083199,0.71605382871516,0.26194096586463483,0.9693509857024037,0,0,165.35502289381688,179.9476608437256,178.37033158099828,0,0,0,0,0
707,23.533333333333335,0,1,624.6709823608398,177.64344692230225,583.3347320556641,236.86925411224365,562.4748229980469,253.08380126953125,496.2675476074219,75.40325403213501,604.002857208252,207.25635051727295,,,,,,,,0,100.86465685083199,0.71605382871516,0.26194096586463483,0.9693509857024037,0,0,165.35502289381688,179.9476608437256,178.37033158099828,0,0,0,0,0
708,23.566666666666666,1,1,640.0154876708984,200.43283939361572,588.7344741821289,278.46402168273926,566.2338256835938,292.8565979003906,510.8190155029297,106.43704891204834,614.3749809265137,239.4484305381775,,,,,,,,0,102.20216671589301,0.9136155160237749,0.2613449970009398,1.157137238257473,0,0,163.97722961302983,175.63888165867803,179.0349022680802,0,0,0,0,0
709,23.6,0,1,640.0154876708984,200.43283939361572,588.7344741821289,278.46402168273926,566.2338256835938,292.8565979003906,510.8190155029297,106.43704891204834,614.3749809265137,239.4484305381775,,,,,,,,0,102.20216671589301,0.9136155160237749,0.2613449970009398,1.157137238257473,0,0,163.97722961302983,175.63888165867803,179.0349022680802,0,0,0,0,0
710,23.633333333333333,0,1,640.0154876708984,200.43283939361572,588.7344741821289,278.46402168273926,566.2338256835938,292.8565979003906,510.8190155029297,106.43704891204834,614.3749809265137,239.4484305381775,,,,,,,,0,102.20216671589301,0.9136155160237749,0.2613449970009398,1.157137238257473,0,0,163.97722961302983,175.63888165867803,179.0349022680802,0,0,0,0,0
711,23.666666666666668,1,1,652.7842712402344,217.41150856018066,593.4654998779297,323.87967109680176,571.3254165649414,341.1943244934082,522.0634078979492,130.98422527313232,623.124885559082,270.6455898284912,,,,,,,,0,100.28206726666781,1.2153494104620788,0.28027535452294444,1.4776461525172668,0,0,160.7631448979602,173.85282773825844,175.2647999257102,0,0,0,0,0
712,23.7,0,1,652.7842712402344,217.41150856018066,593.4654998779297,323.87967109680176,571.3254165649414,341.1943244934082,522.0634078979492,130.98422527313232,623.124885559082,270.6455898284912,,,,,,,,0,100.28206726666781,1.2153494104620788,0.28027535452294444,1.4776461525172668,0,0,160.7631448979602,173.85282773825844,175.2647999257102,0,0,0,0,0
713,23.733333333333334,0,1,652.7842712402344,217.41150856018066,593.4654998779297,323.87967109680176,571.3254165649414,341.1943244934082,522.0634078979492,130.98422527313232,623.124885559082,270.6455898284912,,,,,,,,0,100.28206726666781,1.2153494104620788,0.28027535452294444,1.4776461525172668,0,0,160.7631448979602,173.85282773825844,175.2647999257102,0,0,0,0,0
714,23.766666666666666,1,1,647.2683715820312,231.73250198364258,588.5142517089844,331.964807510376,567.9939651489258,347.12313652038574,525.8788681030273,146.5623950958252,617.8913116455078,281.8486547470093,,,,,,,,0,93.44927512368025,1.2432767455370362,0.27300266469380063,1.4981171793884018,0,0,168.26383724128218,172.909282339444,179.80718550030136,0,0,0,0,0
715,23.8,0,1,647.2683715820312,231.73250198364258,588.5142517089844,331.964807510376,567.9939651489258,347.12313652038574,525.8788681030273,146.5623950958252,617.8913116455078,281.8486547470093,,,,,,,,0,93.44927512368025,1.2432767455370362,0.27300266469380063,1.4981171793884018,0,0,168.26383724128218,172.909282339444,179.80718550030136,0,0,0,0,0
716,23.833333333333332,0,1,647.2683715820312,231.73250198364258,588.5142517089844,331.964807510376,567.9939651489258,347.12313652038574,525.8788681030273,146.5623950958252,617.8913116455078,281.8486547470093,,,,,,,,0,93.44927512368025,1.2432767455370362,0.27300266469380063,1.4981171793884018,0,0,168.26383724128218,172.909282339444,179.80718550030136,0,0,0,0,0
717,23.866666666666667,1,1,639.6953582763672,239.08753395080566,579.2836761474609,335.11688232421875,558.9047241210938,350.27770042419434,517.9242324829102,151.92994594573975,609.4895172119141,287.1022081375122,,,,,,,,0,96.28230287327492,1.17831978452178,0.2638059493342138,1.4274926290252008,0,0,165.41959306207508,173.64059893326433,179.16069885073776,0,0,0,0,0
718,23.9,0,1,639.6953582763672,239.08753395080566,579.2836761474609,335.11688232421875,558.9047241210938,350.27770042419434,517.9242324829102,151.92994594573975,609.4895172119141,287.1022081375122,,,,,,,,0,96.28230287327492,1.17831978452178,0.2638059493342138,1.4274926290252008,0,0,165.41959306207508,173.64059893326433,179.16069885073776,0,0,0,0,0
719,23.933333333333334,0,1,639.6953582763672,239.08753395080566,579.2836761474609,335.11688232421875,558.9047241210938,350.27770042419434,517.9242324829102,151.92994594573975,609.4895172119141,287.1022081375122,,,,,,,,0,96.28230287327492,1.17831978452178,0.2638059493342138,1.4274926290252008,0,0,165.41959306207508,173.64059893326433,179.16069885073776,0,0,0,0,0
720,23.966666666666665,1,1,640.0681304931641,240.29070854187012,575.0160980224609,335.50403594970703,555.5463409423828,349.86087799072266,516.2702560424805,152.67163753509521,607.5421142578125,287.8973722457886,,,,,,,,0,94.70062923633067,1.2176699761808458,0.2554440050463646,1.4612565732385827,0,0,162.17125030340566,173.64639797610687,178.91015790818022,0,0,0,0,0
721,24.0,0,1,640.0681304931641,240.29070854187012,575.0160980224609,335.50403594970703,555.5463409423828,349.86087799072266,516.2702560424805,152.67163753509521,607.5421142578125,287.8973722457886,,,,,,,,0,94.70062923633067,1.2176699761808458,0.2554440050463646,1.4612565732385827,0,0,162.17125030340566,173.64639797610687,178.91015790818022,0,0,0,0,0
722,24.033333333333335,0,1,640.0681304931641,240.29070854187012,575.0160980224609,335.50403594970703,555.5463409423828,349.86087799072266,516.2702560424805,152.67163753509521,607.5421142578125,287.8973722457886,,,,,,,,0,94.70062923633067,1.2176699761808458,0.2554440050463646,1.4612565732385827,0,0,162.17125030340566,173.64639797610687,178.91015790818022,0,0,0,0,0
723,24.066666666666666,1,1,636.7995452880859,241.95499420166016,574.7484588623047,336.6753959655762,555.291862487793,351.4094638824463,516.0535430908203,154.01322841644287,605.7740020751953,289.31519508361816,,,,,,,,0,93.41645550666746,1.2121585908136685,0.26125997490625946,1.4608666336228315,0,0,164.60256141908903,175.70458556156083,179.20033657402976,0,0,0,0,0
724,24.1,0,1,636.7995452880859,241.95499420166016,574.7484588623047,336.6753959655762,555.291862487793,351.4094638824463,516.0535430908203,154.01322841644287,605.7740020751953,289.31519508361816,,,,,,,,0,93.41645550666746,1.2121585908136685,0.26125997490625946,1.4608666336228315,0,0,164.60256141908903,175.70458556156083,179.20033657402976,0,0,0,0,0
725,24.133333333333333,0,1,636.7995452880859,241.95499420166016,574.7484588623047,336.6753959655762,555.291862487793,351.4094638824463,516.0535430908203,154.01322841644287,605.7740020751953,289.31519508361816,,,,,,,,0,93.41645550666746,1.2121585908136685,0.26125997490625946,1.4608666336228315,0,0,164.60256141908903,175.70458556156083,179.20033657402976,0,0,0,0,0
726,24.166666666666668,1,1,634.6593475341797,242.31865882873535,575.2922058105469,336.56018257141113,555.4566192626953,352.4882698059082,515.943603515625,154.69415187835693,604.9757766723633,289.43942070007324,,,,,,,,0,92.81827360079703,1.199999436911938,0.2740756714660911,1.4618348354406332,0,0,164.23212681195528,175.38879101185123,179.43524739252024,0,0,0,0,0
727,24.2,0,1,634.6593475341797,242.31865882873535,575.2922058105469,336.56018257141113,555.4566192626953,352.4882698059082,515.943603515625,154.69415187835693,604.9757766723633,289.43942070007324,,,,,,,,0,92.81827360079703,1.199999436911938,0.2740756714660911,1.4618348354406332,0,0,164.23212681195528,175.38879101185123,179.43524739252024,0,0,0,0,0
728,24.233333333333334,0,1,634.6593475341797,242.31865882873535,575.2922058105469,336.56018257141113,555.4566192626953,352.4882698059082,515.943603515625,154.69415187835693,604.9757766723633,289.43942070007324,,,,,,,,0,92.81827360079703,1.199999436911938,0.2740756714660911,1.4618348354406332,0,0,164.23212681195528,175.38879101185123,179.43524739252024,0,0,0,0,0
729,24.266666666666666,1,1,634.0428924560547,243.6170482635498,574.7726821899414,337.29658126831055,555.3530502319336,352.2205638885498,515.8110809326172,153.7490701675415,604.407787322998,290.4568147659302,,,,,,,,0,92.8289558613214,1.1941846856843918,0.2638377358143216,1.444753205996069,0,0,167.70675659171948,175.72556528611128,179.73093082598135,0,0,0,0,0
730,24.3,0,1,634.0428924560547,243.6170482635498,574.7726821899414,337.29658126831055,555.3530502319336,352.2205638885498,515.8110809326172,153.7490701675415,604.407787322998,290.4568147659302,,,,,,,,0,92.8289558613214,1.1941846856843918,0.2638377358143216,1.444753205996069,0,0,167.70675659171948,175.72556528611128,179.73093082598135,0,0,0,0,0
731,24.333333333333332,0,1,634.0428924560547,243.6170482635498,574.7726821899414,337.29658126831055,555.3530502319336,352.2205638885498,515.8110809326172,153.7490701675415,604.407787322998,290.4568147659302,,,,,,,,0,92.8289558613214,1.1941846856843918,0.2638377358143216,1.444753205996069,0,0,167.70675659171948,175.72556528611128,179.73093082598135,0,0,0,0,0
732,24.366666666666667,1,1,635.0284576416016,243.02312850952148,569.8389053344727,338.56739044189453,553.6835479736328,351.75682067871094,516.2693023681641,154.53088760375977,602.4336814880371,290.795259475708,,,,,,,,0,94.03498878749821,1.230020492563255,0.2217856822809241,1.444079492825803,0,0,165.71604415359943,175.0891272855171,179.14453446076573,0,0,0,0,0
733,24.4,0,1,635.0284576416016,243.02312850952148,569.8389053344727,338.56739044189453,553.6835479736328,351.75682067871094,516.2693023681641,154.53088760375977,602.4336814880371,290.795259475708,,,,,,,,0,94.03498878749821,1.230020492563255,0.2217856822809241,1.444079492825803,0,0,165.71604415359943,175.0891272855171,179.14453446076573,0,0,0,0,0
734,24.433333333333334,0,1,635.0284576416016,243.02312850952148,569.8389053344727,338.56739044189453,553.6835479736328,351.75682067871094,516.2693023681641,154.53088760375977,602.4336814880371,290.795259475708,,,,,,,,0,94.03498878749821,1.230020492563255,0.2217856822809241,1.444079492825803,0,0,165.71604415359943,175.0891272855171,179.14453446076573,0,0,0,0,0
735,24.466666666666665,1,1,635.8316802978516,243.97871017456055,570.2217102050781,338.04439544677734,554.2469024658203,352.602481842041,514.9100875854492,153.8309097290039,603.0266952514648,291.01155281066895,,,,,,,,0,93.95729113842772,1.220625039872106,0.23003265412305965,1.4458688049019477,0,0,165.28771754717116,175.96803374939356,179.87966869570758,0,0,0,0,0
736,24.5,0,1,635.8316802978516,243.97871017456055,570.2217102050781,338.04439544677734,554.2469024658203,352.602481842041,514.9100875854492,153.8309097290039,603.0266952514648,291.01155281066895,,,,,,,,0,93.95729113842772,1.220625039872106,0.23003265412305965,1.4458688049019477,0,0,165.28771754717116,175.96803374939356,179.87966869570758,0,0,0,0,0
737,24.533333333333335,0,1,635.8316802978516,243.97871017456055,570.2217102050781,338.04439544677734,554.2469024658203,352.602481842041,514.9100875854492,153.8309097290039,603.0266952514648,291.01155281066895,,,,,,,,0,93.95729113842772,1.220625039872106,0.23003265412305965,1.4458688049019477,0,0,165.28771754717116,175.96803374939356,179.87966869570758,0,0,0,0,0
738,24.566666666666666,1,1,638.1489944458008,244.57305908203125,570.37353515625,338.8322925567627,553.9084243774414,351.5306282043457,515.5331420898438,153.93889904022217,604.2612648010254,291.702675819397,,,,,,,,0,92.83061231384261,1.2506235477157668,0.22398828873217777,1.466632908173517,0,0,165.94689378202344,175.84970247653442,179.76760995333038,0,0,0,0,0
739,24.6,0,1,638.1489944458008,244.57305908203125,570.37353515625,338.8322925567627,553.9084243774414,351.5306282043457,515.5331420898438,153.93889904022217,604.2612648010254,291.702675819397,,,,,,,,0,92.83061231384261,1.2506235477157668,0.22398828873217777,1.466632908173517,0,0,165.94689378202344,175.84970247653442,179.76760995333038,0,0,0,0,0
740,24.633333333333333,0,1,638.1489944458008,244.57305908203125,570.37353515625,338.8322925567627,553.9084243774414,351.5306282043457,515.5331420898438,153.93889904022217,604.2612648010254,291.702675819397,,,,,,,,0,92.83061231384261,1.2506235477157668,0.22398828873217777,1.466632908173517,0,0,165.94689378202344,175.84970247653442,179.76760995333038,0,0,0,0,0
741,24.666666666666668,1,1,634.9768447875977,242.8707218170166,570.3525924682617,338.4949207305908,553.8813781738281,352.3539447784424,514.9838638305664,153.82279872894287,602.6647186279297,290.6828212738037,,,,,,,,0,95.54075490157855,1.2080030518348803,0.22530815108259233,1.4260541219866254,0,0,165.09862915097295,175.6462081963792,179.77444646454938,0,0,0,0,0
742,24.7,0,1,634.9768447875977,242.8707218170166,570.3525924682617,338.4949207305908,553.8813781738281,352.3539447784424,514.9838638305664,153.82279872894287,602.6647186279297,290.6828212738037,,,,,,,,0,95.54075490157855,1.2080030518348803,0.22530815108259233,1.4260541219866254,0,0,165.09862915097295,175.6462081963792,179.77444646454938,0,0,0,0,0
743,24.733333333333334,0,1,634.9768447875977,242.8707218170166,570.3525924682617,338.4949207305908,553.8813781738281,352.3539447784424,514.9838638305664,153.82279872894287,602.6647186279297,290.6828212738037,,,,,,,,0,95.54075490157855,1.2080030518348803,0.22530815108259233,1.4260541219866254,0,0,165.09862915097295,175.6462081963792,179.77444646454938,0,0,0,0,0
744,24.766666666666666,1,1,635.4347229003906,242.81976699829102,570.6654739379883,338.68051528930664,554.6746444702148,352.911958694458,514.9861907958984,153.25278282165527,603.0500984191895,290.7501411437988,,,,,,,,0,94.61572061468823,1.2227429213059173,0.22624734166144767,1.4430738353251351,0,0,165.72730168230285,175.86322004637069,179.97202354488172,0,0,0,0,0
745,24.8,0,1,635.4347229003906,242.81976699829102,570.6654739379883,338.68051528930664,554.6746444702148,352.911958694458,514.9861907958984,153.25278282165527,603.0500984191895,290.7501411437988,,,,,,,,0,94.61572061468823,1.2227429213059173,0.22624734166144767,1.4430738353251351,0,0,165.72730168230285,175.86322004637069,179.97202354488172,0,0,0,0,0
746,24.833333333333332,0,1,635.4347229003906,242.81976699829102,570.6654739379883,338.68051528930664,554.6746444702148,352.911958694458,514.9861907958984,153.25278282165527,603.0500984191895,290.7501411437988,,,,,,,,0,94.61572061468823,1.2227429213059173,0.22624734166144767,1.4430738353251351,0,0,165.72730168230285,175.86322004637069,179.97202354488172,0,0,0,0,0
747,24.866666666666667,1,1,634.5132446289062,242.5568389892578,569.9390029907227,338.85738372802734,553.9211654663086,352.08194732666016,515.9743881225586,155.13932704925537,602.2261238098145,290.7071113586426,,,,,,,,0,92.11541313926848,1.2587107246709346,0.22549559716652556,1.4762024743886124,0,0,167.32662542869267,174.73522732815073,179.41583194265894,0,0,0,0,0
748,24.9,0,1,634.5132446289062,242.5568389892578,569.9390029907227,338.85738372802734,553.9211654663086,352.08194732666016,515.9743881225586,155.13932704925537,602.2261238098145,290.7071113586426,,,,,,,,0,92.11541313926848,1.2587107246709346,0.22549559716652556,1.4762024743886124,0,0,167.32662542869267,174.73522732815073,179.41583194265894,0,0,0,0,0
749,24.933333333333334,0,1,634.5132446289062,242.5568389892578,569.9390029907227,338.85738372802734,553.9211654663086,352.08194732666016,515.9743881225586,155.13932704925537,602.2261238098145,290.7071113586426,,,,,,,,0,92.11541313926848,1.2587107246709346,0.22549559716652556,1.4762024743886124,0,0,167.32662542869267,174.73522732815073,179.41583194265894,0,0,0,0,0
750,24.966666666666665,1,1,634.7916030883789,242.51269340515137,570.5119323730469,338.97345542907715,554.288215637207,352.3180389404297,517.2658538818359,154.80018138885498,602.6517677307129,290.74307441711426,,,,,,,,0,91.85992242820357,1.2618795072763598,0.22868329451266697,1.4821954423274617,0,0,166.88400504695878,175.0377338839492,179.139744365234,0,0,0,0,0
751,25.0,0,1,634.7916030883789,242.51269340515137,570.5119323730469,338.97345542907715,554.288215637207,352.3180389404297,517.2658538818359,154.80018138885498,602.6517677307129,290.74307441711426,,,,,,,,0,91.85992242820357,1.2618795072763598,0.22868329451266697,1.4821954423274617,0,0,166.88400504695878,175.0377338839492,179.139744365234,0,0,0,0,0
752,25.033333333333335,0,1,634.7916030883789,242.51269340515137,570.5119323730469,338.97345542907715,554.288215637207,352.3180389404297,517.2658538818359,154.80018138885498,602.6517677307129,290.74307441711426,,,,,,,,0,91.85992242820357,1.2618795072763598,0.22868329451266697,1.4821954423274617,0,0,166.88400504695878,175.0377338839492,179.139744365234,0,0,0,0,0
753,25.066666666666666,1,1,635.2785491943359,243.81388664245605,570.4317474365234,339.23377990722656,553.6794281005859,352.846097946167,517.2261047363281,155.86462497711182,602.8551483154297,291.5238332748413,,,,,,,,0,90.58000766362427,1.2736723309047284,0.23830354522192657,1.5034809248028576,0,0,166.73094038398955,175.0787261552971,179.0887134725588,0,0,0,0,0
754,25.1,0,1,635.2785491943359,243.81388664245605,570.4317474365234,339.23377990722656,553.6794281005859,352.846097946167,517.2261047363281,155.86462497711182,602.8551483154297,291.5238332748413,,,,,,,,0,90.58000766362427,1.2736723309047284,0.23830354522192657,1.5034809248028576,0,0,166.73094038398955,175.0787261552971,179.0887134725588,0,0,0,0,0
755,25.133333333333333,0,1,635.2785491943359,243.81388664245605,570.4317474365234,339.23377990722656,553.6794281005859,352.846097946167,517.2261047363281,155.86462497711182,602.8551483154297,291.5238332748413,,,,,,,,0,90.58000766362427,1.2736723309047284,0.23830354522192657,1.5034809248028576,0,0,166.73094038398955,175.0787261552971,179.0887134725588,0,0,0,0,0
756,25.166666666666668,1,1,634.857292175293,243.3028221130371,570.590705871582,338.9772605895996,554.3019485473633,352.3732566833496,516.3523483276367,154.13230419158936,602.7239990234375,291.14004135131836,,,,,,,,0,92.0045068199484,1.252714015731236,0.22922486736991554,1.4737672232563814,0,0,166.3592248698627,175.91720946416254,179.57112806718112,0,0,0,0,0
757,25.2,0,1,634.857292175293,243.3028221130371,570.590705871582,338.9772605895996,554.3019485473633,352.3732566833496,516.3523483276367,154.13230419158936,602.7239990234375,291.14004135131836,,,,,,,,0,92.0045068199484,1.252714015731236,0.22922486736991554,1.4737672232563814,0,0,166.3592248698627,175.91720946416254,179.57112806718112,0,0,0,0,0
758,25.233333333333334,0,1,634.857292175293,243.3028221130371,570.590705871582,338.9772605895996,554.3019485473633,352.3732566833496,516.3523483276367,154.13230419158936,602.7239990234375,291.14004135131836,,,,,,,,0,92.0045068199484,1.252714015731236,0.22922486736991554,1.4737672232563814,0,0,166.3592248698627,175.91720946416254,179.57112806718112,0,0,0,0,0
759,25.266666666666666,1,1,633.6090850830078,243.78705024719238,570.5673217773438,338.9700222015381,553.5795593261719,352.27088928222656,515.7036972045898,154.47845935821533,602.0882034301758,291.37853622436523,,,,,,,,0,92.33271991902932,1.2364719349205955,0.23366995695952408,1.4600350445237915,0,0,166.91567679570707,175.8980200126445,179.89532167653238,0,0,0,0,0
760,25.3,0,1,633.6090850830078,243.78705024719238,570.5673217773438,338.9700222015381,553.5795593261719,352.27088928222656,515.7036972045898,154.47845935821533,602.0882034301758,291.37853622436523,,,,,,,,0,92.33271991902932,1.2364719349205955,0.23366995695952408,1.4600350445237915,0,0,166.91567679570707,175.8980200126445,179.89532167653238,0,0,0,0,0
761,25.333333333333332,0,1,633.6090850830078,243.78705024719238,570.5673217773438,338.9700222015381,553.5795593261719,352.27088928222656,515.7036972045898,154.47845935821533,602.0882034301758,291.37853622436523,,,,,,,,0,92.33271991902932,1.2364719349205955,0.23366995695952408,1.4600350445237915,0,0,166.91567679570707,175.8980200126445,179.89532167653238,0,0,0,0,0
762,25.366666666666667,1,1,636.2811279296875,243.17121505737305,570.7641983032227,338.1094551086426,553.3854293823242,353.0038547515869,516.99951171875,154.82874870300293,603.5226631164551,290.6403350830078,,,,,,,,0,93.10577935889638,1.2389187786209352,0.24582890598297144,1.4779336320692285,0,0,164.8294497954496,175.54077587444115,179.76261173903225,0,0,0,0,0
763,25.4,0,1,636.2811279296875,243.17121505737305,570.7641983032227,338.1094551086426,553.3854293823242,353.0038547515869,516.99951171875,154.82874870300293,603.5226631164551,290.6403350830078,,,,,,,,0,93.10577935889638,1.2389187786209352,0.24582890598297144,1.4779336320692285,0,0,164.8294497954496,175.54077587444115,179.76261173903225,0,0,0,0,0
764,25.433333333333334,0,1,636.2811279296875,243.17121505737305,570.7641983032227,338.1094551086426,553.3854293823242,353.0038547515869,516.99951171875,154.82874870300293,603.5226631164551,290.6403350830078,,,,,,,,0,93.10577935889638,1.2389187786209352,0.24582890598297144,1.4779336320692285,0,0,164.8294497954496,175.54077587444115,179.76261173903225,0,0,0,0,0
765,25.466666666666665,1,1,638.227653503418,239.23603534698486,571.3025665283203,339.5750427246094,553.6161422729492,353.77647399902344,517.4366760253906,151.8343734741211,604.7651100158691,289.4055390357971,,,,,,,,0,96.80207139561543,1.2459491907189666,0.23431706846797457,1.4710740926771397,0,0,165.91334760957656,176.5681203520985,179.97202354488172,0,0,0,0,0
766,25.5,0,1,638.227653503418,239.23603534698486,571.3025665283203,339.5750427246094,553.6161422729492,353.77647399902344,517.4366760253906,151.8343734741211,604.7651100158691,289.4055390357971,,,,,,,,0,96.80207139561543,1.2459491907189666,0.23431706846797457,1.4710740926771397,0,0,165.91334760957656,176.5681203520985,179.97202354488172,0,0,0,0,0
767,25.533333333333335,0,1,638.227653503418,239.23603534698486,571.3025665283203,339.5750427246094,553.6161422729492,353.77647399902344,517.4366760253906,151.8343734741211,604.7651100158691,289.4055390357971,,,,,,,,0,96.80207139561543,1.2459491907189666,0.23431706846797457,1.4710740926771397,0,0,165.91334760957656,176.5681203520985,179.97202354488172,0,0,0,0,0
768,25.566666666666666,1,1,643.1816864013672,237.94724464416504,571.9309997558594,337.4240970611572,553.3547592163086,350.7626152038574,518.0291366577148,152.27648735046387,607.5563430786133,287.68567085266113,,,,,,,,0,95.89373491086216,1.2760100403544539,0.23848310207996196,1.503839883917595,0,0,170.63092870335157,174.34317050969457,179.50981141645124,0,0,0,0,0
769,25.6,0,1,643.1816864013672,237.94724464416504,571.9309997558594,337.4240970611572,553.3547592163086,350.7626152038574,518.0291366577148,152.27648735046387,607.5563430786133,287.68567085266113,,,,,,,,0,95.89373491086216,1.2760100403544539,0.23848310207996196,1.503839883917595,0,0,170.63092870335157,174.34317050969457,179.50981141645124,0,0,0,0,0
770,25.633333333333333,0,1,643.1816864013672,237.94724464416504,571.9309997558594,337.4240970611572,553.3547592163086,350.7626152038574,518.0291366577148,152.27648735046387,607.5563430786133,287.68567085266113,,,,,,,,0,95.89373491086216,1.2760100403544539,0.23848310207996196,1.503839883917595,0,0,170.63092870335157,174.34317050969457,179.50981141645124,0,0,0,0,0
771,25.666666666666668,1,1,644.4276428222656,232.30623722076416,572.1153259277344,333.93256187438965,552.8654479980469,343.04826736450195,516.7172241210938,145.5260467529297,608.271484375,283.1193995475769,,,,,,,,0,97.48699591802844,1.2794283609537453,0.21848198374540292,1.4739621878348315,0,0,171.473568170493,174.2567960139507,179.66956930353538,0,0,0,0,0
772,25.7,0,1,644.4276428222656,232.30623722076416,572.1153259277344,333.93256187438965,552.8654479980469,343.04826736450195,516.7172241210938,145.5260467529297,608.271484375,283.1193995475769,,,,,,,,0,97.48699591802844,1.2794283609537453,0.21848198374540292,1.4739621878348315,0,0,171.473568170493,174.2567960139507,179.66956930353538,0,0,0,0,0
773,25.733333333333334,0,1,644.4276428222656,232.30623722076416,572.1153259277344,333.93256187438965,552.8654479980469,343.04826736450195,516.7172241210938,145.5260467529297,608.271484375,283.1193995475769,,,,,,,,0,97.48699591802844,1.2794283609537453,0.21848198374540292,1.4739621878348315,0,0,171.473568170493,174.2567960139507,179.66956930353538,0,0,0,0,0
774,25.766666666666666,1,1,635.6385803222656,223.30783367156982,582.2089767456055,305.5216598510742,560.4386138916016,316.82971000671387,515.4026794433594,130.23316383361816,608.9237785339355,264.414746761322,,,,,,,,0,96.7770019520259,1.0131556836438562,0.2534903293744494,1.2400232704482592,0,0,176.12050736753375,176.9717213065013,179.39122793629141,0,0,0,0,0
775,25.8,0,1,635.6385803222656,223.30783367156982,582.2089767456055,305.5216598510742,560.4386138916016,316.82971000671387,515.4026794433594,130.23316383361816,608.9237785339355,264.414746761322,,,,,,,,0,96.7770019520259,1.0131556836438562,0.2534903293744494,1.2400232704482592,0,0,176.12050736753375,176.9717213065013,179.39122793629141,0,0,0,0,0
776,25.833333333333332,0,1,635.6385803222656,223.30783367156982,582.2089767456055,305.5216598510742,560.4386138916016,316.82971000671387,515.4026794433594,130.23316383361816,608.9237785339355,264.414746761322,,,,,,,,0,96.7770019520259,1.0131556836438562,0.2534903293744494,1.2400232704482592,0,0,176.12050736753375,176.9717213065013,179.39122793629141,0,0,0,0,0
777,25.866666666666667,1,1,619.1130447387695,192.20356464385986,592.9092407226562,253.8987922668457,574.1707992553711,265.6270980834961,509.0784454345703,101.42304182052612,606.0111427307129,223.05117845535278,,,,,,,,0,93.70218759488026,0.7153450913032752,0.23591936732541716,0.9187205325611314,0,0,177.67350080543483,173.59586428011212,178.38808053747533,0,0,0,0,0
778,25.9,0,1,619.1130447387695,192.20356464385986,592.9092407226562,253.8987922668457,574.1707992553711,265.6270980834961,509.0784454345703,101.42304182052612,606.0111427307129,223.05117845535278,,,,,,,,0,93.70218759488026,0.7153450913032752,0.23591936732541716,0.9187205325611314,0,0,177.67350080543483,173.59586428011212,178.38808053747533,0,0,0,0,0
779,25.933333333333334,0,1,619.1130447387695,192.20356464385986,592.9092407226562,253.8987922668457,574.1707992553711,265.6270980834961,509.0784454345703,101.42304182052612,606.0111427307129,223.05117845535278,,,,,,,,0,93.70218759488026,0.7153450913032752,0.23591936732541716,0.9187205325611314,0,0,177.67350080543483,173.59586428011212,178.38808053747533,0,0,0,0,0
780,25.966666666666665,1,1,603.7859725952148,152.5923728942871,582.9867553710938,176.27151489257812,570.291862487793,196.42076969146729,492.7912902832031,65.83100080490112,593.3863639831543,164.43194389343262,83.15074428161401,60.57917022705078,18.82288932800293,63.43608616593746,0.7285463377439163,0.22637066559805863,0.7629046103435086,12,90.11267284906967,0.3497489006125327,0.2642799152292776,0.6121384711533457,1,1,175.54838124639755,128.6391433933728,136.8056221180898,0,0,0,0,0
781,26.0,0,1,603.7859725952148,152.5923728942871,582.9867553710938,176.27151489257812,570.291862487793,196.42076969146729,492.7912902832031,65.83100080490112,593.3863639831543,164.43194389343262,83.15074428161401,60.57917022705078,18.82288932800293,63.43608616593746,0.7285463377439163,0.22637066559805863,0.7629046103435086,12,90.11267284906967,0.3497489006125327,0.2642799152292776,0.6121384711533457,1,2,175.54838124639755,128.6391433933728,136.8056221180898,0,0,0,0,0
782,26.033333333333335,0,1,603.7859725952148,152.5923728942871,582.9867553710938,176.27151489257812,570.291862487793,196.42076969146729,492.7912902832031,65.83100080490112,593.3863639831543,164.43194389343262,83.15074428161401,60.57917022705078,18.82288932800293,63.43608616593746,0.7285463377439163,0.22637066559805863,0.7629046103435086,12,90.11267284906967,0.3497489006125327,0.2642799152292776,0.6121384711533457,1,3,175.54838124639755,128.6391433933728,136.8056221180898,0,0,0,0,0
783,26.066666666666666,1,1,570.0765991210938,118.8334608078003,559.4187545776367,145.19701480865479,543.0320739746094,156.23941898345947,457.6308822631836,35.17523646354675,564.7476768493652,132.01523780822754,83.15074428161401,60.57917022705078,18.82288932800293,63.43608616593746,0.7285463377439163,0.22637066559805863,0.7629046103435086,12,85.07779525146823,0.3342395153488855,0.23225813314737684,0.5425452459641197,1,4,173.62394056776162,152.50870383303624,133.13689207700614,-1,-1,0,0,0
784,26.1,0,1,570.0765991210938,118.8334608078003,559.4187545776367,145.19701480865479,543.0320739746094,156.23941898345947,457.6308822631836,35.17523646354675,564.7476768493652,132.01523780822754,83.15074428161401,60.57917022705078,18.82288932800293,63.43608616593746,0.7285463377439163,0.22637066559805863,0.7629046103435086,12,85.07779525146823,0.3342395153488855,0.23225813314737684,0.5425452459641197,1,5,173.62394056776162,152.50870383303624,133.13689207700614,0,0,0,0,0
785,26.133333333333333,0,1,570.0765991210938,118.8334608078003,559.4187545776367,145.19701480865479,543.0320739746094,156.23941898345947,457.6308822631836,35.17523646354675,564.7476768493652,132.01523780822754,83.15074428161401,60.57917022705078,18.82288932800293,63.43608616593746,0.7285463377439163,0.22637066559805863,0.7629046103435086,12,85.07779525146823,0.3342395153488855,0.23225813314737684,0.5425452459641197,1,6,173.62394056776162,152.50870383303624,133.13689207700614,0,0,0,0,0
786,26.166666666666668,1,1,512.4282455444336,107.30796575546265,505.587158203125,122.83164024353027,488.77418518066406,130.9856414794922,410.4479217529297,15.040429830551147,509.0077018737793,115.06980299949646,83.15074428161401,60.57917022705078,18.82288932800293,63.43608616593746,0.7285463377439163,0.22637066559805863,0.7629046103435086,12,77.53385187338836,0.2187976613437299,0.2410034414612529,0.43166429772383835,1,7,165.97753029041607,123.27617622566243,118.44957514170395,-1,-1,0,0,0
787,26.2,0,1,512.4282455444336,107.30796575546265,505.587158203125,122.83164024353027,488.77418518066406,130.9856414794922,410.4479217529297,15.040429830551147,509.0077018737793,115.06980299949646,83.15074428161401,60.57917022705078,18.82288932800293,63.43608616593746,0.7285463377439163,0.22637066559805863,0.7629046103435086,12,77.53385187338836,0.2187976613437299,0.2410034414612529,0.43166429772383835,1,8,165.97753029041607,123.27617622566243,118.44957514170395,0,0,0,0,0
788,26.233333333333334,0,1,512.4282455444336,107.30796575546265,505.587158203125,122.83164024353027,488.77418518066406,130.9856414794922,410.4479217529297,15.040429830551147,509.0077018737793,115.06980299949646,83.15074428161401,60.57917022705078,18.82288932800293,63.43608616593746,0.7285463377439163,0.22637066559805863,0.7629046103435086,12,77.53385187338836,0.2187976613437299,0.2410034414612529,0.43166429772383835,1,9,165.97753029041607,123.27617622566243,118.44957514170395,0,0,0,0,0
789,26.266666666666666,1,1,440.3213119506836,115.25359869003296,428.9269256591797,129.97055053710938,418.1050109863281,132.0307731628418,372.8811264038086,3.9855381846427917,434.62411880493164,122.61207461357117,83.15074428161401,60.57917022705078,18.82288932800293,63.43608616593746,0.7285463377439163,0.22637066559805863,0.7629046103435086,12,81.22369331175979,0.2291496460583284,0.13562885836868058,0.342750941249433,1,10,162.3766612408022,134.1793746368547,118.99814249952954,-1,1,0,1,1
790,26.3,0,1,440.3213119506836,115.25359869003296,428.9269256591797,129.97055053710938,418.1050109863281,132.0307731628418,372.8811264038086,3.9855381846427917,434.62411880493164,122.61207461357117,83.15074428161401,60.57917022705078,18.82288932800293,63.43608616593746,0.7285463377439163,0.22637066559805863,0.7629046103435086,12,81.22369331175979,0.2291496460583284,0.13562885836868058,0.342750941249433,1,11,162.3766612408022,134.1793746368547,118.99814249952954,0,0,0,1,1
791,26.333333333333332,0,1,440.3213119506836,115.25359869003296,428.9269256591797,129.97055053710938,418.1050109863281,132.0307731628418,372.8811264038086,3.9855381846427917,434.62411880493164,122.61207461357117,83.15074428161401,60.57917022705078,18.82288932800293,63.43608616593746,0.7285463377439163,0.22637066559805863,0.7629046103435086,12,81.22369331175979,0.2291496460583284,0.13562885836868058,0.342750941249433,1,12,162.3766612408022,134.1793746368547,118.99814249952954,0,0,0,1,1
792,26.366666666666667,1,0,,,,,,,,,,,,,,,,,,0,,,,,0,12,,,,0,0,0,1,1
793,26.4,0,0,,,,,,,,,,,,,,,,,,0,,,,,0,12,,,,0,0,0,1,1
794,26.433333333333334,0,0,,,,,,,,,,,,,,,,,,0,,,,,0,12,,,,0,0,0,1,1
795,26.466666666666665,1,1,255.38934707641602,141.5128469467163,243.67578506469727,166.4946699142456,228.66632461547852,163.4662628173828,213.62756729125977,-5.559138357639313,249.53256607055664,154.00375843048096,105.68660949925754,13.491288185119629,40.868629455566406,43.03788715155913,0.12765371364490982,0.386696381397811,0.4072217602160989,84,105.24646732087929,0.2621622201576279,0.1454863885579577,0.32860275992990196,1,13,176.83083794996176,134.7097259531063,133.0502845886177,0,0,0,1,1
796,26.5,0,1,255.38934707641602,141.5128469467163,243.67578506469727,166.4946699142456,228.66632461547852,163.4662628173828,213.62756729125977,-5.559138357639313,249.53256607055664,154.00375843048096,105.68660949925754,13.491288185119629,40.868629455566406,43.03788715155913,0.12765371364490982,0.386696381397811,0.4072217602160989,84,105.24646732087929,0.2621622201576279,0.1454863885579577,0.32860275992990196,1,14,176.83083794996176,134.7097259531063,133.0502845886177,0,0,0,1,1
797,26.533333333333335,0,1,255.38934707641602,141.5128469467163,243.67578506469727,166.4946699142456,228.66632461547852,163.4662628173828,213.62756729125977,-5.559138357639313,249.53256607055664,154.00375843048096,105.68660949925754,13.491288185119629,40.868629455566406,43.03788715155913,0.12765371364490982,0.386696381397811,0.4072217602160989,84,105.24646732087929,0.2621622201576279,0.1454863885579577,0.32860275992990196,1,15,176.83083794996176,134.7097259531063,133.0502845886177,0,0,0,1,1
798,26.566666666666666,1,1,193.05580139160156,198.27919006347656,164.3282699584961,214.2153024673462,147.35366821289062,205.99968910217285,166.8868637084961,12.902759313583374,178.69203567504883,206.24724626541138,105.68660949925754,13.491288185119629,40.868629455566406,43.03788715155913,0.12765371364490982,0.386696381397811,0.4072217602160989,84,119.99001087611215,0.2737865195561905,0.1571651251583751,0.3862793306241387,1,16,177.31948560867156,146.6505831998947,146.58439480041088,-1,1,0,1,1
799,26.6,0,1,193.05580139160156,198.27919006347656,164.3282699584961,214.2153024673462,147.35366821289062,205.99968910217285,166.8868637084961,12.902759313583374,178.69203567504883,206.24724626541138,105.68660949925754,13.491288185119629,40.868629455566406,43.03788715155913,0.12765371364490982,0.386696381397811,0.4072217602160989,84,119.99001087611215,0.2737865195561905,0.1571651251583751,0.3862793306241387,1,17,177.31948560867156,146.6505831998947,146.58439480041088,0,0,0,1,1
800,26.633333333333333,0,1,193.05580139160156,198.27919006347656,164.3282699584961,214.2153024673462,147.35366821289062,205.99968910217285,166.8868637084961,12.902759313583374,178.69203567504883,206.24724626541138,105.68660949925754,13.491288185119629,40.868629455566406,43.03788715155913,0.12765371364490982,0.386696381397811,0.4072217602160989,84,119.99001087611215,0.2737865195561905,0.1571651251583751,0.3862793306241387,1,18,177.31948560867156,146.6505831998947,146.58439480041088,0,0,0,1,1
801,26.666666666666668,1,1,185.12439727783203,221.41576766967773,155.8531379699707,238.0970335006714,133.58795166015625,227.08816051483154,140.10122299194336,45.88444948196411,170.48876762390137,229.75640058517456,105.68660949925754,13.491288185119629,40.868629455566406,43.03788715155913,0.12765371364490982,0.386696381397811,0.4072217602160989,84,123.48161556440053,0.27284076537139257,0.20114858482367756,0.41988172455594003,1,19,165.37046997013726,141.1330422670698,133.12279288372102,-1,1,0,1,1
802,26.7,0,1,185.12439727783203,221.41576766967773,155.8531379699707,238.0970335006714,133.58795166015625,227.08816051483154,140.10122299194336,45.88444948196411,170.48876762390137,229.75640058517456,105.68660949925754,13.491288185119629,40.868629455566406,43.03788715155913,0.12765371364490982,0.386696381397811,0.4072217602160989,84,123.48161556440053,0.27284076537139257,0.20114858482367756,0.41988172455594003,1,20,165.37046997013726,141.1330422670698,133.12279288372102,0,0,0,1,1
803,26.733333333333334,0,1,185.12439727783203,221.41576766967773,155.8531379699707,238.0970335006714,133.58795166015625,227.08816051483154,140.10122299194336,45.88444948196411,170.48876762390137,229.75640058517456,105.68660949925754,13.491288185119629,40.868629455566406,43.03788715155913,0.12765371364490982,0.386696381397811,0.4072217602160989,84,123.48161556440053,0.27284076537139257,0.20114858482367756,0.41988172455594003,1,21,165.37046997013726,141.1330422670698,133.12279288372102,0,0,0,1,1
804,26.766666666666666,1,1,196.11444473266602,236.78236484527588,166.1575698852539,253.33683013916016,145.83105087280273,238.74195098876953,141.2688159942627,75.65736293792725,181.13600730895996,245.05959749221802,105.68660949925754,13.491288185119629,40.868629455566406,43.03788715155913,0.12765371364490982,0.386696381397811,0.4072217602160989,84,115.20890625075477,0.29708350861129085,0.21720149229151137,0.4367853525469524,1,22,161.86516719465519,136.74812552254943,114.17924131481881,1,1,1,1,1
805,26.8,0,1,196.11444473266602,236.78236484527588,166.1575698852539,253.33683013916016,145.83105087280273,238.74195098876953,141.2688159942627,75.65736293792725,181.13600730895996,245.05959749221802,105.68660949925754,13.491288185119629,40.868629455566406,43.03788715155913,0.12765371364490982,0.386696381397811,0.4072217602160989,84,115.20890625075477,0.29708350861129085,0.21720149229151137,0.4367853525469524,1,23,161.86516719465519,136.74812552254943,114.17924131481881,0,0,1,1,1
806,26.833333333333332,0,1,196.11444473266602,236.78236484527588,166.1575698852539,253.33683013916016,145.83105087280273,238.74195098876953,141.2688159942627,75.65736293792725,181.13600730895996,245.05959749221802,105.68660949925754,13.491288185119629,40.868629455566406,43.03788715155913,0.12765371364490982,0.386696381397811,0.4072217602160989,84,115.20890625075477,0.29708350861129085,0.21720149229151137,0.4367853525469524,1,24,161.86516719465519,136.74812552254943,114.17924131481881,0,0,1,1,1
807,26.866666666666667,1,1,200.6960105895996,235.2334499359131,174.60115432739258,263.153772354126,153.48321914672852,250.2004337310791,143.81792068481445,89.1984486579895,187.6485824584961,249.19361114501953,105.68660949925754,13.491288185119629,40.868629455566406,43.03788715155913,0.12765371364490982,0.386696381397811,0.4072217602160989,84,111.090846023209,0.3440094826644024,0.22300759829629502,0.44583653930060424,1,25,160.81942472902435,133.9784807985847,114.61278696132527,1,1,1,1,1
808,26.9,0,1,200.6960105895996,235.2334499359131,174.60115432739258,263.153772354126,153.48321914672852,250.2004337310791,143.81792068481445,89.1984486579895,187.6485824584961,249.19361114501953,105.68660949925754,13.491288185119629,40.868629455566406,43.03788715155913,0.12765371364490982,0.386696381397811,0.4072217602160989,84,111.090846023209,0.3440094826644024,0.22300759829629502,0.44583653930060424,1,26,160.81942472902435,133.9784807985847,114.61278696132527,0,0,1,1,1
809,26.933333333333334,0,1,200.6960105895996,235.2334499359131,174.60115432739258,263.153772354126,153.48321914672852,250.2004337310791,143.81792068481445,89.1984486579895,187.6485824584961,249.19361114501953,105.68660949925754,13.491288185119629,40.868629455566406,43.03788715155913,0.12765371364490982,0.386696381397811,0.4072217602160989,84,111.090846023209,0.3440094826644024,0.22300759829629502,0.44583653930060424,1,27,160.81942472902435,133.9784807985847,114.61278696132527,0,0,1,1,1
810,26.966666666666665,1,1,194.13640975952148,232.25744247436523,178.0697250366211,261.9426441192627,156.70958518981934,241.580228805542,143.4483528137207,88.38533878326416,186.1030673980713,247.10004329681396,105.68660949925754,13.491288185119629,40.868629455566406,43.03788715155913,0.12765371364490982,0.386696381397811,0.4072217602160989,84,112.13467879361608,0.301015285879629,0.26317225134175615,0.3439656261829356,1,28,168.78252733143466,138.2654872187358,108.25867973333267,0,0,1,1,1
811,27.0,0,1,194.13640975952148,232.25744247436523,178.0697250366211,261.9426441192627,156.70958518981934,241.580228805542,143.4483528137207,88.38533878326416,186.1030673980713,247.10004329681396,105.68660949925754,13.491288185119629,40.868629455566406,43.03788715155913,0.12765371364490982,0.386696381397811,0.4072217602160989,84,112.13467879361608,0.301015285879629,0.26317225134175615,0.3439656261829356,1,29,168.78252733143466,138.2654872187358,108.25867973333267,0,0,1,1,1
812,27.033333333333335,0,1,194.13640975952148,232.25744247436523,178.0697250366211,261.9426441192627,156.70958518981934,241.580228805542,143.4483528137207,88.38533878326416,186.1030673980713,247.10004329681396,105.68660949925754,13.491288185119629,40.868629455566406,43.03788715155913,0.12765371364490982,0.386696381397811,0.4072217602160989,84,112.13467879361608,0.301015285879629,0.26317225134175615,0.3439656261829356,1,30,168.78252733143466,138.2654872187358,108.25867973333267,0,0,1,1,1
813,27.066666666666666,1,1,196.8690299987793,220.62857151031494,190.20204544067383,236.05420589447021,167.97195434570312,227.00865268707275,145.29976844787598,73.6746883392334,193.53553771972656,228.34138870239258,105.68660949925754,13.491288185119629,40.868629455566406,43.03788715155913,0.12765371364490982,0.386696381397811,0.4072217602160989,84,111.62002299609297,0.15055298711486562,0.21501499611439723,0.26512279950999135,1,31,175.4322822906313,132.02951562405656,111.80600507387409,1,-1,1,2,2
814,27.1,0,1,196.8690299987793,220.62857151031494,190.20204544067383,236.05420589447021,167.97195434570312,227.00865268707275,145.29976844787598,73.6746883392334,193.53553771972656,228.34138870239258,105.68660949925754,13.491288185119629,40.868629455566406,43.03788715155913,0.12765371364490982,0.386696381397811,0.4072217602160989,84,111.62002299609297,0.15055298711486562,0.21501499611439723,0.26512279950999135,1,32,175.4322822906313,132.02951562405656,111.80600507387409,0,0,1,2,2
815,27.133333333333333,0,1,196.8690299987793,220.62857151031494,190.20204544067383,236.05420589447021,167.97195434570312,227.00865268707275,145.29976844787598,73.6746883392334,193.53553771972656,228.34138870239258,105.68660949925754,13.491288185119629,40.868629455566406,43.03788715155913,0.12765371364490982,0.386696381397811,0.4072217602160989,84,111.62002299609297,0.15055298711486562,0.21501499611439723,0.26512279950999135,1,33,175.4322822906313,132.02951562405656,111.80600507387409,0,0,1,2,2
816,27.166666666666668,1,1,204.10816192626953,202.88446426391602,197.8382110595703,207.8811550140381,174.10833358764648,205.7741403579712,146.21933937072754,54.06445384025574,200.97318649291992,205.38280963897705,105.68660949925754,13.491288185119629,40.868629455566406,43.03788715155913,0.12765371364490982,0.386696381397811,0.4072217602160989,84,113.19708181918688,0.07082718941184875,0.2104580443292913,0.2662496046054467,1,34,171.0984313885195,122.49015851196619,111.52646946152544,1,-1,1,2,2
817,27.2,0,1,204.10816192626953,202.88446426391602,197.8382110595703,207.8811550140381,174.10833358764648,205.7741403579712,146.21933937072754,54.06445384025574,200.97318649291992,205.38280963897705,105.68660949925754,13.491288185119629,40.868629455566406,43.03788715155913,0.12765371364490982,0.386696381397811,0.4072217602160989,84,113.19708181918688,0.07082718941184875,0.2104580443292913,0.2662496046054467,1,35,171.0984313885195,122.49015851196619,111.52646946152544,0,0,1,2,2
818,27.233333333333334,0,1,204.10816192626953,202.88446426391602,197.8382110595703,207.8811550140381,174.10833358764648,205.7741403579712,146.21933937072754,54.06445384025574,200.97318649291992,205.38280963897705,105.68660949925754,13.491288185119629,40.868629455566406,43.03788715155913,0.12765371364490982,0.386696381397811,0.4072217602160989,84,113.19708181918688,0.07082718941184875,0.2104580443292913,0.2662496046054467,1,36,171.0984313885195,122.49015851196619,111.52646946152544,0,0,1,2,2
819,27.266666666666666,1,1,202.33110427856445,186.82043552398682,196.9597053527832,206.60990238189697,175.48906326293945,200.992169380188,140.1180648803711,36.811702251434326,199.64540481567383,196.7151689529419,105.68660949925754,13.491288185119629,40.868629455566406,43.03788715155913,0.12765371364490982,0.386696381397811,0.4072217602160989,84,109.09076393333824,0.18796719814732782,0.2034398517097836,0.2782405217620199,1,37,171.17454343788143,154.14748135543468,131.9983515593942,0,-1,1,2,2
820,27.3,0,1,202.33110427856445,186.82043552398682,196.9597053527832,206.60990238189697,175.48906326293945,200.992169380188,140.1180648803711,36.811702251434326,199.64540481567383,196.7151689529419,105.68660949925754,13.491288185119629,40.868629455566406,43.03788715155913,0.12765371364490982,0.386696381397811,0.4072217602160989,84,109.09076393333824,0.18796719814732782,0.2034398517097836,0.2782405217620199,1,38,171.17454343788143,154.14748135543468,131.9983515593942,0,0,1,2,2
821,27.333333333333332,0,1,202.33110427856445,186.82043552398682,196.9597053527832,206.60990238189697,175.48906326293945,200.992169380188,140.1180648803711,36.811702251434326,199.64540481567383,196.7151689529419,105.68660949925754,13.491288185119629,40.868629455566406,43.03788715155913,0.12765371364490982,0.386696381397811,0.4072217602160989,84,109.09076393333824,0.18796719814732782,0.2034398517097836,0.2782405217620199,1,39,171.17454343788143,154.14748135543468,131.9983515593942,0,0,1,2,2
822,27.366666666666667,1,1,191.8149757385254,161.5990161895752,194.24715042114258,189.83181953430176,170.4480743408203,180.55938720703125,135.89701652526855,23.538277745246887,193.03106307983398,175.71541786193848,105.68660949925754,13.491288185119629,40.868629455566406,43.03788715155913,0.12765371364490982,0.386696381397811,0.4072217602160989,84,108.27917122990492,0.26170658486955767,0.23588667400762184,0.2638218971352568,1,40,179.47436829173648,155.200351424511,118.74370553805649,-1,-1,2,2,2
823,27.4,0,1,191.8149757385254,161.5990161895752,194.24715042114258,189.83181953430176,170.4480743408203,180.55938720703125,135.89701652526855,23.538277745246887,193.03106307983398,175.71541786193848,105.68660949925754,13.491288185119629,40.868629455566406,43.03788715155913,0.12765371364490982,0.386696381397811,0.4072217602160989,84,108.27917122990492,0.26170658486955767,0.23588667400762184,0.2638218971352568,1,41,179.47436829173648,155.200351424511,118.74370553805649,0,0,2,2,2
824,27.433333333333334,0,1,191.8149757385254,161.5990161895752,194.24715042114258,189.83181953430176,170.4480743408203,180.55938720703125,135.89701652526855,23.538277745246887,193.03106307983398,175.71541786193848,105.68660949925754,13.491288185119629,40.868629455566406,43.03788715155913,0.12765371364490982,0.386696381397811,0.4072217602160989,84,108.27917122990492,0.26170658486955767,0.23588667400762184,0.2638218971352568,1,42,179.47436829173648,155.200351424511,118.74370553805649,0,0,2,2,2
825,27.466666666666665,1,1,189.44087982177734,146.54635906219482,190.5893898010254,185.81281185150146,170.45537948608398,178.93362522125244,127.95852661132812,13.98354023694992,190.01513481140137,166.17958545684814,105.68660949925754,13.491288185119629,40.868629455566406,43.03788715155913,0.12765371364490982,0.386696381397811,0.4072217602160989,84,113.44157291430005,0.34628615113415556,0.1875572107845109,0.3309348199230233,1,43,167.48612262770482,157.68818339261452,128.43661616365907,-1,-1,2,2,2
826,27.5,0,1,189.44087982177734,146.54635906219482,190.5893898010254,185.81281185150146,170.45537948608398,178.93362522125244,127.95852661132812,13.98354023694992,190.01513481140137,166.17958545684814,105.68660949925754,13.491288185119629,40.868629455566406,43.03788715155913,0.12765371364490982,0.386696381397811,0.4072217602160989,84,113.44157291430005,0.34628615113415556,0.1875572107845109,0.3309348199230233,1,44,167.48612262770482,157.68818339261452,128.43661616365907,0,0,2,2,2
827,27.533333333333335,0,1,189.44087982177734,146.54635906219482,190.5893898010254,185.81281185150146,170.45537948608398,178.93362522125244,127.95852661132812,13.98354023694992,190.01513481140137,166.17958545684814,105.68660949925754,13.491288185119629,40.868629455566406,43.03788715155913,0.12765371364490982,0.386696381397811,0.4072217602160989,84,113.44157291430005,0.34628615113415556,0.1875572107845109,0.3309348199230233,1,45,167.48612262770482,157.68818339261452,128.43661616365907,0,0,2,2,2
828,27.566666666666666,1,1,181.7894744873047,162.7481174468994,196.31114959716797,213.82955074310303,175.11442184448242,215.77453136444092,121.92936897277832,31.875100135803223,189.05031204223633,188.28883409500122,105.68660949925754,13.491288185119629,40.868629455566406,43.03788715155913,0.12765371364490982,0.386696381397811,0.4072217602160989,84,114.84870330335127,0.46239510977860077,0.1853375299889461,0.4653504514255328,1,46,175.56190950469056,166.91101623738686,153.83529823727463,0,1,2,3,3
829,27.6,0,1,181.7894744873047,162.7481174468994,196.31114959716797,213.82955074310303,175.11442184448242,215.77453136444092,121.92936897277832,31.875100135803223,189.05031204223633,188.28883409500122,105.68660949925754,13.491288185119629,40.868629455566406,43.03788715155913,0.12765371364490982,0.386696381397811,0.4072217602160989,84,114.84870330335127,0.46239510977860077,0.1853375299889461,0.4653504514255328,1,47,175.56190950469056,166.91101623738686,153.83529823727463,0,0,2,3,3
830,27.633333333333333,0,1,181.7894744873047,162.7481174468994,196.31114959716797,213.82955074310303,175.11442184448242,215.77453136444092,121.92936897277832,31.875100135803223,189.05031204223633,188.28883409500122,105.68660949925754,13.491288185119629,40.868629455566406,43.03788715155913,0.12765371364490982,0.386696381397811,0.4072217602160989,84,114.84870330335127,0.46239510977860077,0.1853375299889461,0.4653504514255328,1,48,175.56190950469056,166.91101623738686,153.83529823727463,0,0,2,3,3
831,27.666666666666668,1,1,179.34673309326172,189.15063858032227,186.8366813659668,240.49899101257324,165.6756591796875,239.6549892425537,121.89569473266602,60.53865194320679,183.09170722961426,214.82481479644775,105.68660949925754,13.491288185119629,40.868629455566406,43.03788715155913,0.12765371364490982,0.386696381397811,0.4072217602160989,84,116.57636790788261,0.4451308646540497,0.18166500871037963,0.4488213421439241,1,49,175.38811138966892,171.93707677364446,152.47322116030008,-1,1,2,3,3
832,27.7,0,1,179.34673309326172,189.15063858032227,186.8366813659668,240.49899101257324,165.6756591796875,239.6549892425537,121.89569473266602,60.53865194320679,183.09170722961426,214.82481479644775,105.68660949925754,13.491288185119629,40.868629455566406,43.03788715155913,0.12765371364490982,0.386696381397811,0.4072217602160989,84,116.57636790788261,0.4451308646540497,0.18166500871037963,0.4488213421439241,1,50,175.38811138966892,171.93707677364446,152.47322116030008,0,0,2,3,3
833,27.733333333333334,0,1,179.34673309326172,189.15063858032227,186.8366813659668,240.49899101257324,165.6756591796875,239.6549892425537,121.89569473266602,60.53865194320679,183.09170722961426,214.82481479644775,105.68660949925754,13.491288185119629,40.868629455566406,43.03788715155913,0.12765371364490982,0.386696381397811,0.4072217602160989,84,116.57636790788261,0.4451308646540497,0.18166500871037963,0.4488213421439241,1,51,175.38811138966892,171.93707677364446,152.47322116030008,0,0,2,3,3
834,27.766666666666666,1,1,170.8619499206543,174.89081382751465,188.72308731079102,237.33245372772217,168.1224250793457,238.37778568267822,119.6042251586914,57.093082666397095,179.79251861572266,206.1116337776184,105.68660949925754,13.491288185119629,40.868629455566406,43.03788715155913,0.12765371364490982,0.386696381397811,0.4072217602160989,84,111.28003703902783,0.5836263958221347,0.18536268661473962,0.5710462778737437,1,52,168.59799187971925,179.81337368640575,157.97632930425942,-1,-1,2,4,4
835,27.8,0,1,170.8619499206543,174.89081382751465,188.72308731079102,237.33245372772217,168.1224250793457,238.37778568267822,119.6042251586914,57.093082666397095,179.79251861572266,206.1116337776184,105.68660949925754,13.491288185119629,40.868629455566406,43.03788715155913,0.12765371364490982,0.386696381397811,0.4072217602160989,84,111.28003703902783,0.5836263958221347,0.18536268661473962,0.5710462778737437,1,53,168.59799187971925,179.81337368640575,157.97632930425942,0,0,2,4,4
836,27.833333333333332,0,1,170.8619499206543,174.89081382751465,188.72308731079102,237.33245372772217,168.1224250793457,238.37778568267822,119.6042251586914,57.093082666397095,179.79251861572266,206.1116337776184,105.68660949925754,13.491288185119629,40.868629455566406,43.03788715155913,0.12765371364490982,0.386696381397811,0.4072217602160989,84,111.28003703902783,0.5836263958221347,0.18536268661473962,0.5710462778737437,1,54,168.59799187971925,179.81337368640575,157.97632930425942,0,0,2,4,4
837,27.866666666666667,1,1,181.1688232421875,152.1632194519043,190.68647384643555,210.6343173980713,173.5064697265625,205.522141456604,121.19696617126465,32.437570095062256,185.92764854431152,181.3987684249878,105.68660949925754,13.491288185119629,40.868629455566406,43.03788715155913,0.12765371364490982,0.386696381397811,0.4072217602160989,84,106.12675167763578,0.5582065979135578,0.1688968799959474,0.5079423584110048,1,55,173.017755772877,172.9592003907386,153.96286551049215,1,-1,3,4,4
838,27.9,0,1,181.1688232421875,152.1632194519043,190.68647384643555,210.6343173980713,173.5064697265625,205.522141456604,121.19696617126465,32.437570095062256,185.92764854431152,181.3987684249878,105.68660949925754,13.491288185119629,40.868629455566406,43.03788715155913,0.12765371364490982,0.386696381397811,0.4072217602160989,84,106.12675167763578,0.5582065979135578,0.1688968799959474,0.5079423584110048,1,56,173.017755772877,172.9592003907386,153.96286551049215,0,0,3,4,4
839,27.933333333333334,0,1,181.1688232421875,152.1632194519043,190.68647384643555,210.6343173980713,173.5064697265625,205.522141456604,121.19696617126465,32.437570095062256,185.92764854431152,181.3987684249878,105.68660949925754,13.491288185119629,40.868629455566406,43.03788715155913,0.12765371364490982,0.386696381397811,0.4072217602160989,84,106.12675167763578,0.5582065979135578,0.1688968799959474,0.5079423584110048,1,57,173.017755772877,172.9592003907386,153.96286551049215,0,0,3,4,4
840,27.966666666666665,1,1,178.54225158691406,134.46654796600342,189.293212890625,190.45626640319824,170.79391479492188,182.94367790222168,122.03271865844727,9.187856912612915,183.91773223876953,162.46140718460083,105.68660949925754,13.491288185119629,40.868629455566406,43.03788715155913,0.12765371364490982,0.386696381397811,0.4072217602160989,84,99.8444122177688,0.5710140053898035,0.19997661341374712,0.49168952949875094,1,58,160.88542511400223,179.19764939945026,153.87705046540498,-1,-1,4,4,4
841,28.0,0,1,178.54225158691406,134.46654796600342,189.293212890625,190.45626640319824,170.79391479492188,182.94367790222168,122.03271865844727,9.187856912612915,183.91773223876953,162.46140718460083,105.68660949925754,13.491288185119629,40.868629455566406,43.03788715155913,0.12765371364490982,0.386696381397811,0.4072217602160989,84,99.8444122177688,0.5710140053898035,0.19997661341374712,0.49168952949875094,1,59,160.88542511400223,179.19764939945026,153.87705046540498,0,0,4,4,4
842,28.033333333333335,0,1,178.54225158691406,134.46654796600342,189.293212890625,190.45626640319824,170.79391479492188,182.94367790222168,122.03271865844727,9.187856912612915,183.91773223876953,162.46140718460083,105.68660949925754,13.491288185119629,40.868629455566406,43.03788715155913,0.12765371364490982,0.386696381397811,0.4072217602160989,84,99.8444122177688,0.5710140053898035,0.19997661341374712,0.49168952949875094,1,60,160.88542511400223,179.19764939945026,153.87705046540498,0,0,4,4,4
843,28.066666666666666,1,1,189.92351531982422,109.7628378868103,191.08636856079102,170.90692520141602,173.64566802978516,173.01678657531738,118.15266609191895,-8.559618294239044,190.50494194030762,140.33488154411316,105.68660949925754,13.491288185119629,40.868629455566406,43.03788715155913,0.12765371364490982,0.386696381397811,0.4072217602160989,84,102.97958079843546,0.5938569914030416,0.1705955244111471,0.6342505465889112,1,61,151.54681057781946,173.6095648899853,161.49638616984097,1,-1,5,4,5
844,28.1,0,1,189.92351531982422,109.7628378868103,191.08636856079102,170.90692520141602,173.64566802978516,173.01678657531738,118.15266609191895,-8.559618294239044,190.50494194030762,140.33488154411316,105.68660949925754,13.491288185119629,40.868629455566406,43.03788715155913,0.12765371364490982,0.386696381397811,0.4072217602160989,84,102.97958079843546,0.5938569914030416,0.1705955244111471,0.6342505465889112,1,62,151.54681057781946,173.6095648899853,161.49638616984097,0,0,5,4,5
845,28.133333333333333,0,1,189.92351531982422,109.7628378868103,191.08636856079102,170.90692520141602,173.64566802978516,173.01678657531738,118.15266609191895,-8.559618294239044,190.50494194030762,140.33488154411316,105.68660949925754,13.491288185119629,40.868629455566406,43.03788715155913,0.12765371364490982,0.386696381397811,0.4072217602160989,84,102.97958079843546,0.5938569914030416,0.1705955244111471,0.6342505465889112,1,63,151.54681057781946,173.6095648899853,161.49638616984097,0,0,5,4,5
846,28.166666666666668,1,1,193.05059432983398,113.90866041183472,186.70129776000977,161.86457633972168,169.16351318359375,160.99575519561768,119.89791870117188,-17.326101064682007,189.87594604492188,137.8866183757782,105.68660949925754,13.491288185119629,40.868629455566406,43.03788715155913,0.12765371364490982,0.386696381397811,0.4072217602160989,84,99.82593587817617,0.4845875824288435,0.175899097928549,0.5289156467519827,1,64,157.9751727223737,171.89094624285764,152.16125910466795,0,-1,5,4,5
847,28.2,0,1,193.05059432983398,113.90866041183472,186.70129776000977,161.86457633972168,169.16351318359375,160.99575519561768,119.89791870117188,-17.326101064682007,189.87594604492188,137.8866183757782,105.68660949925754,13.491288185119629,40.868629455566406,43.03788715155913,0.12765371364490982,0.386696381397811,0.4072217602160989,84,99.82593587817617,0.4845875824288435,0.175899097928549,0.5289156467519827,1,65,157.9751727223737,171.89094624285764,152.16125910466795,0,0,5,4,5
848,28.233333333333334,0,1,193.05059432983398,113.90866041183472,186.70129776000977,161.86457633972168,169.16351318359375,160.99575519561768,119.89791870117188,-17.326101064682007,189.87594604492188,137.8866183757782,105.68660949925754,13.491288185119629,40.868629455566406,43.03788715155913,0.12765371364490982,0.386696381397811,0.4072217602160989,84,99.82593587817617,0.4845875824288435,0.175899097928549,0.5289156467519827,1,66,157.9751727223737,171.89094624285764,152.16125910466795,0,0,5,4,5
849,28.266666666666666,1,1,196.95550918579102,112.92062044143677,169.16357040405273,161.004638671875,152.1960735321045,155.38301467895508,115.76300621032715,-24.432429671287537,183.05953979492188,136.96262955665588,105.68660949925754,13.491288185119629,40.868629455566406,43.03788715155913,0.12765371364490982,0.386696381397811,0.4072217602160989,84,99.68680945931851,0.5571244312615377,0.17930681146621805,0.6189036631575254,1,67,173.75267002951875,167.60538019382037,146.4479708540284,-1,0,6,4,6
850,28.3,0,1,196.95550918579102,112.92062044143677,169.16357040405273,161.004638671875,152.1960735321045,155.38301467895508,115.76300621032715,-24.432429671287537,183.05953979492188,136.96262955665588,105.68660949925754,13.491288185119629,40.868629455566406,43.03788715155913,0.12765371364490982,0.386696381397811,0.4072217602160989,84,99.68680945931851,0.5571244312615377,0.17930681146621805,0.6189036631575254,1,68,173.75267002951875,167.60538019382037,146.4479708540284,0,0,6,4,6
851,28.333333333333332,0,1,196.95550918579102,112.92062044143677,169.16357040405273,161.004638671875,152.1960735321045,155.38301467895508,115.76300621032715,-24.432429671287537,183.05953979492188,136.96262955665588,105.68660949925754,13.491288185119629,40.868629455566406,43.03788715155913,0.12765371364490982,0.386696381397811,0.4072217602160989,84,99.68680945931851,0.5571244312615377,0.17930681146621805,0.6189036631575254,1,69,173.75267002951875,167.60538019382037,146.4479708540284,0,0,6,4,6
852,28.366666666666667,1,1,195.75645446777344,118.20324897766113,174.60697174072266,161.61489486694336,153.97221565246582,153.94236087799072,120.91707229614258,-23.494293093681335,185.18171310424805,139.90907192230225,105.68660949925754,13.491288185119629,40.868629455566406,43.03788715155913,0.12765371364490982,0.386696381397811,0.4072217602160989,84,101.5472935602647,0.47553661849580126,0.21679569578481567,0.5414589914350458,1,70,178.4429172187075,166.5452463403716,146.44857640057063,1,1,7,5,7
853,28.4,0,1,195.75645446777344,118.20324897766113,174.60697174072266,161.61489486694336,153.97221565246582,153.94236087799072,120.91707229614258,-23.494293093681335,185.18171310424805,139.90907192230225,105.68660949925754,13.491288185119629,40.868629455566406,43.03788715155913,0.12765371364490982,0.386696381397811,0.4072217602160989,84,101.5472935602647,0.47553661849580126,0.21679569578481567,0.5414589914350458,1,71,178.4429172187075,166.5452463403716,146.44857640057063,0,0,7,5,7
854,28.433333333333334,0,1,195.75645446777344,118.20324897766113,174.60697174072266,161.61489486694336,153.97221565246582,153.94236087799072,120.91707229614258,-23.494293093681335,185.18171310424805,139.90907192230225,105.68660949925754,13.491288185119629,40.868629455566406,43.03788715155913,0.12765371364490982,0.386696381397811,0.4072217602160989,84,101.5472935602647,0.47553661849580126,0.21679569578481567,0.5414589914350458,1,72,178.4429172187075,166.5452463403716,146.44857640057063,0,0,7,5,7
855,28.466666666666665,1,1,199.6192169189453,128.1229591369629,176.23355865478516,171.58184051513672,159.26300048828125,156.21266841888428,131.40952110290527,-17.892027497291565,187.92638778686523,149.8523998260498,105.68660949925754,13.491288185119629,40.868629455566406,43.03788715155913,0.12765371364490982,0.386696381397811,0.4072217602160989,84,100.3785094239196,0.49165331951552715,0.22809325613729634,0.4898425514004047,1,73,171.48945302200067,177.5062078936413,150.97026807017554,1,1,7,5,7
856,28.5,0,1,199.6192169189453,128.1229591369629,176.23355865478516,171.58184051513672,159.26300048828125,156.21266841888428,131.40952110290527,-17.892027497291565,187.92638778686523,149.8523998260498,105.68660949925754,13.491288185119629,40.868629455566406,43.03788715155913,0.12765371364490982,0.386696381397811,0.4072217602160989,84,100.3785094239196,0.49165331951552715,0.22809325613729634,0.4898425514004047,1,74,171.48945302200067,177.5062078936413,150.97026807017554,0,0,7,5,7
857,28.533333333333335,0,1,199.6192169189453,128.1229591369629,176.23355865478516,171.58184051513672,159.26300048828125,156.21266841888428,131.40952110290527,-17.892027497291565,187.92638778686523,149.8523998260498,105.68660949925754,13.491288185119629,40.868629455566406,43.03788715155913,0.12765371364490982,0.386696381397811,0.4072217602160989,84,100.3785094239196,0.49165331951552715,0.22809325613729634,0.4898425514004047,1,75,171.48945302200067,177.5062078936413,150.97026807017554,0,0,7,5,7
858,28.566666666666666,1,1,197.25305557250977,136.50187969207764,180.85451126098633,168.4136438369751,165.80211639404297,153.17882537841797,137.62476921081543,-15.302733778953552,189.05378341674805,152.45776176452637,105.68660949925754,13.491288185119629,40.868629455566406,43.03788715155913,0.12765371364490982,0.386696381397811,0.4072217602160989,84,97.75270354683693,0.3670342085650348,0.2190904355101209,0.36417310710522627,1,76,178.9392749900793,177.59694116591464,148.33677311186892,0,1,7,5,7
859,28.6,0,1,197.25305557250977,136.50187969207764,180.85451126098633,168.4136438369751,165.80211639404297,153.17882537841797,137.62476921081543,-15.302733778953552,189.05378341674805,152.45776176452637,105.68660949925754,13.491288185119629,40.868629455566406,43.03788715155913,0.12765371364490982,0.386696381397811,0.4072217602160989,84,97.75270354683693,0.3670342085650348,0.2190904355101209,0.36417310710522627,1,77,178.9392749900793,177.59694116591464,148.33677311186892,0,0,7,5,7
860,28.633333333333333,0,1,197.25305557250977,136.50187969207764,180.85451126098633,168.4136438369751,165.80211639404297,153.17882537841797,137.62476921081543,-15.302733778953552,189.05378341674805,152.45776176452637,105.68660949925754,13.491288185119629,40.868629455566406,43.03788715155913,0.12765371364490982,0.386696381397811,0.4072217602160989,84,97.75270354683693,0.3670342085650348,0.2190904355101209,0.36417310710522627,1,78,178.9392749900793,177.59694116591464,148.33677311186892,0,0,7,5,7
861,28.666666666666668,1,1,192.55958557128906,130.46825408935547,189.65654373168945,160.0771951675415,171.4535903930664,151.3359546661377,140.14653205871582,-12.693193852901459,191.10806465148926,145.2727246284485,105.68660949925754,13.491288185119629,40.868629455566406,43.03788715155913,0.12765371364490982,0.386696381397811,0.4072217602160989,84,95.1613042832059,0.312636705756736,0.2121974780525198,0.3118952963701803,1,79,177.730221270959,179.27287634887276,146.57157892904831,1,-1,7,6,7
862,28.7,0,1,192.55958557128906,130.46825408935547,189.65654373168945,160.0771951675415,171.4535903930664,151.3359546661377,140.14653205871582,-12.693193852901459,191.10806465148926,145.2727246284485,105.68660949925754,13.491288185119629,40.868629455566406,43.03788715155913,0.12765371364490982,0.386696381397811,0.4072217602160989,84,95.1613042832059,0.312636705756736,0.2121974780525198,0.3118952963701803,1,80,177.730221270959,179.27287634887276,146.57157892904831,0,0,7,6,7
863,28.733333333333334,0,1,192.55958557128906,130.46825408935547,189.65654373168945,160.0771951675415,171.4535903930664,151.3359546661377,140.14653205871582,-12.693193852901459,191.10806465148926,145.2727246284485,105.68660949925754,13.491288185119629,40.868629455566406,43.03788715155913,0.12765371364490982,0.386696381397811,0.4072217602160989,84,95.1613042832059,0.312636705756736,0.2121974780525198,0.3118952963701803,1,81,177.730221270959,179.27287634887276,146.57157892904831,0,0,7,6,7
864,28.766666666666666,1,1,188.52516174316406,128.29776763916016,190.41688919067383,155.9106731414795,173.8439178466797,147.04798221588135,135.50626754760742,-10.216306149959564,189.47102546691895,142.10422039031982,105.68660949925754,13.491288185119629,40.868629455566406,43.03788715155913,0.12765371364490982,0.386696381397811,0.4072217602160989,84,95.59601763164966,0.2895270151959864,0.1965970995806966,0.24911142652183924,1,82,177.5221921147568,176.4159168245997,144.03163723046794,0,-1,7,6,7
865,28.8,0,1,188.52516174316406,128.29776763916016,190.41688919067383,155.9106731414795,173.8439178466797,147.04798221588135,135.50626754760742,-10.216306149959564,189.47102546691895,142.10422039031982,105.68660949925754,13.491288185119629,40.868629455566406,43.03788715155913,0.12765371364490982,0.386696381397811,0.4072217602160989,84,95.59601763164966,0.2895270151959864,0.1965970995806966,0.24911142652183924,1,83,177.5221921147568,176.4159168245997,144.03163723046794,0,0,7,6,7
866,28.833333333333332,0,1,188.52516174316406,128.29776763916016,190.41688919067383,155.9106731414795,173.8439178466797,147.04798221588135,135.50626754760742,-10.216306149959564,189.47102546691895,142.10422039031982,105.68660949925754,13.491288185119629,40.868629455566406,43.03788715155913,0.12765371364490982,0.386696381397811,0.4072217602160989,84,95.59601763164966,0.2895270151959864,0.1965970995806966,0.24911142652183924,1,84,177.5221921147568,176.4159168245997,144.03163723046794,0,0,7,6,7
867,28.866666666666667,1,1,182.38897323608398,123.89209270477295,195.9111785888672,144.91878032684326,177.05163955688477,136.48531436920166,127.79312133789062,-7.76495486497879,189.1500759124756,134.4054365158081,105.68660949925754,13.491288185119629,40.868629455566406,43.03788715155913,0.12765371364490982,0.386696381397811,0.4072217602160989,84,92.32083466502633,0.27078863274413967,0.22377693038575094,0.1481527565514841,1,85,167.40602380017117,167.48191505913155,129.27532272269156,0,-1,7,6,7
868,28.9,0,1,182.38897323608398,123.89209270477295,195.9111785888672,144.91878032684326,177.05163955688477,136.48531436920166,127.79312133789062,-7.76495486497879,189.1500759124756,134.4054365158081,105.68660949925754,13.491288185119629,40.868629455566406,43.03788715155913,0.12765371364490982,0.386696381397811,0.4072217602160989,84,92.32083466502633,0.27078863274413967,0.22377693038575094,0.1481527565514841,1,86,167.40602380017117,167.48191505913155,129.27532272269156,0,0,7,6,7
869,28.933333333333334,0,1,182.38897323608398,123.89209270477295,195.9111785888672,144.91878032684326,177.05163955688477,136.48531436920166,127.79312133789062,-7.76495486497879,189.1500759124756,134.4054365158081,105.68660949925754,13.491288185119629,40.868629455566406,43.03788715155913,0.12765371364490982,0.386696381397811,0.4072217602160989,84,92.32083466502633,0.27078863274413967,0.22377693038575094,0.1481527565514841,1,87,167.40602380017117,167.48191505913155,129.27532272269156,0,0,7,6,7
870,28.966666666666665,1,1,183.43807220458984,124.82581615447998,192.49155044555664,144.50071334838867,172.4110221862793,133.81097316741943,118.09094429016113,-2.153194695711136,187.96481132507324,134.66326475143433,105.68660949925754,13.491288185119629,40.868629455566406,43.03788715155913,0.12765371364490982,0.386696381397811,0.4072217602160989,84,91.67749261220217,0.23624070801150773,0.24813708630883718,0.15515515535452293,1,88,163.98721738377043,178.39306588127204,127.19504838212391,0,0,7,6,7
871,29.0,0,1,183.43807220458984,124.82581615447998,192.49155044555664,144.50071334838867,172.4110221862793,133.81097316741943,118.09094429016113,-2.153194695711136,187.96481132507324,134.66326475143433,105.68660949925754,13.491288185119629,40.868629455566406,43.03788715155913,0.12765371364490982,0.386696381397811,0.4072217602160989,84,91.67749261220217,0.23624070801150773,0.24813708630883718,0.15515515535452293,1,89,163.98721738377043,178.39306588127204,127.19504838212391,0,0,7,6,7
872,29.033333333333335,0,1,183.43807220458984,124.82581615447998,192.49155044555664,144.50071334838867,172.4110221862793,133.81097316741943,118.09094429016113,-2.153194695711136,187.96481132507324,134.66326475143433,105.68660949925754,13.491288185119629,40.868629455566406,43.03788715155913,0.12765371364490982,0.386696381397811,0.4072217602160989,84,91.67749261220217,0.23624070801150773,0.24813708630883718,0.15515515535452293,1,90,163.98721738377043,178.39306588127204,127.19504838212391,0,0,7,6,7
873,29.066666666666666,1,1,195.93164443969727,121.26852035522461,192.7786636352539,130.8817434310913,174.52817916870117,134.33263778686523,110.31508445739746,5.162850916385651,194.3551540374756,126.07513189315796,105.68660949925754,13.491288185119629,40.868629455566406,43.03788715155913,0.12765371364490982,0.386696381397811,0.4072217602160989,84,94.46261698247919,0.10710143554957537,0.19662673131220149,0.2654539612216605,1,91,165.8307015099132,162.56888295037984,113.14697469613341,1,-1,7,6,7
874,29.1,0,1,195.93164443969727,121.26852035522461,192.7786636352539,130.8817434310913,174.52817916870117,134.33263778686523,110.31508445739746,5.162850916385651,194.3551540374756,126.07513189315796,105.68660949925754,13.491288185119629,40.868629455566406,43.03788715155913,0.12765371364490982,0.386696381397811,0.4072217602160989,84,94.46261698247919,0.10710143554957537,0.19662673131220149,0.2654539612216605,1,92,165.8307015099132,162.56888295037984,113.14697469613341,0,0,7,6,7
875,29.133333333333333,0,1,195.93164443969727,121.26852035522461,192.7786636352539,130.8817434310913,174.52817916870117,134.33263778686523,110.31508445739746,5.162850916385651,194.3551540374756,126.07513189315796,105.68660949925754,13.491288185119629,40.868629455566406,43.03788715155913,0.12765371364490982,0.386696381397811,0.4072217602160989,84,94.46261698247919,0.10710143554957537,0.19662673131220149,0.2654539612216605,1,93,165.8307015099132,162.56888295037984,113.14697469613341,0,0,7,6,7
876,29.166666666666668,1,1,212.64328002929688,96.35117053985596,208.1450080871582,105.85444450378418,185.55788040161133,105.0040054321289,120.10669708251953,-10.104114711284637,210.39414405822754,101.10280752182007,105.68660949925754,13.491288185119629,40.868629455566406,43.03788715155913,0.12765371364490982,0.386696381397811,0.4072217602160989,84,87.63645187273632,0.11997424885216597,0.25791929822162074,0.3244536426410935,1,94,156.7374275804637,176.74399917009438,54.821280210759696,1,-1,7,6,7
877,29.2,0,1,212.64328002929688,96.35117053985596,208.1450080871582,105.85444450378418,185.55788040161133,105.0040054321289,120.10669708251953,-10.104114711284637,210.39414405822754,101.10280752182007,105.68660949925754,13.491288185119629,40.868629455566406,43.03788715155913,0.12765371364490982,0.386696381397811,0.4072217602160989,84,87.63645187273632,0.11997424885216597,0.25791929822162074,0.3244536426410935,1,95,156.7374275804637,176.74399917009438,54.821280210759696,0,0,7,6,7
878,29.233333333333334,0,1,212.64328002929688,96.35117053985596,208.1450080871582,105.85444450378418,185.55788040161133,105.0040054321289,120.10669708251953,-10.104114711284637,210.39414405822754,101.10280752182007,105.68660949925754,13.491288185119629,40.868629455566406,43.03788715155913,0.12765371364490982,0.386696381397811,0.4072217602160989,84,87.63645187273632,0.11997424885216597,0.25791929822162074,0.3244536426410935,1,96,156.7374275804637,176.74399917009438,54.821280210759696,0,0,7,6,7
879,29.266666666666666,1,0,,,,,,,,,,,,,,,,,,0,,,,,0,96,,,,0,0,7,6,7
880,29.3,0,0,,,,,,,,,,,,,,,,,,0,,,,,0,96,,,,0,0,7,6,7
881,29.333333333333332,0,0,,,,,,,,,,,,,,,,,,0,,,,,0,96,,,,0,0,7,6,7
882,29.366666666666667,1,0,,,,,,,,,,,,,,,,,,0,,,,,0,96,,,,0,0,7,6,7
883,29.4,0,0,,,,,,,,,,,,,,,,,,0,,,,,0,96,,,,0,0,7,6,7
884,29.433333333333334,0,0,,,,,,,,,,,,,,,,,,0,,,,,0,96,,,,0,0,7,6,7
885,29.466666666666665,1,0,,,,,,,,,,,,,,,,,,0,,,,,0,96,,,,0,0,7,6,7
886,29.5,0,0,,,,,,,,,,,,,,,,,,0,,,,,0,96,,,,0,0,7,6,7
887,29.533333333333335,0,0,,,,,,,,,,,,,,,,,,0,,,,,0,96,,,,0,0,7,6,7
888,29.566666666666666,1,0,,,,,,,,,,,,,,,,,,0,,,,,0,96,,,,0,0,7,6,7
889,29.6,0,0,,,,,,,,,,,,,,,,,,0,,,,,0,96,,,,0,0,7,6,7
890,29.633333333333333,0,0,,,,,,,,,,,,,,,,,,0,,,,,0,96,,,,0,0,7,6,7
891,29.666666666666668,1,0,,,,,,,,,,,,,,,,,,0,,,,,0,96,,,,0,0,7,6,7
892,29.7,0,0,,,,,,,,,,,,,,,,,,0,,,,,0,96,,,,0,0,7,6,7
893,29.733333333333334,0,0,,,,,,,,,,,,,,,,,,0,,,,,0,96,,,,0,0,7,6,7
894,29.766666666666666,1,0,,,,,,,,,,,,,,,,,,0,,,,,0,96,,,,0,0,7,6,7
895,29.8,0,0,,,,,,,,,,,,,,,,,,0,,,,,0,96,,,,0,0,7,6,7
896,29.833333333333332,0,0,,,,,,,,,,,,,,,,,,0,,,,,0,96,,,,0,0,7,6,7
897,29.866666666666667,1,0,,,,,,,,,,,,,,,,,,0,,,,,0,96,,,,0,0,7,6,7
898,29.9,0,0,,,,,,,,,,,,,,,,,,0,,,,,0,96,,,,0,0,7,6,7
899,29.933333333333334,0,0,,,,,,,,,,,,,,,,,,0,,,,,0,96,,,,0,0,7,6,7
900,29.966666666666665,1,1,195.1641845703125,106.7306399345398,191.24980926513672,132.6921558380127,174.31262969970703,125.28841495513916,143.39701652526855,-26.726921796798706,193.2069969177246,119.71139788627625,95.94104839847103,49.280147552490234,39.097991943359375,62.90616755770617,0.5136502922900683,0.40752099957230054,0.6556752152263189,48,68.22014145359663,0.3848563497434822,0.2709563565780726,0.4091719219298431,1,97,161.11425503161493,164.36006701507193,149.61301997163312,0,0,7,6,7
901,30.0,0,1,195.1641845703125,106.7306399345398,191.24980926513672,132.6921558380127,174.31262969970703,125.28841495513916,143.39701652526855,-26.726921796798706,193.2069969177246,119.71139788627625,95.94104839847103,49.280147552490234,39.097991943359375,62.90616755770617,0.5136502922900683,0.40752099957230054,0.6556752152263189,48,68.22014145359663,0.3848563497434822,0.2709563565780726,0.4091719219298431,1,98,161.11425503161493,164.36006701507193,149.61301997163312,0,0,7,6,7
902,30.033333333333335,0,1,195.1641845703125,106.7306399345398,191.24980926513672,132.6921558380127,174.31262969970703,125.28841495513916,143.39701652526855,-26.726921796798706,193.2069969177246,119.71139788627625,95.94104839847103,49.280147552490234,39.097991943359375,62.90616755770617,0.5136502922900683,0.40752099957230054,0.6556752152263189,48,68.22014145359663,0.3848563497434822,0.2709563565780726,0.4091719219298431,1,99,161.11425503161493,164.36006701507193,149.61301997163312,0,0,7,6,7
903,30.066666666666666,1,1,195.13076782226562,130.07025718688965,189.7018051147461,140.57523250579834,168.4576416015625,134.32959079742432,137.42782592773438,-12.005519270896912,192.41628646850586,135.322744846344,95.94104839847103,49.280147552490234,39.097991943359375,62.90616755770617,0.5136502922900683,0.40752099957230054,0.6556752152263189,48,83.48105724458469,0.1416476434635006,0.2652485272947808,0.3235592003387481,1,100,178.45921524951592,155.29480324149006,133.79261188687988,0,1,7,6,7
904,30.1,0,1,195.13076782226562,130.07025718688965,189.7018051147461,140.57523250579834,168.4576416015625,134.32959079742432,137.42782592773438,-12.005519270896912,192.41628646850586,135.322744846344,95.94104839847103,49.280147552490234,39.097991943359375,62.90616755770617,0.5136502922900683,0.40752099957230054,0.6556752152263189,48,83.48105724458469,0.1416476434635006,0.2652485272947808,0.3235592003387481,1,101,178.45921524951592,155.29480324149006,133.79261188687988,0,0,7,6,7
905,30.133333333333333,0,1,195.13076782226562,130.07025718688965,189.7018051147461,140.57523250579834,168.4576416015625,134.32959079742432,137.42782592773438,-12.005519270896912,192.41628646850586,135.322744846344,95.94104839847103,49.280147552490234,39.097991943359375,62.90616755770617,0.5136502922900683,0.40752099957230054,0.6556752152263189,48,83.48105724458469,0.1416476434635006,0.2652485272947808,0.3235592003387481,1,102,178.45921524951592,155.29480324149006,133.79261188687988,0,0,7,6,7
906,30.166666666666668,1,1,199.01121139526367,127.82303810119629,195.46525955200195,142.63431072235107,170.91819763183594,134.72947597503662,138.74852180480957,-9.571255445480347,197.2382354736328,135.22867441177368,95.94104839847103,49.280147552490234,39.097991943359375,62.90616755770617,0.5136502922900683,0.40752099957230054,0.6556752152263189,48,91.8265174295096,0.16585432486094612,0.2808389185300124,0.31504522462501716,1,103,177.88603722655154,147.00798135090042,125.82964729933079,1,0,7,6,7
907,30.2,0,1,199.01121139526367,127.82303810119629,195.46525955200195,142.63431072235107,170.91819763183594,134.72947597503662,138.74852180480957,-9.571255445480347,197.2382354736328,135.22867441177368,95.94104839847103,49.280147552490234,39.097991943359375,62.90616755770617,0.5136502922900683,0.40752099957230054,0.6556752152263189,48,91.8265174295096,0.16585432486094612,0.2808389185300124,0.31504522462501716,1,104,177.88603722655154,147.00798135090042,125.82964729933079,0,0,7,6,7
908,30.233333333333334,0,1,199.01121139526367,127.82303810119629,195.46525955200195,142.63431072235107,170.91819763183594,134.72947597503662,138.74852180480957,-9.571255445480347,197.2382354736328,135.22867441177368,95.94104839847103,49.280147552490234,39.097991943359375,62.90616755770617,0.5136502922900683,0.40752099957230054,0.6556752152263189,48,91.8265174295096,0.16585432486094612,0.2808389185300124,0.31504522462501716,1,105,177.88603722655154,147.00798135090042,125.82964729933079,0,0,7,6,7
909,30.266666666666666,1,1,200.72044372558594,120.66185474395752,193.42300415039062,126.18058204650879,167.4200439453125,117.6520586013794,136.7483139038086,-7.940889894962311,197.07172393798828,123.42121839523315,95.94104839847103,49.280147552490234,39.097991943359375,62.90616755770617,0.5136502922900683,0.40752099957230054,0.6556752152263189,48,101.30765152961223,0.09031164756537545,0.27012617366627073,0.3300455602019865,1,106,165.67006575309082,83.45529742755694,67.17716578049867,0,-1,7,7,7
910,30.3,0,1,200.72044372558594,120.66185474395752,193.42300415039062,126.18058204650879,167.4200439453125,117.6520586013794,136.7483139038086,-7.940889894962311,197.07172393798828,123.42121839523315,95.94104839847103,49.280147552490234,39.097991943359375,62.90616755770617,0.5136502922900683,0.40752099957230054,0.6556752152263189,48,101.30765152961223,0.09031164756537545,0.27012617366627073,0.3300455602019865,1,107,165.67006575309082,83.45529742755694,67.17716578049867,0,0,7,7,7
911,30.333333333333332,0,1,200.72044372558594,120.66185474395752,193.42300415039062,126.18058204650879,167.4200439453125,117.6520586013794,136.7483139038086,-7.940889894962311,197.07172393798828,123.42121839523315,95.94104839847103,49.280147552490234,39.097991943359375,62.90616755770617,0.5136502922900683,0.40752099957230054,0.6556752152263189,48,101.30765152961223,0.09031164756537545,0.27012617366627073,0.3300455602019865,1,108,165.67006575309082,83.45529742755694,67.17716578049867,0,0,7,7,7
912,30.366666666666667,1,1,195.5174446105957,130.01184940338135,192.68457412719727,116.04263305664062,166.4794921875,121.55136108398438,135.8623504638672,-0.7644300162792206,194.10100936889648,123.02724123001099,95.94104839847103,49.280147552490234,39.097991943359375,62.90616755770617,0.5136502922900683,0.40752099957230054,0.6556752152263189,48,106.58772576795366,0.1337261536136539,0.2512281221668317,0.28376036779479874,1,109,146.93999522748024,32.397673475132166,45.959259365949244,-1,0,8,7,8
913,30.4,0,1,195.5174446105957,130.01184940338135,192.68457412719727,116.04263305664062,166.4794921875,121.55136108398438,135.8623504638672,-0.7644300162792206,194.10100936889648,123.02724123001099,95.94104839847103,49.280147552490234,39.097991943359375,62.90616755770617,0.5136502922900683,0.40752099957230054,0.6556752152263189,48,106.58772576795366,0.1337261536136539,0.2512281221668317,0.28376036779479874,1,110,146.93999522748024,32.397673475132166,45.959259365949244,0,0,8,7,8
914,30.433333333333334,0,1,195.5174446105957,130.01184940338135,192.68457412719727,116.04263305664062,166.4794921875,121.55136108398438,135.8623504638672,-0.7644300162792206,194.10100936889648,123.02724123001099,95.94104839847103,49.280147552490234,39.097991943359375,62.90616755770617,0.5136502922900683,0.40752099957230054,0.6556752152263189,48,106.58772576795366,0.1337261536136539,0.2512281221668317,0.28376036779479874,1,111,146.93999522748024,32.397673475132166,45.959259365949244,0,0,8,7,8
915,30.466666666666665,1,1,211.2141227722168,114.796142578125,199.59911346435547,111.74536228179932,175.391845703125,113.04944515228271,134.14769172668457,-6.146542578935623,205.40661811828613,113.27075242996216,95.94104839847103,49.280147552490234,39.097991943359375,62.90616755770617,0.5136502922900683,0.40752099957230054,0.6556752152263189,48,105.31993119822289,0.11402385159642839,0.23017835764946645,0.34053228045794853,1,112,151.20415114428405,45.74309727746589,55.6004778364029,1,-1,9,7,9
916,30.5,0,1,211.2141227722168,114.796142578125,199.59911346435547,111.74536228179932,175.391845703125,113.04944515228271,134.14769172668457,-6.146542578935623,205.40661811828613,113.27075242996216,95.94104839847103,49.280147552490234,39.097991943359375,62.90616755770617,0.5136502922900683,0.40752099957230054,0.6556752152263189,48,105.31993119822289,0.11402385159642839,0.23017835764946645,0.34053228045794853,1,113,151.20415114428405,45.74309727746589,55.6004778364029,0,0,9,7,9
917,30.533333333333335,0,1,211.2141227722168,114.796142578125,199.59911346435547,111.74536228179932,175.391845703125,113.04944515228271,134.14769172668457,-6.146542578935623,205.40661811828613,113.27075242996216,95.94104839847103,49.280147552490234,39.097991943359375,62.90616755770617,0.5136502922900683,0.40752099957230054,0.6556752152263189,48,105.31993119822289,0.11402385159642839,0.23017835764946645,0.34053228045794853,1,114,151.20415114428405,45.74309727746589,55.6004778364029,0,0,9,7,9
918,30.566666666666666,1,1,239.03308868408203,86.71429395675659,221.92129135131836,79.44936275482178,199.13394927978516,81.97533130645752,157.7588939666748,-31.753907203674316,230.4771900177002,83.08182835578918,95.94104839847103,49.280147552490234,39.097991943359375,62.90616755770617,0.5136502922900683,0.40752099957230054,0.6556752152263189,48,91.16153417629751,0.2039251256129104,0.2514976977435976,0.4407515283571748,1,115,145.17997302373993,20.279882346397457,37.42567520217374,1,-1,9,7,9
919,30.6,0,1,239.03308868408203,86.71429395675659,221.92129135131836,79.44936275482178,199.13394927978516,81.97533130645752,157.7588939666748,-31.753907203674316,230.4771900177002,83.08182835578918,95.94104839847103,49.280147552490234,39.097991943359375,62.90616755770617,0.5136502922900683,0.40752099957230054,0.6556752152263189,48,91.16153417629751,0.2039251256129104,0.2514976977435976,0.4407515283571748,1,116,145.17997302373993,20.279882346397457,37.42567520217374,0,0,9,7,9
920,30.633333333333333,0,1,239.03308868408203,86.71429395675659,221.92129135131836,79.44936275482178,199.13394927978516,81.97533130645752,157.7588939666748,-31.753907203674316,230.4771900177002,83.08182835578918,95.94104839847103,49.280147552490234,39.097991943359375,62.90616755770617,0.5136502922900683,0.40752099957230054,0.6556752152263189,48,91.16153417629751,0.2039251256129104,0.2514976977435976,0.4407515283571748,1,117,145.17997302373993,20.279882346397457,37.42567520217374,0,0,9,7,9
921,30.666666666666668,1,1,270.32691955566406,48.858407735824585,261.6210746765137,40.584150552749634,236.50583267211914,44.001123905181885,182.2566795349121,-64.96809482574463,265.97399711608887,44.72127914428711,95.94104839847103,49.280147552490234,39.097991943359375,62.90616755770617,0.5136502922900683,0.40752099957230054,0.6556752152263189,48,93.39012418072656,0.12860699345452511,0.2714057732145703,0.36586417754689854,1,118,159.32589320187816,49.607056273482414,49.58152851394237,1,-1,9,7,9
922,30.7,0,1,270.32691955566406,48.858407735824585,261.6210746765137,40.584150552749634,236.50583267211914,44.001123905181885,182.2566795349121,-64.96809482574463,265.97399711608887,44.72127914428711,95.94104839847103,49.280147552490234,39.097991943359375,62.90616755770617,0.5136502922900683,0.40752099957230054,0.6556752152263189,48,93.39012418072656,0.12860699345452511,0.2714057732145703,0.36586417754689854,1,119,159.32589320187816,49.607056273482414,49.58152851394237,0,0,9,7,9
923,30.733333333333334,0,1,270.32691955566406,48.858407735824585,261.6210746765137,40.584150552749634,236.50583267211914,44.001123905181885,182.2566795349121,-64.96809482574463,265.97399711608887,44.72127914428711,95.94104839847103,49.280147552490234,39.097991943359375,62.90616755770617,0.5136502922900683,0.40752099957230054,0.6556752152263189,48,93.39012418072656,0.12860699345452511,0.2714057732145703,0.36586417754689854,1,120,159.32589320187816,49.607056273482414,49.58152851394237,0,0,9,7,9
924,30.766666666666666,1,1,291.88859939575195,37.76413679122925,282.60271072387695,37.305335998535156,261.1868476867676,39.381927251815796,199.9950408935547,-75.40366888046265,287.24565505981445,37.5347363948822,95.94104839847103,49.280147552490234,39.097991943359375,62.90616755770617,0.5136502922900683,0.40752099957230054,0.6556752152263189,48,96.62764935864188,0.09621693302659237,0.22267235177966846,0.31817338091458475,1,121,164.27235505334914,71.89519468643432,71.74939524494138,1,-1,9,7,9
925,30.8,0,1,291.88859939575195,37.76413679122925,282.60271072387695,37.305335998535156,261.1868476867676,39.381927251815796,199.9950408935547,-75.40366888046265,287.24565505981445,37.5347363948822,95.94104839847103,49.280147552490234,39.097991943359375,62.90616755770617,0.5136502922900683,0.40752099957230054,0.6556752152263189,48,96.62764935864188,0.09621693302659237,0.22267235177966846,0.31817338091458475,1,122,164.27235505334914,71.89519468643432,71.74939524494138,0,0,9,7,9
926,30.833333333333332,0,1,291.88859939575195,37.76413679122925,282.60271072387695,37.305335998535156,261.1868476867676,39.381927251815796,199.9950408935547,-75.40366888046265,287.24565505981445,37.5347363948822,95.94104839847103,49.280147552490234,39.097991943359375,62.90616755770617,0.5136502922900683,0.40752099957230054,0.6556752152263189,48,96.62764935864188,0.09621693302659237,0.22267235177966846,0.31817338091458475,1,123,164.27235505334914,71.89519468643432,71.74939524494138,0,0,9,7,9
927,30.866666666666667,1,1,300.06933212280273,33.19809436798096,299.4982147216797,48.093366622924805,280.76547622680664,54.87030029296875,207.32000350952148,-78.39975357055664,299.7837734222412,40.64573049545288,95.94104839847103,49.280147552490234,39.097991943359375,62.90616755770617,0.5136502922900683,0.40752099957230054,0.6556752152263189,48,100.62566628053592,0.1481353389405408,0.19797038230553576,0.2884235075613188,1,124,167.66832048043352,117.5004996616993,112.00804553574741,1,1,9,8,9
928,30.9,0,1,300.06933212280273,33.19809436798096,299.4982147216797,48.093366622924805,280.76547622680664,54.87030029296875,207.32000350952148,-78.39975357055664,299.7837734222412,40.64573049545288,95.94104839847103,49.280147552490234,39.097991943359375,62.90616755770617,0.5136502922900683,0.40752099957230054,0.6556752152263189,48,100.62566628053592,0.1481353389405408,0.19797038230553576,0.2884235075613188,1,125,167.66832048043352,117.5004996616993,112.00804553574741,0,0,9,8,9
929,30.933333333333334,0,1,300.06933212280273,33.19809436798096,299.4982147216797,48.093366622924805,280.76547622680664,54.87030029296875,207.32000350952148,-78.39975357055664,299.7837734222412,40.64573049545288,95.94104839847103,49.280147552490234,39.097991943359375,62.90616755770617,0.5136502922900683,0.40752099957230054,0.6556752152263189,48,100.62566628053592,0.1481353389405408,0.19797038230553576,0.2884235075613188,1,126,167.66832048043352,117.5004996616993,112.00804553574741,0,0,9,8,9
930,30.966666666666665,1,1,306.14919662475586,51.40001893043518,300.27965545654297,57.485114336013794,282.5313377380371,56.65914058685303,212.75163650512695,-75.23056983947754,303.2144260406494,54.44256663322449,95.94104839847103,49.280147552490234,39.097991943359375,62.90616755770617,0.5136502922900683,0.40752099957230054,0.6556752152263189,48,100.0239080373563,0.08452557778062016,0.17763280113898622,0.24190530680139455,1,127,172.75900845086878,121.52424220388045,109.39825102326068,1,1,9,8,9
931,31.0,0,1,306.14919662475586,51.40001893043518,300.27965545654297,57.485114336013794,282.5313377380371,56.65914058685303,212.75163650512695,-75.23056983947754,303.2144260406494,54.44256663322449,95.94104839847103,49.280147552490234,39.097991943359375,62.90616755770617,0.5136502922900683,0.40752099957230054,0.6556752152263189,48,100.0239080373563,0.08452557778062016,0.17763280113898622,0.24190530680139455,1,128,172.75900845086878,121.52424220388045,109.39825102326068,0,0,9,8,9
932,31.033333333333335,0,1,306.14919662475586,51.40001893043518,300.27965545654297,57.485114336013794,282.5313377380371,56.65914058685303,212.75163650512695,-75.23056983947754,303.2144260406494,54.44256663322449,95.94104839847103,49.280147552490234,39.097991943359375,62.90616755770617,0.5136502922900683,0.40752099957230054,0.6556752152263189,48,100.0239080373563,0.08452557778062016,0.17763280113898622,0.24190530680139455,1,129,172.75900845086878,121.52424220388045,109.39825102326068,0,0,9,8,9
933,31.066666666666666,1,1,300.5663871765137,44.340022802352905,291.6665267944336,43.55842709541321,273.2514190673828,52.86385416984558,216.30023956298828,-75.36508083343506,296.11645698547363,43.94922494888306,95.94104839847103,49.280147552490234,39.097991943359375,62.90616755770617,0.5136502922900683,0.40752099957230054,0.6556752152263189,48,98.40493298656507,0.09078929781094233,0.2096711176888956,0.29077849416999524,1,130,177.8812284293944,81.34018877861713,95.38347037828633,-1,-1,10,9,10
934,31.1,0,1,300.5663871765137,44.340022802352905,291.6665267944336,43.55842709541321,273.2514190673828,52.86385416984558,216.30023956298828,-75.36508083343506,296.11645698547363,43.94922494888306,95.94104839847103,49.280147552490234,39.097991943359375,62.90616755770617,0.5136502922900683,0.40752099957230054,0.6556752152263189,48,98.40493298656507,0.09078929781094233,0.2096711176888956,0.29077849416999524,1,131,177.8812284293944,81.34018877861713,95.38347037828633,0,0,10,9,10
935,31.133333333333333,0,1,300.5663871765137,44.340022802352905,291.6665267944336,43.55842709541321,273.2514190673828,52.86385416984558,216.30023956298828,-75.36508083343506,296.11645698547363,43.94922494888306,95.94104839847103,49.280147552490234,39.097991943359375,62.90616755770617,0.5136502922900683,0.40752099957230054,0.6556752152263189,48,98.40493298656507,0.09078929781094233,0.2096711176888956,0.29077849416999524,1,132,177.8812284293944,81.34018877861713,95.38347037828633,0,0,10,9,10
936,31.166666666666668,1,1,311.43138885498047,47.67620086669922,301.40790939331055,56.2405264377594,281.4093017578125,44.447139501571655,217.55002975463867,-82.62535572052002,306.4196491241455,51.95836365222931,95.94104839847103,49.280147552490234,39.097991943359375,62.90616755770617,0.5136502922900683,0.40752099957230054,0.6556752152263189,48,98.03925092565997,0.13447673503182933,0.2368131377809362,0.30799134275259754,1,133,178.5728896601791,140.49272930847997,106.83071956170335,1,1,11,10,11
937,31.2,0,1,311.43138885498047,47.67620086669922,301.40790939331055,56.2405264377594,281.4093017578125,44.447139501571655,217.55002975463867,-82.62535572052002,306.4196491241455,51.95836365222931,95.94104839847103,49.280147552490234,39.097991943359375,62.90616755770617,0.5136502922900683,0.40752099957230054,0.6556752152263189,48,98.03925092565997,0.13447673503182933,0.2368131377809362,0.30799134275259754,1,134,178.5728896601791,140.49272930847997,106.83071956170335,0,0,11,10,11
938,31.233333333333334,0,1,311.43138885498047,47.67620086669922,301.40790939331055,56.2405264377594,281.4093017578125,44.447139501571655,217.55002975463867,-82.62535572052002,306.4196491241455,51.95836365222931,95.94104839847103,49.280147552490234,39.097991943359375,62.90616755770617,0.5136502922900683,0.40752099957230054,0.6556752152263189,48,98.03925092565997,0.13447673503182933,0.2368131377809362,0.30799134275259754,1,135,178.5728896601791,140.49272930847997,106.83071956170335,0,0,11,10,11
939,31.266666666666666,1,1,313.2909393310547,45.43298363685608,299.0057182312012,41.86928987503052,277.81360626220703,35.334506034851074,210.7753562927246,-77.41081237792969,306.14832878112793,43.6511367559433,95.94104839847103,49.280147552490234,39.097991943359375,62.90616755770617,0.5136502922900683,0.40752099957230054,0.6556752152263189,48,95.25444743830018,0.15456522036102952,0.23281608296478148,0.3872426904701712,1,136,178.53086285920853,112.783802055996,87.3663126141933,0,-1,11,11,11
940,31.3,0,1,313.2909393310547,45.43298363685608,299.0057182312012,41.86928987503052,277.81360626220703,35.334506034851074,210.7753562927246,-77.41081237792969,306.14832878112793,43.6511367559433,95.94104839847103,49.280147552490234,39.097991943359375,62.90616755770617,0.5136502922900683,0.40752099957230054,0.6556752152263189,48,95.25444743830018,0.15456522036102952,0.23281608296478148,0.3872426904701712,1,137,178.53086285920853,112.783802055996,87.3663126141933,0,0,11,11,11
941,31.333333333333332,0,1,313.2909393310547,45.43298363685608,299.0057182312012,41.86928987503052,277.81360626220703,35.334506034851074,210.7753562927246,-77.41081237792969,306.14832878112793,43.6511367559433,95.94104839847103,49.280147552490234,39.097991943359375,62.90616755770617,0.5136502922900683,0.40752099957230054,0.6556752152263189,48,95.25444743830018,0.15456522036102952,0.23281608296478148,0.3872426904701712,1,138,178.53086285920853,112.783802055996,87.3663126141933,0,0,11,11,11
942,31.366666666666667,1,1,311.86071395874023,24.25474226474762,298.7959671020508,63.49398136138916,278.1461524963379,52.16092228889465,213.20878982543945,-73.84941101074219,305.3283405303955,43.87436181306839,95.94104839847103,49.280147552490234,39.097991943359375,62.90616755770617,0.5136502922900683,0.40752099957230054,0.6556752152263189,48,89.01914761836396,0.46458599105661597,0.26460958133464646,0.4916423870807919,1,139,175.22155880650516,170.56563956113632,121.05434342190327,0,0,11,11,11
943,31.4,0,1,311.86071395874023,24.25474226474762,298.7959671020508,63.49398136138916,278.1461524963379,52.16092228889465,213.20878982543945,-73.84941101074219,305.3283405303955,43.87436181306839,95.94104839847103,49.280147552490234,39.097991943359375,62.90616755770617,0.5136502922900683,0.40752099957230054,0.6556752152263189,48,89.01914761836396,0.46458599105661597,0.26460958133464646,0.4916423870807919,1,140,175.22155880650516,170.56563956113632,121.05434342190327,0,0,11,11,11
944,31.433333333333334,0,1,311.86071395874023,24.25474226474762,298.7959671020508,63.49398136138916,278.1461524963379,52.16092228889465,213.20878982543945,-73.84941101074219,305.3283405303955,43.87436181306839,95.94104839847103,49.280147552490234,39.097991943359375,62.90616755770617,0.5136502922900683,0.40752099957230054,0.6556752152263189,48,89.01914761836396,0.46458599105661597,0.26460958133464646,0.4916423870807919,1,141,175.22155880650516,170.56563956113632,121.05434342190327,0,0,11,11,11
945,31.466666666666665,1,1,317.1038627624512,44.129676818847656,296.6027641296387,23.65137219429016,275.6963348388672,19.570961594581604,215.65969467163086,-83.80514860153198,306.8533134460449,33.89052450656891,95.94104839847103,49.280147552490234,39.097991943359375,62.90616755770617,0.5136502922900683,0.40752099957230054,0.6556752152263189,48,91.83844934378564,0.31551946512512624,0.23193885286827726,0.5242100790434103,1,142,178.50707898191575,75.14953423645777,72.17140793108896,0,-1,11,11,11
946,31.5,0,1,317.1038627624512,44.129676818847656,296.6027641296387,23.65137219429016,275.6963348388672,19.570961594581604,215.65969467163086,-83.80514860153198,306.8533134460449,33.89052450656891,95.94104839847103,49.280147552490234,39.097991943359375,62.90616755770617,0.5136502922900683,0.40752099957230054,0.6556752152263189,48,91.83844934378564,0.31551946512512624,0.23193885286827726,0.5242100790434103,1,143,178.50707898191575,75.14953423645777,72.17140793108896,0,0,11,11,11
947,31.533333333333335,0,1,317.1038627624512,44.129676818847656,296.6027641296387,23.65137219429016,275.6963348388672,19.570961594581604,215.65969467163086,-83.80514860153198,306.8533134460449,33.89052450656891,95.94104839847103,49.280147552490234,39.097991943359375,62.90616755770617,0.5136502922900683,0.40752099957230054,0.6556752152263189,48,91.83844934378564,0.31551946512512624,0.23193885286827726,0.5242100790434103,1,144,178.50707898191575,75.14953423645777,72.17140793108896,0,0,11,11,11
948,31.566666666666666,1,1,317.3360824584961,-1.0843202099204063,312.515926361084,66.80032968521118,286.5912055969238,50.434913635253906,228.4809112548828,-75.05240678787231,314.92600440979004,32.85800473764539,,,,,,,,0,94.78260702001829,0.7180174159139133,0.32345683368877776,0.6329817179123423,0,0,177.8501422698858,175.16499025143517,118.46280735502292,0,0,0,0,0
949,31.6,0,1,317.3360824584961,-1.0843202099204063,312.515926361084,66.80032968521118,286.5912055969238,50.434913635253906,228.4809112548828,-75.05240678787231,314.92600440979004,32.85800473764539,,,,,,,,0,94.78260702001829,0.7180174159139133,0.32345683368877776,0.6329817179123423,0,0,177.8501422698858,175.16499025143517,118.46280735502292,0,0,0,0,0
950,31.633333333333333,0,1,317.3360824584961,-1.0843202099204063,312.515926361084,66.80032968521118,286.5912055969238,50.434913635253906,228.4809112548828,-75.05240678787231,314.92600440979004,32.85800473764539,,,,,,,,0,94.78260702001829,0.7180174159139133,0.32345683368877776,0.6329817179123423,0,0,177.8501422698858,175.16499025143517,118.46280735502292,0,0,0,0,0
951,31.666666666666668,1,0,,,,,,,,,,,,,,,,,,0,,,,,0,0,,,,0,0,0,0,0
952,31.7,0,0,,,,,,,,,,,,,,,,,,0,,,,,0,0,,,,0,0,0,0,0
953,31.733333333333334,0,0,,,,,,,,,,,,,,,,,,0,,,,,0,0,,,,0,0,0,0,0
954,31.766666666666666,1,0,,,,,,,,,,,,,,,,,,0,,,,,0,0,,,,0,0,0,0,0
955,31.8,0,0,,,,,,,,,,,,,,,,,,0,,,,,0,0,,,,0,0,0,0,0
956,31.833333333333332,0,0,,,,,,,,,,,,,,,,,,0,,,,,0,0,,,,0,0,0,0,0
957,31.866666666666667,1,1,512.8401947021484,70.25037288665771,505.26527404785156,133.73352527618408,488.44966888427734,145.08863925933838,407.83447265625,-3.07201087474823,509.052734375,101.9919490814209,,,,,,,,0,66.45398047022886,0.9620715128745317,0.305331152388987,1.1844668877905273,0,0,174.78890856669526,174.90414695547105,177.1514617109614,0,0,0,0,0
958,31.9,0,1,512.8401947021484,70.25037288665771,505.26527404785156,133.73352527618408,488.44966888427734,145.08863925933838,407.83447265625,-3.07201087474823,509.052734375,101.9919490814209,,,,,,,,0,66.45398047022886,0.9620715128745317,0.305331152388987,1.1844668877905273,0,0,174.78890856669526,174.90414695547105,177.1514617109614,0,0,0,0,0
959,31.933333333333334,0,1,512.8401947021484,70.25037288665771,505.26527404785156,133.73352527618408,488.44966888427734,145.08863925933838,407.83447265625,-3.07201087474823,509.052734375,101.9919490814209,,,,,,,,0,66.45398047022886,0.9620715128745317,0.305331152388987,1.1844668877905273,0,0,174.78890856669526,174.90414695547105,177.1514617109614,0,0,0,0,0
960,31.966666666666665,1,1,569.4309234619141,109.34508562088013,538.658561706543,139.51855659484863,520.5453872680664,160.51164150238037,451.2273406982422,18.05157244205475,554.0447425842285,124.43182110786438,,,,,,,,0,62.35305726961896,0.6911817019006633,0.4446804161017041,1.1349226401015742,0,0,173.22566603994926,177.24785608129693,176.0270400837905,0,0,0,0,0
961,32.0,0,1,569.4309234619141,109.34508562088013,538.658561706543,139.51855659484863,520.5453872680664,160.51164150238037,451.2273406982422,18.05157244205475,554.0447425842285,124.43182110786438,,,,,,,,0,62.35305726961896,0.6911817019006633,0.4446804161017041,1.1349226401015742,0,0,173.22566603994926,177.24785608129693,176.0270400837905,0,0,0,0,0
962,32.03333333333333,0,1,569.4309234619141,109.34508562088013,538.658561706543,139.51855659484863,520.5453872680664,160.51164150238037,451.2273406982422,18.05157244205475,554.0447425842285,124.43182110786438,,,,,,,,0,62.35305726961896,0.6911817019006633,0.4446804161017041,1.1349226401015742,0,0,173.22566603994926,177.24785608129693,176.0270400837905,0,0,0,0,0
963,32.06666666666667,1,0,,,,,,,,,,,,,,,,,,0,,,,,0,0,,,,0,0,0,0,0
964,32.1,0,0,,,,,,,,,,,,,,,,,,0,,,,,0,0,,,,0,0,0,0,0
965,32.13333333333333,0,0,,,,,,,,,,,,,,,,,,0,,,,,0,0,,,,0,0,0,0,0
966,32.166666666666664,1,1,640.4719543457031,219.68783855438232,582.8023147583008,319.7343063354492,563.8871002197266,335.8084201812744,521.1170959472656,136.47578716278076,611.637134552002,269.71107244491577,,,,,,,,0,91.31579614804113,1.2645964327854828,0.2718327092910387,1.5233016987223702,0,0,169.17127119806852,175.573089210283,177.77612817536036,0,0,0,0,0
967,32.2,0,1,640.4719543457031,219.68783855438232,582.8023147583008,319.7343063354492,563.8871002197266,335.8084201812744,521.1170959472656,136.47578716278076,611.637134552002,269.71107244491577,,,,,,,,0,91.31579614804113,1.2645964327854828,0.2718327092910387,1.5233016987223702,0,0,169.17127119806852,175.573089210283,177.77612817536036,0,0,0,0,0
968,32.233333333333334,0,1,640.4719543457031,219.68783855438232,582.8023147583008,319.7343063354492,563.8871002197266,335.8084201812744,521.1170959472656,136.47578716278076,611.637134552002,269.71107244491577,,,,,,,,0,91.31579614804113,1.2645964327854828,0.2718327092910387,1.5233016987223702,0,0,169.17127119806852,175.573089210283,177.77612817536036,0,0,0,0,0
969,32.266666666666666,1,1,639.2168807983398,236.45984172821045,578.6137008666992,335.29332160949707,563.3047485351562,351.0634231567383,522.9262542724609,151.43563270568848,608.9152908325195,285.87658166885376,,,,,,,,0,91.40237896191697,1.2683966751455196,0.24046013963827267,1.5039545481886996,0,0,166.6962869479649,173.50544351302352,178.6321219894643,0,0,0,0,0
970,32.3,0,1,639.2168807983398,236.45984172821045,578.6137008666992,335.29332160949707,563.3047485351562,351.0634231567383,522.9262542724609,151.43563270568848,608.9152908325195,285.87658166885376,,,,,,,,0,91.40237896191697,1.2683966751455196,0.24046013963827267,1.5039545481886996,0,0,166.6962869479649,173.50544351302352,178.6321219894643,0,0,0,0,0
971,32.333333333333336,0,1,639.2168807983398,236.45984172821045,578.6137008666992,335.29332160949707,563.3047485351562,351.0634231567383,522.9262542724609,151.43563270568848,608.9152908325195,285.87658166885376,,,,,,,,0,91.40237896191697,1.2683966751455196,0.24046013963827267,1.5039545481886996,0,0,166.6962869479649,173.50544351302352,178.6321219894643,0,0,0,0,0
972,32.36666666666667,1,1,642.4636840820312,246.86227798461914,574.6175384521484,340.6998538970947,559.0306854248047,355.78688621520996,522.3844909667969,154.61886405944824,608.5406112670898,293.78106594085693,,,,,,,,0,95.42601277533575,1.213458085755689,0.2273236719775322,1.4378316706106293,0,0,165.63530828895216,173.92758929246168,179.90512721491882,0,0,0,0,0
973,32.4,0,1,642.4636840820312,246.86227798461914,574.6175384521484,340.6998538970947,559.0306854248047,355.78688621520996,522.3844909667969,154.61886405944824,608.5406112670898,293.78106594085693,,,,,,,,0,95.42601277533575,1.213458085755689,0.2273236719775322,1.4378316706106293,0,0,165.63530828895216,173.92758929246168,179.90512721491882,0,0,0,0,0
974,32.43333333333333,0,1,642.4636840820312,246.86227798461914,574.6175384521484,340.6998538970947,559.0306854248047,355.78688621520996,522.3844909667969,154.61886405944824,608.5406112670898,293.78106594085693,,,,,,,,0,95.42601277533575,1.213458085755689,0.2273236719775322,1.4378316706106293,0,0,165.63530828895216,173.92758929246168,179.90512721491882,0,0,0,0,0
975,32.46666666666667,1,1,638.3293914794922,250.70643424987793,570.6519317626953,344.12598609924316,554.2292404174805,356.7067337036133,520.6284332275391,156.29435062408447,604.4906616210938,297.41621017456055,,,,,,,,0,95.57914092191746,1.2069362148754081,0.21644552695999097,1.415689433245169,0,0,163.85650690290151,174.19123549828117,179.32943609092717,0,0,0,0,0
976,32.5,0,1,638.3293914794922,250.70643424987793,570.6519317626953,344.12598609924316,554.2292404174805,356.7067337036133,520.6284332275391,156.29435062408447,604.4906616210938,297.41621017456055,,,,,,,,0,95.57914092191746,1.2069362148754081,0.21644552695999097,1.415689433245169,0,0,163.85650690290151,174.19123549828117,179.32943609092717,0,0,0,0,0
977,32.53333333333333,0,1,638.3293914794922,250.70643424987793,570.6519317626953,344.12598609924316,554.2292404174805,356.7067337036133,520.6284332275391,156.29435062408447,604.4906616210938,297.41621017456055,,,,,,,,0,95.57914092191746,1.2069362148754081,0.21644552695999097,1.415689433245169,0,0,163.85650690290151,174.19123549828117,179.32943609092717,0,0,0,0,0
978,32.56666666666667,1,1,636.9906234741211,251.59415245056152,569.7475433349609,343.76712799072266,553.4120559692383,357.88859367370605,519.0468215942383,156.59708976745605,603.369083404541,297.6806402206421,,,,,,,,0,94.50042678114724,1.2073407077407214,0.22849786417965556,1.4308709705098865,0,0,163.89404809126222,175.0661624884876,178.76901231136245,0,0,0,0,0
979,32.6,0,1,636.9906234741211,251.59415245056152,569.7475433349609,343.76712799072266,553.4120559692383,357.88859367370605,519.0468215942383,156.59708976745605,603.369083404541,297.6806402206421,,,,,,,,0,94.50042678114724,1.2073407077407214,0.22849786417965556,1.4308709705098865,0,0,163.89404809126222,175.0661624884876,178.76901231136245,0,0,0,0,0
980,32.63333333333333,0,1,636.9906234741211,251.59415245056152,569.7475433349609,343.76712799072266,553.4120559692383,357.88859367370605,519.0468215942383,156.59708976745605,603.369083404541,297.6806402206421,,,,,,,,0,94.50042678114724,1.2073407077407214,0.22849786417965556,1.4308709705098865,0,0,163.89404809126222,175.0661624884876,178.76901231136245,0,0,0,0,0
981,32.666666666666664,1,1,634.1823196411133,253.73934745788574,569.3677520751953,344.3564701080322,553.272819519043,357.1575736999512,519.5465087890625,158.29625129699707,601.7750358581543,299.047908782959,,,,,,,,0,94.59967431929947,1.177709244614808,0.21738869642006525,1.3880340110723812,0,0,166.78299821138754,175.7079609927664,179.5289462832644,0,0,0,0,0
982,32.7,0,1,634.1823196411133,253.73934745788574,569.3677520751953,344.3564701080322,553.272819519043,357.1575736999512,519.5465087890625,158.29625129699707,601.7750358581543,299.047908782959,,,,,,,,0,94.59967431929947,1.177709244614808,0.21738869642006525,1.3880340110723812,0,0,166.78299821138754,175.7079609927664,179.5289462832644,0,0,0,0,0
983,32.733333333333334,0,1,634.1823196411133,253.73934745788574,569.3677520751953,344.3564701080322,553.272819519043,357.1575736999512,519.5465087890625,158.29625129699707,601.7750358581543,299.047908782959,,,,,,,,0,94.59967431929947,1.177709244614808,0.21738869642006525,1.3880340110723812,0,0,166.78299821138754,175.7079609927664,179.5289462832644,0,0,0,0,0
984,32.766666666666666,1,1,637.8995513916016,253.55698585510254,570.0522232055664,343.96496772766113,553.5608291625977,358.4092426300049,519.200325012207,157.29565143585205,603.975887298584,298.76097679138184,,,,,,,,0,94.73432068437094,1.193176732905812,0.2314120467164969,1.4204177646998106,0,0,164.65888283501576,175.4513621552495,179.8298258062168,0,0,0,0,0
985,32.8,0,1,637.8995513916016,253.55698585510254,570.0522232055664,343.96496772766113,553.5608291625977,358.4092426300049,519.200325012207,157.29565143585205,603.975887298584,298.76097679138184,,,,,,,,0,94.73432068437094,1.193176732905812,0.2314120467164969,1.4204177646998106,0,0,164.65888283501576,175.4513621552495,179.8298258062168,0,0,0,0,0
986,32.833333333333336,0,1,637.8995513916016,253.55698585510254,570.0522232055664,343.96496772766113,553.5608291625977,358.4092426300049,519.200325012207,157.29565143585205,603.975887298584,298.76097679138184,,,,,,,,0,94.73432068437094,1.193176732905812,0.2314120467164969,1.4204177646998106,0,0,164.65888283501576,175.4513621552495,179.8298258062168,0,0,0,0,0
987,32.86666666666667,1,1,634.5378112792969,253.62934112548828,569.2077255249023,343.84374618530273,553.891487121582,358.3964538574219,520.3110122680664,158.74154090881348,601.8727684020996,298.7365436553955,,,,,,,,0,94.40454445511065,1.1798709862073729,0.22379678788192786,1.4004820081473435,0,0,166.21767003838477,175.1051905476073,179.85329019303558,0,0,0,0,0
988,32.9,0,1,634.5378112792969,253.62934112548828,569.2077255249023,343.84374618530273,553.891487121582,358.3964538574219,520.3110122680664,158.74154090881348,601.8727684020996,298.7365436553955,,,,,,,,0,94.40454445511065,1.1798709862073729,0.22379678788192786,1.4004820081473435,0,0,166.21767003838477,175.1051905476073,179.85329019303558,0,0,0,0,0
989,32.93333333333333,0,1,634.5378112792969,253.62934112548828,569.2077255249023,343.84374618530273,553.891487121582,358.3964538574219,520.3110122680664,158.74154090881348,601.8727684020996,298.7365436553955,,,,,,,,0,94.40454445511065,1.1798709862073729,0.22379678788192786,1.4004820081473435,0,0,166.21767003838477,175.1051905476073,179.85329019303558,0,0,0,0,0
990,32.96666666666667,1,1,638.2545852661133,254.62815284729004,570.2357482910156,344.3914031982422,553.4104156494141,358.6483669281006,519.4784164428711,158.86256217956543,604.2451667785645,299.5097780227661,,,,,,,,0,93.13485373884312,1.2092495550115205,0.23679007127263557,1.441285272977635,0,0,166.22912841106228,175.5538845369001,179.7466622202523,0,0,0,0,0
991,33.0,0,1,638.2545852661133,254.62815284729004,570.2357482910156,344.3914031982422,553.4104156494141,358.6483669281006,519.4784164428711,158.86256217956543,604.2451667785645,299.5097780227661,,,,,,,,0,93.13485373884312,1.2092495550115205,0.23679007127263557,1.441285272977635,0,0,166.22912841106228,175.5538845369001,179.7466622202523,0,0,0,0,0
992,33.03333333333333,0,1,638.2545852661133,254.62815284729004,570.2357482910156,344.3914031982422,553.4104156494141,358.6483669281006,519.4784164428711,158.86256217956543,604.2451667785645,299.5097780227661,,,,,,,,0,93.13485373884312,1.2092495550115205,0.23679007127263557,1.441285272977635,0,0,166.22912841106228,175.5538845369001,179.7466622202523,0,0,0,0,0
993,33.06666666666667,1,1,636.2592697143555,253.93421173095703,569.337272644043,344.42962646484375,553.4028625488281,358.9639949798584,519.7982406616211,158.80937576293945,602.7982711791992,299.1819190979004,,,,,,,,0,92.84434199039839,1.212266587427234,0.2322964684638302,1.4408802103612648,0,0,166.32254957134117,175.41080535472793,179.72948030510716,0,0,0,0,0
994,33.1,0,1,636.2592697143555,253.93421173095703,569.337272644043,344.42962646484375,553.4028625488281,358.9639949798584,519.7982406616211,158.80937576293945,602.7982711791992,299.1819190979004,,,,,,,,0,92.84434199039839,1.212266587427234,0.2322964684638302,1.4408802103612648,0,0,166.32254957134117,175.41080535472793,179.72948030510716,0,0,0,0,0
995,33.13333333333333,0,1,636.2592697143555,253.93421173095703,569.337272644043,344.42962646484375,553.4028625488281,358.9639949798584,519.7982406616211,158.80937576293945,602.7982711791992,299.1819190979004,,,,,,,,0,92.84434199039839,1.212266587427234,0.2322964684638302,1.4408802103612648,0,0,166.32254957134117,175.41080535472793,179.72948030510716,0,0,0,0,0
996,33.166666666666664,1,1,636.6371917724609,254.04327392578125,569.7380447387695,344.46106910705566,553.6638259887695,358.68916511535645,519.9274826049805,158.48848342895508,603.1876182556152,299.25217151641846,,,,,,,,0,93.36403082076936,1.2047048652555887,0.22992473839843136,1.4304119416082355,0,0,165.0170675053462,175.43846162893857,179.80217649242806,0,0,0,0,0
997,33.2,0,1,636.6371917724609,254.04327392578125,569.7380447387695,344.46106910705566,553.6638259887695,358.68916511535645,519.9274826049805,158.48848342895508,603.1876182556152,299.25217151641846,,,,,,,,0,93.36403082076936,1.2047048652555887,0.22992473839843136,1.4304119416082355,0,0,165.0170675053462,175.43846162893857,179.80217649242806,0,0,0,0,0
998,33.233333333333334,0,1,636.6371917724609,254.04327392578125,569.7380447387695,344.46106910705566,553.6638259887695,358.68916511535645,519.9274826049805,158.48848342895508,603.1876182556152,299.25217151641846,,,,,,,,0,93.36403082076936,1.2047048652555887,0.22992473839843136,1.4304119416082355,0,0,165.0170675053462,175.43846162893857,179.80217649242806,0,0,0,0,0
999,33.266666666666666,1,1,635.9664916992188,254.20892715454102,568.9532470703125,344.0869331359863,553.161506652832,357.960205078125,519.7473907470703,159.37911987304688,602.4598693847656,299.1479301452637,,,,,,,,0,90.628241138666,1.2370404201395668,0.23193819651803127,1.4647099793492326,0,0,166.47342724237288,175.0574740800674,179.85872579230335,0,0,0,0,0
1000,33.3,0,1,635.9664916992188,254.20892715454102,568.9532470703125,344.0869331359863,553.161506652832,357.960205078125,519.7473907470703,159.37911987304688,602.4598693847656,299.1479301452637,,,,,,,,0,90.628241138666,1.2370404201395668,0.23193819651803127,1.4647099793492326,0,0,166.47342724237288,175.0574740800674,179.85872579230335,0,0,0,0,0
1001,33.333333333333336,0,1,635.9664916992188,254.20892715454102,568.9532470703125,344.0869331359863,553.161506652832,357.960205078125,519.7473907470703,159.37911987304688,602.4598693847656,299.1479301452637,,,,,,,,0,90.628241138666,1.2370404201395668,0.23193819651803127,1.4647099793492326,0,0,166.47342724237288,175.0574740800674,179.85872579230335,0,0,0,0,0
1002,33.36666666666667,1,1,635.8197021484375,254.32785987854004,569.0293502807617,344.3544101715088,552.3332214355469,358.5722351074219,520.6245040893555,160.148663520813,602.4245262145996,299.3411350250244,,,,,,,,0,91.76842967074718,1.2215199845092524,0.238966690231103,1.4553457173682198,0,0,166.86549187326568,175.62377297404134,180.0,0,0,0,0,0
1003,33.4,0,1,635.8197021484375,254.32785987854004,569.0293502807617,344.3544101715088,552.3332214355469,358.5722351074219,520.6245040893555,160.148663520813,602.4245262145996,299.3411350250244,,,,,,,,0,91.76842967074718,1.2215199845092524,0.238966690231103,1.4553457173682198,0,0,166.86549187326568,175.62377297404134,180.0,0,0,0,0,0
1004,33.43333333333333,0,1,635.8197021484375,254.32785987854004,569.0293502807617,344.3544101715088,552.3332214355469,358.5722351074219,520.6245040893555,160.148663520813,602.4245262145996,299.3411350250244,,,,,,,,0,91.76842967074718,1.2215199845092524,0.238966690231103,1.4553457173682198,0,0,166.86549187326568,175.62377297404134,180.0,0,0,0,0,0
1005,33.46666666666667,1,1,637.4408721923828,255.28658866882324,569.6844482421875,344.9279022216797,552.5426483154297,357.93222427368164,520.1240539550781,159.78657245635986,603.5626602172852,300.10724544525146,,,,,,,,0,91.18947363236035,1.2322441064184841,0.23595222080339598,1.460760562810694,0,0,166.45908203076368,176.24526736536566,179.63255869568795,0,0,0,0,0
1006,33.5,0,1,637.4408721923828,255.28658866882324,569.6844482421875,344.9279022216797,552.5426483154297,357.93222427368164,520.1240539550781,159.78657245635986,603.5626602172852,300.10724544525146,,,,,,,,0,91.18947363236035,1.2322441064184841,0.23595222080339598,1.460760562810694,0,0,166.45908203076368,176.24526736536566,179.63255869568795,0,0,0,0,0
1007,33.53333333333333,0,1,637.4408721923828,255.28658866882324,569.6844482421875,344.9279022216797,552.5426483154297,357.93222427368164,520.1240539550781,159.78657245635986,603.5626602172852,300.10724544525146,,,,,,,,0,91.18947363236035,1.2322441064184841,0.23595222080339598,1.460760562810694,0,0,166.45908203076368,176.24526736536566,179.63255869568795,0,0,0,0,0
1008,33.56666666666667,1,1,636.34765625,254.17631149291992,568.8471603393555,345.0044918060303,552.7140426635742,358.5511779785156,520.4340362548828,159.86931324005127,602.5974082946777,299.5904016494751,,,,,,,,0,91.30892189959685,1.2393523949270024,0.23071489576598925,1.4647924860156563,0,0,166.39505343649367,175.62251999484945,179.90308670604867,0,0,0,0,0
1009,33.6,0,1,636.34765625,254.17631149291992,568.8471603393555,345.0044918060303,552.7140426635742,358.5511779785156,520.4340362548828,159.86931324005127,602.5974082946777,299.5904016494751,,,,,,,,0,91.30892189959685,1.2393523949270024,0.23071489576598925,1.4647924860156563,0,0,166.39505343649367,175.62251999484945,179.90308670604867,0,0,0,0,0
1010,33.63333333333333,0,1,636.34765625,254.17631149291992,568.8471603393555,345.0044918060303,552.7140426635742,358.5511779785156,520.4340362548828,159.86931324005127,602.5974082946777,299.5904016494751,,,,,,,,0,91.30892189959685,1.2393523949270024,0.23071489576598925,1.4647924860156563,0,0,166.39505343649367,175.62251999484945,179.90308670604867,0,0,0,0,0
1011,33.666666666666664,1,1,633.7398147583008,252.9370880126953,570.1880264282227,344.2559623718262,553.2948684692383,358.13035011291504,519.3510437011719,158.49223136901855,601.9639205932617,298.59652519226074,,,,,,,,0,92.03801793295611,1.2088081962776653,0.23751497592190837,1.4388334951001782,0,0,167.5286230465143,175.64350988110627,179.93147195674447,0,0,0,0,0
1012,33.7,0,1,633.7398147583008,252.9370880126953,570.1880264282227,344.2559623718262,553.2948684692383,358.13035011291504,519.3510437011719,158.49223136901855,601.9639205932617,298.59652519226074,,,,,,,,0,92.03801793295611,1.2088081962776653,0.23751497592190837,1.4388334951001782,0,0,167.5286230465143,175.64350988110627,179.93147195674447,0,0,0,0,0
1013,33.733333333333334,0,1,633.7398147583008,252.9370880126953,570.1880264282227,344.2559623718262,553.2948684692383,358.13035011291504,519.3510437011719,158.49223136901855,601.9639205932617,298.59652519226074,,,,,,,,0,92.03801793295611,1.2088081962776653,0.23751497592190837,1.4388334951001782,0,0,167.5286230465143,175.64350988110627,179.93147195674447,0,0,0,0,0
1014,33.766666666666666,1,1,632.746467590332,252.95482635498047,569.0070343017578,344.2580223083496,553.0516052246094,358.19000244140625,519.9438095092773,159.00471210479736,600.8767509460449,298.60642433166504,,,,,,,,0,92.13958263111752,1.2085006706507428,0.22988999782983507,1.4326794860774508,0,0,169.12469011564033,175.29484664399172,179.9208706299866,0,0,0,0,0
1015,33.8,0,1,632.746467590332,252.95482635498047,569.0070343017578,344.2580223083496,553.0516052246094,358.19000244140625,519.9438095092773,159.00471210479736,600.8767509460449,298.60642433166504,,,,,,,,0,92.13958263111752,1.2085006706507428,0.22988999782983507,1.4326794860774508,0,0,169.12469011564033,175.29484664399172,179.9208706299866,0,0,0,0,0
1016,33.833333333333336,0,1,632.746467590332,252.95482635498047,569.0070343017578,344.2580223083496,553.0516052246094,358.19000244140625,519.9438095092773,159.00471210479736,600.8767509460449,298.60642433166504,,,,,,,,0,92.13958263111752,1.2085006706507428,0.22988999782983507,1.4326794860774508,0,0,169.12469011564033,175.29484664399172,179.9208706299866,0,0,0,0,0
1017,33.86666666666667,1,1,636.4363479614258,253.46217155456543,569.759407043457,345.1028251647949,552.3881912231445,358.65946769714355,520.1741790771484,159.19017791748047,603.0978775024414,299.2824983596802,,,,,,,,0,91.66412918650599,1.236367992192512,0.24038858907122018,1.468947374496914,0,0,167.13220789093486,175.55423697897368,179.8154825278411,0,0,0,0,0
1018,33.9,0,1,636.4363479614258,253.46217155456543,569.759407043457,345.1028251647949,552.3881912231445,358.65946769714355,520.1741790771484,159.19017791748047,603.0978775024414,299.2824983596802,,,,,,,,0,91.66412918650599,1.236367992192512,0.24038858907122018,1.468947374496914,0,0,167.13220789093486,175.55423697897368,179.8154825278411,0,0,0,0,0
1019,33.93333333333333,0,1,636.4363479614258,253.46217155456543,569.759407043457,345.1028251647949,552.3881912231445,358.65946769714355,520.1741790771484,159.19017791748047,603.0978775024414,299.2824983596802,,,,,,,,0,91.66412918650599,1.236367992192512,0.24038858907122018,1.468947374496914,0,0,167.13220789093486,175.55423697897368,179.8154825278411,0,0,0,0,0
1020,33.96666666666667,1,1,633.4488296508789,251.76072120666504,568.9439392089844,344.04258728027344,553.0268478393555,358.23326110839844,519.0068435668945,159.41027641296387,601.1963844299316,297.90165424346924,,,,,,,,0,92.9745706812602,1.2109913570791921,0.22935708192336074,1.4351450359556712,0,0,166.60630815463833,175.19567818902954,179.9557653398252,0,0,0,0,0
1021,34.0,0,1,633.4488296508789,251.76072120666504,568.9439392089844,344.04258728027344,553.0268478393555,358.23326110839844,519.0068435668945,159.41027641296387,601.1963844299316,297.90165424346924,,,,,,,,0,92.9745706812602,1.2109913570791921,0.22935708192336074,1.4351450359556712,0,0,166.60630815463833,175.19567818902954,179.9557653398252,0,0,0,0,0
1022,34.03333333333333,0,1,633.4488296508789,251.76072120666504,568.9439392089844,344.04258728027344,553.0268478393555,358.23326110839844,519.0068435668945,159.41027641296387,601.1963844299316,297.90165424346924,,,,,,,,0,92.9745706812602,1.2109913570791921,0.22935708192336074,1.4351450359556712,0,0,166.60630815463833,175.19567818902954,179.9557653398252,0,0,0,0,0
1023,34.06666666666667,1,1,635.263671875,253.88586044311523,570.0854110717773,344.98111724853516,552.9323959350586,358.30907821655273,519.3091583251953,158.92242908477783,602.6745414733887,299.4334888458252,,,,,,,,0,93.63050765616524,1.1963129627513673,0.23200076702440736,1.4202220970453536,0,0,169.646052791632,175.86468788716385,179.8309795437068,0,0,0,0,0
1024,34.1,0,1,635.263671875,253.88586044311523,570.0854110717773,344.98111724853516,552.9323959350586,358.30907821655273,519.3091583251953,158.92242908477783,602.6745414733887,299.4334888458252,,,,,,,,0,93.63050765616524,1.1963129627513673,0.23200076702440736,1.4202220970453536,0,0,169.646052791632,175.86468788716385,179.8309795437068,0,0,0,0,0
1025,34.13333333333333,0,1,635.263671875,253.88586044311523,570.0854110717773,344.98111724853516,552.9323959350586,358.30907821655273,519.3091583251953,158.92242908477783,602.6745414733887,299.4334888458252,,,,,,,,0,93.63050765616524,1.1963129627513673,0.23200076702440736,1.4202220970453536,0,0,169.646052791632,175.86468788716385,179.8309795437068,0,0,0,0,0
1026,34.166666666666664,1,1,633.5392761230469,253.5486602783203,569.7160339355469,345.22647857666016,553.1768417358398,358.5703468322754,519.408073425293,158.79188060760498,601.6276550292969,299.38756942749023,,,,,,,,0,91.73541169087186,1.217697612878853,0.2316550279331049,1.4415477372089183,0,0,170.93230118267033,175.34802060914774,180.0,0,0,0,0,0
1027,34.2,0,1,633.5392761230469,253.5486602783203,569.7160339355469,345.22647857666016,553.1768417358398,358.5703468322754,519.408073425293,158.79188060760498,601.6276550292969,299.38756942749023,,,,,,,,0,91.73541169087186,1.217697612878853,0.2316550279331049,1.4415477372089183,0,0,170.93230118267033,175.34802060914774,180.0,0,0,0,0,0
1028,34.233333333333334,0,1,633.5392761230469,253.5486602783203,569.7160339355469,345.22647857666016,553.1768417358398,358.5703468322754,519.408073425293,158.79188060760498,601.6276550292969,299.38756942749023,,,,,,,,0,91.73541169087186,1.217697612878853,0.2316550279331049,1.4415477372089183,0,0,170.93230118267033,175.34802060914774,180.0,0,0,0,0,0
1029,34.266666666666666,1,1,633.6227798461914,253.13867568969727,569.443244934082,344.3621635437012,552.8085708618164,358.63463401794434,519.365234375,159.14021015167236,601.5330123901367,298.7504196166992,,,,,,,,0,93.08841833098148,1.1981947460839764,0.235457748844337,1.427590996329294,0,0,169.8459953102226,175.55494194678636,179.7451221562419,0,0,0,0,0
1030,34.3,0,1,633.6227798461914,253.13867568969727,569.443244934082,344.3621635437012,552.8085708618164,358.63463401794434,519.365234375,159.14021015167236,601.5330123901367,298.7504196166992,,,,,,,,0,93.08841833098148,1.1981947460839764,0.235457748844337,1.427590996329294,0,0,169.8459953102226,175.55494194678636,179.7451221562419,0,0,0,0,0
1031,34.333333333333336,0,1,633.6227798461914,253.13867568969727,569.443244934082,344.3621635437012,552.8085708618164,358.63463401794434,519.365234375,159.14021015167236,601.5330123901367,298.7504196166992,,,,,,,,0,93.08841833098148,1.1981947460839764,0.235457748844337,1.427590996329294,0,0,169.8459953102226,175.55494194678636,179.7451221562419,0,0,0,0,0
1032,34.36666666666667,1,1,636.0215377807617,253.5285472869873,570.0972747802734,343.608341217041,553.0717849731445,358.93052101135254,518.6232757568359,159.49974060058594,603.0594062805176,298.56844425201416,,,,,,,,0,91.67254149164683,1.2176608199580916,0.24985611218899567,1.46311740736996,0,0,169.00525808810087,174.7754273159256,179.16748746125447,0,0,0,0,0
1033,34.4,0,1,636.0215377807617,253.5285472869873,570.0972747802734,343.608341217041,553.0717849731445,358.93052101135254,518.6232757568359,159.49974060058594,603.0594062805176,298.56844425201416,,,,,,,,0,91.67254149164683,1.2176608199580916,0.24985611218899567,1.46311740736996,0,0,169.00525808810087,174.7754273159256,179.16748746125447,0,0,0,0,0
1034,34.43333333333333,0,1,636.0215377807617,253.5285472869873,570.0972747802734,343.608341217041,553.0717849731445,358.93052101135254,518.6232757568359,159.49974060058594,603.0594062805176,298.56844425201416,,,,,,,,0,91.67254149164683,1.2176608199580916,0.24985611218899567,1.46311740736996,0,0,169.00525808810087,174.7754273159256,179.16748746125447,0,0,0,0,0
1035,34.46666666666667,1,1,636.5664291381836,253.29691886901855,568.3297729492188,344.2742443084717,551.9726181030273,357.64509201049805,518.0819320678711,159.60016250610352,602.4481010437012,298.7855815887451,,,,,,,,0,93.50665004203118,1.216211403697588,0.22593759447132014,1.4365865050748188,0,0,168.79976215549587,175.3065601217124,179.70724776988015,0,0,0,0,0
1036,34.5,0,1,636.5664291381836,253.29691886901855,568.3297729492188,344.2742443084717,551.9726181030273,357.64509201049805,518.0819320678711,159.60016250610352,602.4481010437012,298.7855815887451,,,,,,,,0,93.50665004203118,1.216211403697588,0.22593759447132014,1.4365865050748188,0,0,168.79976215549587,175.3065601217124,179.70724776988015,0,0,0,0,0
1037,34.53333333333333,0,1,636.5664291381836,253.29691886901855,568.3297729492188,344.2742443084717,551.9726181030273,357.64509201049805,518.0819320678711,159.60016250610352,602.4481010437012,298.7855815887451,,,,,,,,0,93.50665004203118,1.216211403697588,0.22593759447132014,1.4365865050748188,0,0,168.79976215549587,175.3065601217124,179.70724776988015,0,0,0,0,0
1038,34.56666666666667,1,1,636.3382720947266,244.84745979309082,572.5577926635742,336.8330669403076,554.7890090942383,349.6560001373291,509.7954559326172,155.5136489868164,604.4480323791504,290.8402633666992,,,,,,,,0,94.4041605466738,1.185693106317761,0.23211362093546017,1.4066886442195863,0,0,175.60844856456313,175.80180010019788,179.70063851987277,0,0,0,0,0
1039,34.6,0,1,636.3382720947266,244.84745979309082,572.5577926635742,336.8330669403076,554.7890090942383,349.6560001373291,509.7954559326172,155.5136489868164,604.4480323791504,290.8402633666992,,,,,,,,0,94.4041605466738,1.185693106317761,0.23211362093546017,1.4066886442195863,0,0,175.60844856456313,175.80180010019788,179.70063851987277,0,0,0,0,0
1040,34.63333333333333,0,1,636.3382720947266,244.84745979309082,572.5577926635742,336.8330669403076,554.7890090942383,349.6560001373291,509.7954559326172,155.5136489868164,604.4480323791504,290.8402633666992,,,,,,,,0,94.4041605466738,1.185693106317761,0.23211362093546017,1.4066886442195863,0,0,175.60844856456313,175.80180010019788,179.70063851987277,0,0,0,0,0
1041,34.666666666666664,1,1,635.3617858886719,221.9551706314087,581.0379791259766,319.1184711456299,559.2027282714844,331.9413185119629,501.31141662597656,144.89105701446533,608.1998825073242,270.5368208885193,,,,,,,,0,89.37658327476665,1.2454983331300784,0.2833180381722982,1.4968154207979256,0,0,179.35532291787808,176.1179339591376,179.03045188698374,0,0,0,0,0
1042,34.7,0,1,635.3617858886719,221.9551706314087,581.0379791259766,319.1184711456299,559.2027282714844,331.9413185119629,501.31141662597656,144.89105701446533,608.1998825073242,270.5368208885193,,,,,,,,0,89.37658327476665,1.2454983331300784,0.2833180381722982,1.4968154207979256,0,0,179.35532291787808,176.1179339591376,179.03045188698374,0,0,0,0,0
1043,34.733333333333334,0,1,635.3617858886719,221.9551706314087,581.0379791259766,319.1184711456299,559.2027282714844,331.9413185119629,501.31141662597656,144.89105701446533,608.1998825073242,270.5368208885193,,,,,,,,0,89.37658327476665,1.2454983331300784,0.2833180381722982,1.4968154207979256,0,0,179.35532291787808,176.1179339591376,179.03045188698374,0,0,0,0,0
1044,34.766666666666666,1,1,635.5793762207031,190.70111274719238,596.0657119750977,287.72217750549316,576.0174942016602,303.19021224975586,501.2245559692383,130.71491718292236,615.8225440979004,239.21164512634277,,,,,,,,0,79.77576933122681,1.3131662778409132,0.3174115701730407,1.5955318434297276,0,0,179.13769961213686,178.63914999734976,174.71253568210005,0,0,0,0,0
1045,34.8,0,1,635.5793762207031,190.70111274719238,596.0657119750977,287.72217750549316,576.0174942016602,303.19021224975586,501.2245559692383,130.71491718292236,615.8225440979004,239.21164512634277,,,,,,,,0,79.77576933122681,1.3131662778409132,0.3174115701730407,1.5955318434297276,0,0,179.13769961213686,178.63914999734976,174.71253568210005,0,0,0,0,0
1046,34.833333333333336,0,1,635.5793762207031,190.70111274719238,596.0657119750977,287.72217750549316,576.0174942016602,303.19021224975586,501.2245559692383,130.71491718292236,615.8225440979004,239.21164512634277,,,,,,,,0,79.77576933122681,1.3131662778409132,0.3174115701730407,1.5955318434297276,0,0,179.13769961213686,178.63914999734976,174.71253568210005,0,0,0,0,0
1047,34.86666666666667,1,1,639.4028091430664,157.28386402130127,613.5724639892578,225.30826091766357,598.2775497436523,225.2473497390747,507.425537109375,93.16519260406494,626.4876365661621,191.29606246948242,,,,,,,,0,66.32894387997642,1.0970096092919448,0.23059368411711786,1.1976300657697978,0,0,172.75925230706608,179.72948030510716,161.3917966272715,0,0,0,0,0
1048,34.9,0,1,639.4028091430664,157.28386402130127,613.5724639892578,225.30826091766357,598.2775497436523,225.2473497390747,507.425537109375,93.16519260406494,626.4876365661621,191.29606246948242,,,,,,,,0,66.32894387997642,1.0970096092919448,0.23059368411711786,1.1976300657697978,0,0,172.75925230706608,179.72948030510716,161.3917966272715,0,0,0,0,0
1049,34.93333333333333,0,1,639.4028091430664,157.28386402130127,613.5724639892578,225.30826091766357,598.2775497436523,225.2473497390747,507.425537109375,93.16519260406494,626.4876365661621,191.29606246948242,,,,,,,,0,66.32894387997642,1.0970096092919448,0.23059368411711786,1.1976300657697978,0,0,172.75925230706608,179.72948030510716,161.3917966272715,0,0,0,0,0
1050,34.96666666666667,1,0,,,,,,,,,,,,,,,,,,0,,,,,0,0,,,,0,0,0,0,0
1051,35.0,0,0,,,,,,,,,,,,,,,,,,0,,,,,0,0,,,,0,0,0,0,0
1052,35.03333333333333,0,0,,,,,,,,,,,,,,,,,,0,,,,,0,0,,,,0,0,0,0,0
1053,35.06666666666667,1,0,,,,,,,,,,,,,,,,,,0,,,,,0,0,,,,0,0,0,0,0
1054,35.1,0,0,,,,,,,,,,,,,,,,,,0,,,,,0,0,,,,0,0,0,0,0
1055,35.13333333333333,0,0,,,,,,,,,,,,,,,,,,0,,,,,0,0,,,,0,0,0,0,0
1056,35.166666666666664,1,0,,,,,,,,,,,,,,,,,,0,,,,,0,0,,,,0,0,0,0,0
1057,35.2,0,0,,,,,,,,,,,,,,,,,,0,,,,,0,0,,,,0,0,0,0,0
1058,35.233333333333334,0,0,,,,,,,,,,,,,,,,,,0,,,,,0,0,,,,0,0,0,0,0
1059,35.266666666666666,1,0,,,,,,,,,,,,,,,,,,0,,,,,0,0,,,,0,0,0,0,0
1060,35.3,0,0,,,,,,,,,,,,,,,,,,0,,,,,0,0,,,,0,0,0,0,0
1061,35.333333333333336,0,0,,,,,,,,,,,,,,,,,,0,,,,,0,0,,,,0,0,0,0,0
1062,35.36666666666667,1,0,,,,,,,,,,,,,,,,,,0,,,,,0,0,,,,0,0,0,0,0
1063,35.4,0,0,,,,,,,,,,,,,,,,,,0,,,,,0,0,,,,0,0,0,0,0
1064,35.43333333333333,0,0,,,,,,,,,,,,,,,,,,0,,,,,0,0,,,,0,0,0,0,0
1065,35.46666666666667,1,0,,,,,,,,,,,,,,,,,,0,,,,,0,0,,,,0,0,0,0,0
1066,35.5,0,0,,,,,,,,,,,,,,,,,,0,,,,,0,0,,,,0,0,0,0,0
1067,35.53333333333333,0,0,,,,,,,,,,,,,,,,,,0,,,,,0,0,,,,0,0,0,0,0
1068,35.56666666666667,1,0,,,,,,,,,,,,,,,,,,0,,,,,0,0,,,,0,0,0,0,0
1069,35.6,0,0,,,,,,,,,,,,,,,,,,0,,,,,0,0,,,,0,0,0,0,0
1070,35.63333333333333,0,0,,,,,,,,,,,,,,,,,,0,,,,,0,0,,,,0,0,0,0,0
1071,35.666666666666664,1,0,,,,,,,,,,,,,,,,,,0,,,,,0,0,,,,0,0,0,0,0
1072,35.7,0,0,,,,,,,,,,,,,,,,,,0,,,,,0,0,,,,0,0,0,0,0
1073,35.733333333333334,0,0,,,,,,,,,,,,,,,,,,0,,,,,0,0,,,,0,0,0,0,0
1074,35.766666666666666,1,0,,,,,,,,,,,,,,,,,,0,,,,,0,0,,,,0,0,0,0,0
1075,35.8,0,0,,,,,,,,,,,,,,,,,,0,,,,,0,0,,,,0,0,0,0,0
1076,35.833333333333336,0,0,,,,,,,,,,,,,,,,,,0,,,,,0,0,,,,0,0,0,0,0
1077,35.86666666666667,1,0,,,,,,,,,,,,,,,,,,0,,,,,0,0,,,,0,0,0,0,0
1078,35.9,0,0,,,,,,,,,,,,,,,,,,0,,,,,0,0,,,,0,0,0,0,0
1079,35.93333333333333,0,0,,,,,,,,,,,,,,,,,,0,,,,,0,0,,,,0,0,0,0,0
1080,35.96666666666667,1,0,,,,,,,,,,,,,,,,,,0,,,,,0,0,,,,0,0,0,0,0
1081,36.0,0,0,,,,,,,,,,,,,,,,,,0,,,,,0,0,,,,0,0,0,0,0
1082,36.03333333333333,0,0,,,,,,,,,,,,,,,,,,0,,,,,0,0,,,,0,0,0,0,0
1083,36.06666666666667,1,0,,,,,,,,,,,,,,,,,,0,,,,,0,0,,,,0,0,0,0,0
1084,36.1,0,0,,,,,,,,,,,,,,,,,,0,,,,,0,0,,,,0,0,0,0,0
1085,36.13333333333333,0,0,,,,,,,,,,,,,,,,,,0,,,,,0,0,,,,0,0,0,0,0
1086,36.166666666666664,1,0,,,,,,,,,,,,,,,,,,0,,,,,0,0,,,,0,0,0,0,0
1087,36.2,0,0,,,,,,,,,,,,,,,,,,0,,,,,0,0,,,,0,0,0,0,0
1088,36.233333333333334,0,0,,,,,,,,,,,,,,,,,,0,,,,,0,0,,,,0,0,0,0,0
1089,36.266666666666666,1,0,,,,,,,,,,,,,,,,,,0,,,,,0,0,,,,0,0,0,0,0
1090,36.3,0,0,,,,,,,,,,,,,,,,,,0,,,,,0,0,,,,0,0,0,0,0
1091,36.333333333333336,0,0,,,,,,,,,,,,,,,,,,0,,,,,0,0,,,,0,0,0,0,0
1092,36.36666666666667,1,0,,,,,,,,,,,,,,,,,,0,,,,,0,0,,,,0,0,0,0,0
1093,36.4,0,0,,,,,,,,,,,,,,,,,,0,,,,,0,0,,,,0,0,0,0,0
1094,36.43333333333333,0,0,,,,,,,,,,,,,,,,,,0,,,,,0,0,,,,0,0,0,0,0
1095,36.46666666666667,1,0,,,,,,,,,,,,,,,,,,0,,,,,0,0,,,,0,0,0,0,0
1096,36.5,0,0,,,,,,,,,,,,,,,,,,0,,,,,0,0,,,,0,0,0,0,0
1097,36.53333333333333,0,0,,,,,,,,,,,,,,,,,,0,,,,,0,0,,,,0,0,0,0,0
1098,36.56666666666667,1,0,,,,,,,,,,,,,,,,,,0,,,,,0,0,,,,0,0,0,0,0
1099,36.6,0,0,,,,,,,,,,,,,,,,,,0,,,,,0,0,,,,0,0,0,0,0
1100,36.63333333333333,0,0,,,,,,,,,,,,,,,,,,0,,,,,0,0,,,,0,0,0,0,0
1101,36.666666666666664,1,0,,,,,,,,,,,,,,,,,,0,,,,,0,0,,,,0,0,0,0,0
1102,36.7,0,0,,,,,,,,,,,,,,,,,,0,,,,,0,0,,,,0,0,0,0,0
1103,36.733333333333334,0,0,,,,,,,,,,,,,,,,,,0,,,,,0,0,,,,0,0,0,0,0
1104,36.766666666666666,1,0,,,,,,,,,,,,,,,,,,0,,,,,0,0,,,,0,0,0,0,0
1105,36.8,0,0,,,,,,,,,,,,,,,,,,0,,,,,0,0,,,,0,0,0,0,0
1106,36.833333333333336,0,0,,,,,,,,,,,,,,,,,,0,,,,,0,0,,,,0,0,0,0,0
1107,36.86666666666667,1,0,,,,,,,,,,,,,,,,,,0,,,,,0,0,,,,0,0,0,0,0
1108,36.9,0,0,,,,,,,,,,,,,,,,,,0,,,,,0,0,,,,0,0,0,0,0
1109,36.93333333333333,0,0,,,,,,,,,,,,,,,,,,0,,,,,0,0,,,,0,0,0,0,0
1110,36.96666666666667,1,0,,,,,,,,,,,,,,,,,,0,,,,,0,0,,,,0,0,0,0,0
1111,37.0,0,0,,,,,,,,,,,,,,,,,,0,,,,,0,0,,,,0,0,0,0,0
1112,37.03333333333333,0,0,,,,,,,,,,,,,,,,,,0,,,,,0,0,,,,0,0,0,0,0
1113,37.06666666666667,1,0,,,,,,,,,,,,,,,,,,0,,,,,0,0,,,,0,0,0,0,0
1114,37.1,0,0,,,,,,,,,,,,,,,,,,0,,,,,0,0,,,,0,0,0,0,0
1115,37.13333333333333,0,0,,,,,,,,,,,,,,,,,,0,,,,,0,0,,,,0,0,0,0,0
1116,37.166666666666664,1,0,,,,,,,,,,,,,,,,,,0,,,,,0,0,,,,0,0,0,0,0
1117,37.2,0,0,,,,,,,,,,,,,,,,,,0,,,,,0,0,,,,0,0,0,0,0
1118,37.233333333333334,0,0,,,,,,,,,,,,,,,,,,0,,,,,0,0,,,,0,0,0,0,0
1119,37.266666666666666,1,0,,,,,,,,,,,,,,,,,,0,,,,,0,0,,,,0,0,0,0,0
1120,37.3,0,0,,,,,,,,,,,,,,,,,,0,,,,,0,0,,,,0,0,0,0,0
1121,37.333333333333336,0,0,,,,,,,,,,,,,,,,,,0,,,,,0,0,,,,0,0,0,0,0
1122,37.36666666666667,1,0,,,,,,,,,,,,,,,,,,0,,,,,0,0,,,,0,0,0,0,0
1123,37.4,0,0,,,,,,,,,,,,,,,,,,0,,,,,0,0,,,,0,0,0,0,0
1124,37.43333333333333,0,0,,,,,,,,,,,,,,,,,,0,,,,,0,0,,,,0,0,0,0,0
1125,37.46666666666667,1,0,,,,,,,,,,,,,,,,,,0,,,,,0,0,,,,0,0,0,0,0
1126,37.5,0,0,,,,,,,,,,,,,,,,,,0,,,,,0,0,,,,0,0,0,0,0
1127,37.53333333333333,0,0,,,,,,,,,,,,,,,,,,0,,,,,0,0,,,,0,0,0,0,0
1128,37.56666666666667,1,0,,,,,,,,,,,,,,,,,,0,,,,,0,0,,,,0,0,0,0,0
1129,37.6,0,0,,,,,,,,,,,,,,,,,,0,,,,,0,0,,,,0,0,0,0,0
1130,37.63333333333333,0,0,,,,,,,,,,,,,,,,,,0,,,,,0,0,,,,0,0,0,0,0
1131,37.666666666666664,1,0,,,,,,,,,,,,,,,,,,0,,,,,0,0,,,,0,0,0,0,0
1132,37.7,0,0,,,,,,,,,,,,,,,,,,0,,,,,0,0,,,,0,0,0,0,0
1133,37.733333333333334,0,0,,,,,,,,,,,,,,,,,,0,,,,,0,0,,,,0,0,0,0,0
1134,37.766666666666666,1,0,,,,,,,,,,,,,,,,,,0,,,,,0,0,,,,0,0,0,0,0
1135,37.8,0,0,,,,,,,,,,,,,,,,,,0,,,,,0,0,,,,0,0,0,0,0
1136,37.833333333333336,0,0,,,,,,,,,,,,,,,,,,0,,,,,0,0,,,,0,0,0,0,0
1137,37.86666666666667,1,0,,,,,,,,,,,,,,,,,,0,,,,,0,0,,,,0,0,0,0,0
1138,37.9,0,0,,,,,,,,,,,,,,,,,,0,,,,,0,0,,,,0,0,0,0,0
1139,37.93333333333333,0,0,,,,,,,,,,,,,,,,,,0,,,,,0,0,,,,0,0,0,0,0
1140,37.96666666666667,1,0,,,,,,,,,,,,,,,,,,0,,,,,0,0,,,,0,0,0,0,0
1141,38.0,0,0,,,,,,,,,,,,,,,,,,0,,,,,0,0,,,,0,0,0,0,0
1142,38.03333333333333,0,0,,,,,,,,,,,,,,,,,,0,,,,,0,0,,,,0,0,0,0,0
1143,38.06666666666667,1,0,,,,,,,,,,,,,,,,,,0,,,,,0,0,,,,0,0,0,0,0
1144,38.1,0,0,,,,,,,,,,,,,,,,,,0,,,,,0,0,,,,0,0,0,0,0
1145,38.13333333333333,0,0,,,,,,,,,,,,,,,,,,0,,,,,0,0,,,,0,0,0,0,0
1146,38.166666666666664,1,0,,,,,,,,,,,,,,,,,,0,,,,,0,0,,,,0,0,0,0,0
1147,38.2,0,0,,,,,,,,,,,,,,,,,,0,,,,,0,0,,,,0,0,0,0,0
1148,38.233333333333334,0,0,,,,,,,,,,,,,,,,,,0,,,,,0,0,,,,0,0,0,0,0
1149,38.266666666666666,1,0,,,,,,,,,,,,,,,,,,0,,,,,0,0,,,,0,0,0,0,0
1150,38.3,0,0,,,,,,,,,,,,,,,,,,0,,,,,0,0,,,,0,0,0,0,0
1151,38.333333333333336,0,0,,,,,,,,,,,,,,,,,,0,,,,,0,0,,,,0,0,0,0,0
1152,38.36666666666667,1,0,,,,,,,,,,,,,,,,,,0,,,,,0,0,,,,0,0,0,0,0
1153,38.4,0,0,,,,,,,,,,,,,,,,,,0,,,,,0,0,,,,0,0,0,0,0
1154,38.43333333333333,0,0,,,,,,,,,,,,,,,,,,0,,,,,0,0,,,,0,0,0,0,0
1155,38.46666666666667,1,0,,,,,,,,,,,,,,,,,,0,,,,,0,0,,,,0,0,0,0,0
1156,38.5,0,0,,,,,,,,,,,,,,,,,,0,,,,,0,0,,,,0,0,0,0,0
1157,38.53333333333333,0,0,,,,,,,,,,,,,,,,,,0,,,,,0,0,,,,0,0,0,0,0
1158,38.56666666666667,1,0,,,,,,,,,,,,,,,,,,0,,,,,0,0,,,,0,0,0,0,0
1159,38.6,0,0,,,,,,,,,,,,,,,,,,0,,,,,0,0,,,,0,0,0,0,0
1160,38.63333333333333,0,0,,,,,,,,,,,,,,,,,,0,,,,,0,0,,,,0,0,0,0,0
1161,38.666666666666664,1,0,,,,,,,,,,,,,,,,,,0,,,,,0,0,,,,0,0,0,0,0
1162,38.7,0,0,,,,,,,,,,,,,,,,,,0,,,,,0,0,,,,0,0,0,0,0
1163,38.733333333333334,0,0,,,,,,,,,,,,,,,,,,0,,,,,0,0,,,,0,0,0,0,0
1164,38.766666666666666,1,0,,,,,,,,,,,,,,,,,,0,,,,,0,0,,,,0,0,0,0,0
1165,38.8,0,0,,,,,,,,,,,,,,,,,,0,,,,,0,0,,,,0,0,0,0,0
1166,38.833333333333336,0,0,,,,,,,,,,,,,,,,,,0,,,,,0,0,,,,0,0,0,0,0
1167,38.86666666666667,1,0,,,,,,,,,,,,,,,,,,0,,,,,0,0,,,,0,0,0,0,0
1168,38.9,0,0,,,,,,,,,,,,,,,,,,0,,,,,0,0,,,,0,0,0,0,0
1169,38.93333333333333,0,0,,,,,,,,,,,,,,,,,,0,,,,,0,0,,,,0,0,0,0,0
1170,38.96666666666667,1,0,,,,,,,,,,,,,,,,,,0,,,,,0,0,,,,0,0,0,0,0
1171,39.0,0,0,,,,,,,,,,,,,,,,,,0,,,,,0,0,,,,0,0,0,0,0
1172,39.03333333333333,0,0,,,,,,,,,,,,,,,,,,0,,,,,0,0,,,,0,0,0,0,0
1173,39.06666666666667,1,0,,,,,,,,,,,,,,,,,,0,,,,,0,0,,,,0,0,0,0,0
1174,39.1,0,0,,,,,,,,,,,,,,,,,,0,,,,,0,0,,,,0,0,0,0,0
1175,39.13333333333333,0,0,,,,,,,,,,,,,,,,,,0,,,,,0,0,,,,0,0,0,0,0
1176,39.166666666666664,1,0,,,,,,,,,,,,,,,,,,0,,,,,0,0,,,,0,0,0,0,0
1177,39.2,0,0,,,,,,,,,,,,,,,,,,0,,,,,0,0,,,,0,0,0,0,0
1178,39.233333333333334,0,0,,,,,,,,,,,,,,,,,,0,,,,,0,0,,,,0,0,0,0,0
1179,39.266666666666666,1,0,,,,,,,,,,,,,,,,,,0,,,,,0,0,,,,0,0,0,0,0
1180,39.3,0,0,,,,,,,,,,,,,,,,,,0,,,,,0,0,,,,0,0,0,0,0
1181,39.333333333333336,0,0,,,,,,,,,,,,,,,,,,0,,,,,0,0,,,,0,0,0,0,0
1182,39.36666666666667,1,0,,,,,,,,,,,,,,,,,,0,,,,,0,0,,,,0,0,0,0,0
1183,39.4,0,0,,,,,,,,,,,,,,,,,,0,,,,,0,0,,,,0,0,0,0,0
1184,39.43333333333333,0,0,,,,,,,,,,,,,,,,,,0,,,,,0,0,,,,0,0,0,0,0
1185,39.46666666666667,1,0,,,,,,,,,,,,,,,,,,0,,,,,0,0,,,,0,0,0,0,0
1186,39.5,0,0,,,,,,,,,,,,,,,,,,0,,,,,0,0,,,,0,0,0,0,0
1187,39.53333333333333,0,0,,,,,,,,,,,,,,,,,,0,,,,,0,0,,,,0,0,0,0,0
1188,39.56666666666667,1,0,,,,,,,,,,,,,,,,,,0,,,,,0,0,,,,0,0,0,0,0
1189,39.6,0,0,,,,,,,,,,,,,,,,,,0,,,,,0,0,,,,0,0,0,0,0
1190,39.63333333333333,0,0,,,,,,,,,,,,,,,,,,0,,,,,0,0,,,,0,0,0,0,0
1191,39.666666666666664,1,0,,,,,,,,,,,,,,,,,,0,,,,,0,0,,,,0,0,0,0,0
1192,39.7,0,0,,,,,,,,,,,,,,,,,,0,,,,,0,0,,,,0,0,0,0,0
1193,39.733333333333334,0,0,,,,,,,,,,,,,,,,,,0,,,,,0,0,,,,0,0,0,0,0
1194,39.766666666666666,1,0,,,,,,,,,,,,,,,,,,0,,,,,0,0,,,,0,0,0,0,0
1195,39.8,0,0,,,,,,,,,,,,,,,,,,0,,,,,0,0,,,,0,0,0,0,0
1196,39.833333333333336,0,0,,,,,,,,,,,,,,,,,,0,,,,,0,0,,,,0,0,0,0,0
1197,39.86666666666667,1,0,,,,,,,,,,,,,,,,,,0,,,,,0,0,,,,0,0,0,0,0
1198,39.9,0,0,,,,,,,,,,,,,,,,,,0,,,,,0,0,,,,0,0,0,0,0
1199,39.93333333333333,0,0,,,,,,,,,,,,,,,,,,0,,,,,0,0,,,,0,0,0,0,0
1200,39.96666666666667,1,0,,,,,,,,,,,,,,,,,,0,,,,,0,0,,,,0,0,0,0,0
1201,40.0,0,0,,,,,,,,,,,,,,,,,,0,,,,,0,0,,,,0,0,0,0,0
1202,40.03333333333333,0,0,,,,,,,,,,,,,,,,,,0,,,,,0,0,,,,0,0,0,0,0
1203,40.06666666666667,1,0,,,,,,,,,,,,,,,,,,0,,,,,0,0,,,,0,0,0,0,0
1204,40.1,0,0,,,,,,,,,,,,,,,,,,0,,,,,0,0,,,,0,0,0,0,0
1205,40.13333333333333,0,0,,,,,,,,,,,,,,,,,,0,,,,,0,0,,,,0,0,0,0,0
1206,40.166666666666664,1,0,,,,,,,,,,,,,,,,,,0,,,,,0,0,,,,0,0,0,0,0
1207,40.2,0,0,,,,,,,,,,,,,,,,,,0,,,,,0,0,,,,0,0,0,0,0
1208,40.233333333333334,0,0,,,,,,,,,,,,,,,,,,0,,,,,0,0,,,,0,0,0,0,0
1209,40.266666666666666,1,0,,,,,,,,,,,,,,,,,,0,,,,,0,0,,,,0,0,0,0,0
1210,40.3,0,0,,,,,,,,,,,,,,,,,,0,,,,,0,0,,,,0,0,0,0,0
1211,40.333333333333336,0,0,,,,,,,,,,,,,,,,,,0,,,,,0,0,,,,0,0,0,0,0
1212,40.36666666666667,1,0,,,,,,,,,,,,,,,,,,0,,,,,0,0,,,,0,0,0,0,0
1213,40.4,0,0,,,,,,,,,,,,,,,,,,0,,,,,0,0,,,,0,0,0,0,0
1214,40.43333333333333,0,0,,,,,,,,,,,,,,,,,,0,,,,,0,0,,,,0,0,0,0,0
1215,40.46666666666667,1,0,,,,,,,,,,,,,,,,,,0,,,,,0,0,,,,0,0,0,0,0
1216,40.5,0,0,,,,,,,,,,,,,,,,,,0,,,,,0,0,,,,0,0,0,0,0
1217,40.53333333333333,0,0,,,,,,,,,,,,,,,,,,0,,,,,0,0,,,,0,0,0,0,0
1218,40.56666666666667,1,0,,,,,,,,,,,,,,,,,,0,,,,,0,0,,,,0,0,0,0,0
1219,40.6,0,0,,,,,,,,,,,,,,,,,,0,,,,,0,0,,,,0,0,0,0,0
1220,40.63333333333333,0,0,,,,,,,,,,,,,,,,,,0,,,,,0,0,,,,0,0,0,0,0
1221,40.666666666666664,1,0,,,,,,,,,,,,,,,,,,0,,,,,0,0,,,,0,0,0,0,0
1222,40.7,0,0,,,,,,,,,,,,,,,,,,0,,,,,0,0,,,,0,0,0,0,0
1223,40.733333333333334,0,0,,,,,,,,,,,,,,,,,,0,,,,,0,0,,,,0,0,0,0,0
1224,40.766666666666666,1,0,,,,,,,,,,,,,,,,,,0,,,,,0,0,,,,0,0,0,0,0
1225,40.8,0,0,,,,,,,,,,,,,,,,,,0,,,,,0,0,,,,0,0,0,0,0
1226,40.833333333333336,0,0,,,,,,,,,,,,,,,,,,0,,,,,0,0,,,,0,0,0,0,0
1227,40.86666666666667,1,0,,,,,,,,,,,,,,,,,,0,,,,,0,0,,,,0,0,0,0,0
1228,40.9,0,0,,,,,,,,,,,,,,,,,,0,,,,,0,0,,,,0,0,0,0,0
1229,40.93333333333333,0,0,,,,,,,,,,,,,,,,,,0,,,,,0,0,,,,0,0,0,0,0
1230,40.96666666666667,1,0,,,,,,,,,,,,,,,,,,0,,,,,0,0,,,,0,0,0,0,0
1231,41.0,0,0,,,,,,,,,,,,,,,,,,0,,,,,0,0,,,,0,0,0,0,0
1232,41.03333333333333,0,0,,,,,,,,,,,,,,,,,,0,,,,,0,0,,,,0,0,0,0,0
1233,41.06666666666667,1,0,,,,,,,,,,,,,,,,,,0,,,,,0,0,,,,0,0,0,0,0
1234,41.1,0,0,,,,,,,,,,,,,,,,,,0,,,,,0,0,,,,0,0,0,0,0
1235,41.13333333333333,0,0,,,,,,,,,,,,,,,,,,0,,,,,0,0,,,,0,0,0,0,0
1236,41.166666666666664,1,0,,,,,,,,,,,,,,,,,,0,,,,,0,0,,,,0,0,0,0,0
1237,41.2,0,0,,,,,,,,,,,,,,,,,,0,,,,,0,0,,,,0,0,0,0,0
1238,41.233333333333334,0,0,,,,,,,,,,,,,,,,,,0,,,,,0,0,,,,0,0,0,0,0
1239,41.266666666666666,1,0,,,,,,,,,,,,,,,,,,0,,,,,0,0,,,,0,0,0,0,0
1240,41.3,0,0,,,,,,,,,,,,,,,,,,0,,,,,0,0,,,,0,0,0,0,0
1241,41.333333333333336,0,0,,,,,,,,,,,,,,,,,,0,,,,,0,0,,,,0,0,0,0,0
1242,41.36666666666667,1,0,,,,,,,,,,,,,,,,,,0,,,,,0,0,,,,0,0,0,0,0
1243,41.4,0,0,,,,,,,,,,,,,,,,,,0,,,,,0,0,,,,0,0,0,0,0
1244,41.43333333333333,0,0,,,,,,,,,,,,,,,,,,0,,,,,0,0,,,,0,0,0,0,0
1245,41.46666666666667,1,0,,,,,,,,,,,,,,,,,,0,,,,,0,0,,,,0,0,0,0,0
1246,41.5,0,0,,,,,,,,,,,,,,,,,,0,,,,,0,0,,,,0,0,0,0,0
1247,41.53333333333333,0,0,,,,,,,,,,,,,,,,,,0,,,,,0,0,,,,0,0,0,0,0
1248,41.56666666666667,1,0,,,,,,,,,,,,,,,,,,0,,,,,0,0,,,,0,0,0,0,0
1249,41.6,0,0,,,,,,,,,,,,,,,,,,0,,,,,0,0,,,,0,0,0,0,0
1250,41.63333333333333,0,0,,,,,,,,,,,,,,,,,,0,,,,,0,0,,,,0,0,0,0,0
1251,41.666666666666664,1,0,,,,,,,,,,,,,,,,,,0,,,,,0,0,,,,0,0,0,0,0
1252,41.7,0,0,,,,,,,,,,,,,,,,,,0,,,,,0,0,,,,0,0,0,0,0
1253,41.733333333333334,0,0,,,,,,,,,,,,,,,,,,0,,,,,0,0,,,,0,0,0,0,0
1254,41.766666666666666,1,0,,,,,,,,,,,,,,,,,,0,,,,,0,0,,,,0,0,0,0,0
1255,41.8,0,0,,,,,,,,,,,,,,,,,,0,,,,,0,0,,,,0,0,0,0,0
1256,41.833333333333336,0,0,,,,,,,,,,,,,,,,,,0,,,,,0,0,,,,0,0,0,0,0
1257,41.86666666666667,1,0,,,,,,,,,,,,,,,,,,0,,,,,0,0,,,,0,0,0,0,0
1258,41.9,0,0,,,,,,,,,,,,,,,,,,0,,,,,0,0,,,,0,0,0,0,0
1259,41.93333333333333,0,0,,,,,,,,,,,,,,,,,,0,,,,,0,0,,,,0,0,0,0,0
1260,41.96666666666667,1,0,,,,,,,,,,,,,,,,,,0,,,,,0,0,,,,0,0,0,0,0
1261,42.0,0,0,,,,,,,,,,,,,,,,,,0,,,,,0,0,,,,0,0,0,0,0
1262,42.03333333333333,0,0,,,,,,,,,,,,,,,,,,0,,,,,0,0,,,,0,0,0,0,0
1263,42.06666666666667,1,0,,,,,,,,,,,,,,,,,,0,,,,,0,0,,,,0,0,0,0,0
1264,42.1,0,0,,,,,,,,,,,,,,,,,,0,,,,,0,0,,,,0,0,0,0,0
1265,42.13333333333333,0,0,,,,,,,,,,,,,,,,,,0,,,,,0,0,,,,0,0,0,0,0
1266,42.166666666666664,1,0,,,,,,,,,,,,,,,,,,0,,,,,0,0,,,,0,0,0,0,0
1267,42.2,0,0,,,,,,,,,,,,,,,,,,0,,,,,0,0,,,,0,0,0,0,0
1268,42.233333333333334,0,0,,,,,,,,,,,,,,,,,,0,,,,,0,0,,,,0,0,0,0,0
1269,42.266666666666666,1,0,,,,,,,,,,,,,,,,,,0,,,,,0,0,,,,0,0,0,0,0
1270,42.3,0,0,,,,,,,,,,,,,,,,,,0,,,,,0,0,,,,0,0,0,0,0
1271,42.333333333333336,0,0,,,,,,,,,,,,,,,,,,0,,,,,0,0,,,,0,0,0,0,0
1272,42.36666666666667,1,0,,,,,,,,,,,,,,,,,,0,,,,,0,0,,,,0,0,0,0,0
1273,42.4,0,0,,,,,,,,,,,,,,,,,,0,,,,,0,0,,,,0,0,0,0,0
1274,42.43333333333333,0,0,,,,,,,,,,,,,,,,,,0,,,,,0,0,,,,0,0,0,0,0
1275,42.46666666666667,1,0,,,,,,,,,,,,,,,,,,0,,,,,0,0,,,,0,0,0,0,0
1276,42.5,0,0,,,,,,,,,,,,,,,,,,0,,,,,0,0,,,,0,0,0,0,0
1277,42.53333333333333,0,0,,,,,,,,,,,,,,,,,,0,,,,,0,0,,,,0,0,0,0,0
1278,42.56666666666667,1,0,,,,,,,,,,,,,,,,,,0,,,,,0,0,,,,0,0,0,0,0
1279,42.6,0,0,,,,,,,,,,,,,,,,,,0,,,,,0,0,,,,0,0,0,0,0
1280,42.63333333333333,0,0,,,,,,,,,,,,,,,,,,0,,,,,0,0,,,,0,0,0,0,0
1281,42.666666666666664,1,0,,,,,,,,,,,,,,,,,,0,,,,,0,0,,,,0,0,0,0,0
1282,42.7,0,0,,,,,,,,,,,,,,,,,,0,,,,,0,0,,,,0,0,0,0,0
1283,42.733333333333334,0,0,,,,,,,,,,,,,,,,,,0,,,,,0,0,,,,0,0,0,0,0
1284,42.766666666666666,1,0,,,,,,,,,,,,,,,,,,0,,,,,0,0,,,,0,0,0,0,0
1285,42.8,0,0,,,,,,,,,,,,,,,,,,0,,,,,0,0,,,,0,0,0,0,0
1286,42.833333333333336,0,0,,,,,,,,,,,,,,,,,,0,,,,,0,0,,,,0,0,0,0,0
1287,42.86666666666667,1,0,,,,,,,,,,,,,,,,,,0,,,,,0,0,,,,0,0,0,0,0
1288,42.9,0,0,,,,,,,,,,,,,,,,,,0,,,,,0,0,,,,0,0,0,0,0
1289,42.93333333333333,0,0,,,,,,,,,,,,,,,,,,0,,,,,0,0,,,,0,0,0,0,0
1290,42.96666666666667,1,0,,,,,,,,,,,,,,,,,,0,,,,,0,0,,,,0,0,0,0,0
1291,43.0,0,0,,,,,,,,,,,,,,,,,,0,,,,,0,0,,,,0,0,0,0,0
1292,43.03333333333333,0,0,,,,,,,,,,,,,,,,,,0,,,,,0,0,,,,0,0,0,0,0
1293,43.06666666666667,1,0,,,,,,,,,,,,,,,,,,0,,,,,0,0,,,,0,0,0,0,0
1294,43.1,0,0,,,,,,,,,,,,,,,,,,0,,,,,0,0,,,,0,0,0,0,0
1295,43.13333333333333,0,0,,,,,,,,,,,,,,,,,,0,,,,,0,0,,,,0,0,0,0,0
1296,43.166666666666664,1,0,,,,,,,,,,,,,,,,,,0,,,,,0,0,,,,0,0,0,0,0
1297,43.2,0,0,,,,,,,,,,,,,,,,,,0,,,,,0,0,,,,0,0,0,0,0
1298,43.233333333333334,0,0,,,,,,,,,,,,,,,,,,0,,,,,0,0,,,,0,0,0,0,0
1299,43.266666666666666,1,0,,,,,,,,,,,,,,,,,,0,,,,,0,0,,,,0,0,0,0,0
1300,43.3,0,0,,,,,,,,,,,,,,,,,,0,,,,,0,0,,,,0,0,0,0,0
1301,43.333333333333336,0,0,,,,,,,,,,,,,,,,,,0,,,,,0,0,,,,0,0,0,0,0
1302,43.36666666666667,1,0,,,,,,,,,,,,,,,,,,0,,,,,0,0,,,,0,0,0,0,0
1303,43.4,0,0,,,,,,,,,,,,,,,,,,0,,,,,0,0,,,,0,0,0,0,0
1304,43.43333333333333,0,0,,,,,,,,,,,,,,,,,,0,,,,,0,0,,,,0,0,0,0,0
1305,43.46666666666667,1,0,,,,,,,,,,,,,,,,,,0,,,,,0,0,,,,0,0,0,0,0
1306,43.5,0,0,,,,,,,,,,,,,,,,,,0,,,,,0,0,,,,0,0,0,0,0
1307,43.53333333333333,0,0,,,,,,,,,,,,,,,,,,0,,,,,0,0,,,,0,0,0,0,0
1308,43.56666666666667,1,0,,,,,,,,,,,,,,,,,,0,,,,,0,0,,,,0,0,0,0,0
1309,43.6,0,0,,,,,,,,,,,,,,,,,,0,,,,,0,0,,,,0,0,0,0,0
1310,43.63333333333333,0,0,,,,,,,,,,,,,,,,,,0,,,,,0,0,,,,0,0,0,0,0
1311,43.666666666666664,1,0,,,,,,,,,,,,,,,,,,0,,,,,0,0,,,,0,0,0,0,0
1312,43.7,0,0,,,,,,,,,,,,,,,,,,0,,,,,0,0,,,,0,0,0,0,0
1313,43.733333333333334,0,0,,,,,,,,,,,,,,,,,,0,,,,,0,0,,,,0,0,0,0,0
1314,43.766666666666666,1,0,,,,,,,,,,,,,,,,,,0,,,,,0,0,,,,0,0,0,0,0
1315,43.8,0,0,,,,,,,,,,,,,,,,,,0,,,,,0,0,,,,0,0,0,0,0
1316,43.833333333333336,0,0,,,,,,,,,,,,,,,,,,0,,,,,0,0,,,,0,0,0,0,0
1317,43.86666666666667,1,0,,,,,,,,,,,,,,,,,,0,,,,,0,0,,,,0,0,0,0,0
1318,43.9,0,0,,,,,,,,,,,,,,,,,,0,,,,,0,0,,,,0,0,0,0,0
1319,43.93333333333333,0,0,,,,,,,,,,,,,,,,,,0,,,,,0,0,,,,0,0,0,0,0
1320,43.96666666666667,1,0,,,,,,,,,,,,,,,,,,0,,,,,0,0,,,,0,0,0,0,0
1321,44.0,0,0,,,,,,,,,,,,,,,,,,0,,,,,0,0,,,,0,0,0,0,0
1322,44.03333333333333,0,0,,,,,,,,,,,,,,,,,,0,,,,,0,0,,,,0,0,0,0,0
1323,44.06666666666667,1,0,,,,,,,,,,,,,,,,,,0,,,,,0,0,,,,0,0,0,0,0
1324,44.1,0,0,,,,,,,,,,,,,,,,,,0,,,,,0,0,,,,0,0,0,0,0
1325,44.13333333333333,0,0,,,,,,,,,,,,,,,,,,0,,,,,0,0,,,,0,0,0,0,0
1326,44.166666666666664,1,0,,,,,,,,,,,,,,,,,,0,,,,,0,0,,,,0,0,0,0,0
1327,44.2,0,0,,,,,,,,,,,,,,,,,,0,,,,,0,0,,,,0,0,0,0,0
1328,44.233333333333334,0,0,,,,,,,,,,,,,,,,,,0,,,,,0,0,,,,0,0,0,0,0
1329,44.266666666666666,1,0,,,,,,,,,,,,,,,,,,0,,,,,0,0,,,,0,0,0,0,0
1330,44.3,0,0,,,,,,,,,,,,,,,,,,0,,,,,0,0,,,,0,0,0,0,0
1331,44.333333333333336,0,0,,,,,,,,,,,,,,,,,,0,,,,,0,0,,,,0,0,0,0,0
1332,44.36666666666667,1,0,,,,,,,,,,,,,,,,,,0,,,,,0,0,,,,0,0,0,0,0
1333,44.4,0,0,,,,,,,,,,,,,,,,,,0,,,,,0,0,,,,0,0,0,0,0
1334,44.43333333333333,0,0,,,,,,,,,,,,,,,,,,0,,,,,0,0,,,,0,0,0,0,0
1335,44.46666666666667,1,0,,,,,,,,,,,,,,,,,,0,,,,,0,0,,,,0,0,0,0,0
1336,44.5,0,0,,,,,,,,,,,,,,,,,,0,,,,,0,0,,,,0,0,0,0,0
1337,44.53333333333333,0,0,,,,,,,,,,,,,,,,,,0,,,,,0,0,,,,0,0,0,0,0
1338,44.56666666666667,1,0,,,,,,,,,,,,,,,,,,0,,,,,0,0,,,,0,0,0,0,0
1339,44.6,0,0,,,,,,,,,,,,,,,,,,0,,,,,0,0,,,,0,0,0,0,0
1340,44.63333333333333,0,0,,,,,,,,,,,,,,,,,,0,,,,,0,0,,,,0,0,0,0,0
1341,44.666666666666664,1,0,,,,,,,,,,,,,,,,,,0,,,,,0,0,,,,0,0,0,0,0
1342,44.7,0,0,,,,,,,,,,,,,,,,,,0,,,,,0,0,,,,0,0,0,0,0
1343,44.733333333333334,0,0,,,,,,,,,,,,,,,,,,0,,,,,0,0,,,,0,0,0,0,0
1344,44.766666666666666,1,0,,,,,,,,,,,,,,,,,,0,,,,,0,0,,,,0,0,0,0,0
1345,44.8,0,0,,,,,,,,,,,,,,,,,,0,,,,,0,0,,,,0,0,0,0,0
1346,44.833333333333336,0,0,,,,,,,,,,,,,,,,,,0,,,,,0,0,,,,0,0,0,0,0
1347,44.86666666666667,1,0,,,,,,,,,,,,,,,,,,0,,,,,0,0,,,,0,0,0,0,0
1348,44.9,0,0,,,,,,,,,,,,,,,,,,0,,,,,0,0,,,,0,0,0,0,0
1349,44.93333333333333,0,0,,,,,,,,,,,,,,,,,,0,,,,,0,0,,,,0,0,0,0,0
1350,44.96666666666667,1,0,,,,,,,,,,,,,,,,,,0,,,,,0,0,,,,0,0,0,0,0
1351,45.0,0,0,,,,,,,,,,,,,,,,,,0,,,,,0,0,,,,0,0,0,0,0
1352,45.03333333333333,0,0,,,,,,,,,,,,,,,,,,0,,,,,0,0,,,,0,0,0,0,0
1353,45.06666666666667,1,0,,,,,,,,,,,,,,,,,,0,,,,,0,0,,,,0,0,0,0,0
1354,45.1,0,0,,,,,,,,,,,,,,,,,,0,,,,,0,0,,,,0,0,0,0,0
1355,45.13333333333333,0,0,,,,,,,,,,,,,,,,,,0,,,,,0,0,,,,0,0,0,0,0
1356,45.166666666666664,1,0,,,,,,,,,,,,,,,,,,0,,,,,0,0,,,,0,0,0,0,0
1357,45.2,0,0,,,,,,,,,,,,,,,,,,0,,,,,0,0,,,,0,0,0,0,0
1358,45.233333333333334,0,0,,,,,,,,,,,,,,,,,,0,,,,,0,0,,,,0,0,0,0,0
1359,45.266666666666666,1,0,,,,,,,,,,,,,,,,,,0,,,,,0,0,,,,0,0,0,0,0
1360,45.3,0,0,,,,,,,,,,,,,,,,,,0,,,,,0,0,,,,0,0,0,0,0
1361,45.333333333333336,0,0,,,,,,,,,,,,,,,,,,0,,,,,0,0,,,,0,0,0,0,0
1362,45.36666666666667,1,0,,,,,,,,,,,,,,,,,,0,,,,,0,0,,,,0,0,0,0,0
1363,45.4,0,0,,,,,,,,,,,,,,,,,,0,,,,,0,0,,,,0,0,0,0,0
1364,45.43333333333333,0,0,,,,,,,,,,,,,,,,,,0,,,,,0,0,,,,0,0,0,0,0
1365,45.46666666666667,1,0,,,,,,,,,,,,,,,,,,0,,,,,0,0,,,,0,0,0,0,0
1366,45.5,0,0,,,,,,,,,,,,,,,,,,0,,,,,0,0,,,,0,0,0,0,0
1367,45.53333333333333,0,0,,,,,,,,,,,,,,,,,,0,,,,,0,0,,,,0,0,0,0,0
1368,45.56666666666667,1,0,,,,,,,,,,,,,,,,,,0,,,,,0,0,,,,0,0,0,0,0
1369,45.6,0,0,,,,,,,,,,,,,,,,,,0,,,,,0,0,,,,0,0,0,0,0
1370,45.63333333333333,0,0,,,,,,,,,,,,,,,,,,0,,,,,0,0,,,,0,0,0,0,0
1371,45.666666666666664,1,0,,,,,,,,,,,,,,,,,,0,,,,,0,0,,,,0,0,0,0,0
1372,45.7,0,0,,,,,,,,,,,,,,,,,,0,,,,,0,0,,,,0,0,0,0,0
1373,45.733333333333334,0,0,,,,,,,,,,,,,,,,,,0,,,,,0,0,,,,0,0,0,0,0
1374,45.766666666666666,1,0,,,,,,,,,,,,,,,,,,0,,,,,0,0,,,,0,0,0,0,0
1375,45.8,0,0,,,,,,,,,,,,,,,,,,0,,,,,0,0,,,,0,0,0,0,0
1376,45.833333333333336,0,0,,,,,,,,,,,,,,,,,,0,,,,,0,0,,,,0,0,0,0,0
1377,45.86666666666667,1,0,,,,,,,,,,,,,,,,,,0,,,,,0,0,,,,0,0,0,0,0
1378,45.9,0,0,,,,,,,,,,,,,,,,,,0,,,,,0,0,,,,0,0,0,0,0
1379,45.93333333333333,0,0,,,,,,,,,,,,,,,,,,0,,,,,0,0,,,,0,0,0,0,0
1380,45.96666666666667,1,0,,,,,,,,,,,,,,,,,,0,,,,,0,0,,,,0,0,0,0,0
1381,46.0,0,0,,,,,,,,,,,,,,,,,,0,,,,,0,0,,,,0,0,0,0,0
1382,46.03333333333333,0,0,,,,,,,,,,,,,,,,,,0,,,,,0,0,,,,0,0,0,0,0
1383,46.06666666666667,1,0,,,,,,,,,,,,,,,,,,0,,,,,0,0,,,,0,0,0,0,0
1384,46.1,0,0,,,,,,,,,,,,,,,,,,0,,,,,0,0,,,,0,0,0,0,0
1385,46.13333333333333,0,0,,,,,,,,,,,,,,,,,,0,,,,,0,0,,,,0,0,0,0,0
1386,46.166666666666664,1,0,,,,,,,,,,,,,,,,,,0,,,,,0,0,,,,0,0,0,0,0
1387,46.2,0,0,,,,,,,,,,,,,,,,,,0,,,,,0,0,,,,0,0,0,0,0
1388,46.233333333333334,0,0,,,,,,,,,,,,,,,,,,0,,,,,0,0,,,,0,0,0,0,0
1389,46.266666666666666,1,0,,,,,,,,,,,,,,,,,,0,,,,,0,0,,,,0,0,0,0,0
1390,46.3,0,0,,,,,,,,,,,,,,,,,,0,,,,,0,0,,,,0,0,0,0,0
1391,46.333333333333336,0,0,,,,,,,,,,,,,,,,,,0,,,,,0,0,,,,0,0,0,0,0
1392,46.36666666666667,1,0,,,,,,,,,,,,,,,,,,0,,,,,0,0,,,,0,0,0,0,0
1393,46.4,0,0,,,,,,,,,,,,,,,,,,0,,,,,0,0,,,,0,0,0,0,0
1394,46.43333333333333,0,0,,,,,,,,,,,,,,,,,,0,,,,,0,0,,,,0,0,0,0,0
1395,46.46666666666667,1,0,,,,,,,,,,,,,,,,,,0,,,,,0,0,,,,0,0,0,0,0
1396,46.5,0,0,,,,,,,,,,,,,,,,,,0,,,,,0,0,,,,0,0,0,0,0
1397,46.53333333333333,0,0,,,,,,,,,,,,,,,,,,0,,,,,0,0,,,,0,0,0,0,0
1398,46.56666666666667,1,0,,,,,,,,,,,,,,,,,,0,,,,,0,0,,,,0,0,0,0,0
1399,46.6,0,0,,,,,,,,,,,,,,,,,,0,,,,,0,0,,,,0,0,0,0,0
1400,46.63333333333333,0,0,,,,,,,,,,,,,,,,,,0,,,,,0,0,,,,0,0,0,0,0
1401,46.666666666666664,1,0,,,,,,,,,,,,,,,,,,0,,,,,0,0,,,,0,0,0,0,0
1402,46.7,0,0,,,,,,,,,,,,,,,,,,0,,,,,0,0,,,,0,0,0,0,0
1403,46.733333333333334,0,0,,,,,,,,,,,,,,,,,,0,,,,,0,0,,,,0,0,0,0,0
1404,46.766666666666666,1,0,,,,,,,,,,,,,,,,,,0,,,,,0,0,,,,0,0,0,0,0
1405,46.8,0,0,,,,,,,,,,,,,,,,,,0,,,,,0,0,,,,0,0,0,0,0
1406,46.833333333333336,0,0,,,,,,,,,,,,,,,,,,0,,,,,0,0,,,,0,0,0,0,0
1407,46.86666666666667,1,0,,,,,,,,,,,,,,,,,,0,,,,,0,0,,,,0,0,0,0,0
1408,46.9,0,0,,,,,,,,,,,,,,,,,,0,,,,,0,0,,,,0,0,0,0,0
1409,46.93333333333333,0,0,,,,,,,,,,,,,,,,,,0,,,,,0,0,,,,0,0,0,0,0
1410,46.96666666666667,1,0,,,,,,,,,,,,,,,,,,0,,,,,0,0,,,,0,0,0,0,0
1411,47.0,0,0,,,,,,,,,,,,,,,,,,0,,,,,0,0,,,,0,0,0,0,0
1412,47.03333333333333,0,0,,,,,,,,,,,,,,,,,,0,,,,,0,0,,,,0,0,0,0,0
1413,47.06666666666667,1,0,,,,,,,,,,,,,,,,,,0,,,,,0,0,,,,0,0,0,0,0
1414,47.1,0,0,,,,,,,,,,,,,,,,,,0,,,,,0,0,,,,0,0,0,0,0
1415,47.13333333333333,0,0,,,,,,,,,,,,,,,,,,0,,,,,0,0,,,,0,0,0,0,0
1416,47.166666666666664,1,0,,,,,,,,,,,,,,,,,,0,,,,,0,0,,,,0,0,0,0,0
1417,47.2,0,0,,,,,,,,,,,,,,,,,,0,,,,,0,0,,,,0,0,0,0,0
1418,47.233333333333334,0,0,,,,,,,,,,,,,,,,,,0,,,,,0,0,,,,0,0,0,0,0
1419,47.266666666666666,1,0,,,,,,,,,,,,,,,,,,0,,,,,0,0,,,,0,0,0,0,0
1420,47.3,0,0,,,,,,,,,,,,,,,,,,0,,,,,0,0,,,,0,0,0,0,0
1421,47.333333333333336,0,0,,,,,,,,,,,,,,,,,,0,,,,,0,0,,,,0,0,0,0,0
1422,47.36666666666667,1,0,,,,,,,,,,,,,,,,,,0,,,,,0,0,,,,0,0,0,0,0
1423,47.4,0,0,,,,,,,,,,,,,,,,,,0,,,,,0,0,,,,0,0,0,0,0
1424,47.43333333333333,0,0,,,,,,,,,,,,,,,,,,0,,,,,0,0,,,,0,0,0,0,0
1425,47.46666666666667,1,0,,,,,,,,,,,,,,,,,,0,,,,,0,0,,,,0,0,0,0,0
1426,47.5,0,0,,,,,,,,,,,,,,,,,,0,,,,,0,0,,,,0,0,0,0,0
1427,47.53333333333333,0,0,,,,,,,,,,,,,,,,,,0,,,,,0,0,,,,0,0,0,0,0
1428,47.56666666666667,1,0,,,,,,,,,,,,,,,,,,0,,,,,0,0,,,,0,0,0,0,0
1429,47.6,0,0,,,,,,,,,,,,,,,,,,0,,,,,0,0,,,,0,0,0,0,0
1430,47.63333333333333,0,0,,,,,,,,,,,,,,,,,,0,,,,,0,0,,,,0,0,0,0,0
1431,47.666666666666664,1,0,,,,,,,,,,,,,,,,,,0,,,,,0,0,,,,0,0,0,0,0
1432,47.7,0,0,,,,,,,,,,,,,,,,,,0,,,,,0,0,,,,0,0,0,0,0
1433,47.733333333333334,0,0,,,,,,,,,,,,,,,,,,0,,,,,0,0,,,,0,0,0,0,0
1434,47.766666666666666,1,0,,,,,,,,,,,,,,,,,,0,,,,,0,0,,,,0,0,0,0,0
1435,47.8,0,0,,,,,,,,,,,,,,,,,,0,,,,,0,0,,,,0,0,0,0,0
1436,47.833333333333336,0,0,,,,,,,,,,,,,,,,,,0,,,,,0,0,,,,0,0,0,0,0
1437,47.86666666666667,1,0,,,,,,,,,,,,,,,,,,0,,,,,0,0,,,,0,0,0,0,0
1438,47.9,0,0,,,,,,,,,,,,,,,,,,0,,,,,0,0,,,,0,0,0,0,0
1439,47.93333333333333,0,0,,,,,,,,,,,,,,,,,,0,,,,,0,0,,,,0,0,0,0,0
1440,47.96666666666667,1,0,,,,,,,,,,,,,,,,,,0,,,,,0,0,,,,0,0,0,0,0
1441,48.0,0,0,,,,,,,,,,,,,,,,,,0,,,,,0,0,,,,0,0,0,0,0
1442,48.03333333333333,0,0,,,,,,,,,,,,,,,,,,0,,,,,0,0,,,,0,0,0,0,0
1443,48.06666666666667,1,0,,,,,,,,,,,,,,,,,,0,,,,,0,0,,,,0,0,0,0,0
1444,48.1,0,0,,,,,,,,,,,,,,,,,,0,,,,,0,0,,,,0,0,0,0,0
1445,48.13333333333333,0,0,,,,,,,,,,,,,,,,,,0,,,,,0,0,,,,0,0,0,0,0
1446,48.166666666666664,1,0,,,,,,,,,,,,,,,,,,0,,,,,0,0,,,,0,0,0,0,0
1447,48.2,0,0,,,,,,,,,,,,,,,,,,0,,,,,0,0,,,,0,0,0,0,0
1448,48.233333333333334,0,0,,,,,,,,,,,,,,,,,,0,,,,,0,0,,,,0,0,0,0,0
1449,48.266666666666666,1,0,,,,,,,,,,,,,,,,,,0,,,,,0,0,,,,0,0,0,0,0
1450,48.3,0,0,,,,,,,,,,,,,,,,,,0,,,,,0,0,,,,0,0,0,0,0
1451,48.333333333333336,0,0,,,,,,,,,,,,,,,,,,0,,,,,0,0,,,,0,0,0,0,0
1452,48.36666666666667,1,0,,,,,,,,,,,,,,,,,,0,,,,,0,0,,,,0,0,0,0,0
1453,48.4,0,0,,,,,,,,,,,,,,,,,,0,,,,,0,0,,,,0,0,0,0,0
1454,48.43333333333333,0,0,,,,,,,,,,,,,,,,,,0,,,,,0,0,,,,0,0,0,0,0
1455,48.46666666666667,1,0,,,,,,,,,,,,,,,,,,0,,,,,0,0,,,,0,0,0,0,0
1456,48.5,0,0,,,,,,,,,,,,,,,,,,0,,,,,0,0,,,,0,0,0,0,0
1457,48.53333333333333,0,0,,,,,,,,,,,,,,,,,,0,,,,,0,0,,,,0,0,0,0,0
1458,48.56666666666667,1,0,,,,,,,,,,,,,,,,,,0,,,,,0,0,,,,0,0,0,0,0
1459,48.6,0,0,,,,,,,,,,,,,,,,,,0,,,,,0,0,,,,0,0,0,0,0
1460,48.63333333333333,0,0,,,,,,,,,,,,,,,,,,0,,,,,0,0,,,,0,0,0,0,0
1461,48.666666666666664,1,0,,,,,,,,,,,,,,,,,,0,,,,,0,0,,,,0,0,0,0,0
1462,48.7,0,0,,,,,,,,,,,,,,,,,,0,,,,,0,0,,,,0,0,0,0,0
1463,48.733333333333334,0,0,,,,,,,,,,,,,,,,,,0,,,,,0,0,,,,0,0,0,0,0
1464,48.766666666666666,1,0,,,,,,,,,,,,,,,,,,0,,,,,0,0,,,,0,0,0,0,0
1465,48.8,0,0,,,,,,,,,,,,,,,,,,0,,,,,0,0,,,,0,0,0,0,0
1466,48.833333333333336,0,0,,,,,,,,,,,,,,,,,,0,,,,,0,0,,,,0,0,0,0,0
1467,48.86666666666667,1,0,,,,,,,,,,,,,,,,,,0,,,,,0,0,,,,0,0,0,0,0
1468,48.9,0,0,,,,,,,,,,,,,,,,,,0,,,,,0,0,,,,0,0,0,0,0
1469,48.93333333333333,0,0,,,,,,,,,,,,,,,,,,0,,,,,0,0,,,,0,0,0,0,0
1470,48.96666666666667,1,0,,,,,,,,,,,,,,,,,,0,,,,,0,0,,,,0,0,0,0,0
1471,49.0,0,0,,,,,,,,,,,,,,,,,,0,,,,,0,0,,,,0,0,0,0,0
1472,49.03333333333333,0,0,,,,,,,,,,,,,,,,,,0,,,,,0,0,,,,0,0,0,0,0
1473,49.06666666666667,1,0,,,,,,,,,,,,,,,,,,0,,,,,0,0,,,,0,0,0,0,0
1474,49.1,0,0,,,,,,,,,,,,,,,,,,0,,,,,0,0,,,,0,0,0,0,0
1475,49.13333333333333,0,0,,,,,,,,,,,,,,,,,,0,,,,,0,0,,,,0,0,0,0,0
1476,49.166666666666664,1,0,,,,,,,,,,,,,,,,,,0,,,,,0,0,,,,0,0,0,0,0
1477,49.2,0,0,,,,,,,,,,,,,,,,,,0,,,,,0,0,,,,0,0,0,0,0
1478,49.233333333333334,0,0,,,,,,,,,,,,,,,,,,0,,,,,0,0,,,,0,0,0,0,0
1479,49.266666666666666,1,0,,,,,,,,,,,,,,,,,,0,,,,,0,0,,,,0,0,0,0,0
1480,49.3,0,0,,,,,,,,,,,,,,,,,,0,,,,,0,0,,,,0,0,0,0,0
1481,49.333333333333336,0,0,,,,,,,,,,,,,,,,,,0,,,,,0,0,,,,0,0,0,0,0
1482,49.36666666666667,1,0,,,,,,,,,,,,,,,,,,0,,,,,0,0,,,,0,0,0,0,0
1483,49.4,0,0,,,,,,,,,,,,,,,,,,0,,,,,0,0,,,,0,0,0,0,0
1484,49.43333333333333,0,0,,,,,,,,,,,,,,,,,,0,,,,,0,0,,,,0,0,0,0,0
1485,49.46666666666667,1,0,,,,,,,,,,,,,,,,,,0,,,,,0,0,,,,0,0,0,0,0
1486,49.5,0,0,,,,,,,,,,,,,,,,,,0,,,,,0,0,,,,0,0,0,0,0
1487,49.53333333333333,0,0,,,,,,,,,,,,,,,,,,0,,,,,0,0,,,,0,0,0,0,0
1488,49.56666666666667,1,0,,,,,,,,,,,,,,,,,,0,,,,,0,0,,,,0,0,0,0,0
1489,49.6,0,0,,,,,,,,,,,,,,,,,,0,,,,,0,0,,,,0,0,0,0,0
1490,49.63333333333333,0,0,,,,,,,,,,,,,,,,,,0,,,,,0,0,,,,0,0,0,0,0
1491,49.666666666666664,1,0,,,,,,,,,,,,,,,,,,0,,,,,0,0,,,,0,0,0,0,0
1492,49.7,0,0,,,,,,,,,,,,,,,,,,0,,,,,0,0,,,,0,0,0,0,0
1493,49.733333333333334,0,0,,,,,,,,,,,,,,,,,,0,,,,,0,0,,,,0,0,0,0,0
1494,49.766666666666666,1,0,,,,,,,,,,,,,,,,,,0,,,,,0,0,,,,0,0,0,0,0
1495,49.8,0,0,,,,,,,,,,,,,,,,,,0,,,,,0,0,,,,0,0,0,0,0
1496,49.833333333333336,0,0,,,,,,,,,,,,,,,,,,0,,,,,0,0,,,,0,0,0,0,0
1497,49.86666666666667,1,0,,,,,,,,,,,,,,,,,,0,,,,,0,0,,,,0,0,0,0,0
1498,49.9,0,0,,,,,,,,,,,,,,,,,,0,,,,,0,0,,,,0,0,0,0,0
1499,49.93333333333333,0,0,,,,,,,,,,,,,,,,,,0,,,,,0,0,,,,0,0,0,0,0
1500,49.96666666666667,1,0,,,,,,,,,,,,,,,,,,0,,,,,0,0,,,,0,0,0,0,0
1501,50.0,0,0,,,,,,,,,,,,,,,,,,0,,,,,0,0,,,,0,0,0,0,0
1502,50.03333333333333,0,0,,,,,,,,,,,,,,,,,,0,,,,,0,0,,,,0,0,0,0,0
1503,50.06666666666667,1,0,,,,,,,,,,,,,,,,,,0,,,,,0,0,,,,0,0,0,0,0
1504,50.1,0,0,,,,,,,,,,,,,,,,,,0,,,,,0,0,,,,0,0,0,0,0
1505,50.13333333333333,0,0,,,,,,,,,,,,,,,,,,0,,,,,0,0,,,,0,0,0,0,0
1506,50.166666666666664,1,0,,,,,,,,,,,,,,,,,,0,,,,,0,0,,,,0,0,0,0,0
1507,50.2,0,0,,,,,,,,,,,,,,,,,,0,,,,,0,0,,,,0,0,0,0,0
1508,50.233333333333334,0,0,,,,,,,,,,,,,,,,,,0,,,,,0,0,,,,0,0,0,0,0
1509,50.266666666666666,1,0,,,,,,,,,,,,,,,,,,0,,,,,0,0,,,,0,0,0,0,0
1510,50.3,0,0,,,,,,,,,,,,,,,,,,0,,,,,0,0,,,,0,0,0,0,0
1511,50.333333333333336,0,0,,,,,,,,,,,,,,,,,,0,,,,,0,0,,,,0,0,0,0,0
1512,50.36666666666667,1,0,,,,,,,,,,,,,,,,,,0,,,,,0,0,,,,0,0,0,0,0
1513,50.4,0,0,,,,,,,,,,,,,,,,,,0,,,,,0,0,,,,0,0,0,0,0
1514,50.43333333333333,0,0,,,,,,,,,,,,,,,,,,0,,,,,0,0,,,,0,0,0,0,0
1515,50.46666666666667,1,0,,,,,,,,,,,,,,,,,,0,,,,,0,0,,,,0,0,0,0,0
1516,50.5,0,0,,,,,,,,,,,,,,,,,,0,,,,,0,0,,,,0,0,0,0,0
1517,50.53333333333333,0,0,,,,,,,,,,,,,,,,,,0,,,,,0,0,,,,0,0,0,0,0
1518,50.56666666666667,1,0,,,,,,,,,,,,,,,,,,0,,,,,0,0,,,,0,0,0,0,0
1519,50.6,0,0,,,,,,,,,,,,,,,,,,0,,,,,0,0,,,,0,0,0,0,0
1520,50.63333333333333,0,0,,,,,,,,,,,,,,,,,,0,,,,,0,0,,,,0,0,0,0,0
1521,50.666666666666664,1,0,,,,,,,,,,,,,,,,,,0,,,,,0,0,,,,0,0,0,0,0
1522,50.7,0,0,,,,,,,,,,,,,,,,,,0,,,,,0,0,,,,0,0,0,0,0
1523,50.733333333333334,0,0,,,,,,,,,,,,,,,,,,0,,,,,0,0,,,,0,0,0,0,0
1524,50.766666666666666,1,0,,,,,,,,,,,,,,,,,,0,,,,,0,0,,,,0,0,0,0,0
1525,50.8,0,0,,,,,,,,,,,,,,,,,,0,,,,,0,0,,,,0,0,0,0,0
1526,50.833333333333336,0,0,,,,,,,,,,,,,,,,,,0,,,,,0,0,,,,0,0,0,0,0
1527,50.86666666666667,1,0,,,,,,,,,,,,,,,,,,0,,,,,0,0,,,,0,0,0,0,0
1528,50.9,0,0,,,,,,,,,,,,,,,,,,0,,,,,0,0,,,,0,0,0,0,0
1529,50.93333333333333,0,0,,,,,,,,,,,,,,,,,,0,,,,,0,0,,,,0,0,0,0,0
1530,50.96666666666667,1,0,,,,,,,,,,,,,,,,,,0,,,,,0,0,,,,0,0,0,0,0
1531,51.0,0,0,,,,,,,,,,,,,,,,,,0,,,,,0,0,,,,0,0,0,0,0
1532,51.03333333333333,0,0,,,,,,,,,,,,,,,,,,0,,,,,0,0,,,,0,0,0,0,0
1533,51.06666666666667,1,0,,,,,,,,,,,,,,,,,,0,,,,,0,0,,,,0,0,0,0,0
1534,51.1,0,0,,,,,,,,,,,,,,,,,,0,,,,,0,0,,,,0,0,0,0,0
1535,51.13333333333333,0,0,,,,,,,,,,,,,,,,,,0,,,,,0,0,,,,0,0,0,0,0
1536,51.166666666666664,1,0,,,,,,,,,,,,,,,,,,0,,,,,0,0,,,,0,0,0,0,0
1537,51.2,0,0,,,,,,,,,,,,,,,,,,0,,,,,0,0,,,,0,0,0,0,0
1538,51.233333333333334,0,0,,,,,,,,,,,,,,,,,,0,,,,,0,0,,,,0,0,0,0,0
1539,51.266666666666666,1,0,,,,,,,,,,,,,,,,,,0,,,,,0,0,,,,0,0,0,0,0
1540,51.3,0,0,,,,,,,,,,,,,,,,,,0,,,,,0,0,,,,0,0,0,0,0
1541,51.333333333333336,0,0,,,,,,,,,,,,,,,,,,0,,,,,0,0,,,,0,0,0,0,0
1542,51.36666666666667,1,0,,,,,,,,,,,,,,,,,,0,,,,,0,0,,,,0,0,0,0,0
1543,51.4,0,0,,,,,,,,,,,,,,,,,,0,,,,,0,0,,,,0,0,0,0,0
1544,51.43333333333333,0,0,,,,,,,,,,,,,,,,,,0,,,,,0,0,,,,0,0,0,0,0
1545,51.46666666666667,1,0,,,,,,,,,,,,,,,,,,0,,,,,0,0,,,,0,0,0,0,0
1546,51.5,0,0,,,,,,,,,,,,,,,,,,0,,,,,0,0,,,,0,0,0,0,0
1547,51.53333333333333,0,0,,,,,,,,,,,,,,,,,,0,,,,,0,0,,,,0,0,0,0,0
1548,51.56666666666667,1,0,,,,,,,,,,,,,,,,,,0,,,,,0,0,,,,0,0,0,0,0
1549,51.6,0,0,,,,,,,,,,,,,,,,,,0,,,,,0,0,,,,0,0,0,0,0
1550,51.63333333333333,0,0,,,,,,,,,,,,,,,,,,0,,,,,0,0,,,,0,0,0,0,0
1551,51.666666666666664,1,0,,,,,,,,,,,,,,,,,,0,,,,,0,0,,,,0,0,0,0,0
1552,51.7,0,0,,,,,,,,,,,,,,,,,,0,,,,,0,0,,,,0,0,0,0,0
1553,51.733333333333334,0,0,,,,,,,,,,,,,,,,,,0,,,,,0,0,,,,0,0,0,0,0
1554,51.766666666666666,1,0,,,,,,,,,,,,,,,,,,0,,,,,0,0,,,,0,0,0,0,0
1555,51.8,0,0,,,,,,,,,,,,,,,,,,0,,,,,0,0,,,,0,0,0,0,0
1556,51.833333333333336,0,0,,,,,,,,,,,,,,,,,,0,,,,,0,0,,,,0,0,0,0,0
1557,51.86666666666667,1,0,,,,,,,,,,,,,,,,,,0,,,,,0,0,,,,0,0,0,0,0
1558,51.9,0,0,,,,,,,,,,,,,,,,,,0,,,,,0,0,,,,0,0,0,0,0
1559,51.93333333333333,0,0,,,,,,,,,,,,,,,,,,0,,,,,0,0,,,,0,0,0,0,0
1560,51.96666666666667,1,0,,,,,,,,,,,,,,,,,,0,,,,,0,0,,,,0,0,0,0,0
1561,52.0,0,0,,,,,,,,,,,,,,,,,,0,,,,,0,0,,,,0,0,0,0,0
1562,52.03333333333333,0,0,,,,,,,,,,,,,,,,,,0,,,,,0,0,,,,0,0,0,0,0
1563,52.06666666666667,1,0,,,,,,,,,,,,,,,,,,0,,,,,0,0,,,,0,0,0,0,0
1564,52.1,0,0,,,,,,,,,,,,,,,,,,0,,,,,0,0,,,,0,0,0,0,0
1565,52.13333333333333,0,0,,,,,,,,,,,,,,,,,,0,,,,,0,0,,,,0,0,0,0,0
1566,52.166666666666664,1,0,,,,,,,,,,,,,,,,,,0,,,,,0,0,,,,0,0,0,0,0
1567,52.2,0,0,,,,,,,,,,,,,,,,,,0,,,,,0,0,,,,0,0,0,0,0
1568,52.233333333333334,0,0,,,,,,,,,,,,,,,,,,0,,,,,0,0,,,,0,0,0,0,0
1569,52.266666666666666,1,0,,,,,,,,,,,,,,,,,,0,,,,,0,0,,,,0,0,0,0,0
1570,52.3,0,0,,,,,,,,,,,,,,,,,,0,,,,,0,0,,,,0,0,0,0,0
1571,52.333333333333336,0,0,,,,,,,,,,,,,,,,,,0,,,,,0,0,,,,0,0,0,0,0
1572,52.36666666666667,1,0,,,,,,,,,,,,,,,,,,0,,,,,0,0,,,,0,0,0,0,0
1573,52.4,0,0,,,,,,,,,,,,,,,,,,0,,,,,0,0,,,,0,0,0,0,0
1574,52.43333333333333,0,0,,,,,,,,,,,,,,,,,,0,,,,,0,0,,,,0,0,0,0,0
1575,52.46666666666667,1,0,,,,,,,,,,,,,,,,,,0,,,,,0,0,,,,0,0,0,0,0
1576,52.5,0,0,,,,,,,,,,,,,,,,,,0,,,,,0,0,,,,0,0,0,0,0
1577,52.53333333333333,0,0,,,,,,,,,,,,,,,,,,0,,,,,0,0,,,,0,0,0,0,0
1578,52.56666666666667,1,0,,,,,,,,,,,,,,,,,,0,,,,,0,0,,,,0,0,0,0,0
1579,52.6,0,0,,,,,,,,,,,,,,,,,,0,,,,,0,0,,,,0,0,0,0,0
1580,52.63333333333333,0,0,,,,,,,,,,,,,,,,,,0,,,,,0,0,,,,0,0,0,0,0
1581,52.666666666666664,1,0,,,,,,,,,,,,,,,,,,0,,,,,0,0,,,,0,0,0,0,0
1582,52.7,0,0,,,,,,,,,,,,,,,,,,0,,,,,0,0,,,,0,0,0,0,0
1583,52.733333333333334,0,0,,,,,,,,,,,,,,,,,,0,,,,,0,0,,,,0,0,0,0,0
1584,52.766666666666666,1,0,,,,,,,,,,,,,,,,,,0,,,,,0,0,,,,0,0,0,0,0
1585,52.8,0,0,,,,,,,,,,,,,,,,,,0,,,,,0,0,,,,0,0,0,0,0
1586,52.833333333333336,0,0,,,,,,,,,,,,,,,,,,0,,,,,0,0,,,,0,0,0,0,0
1587,52.86666666666667,1,0,,,,,,,,,,,,,,,,,,0,,,,,0,0,,,,0,0,0,0,0
1588,52.9,0,0,,,,,,,,,,,,,,,,,,0,,,,,0,0,,,,0,0,0,0,0
1589,52.93333333333333,0,0,,,,,,,,,,,,,,,,,,0,,,,,0,0,,,,0,0,0,0,0
1590,52.96666666666667,1,0,,,,,,,,,,,,,,,,,,0,,,,,0,0,,,,0,0,0,0,0
1591,53.0,0,0,,,,,,,,,,,,,,,,,,0,,,,,0,0,,,,0,0,0,0,0
1592,53.03333333333333,0,0,,,,,,,,,,,,,,,,,,0,,,,,0,0,,,,0,0,0,0,0
1593,53.06666666666667,1,0,,,,,,,,,,,,,,,,,,0,,,,,0,0,,,,0,0,0,0,0
1594,53.1,0,0,,,,,,,,,,,,,,,,,,0,,,,,0,0,,,,0,0,0,0,0
1595,53.13333333333333,0,0,,,,,,,,,,,,,,,,,,0,,,,,0,0,,,,0,0,0,0,0
1596,53.166666666666664,1,0,,,,,,,,,,,,,,,,,,0,,,,,0,0,,,,0,0,0,0,0
1597,53.2,0,0,,,,,,,,,,,,,,,,,,0,,,,,0,0,,,,0,0,0,0,0
1598,53.233333333333334,0,0,,,,,,,,,,,,,,,,,,0,,,,,0,0,,,,0,0,0,0,0
1599,53.266666666666666,1,0,,,,,,,,,,,,,,,,,,0,,,,,0,0,,,,0,0,0,0,0
1600,53.3,0,0,,,,,,,,,,,,,,,,,,0,,,,,0,0,,,,0,0,0,0,0
1601,53.333333333333336,0,0,,,,,,,,,,,,,,,,,,0,,,,,0,0,,,,0,0,0,0,0
1602,53.36666666666667,1,0,,,,,,,,,,,,,,,,,,0,,,,,0,0,,,,0,0,0,0,0
1603,53.4,0,0,,,,,,,,,,,,,,,,,,0,,,,,0,0,,,,0,0,0,0,0
1604,53.43333333333333,0,0,,,,,,,,,,,,,,,,,,0,,,,,0,0,,,,0,0,0,0,0
1605,53.46666666666667,1,0,,,,,,,,,,,,,,,,,,0,,,,,0,0,,,,0,0,0,0,0
1606,53.5,0,0,,,,,,,,,,,,,,,,,,0,,,,,0,0,,,,0,0,0,0,0
1607,53.53333333333333,0,0,,,,,,,,,,,,,,,,,,0,,,,,0,0,,,,0,0,0,0,0
1608,53.56666666666667,1,0,,,,,,,,,,,,,,,,,,0,,,,,0,0,,,,0,0,0,0,0
1609,53.6,0,0,,,,,,,,,,,,,,,,,,0,,,,,0,0,,,,0,0,0,0,0
1610,53.63333333333333,0,0,,,,,,,,,,,,,,,,,,0,,,,,0,0,,,,0,0,0,0,0
1611,53.666666666666664,1,0,,,,,,,,,,,,,,,,,,0,,,,,0,0,,,,0,0,0,0,0
1612,53.7,0,0,,,,,,,,,,,,,,,,,,0,,,,,0,0,,,,0,0,0,0,0
1613,53.733333333333334,0,0,,,,,,,,,,,,,,,,,,0,,,,,0,0,,,,0,0,0,0,0
1614,53.766666666666666,1,0,,,,,,,,,,,,,,,,,,0,,,,,0,0,,,,0,0,0,0,0
1615,53.8,0,0,,,,,,,,,,,,,,,,,,0,,,,,0,0,,,,0,0,0,0,0
1616,53.833333333333336,0,0,,,,,,,,,,,,,,,,,,0,,,,,0,0,,,,0,0,0,0,0
1617,53.86666666666667,1,0,,,,,,,,,,,,,,,,,,0,,,,,0,0,,,,0,0,0,0,0
1618,53.9,0,0,,,,,,,,,,,,,,,,,,0,,,,,0,0,,,,0,0,0,0,0
1619,53.93333333333333,0,0,,,,,,,,,,,,,,,,,,0,,,,,0,0,,,,0,0,0,0,0
1620,53.96666666666667,1,0,,,,,,,,,,,,,,,,,,0,,,,,0,0,,,,0,0,0,0,0
1621,54.0,0,0,,,,,,,,,,,,,,,,,,0,,,,,0,0,,,,0,0,0,0,0
1622,54.03333333333333,0,0,,,,,,,,,,,,,,,,,,0,,,,,0,0,,,,0,0,0,0,0
1623,54.06666666666667,1,0,,,,,,,,,,,,,,,,,,0,,,,,0,0,,,,0,0,0,0,0
1624,54.1,0,0,,,,,,,,,,,,,,,,,,0,,,,,0,0,,,,0,0,0,0,0
1625,54.13333333333333,0,0,,,,,,,,,,,,,,,,,,0,,,,,0,0,,,,0,0,0,0,0
1626,54.166666666666664,1,0,,,,,,,,,,,,,,,,,,0,,,,,0,0,,,,0,0,0,0,0
1627,54.2,0,0,,,,,,,,,,,,,,,,,,0,,,,,0,0,,,,0,0,0,0,0
1628,54.233333333333334,0,0,,,,,,,,,,,,,,,,,,0,,,,,0,0,,,,0,0,0,0,0
1629,54.266666666666666,1,0,,,,,,,,,,,,,,,,,,0,,,,,0,0,,,,0,0,0,0,0
1630,54.3,0,0,,,,,,,,,,,,,,,,,,0,,,,,0,0,,,,0,0,0,0,0
1631,54.333333333333336,0,0,,,,,,,,,,,,,,,,,,0,,,,,0,0,,,,0,0,0,0,0
1632,54.36666666666667,1,0,,,,,,,,,,,,,,,,,,0,,,,,0,0,,,,0,0,0,0,0
1633,54.4,0,0,,,,,,,,,,,,,,,,,,0,,,,,0,0,,,,0,0,0,0,0
1634,54.43333333333333,0,0,,,,,,,,,,,,,,,,,,0,,,,,0,0,,,,0,0,0,0,0
1635,54.46666666666667,1,0,,,,,,,,,,,,,,,,,,0,,,,,0,0,,,,0,0,0,0,0
1636,54.5,0,0,,,,,,,,,,,,,,,,,,0,,,,,0,0,,,,0,0,0,0,0
1637,54.53333333333333,0,0,,,,,,,,,,,,,,,,,,0,,,,,0,0,,,,0,0,0,0,0
1638,54.56666666666667,1,0,,,,,,,,,,,,,,,,,,0,,,,,0,0,,,,0,0,0,0,0
1639,54.6,0,0,,,,,,,,,,,,,,,,,,0,,,,,0,0,,,,0,0,0,0,0
1640,54.63333333333333,0,0,,,,,,,,,,,,,,,,,,0,,,,,0,0,,,,0,0,0,0,0
1641,54.666666666666664,1,0,,,,,,,,,,,,,,,,,,0,,,,,0,0,,,,0,0,0,0,0
1642,54.7,0,0,,,,,,,,,,,,,,,,,,0,,,,,0,0,,,,0,0,0,0,0
1643,54.733333333333334,0,0,,,,,,,,,,,,,,,,,,0,,,,,0,0,,,,0,0,0,0,0
1644,54.766666666666666,1,0,,,,,,,,,,,,,,,,,,0,,,,,0,0,,,,0,0,0,0,0
1645,54.8,0,0,,,,,,,,,,,,,,,,,,0,,,,,0,0,,,,0,0,0,0,0
1646,54.833333333333336,0,0,,,,,,,,,,,,,,,,,,0,,,,,0,0,,,,0,0,0,0,0
1647,54.86666666666667,1,0,,,,,,,,,,,,,,,,,,0,,,,,0,0,,,,0,0,0,0,0
1648,54.9,0,0,,,,,,,,,,,,,,,,,,0,,,,,0,0,,,,0,0,0,0,0
1649,54.93333333333333,0,0,,,,,,,,,,,,,,,,,,0,,,,,0,0,,,,0,0,0,0,0
1650,54.96666666666667,1,0,,,,,,,,,,,,,,,,,,0,,,,,0,0,,,,0,0,0,0,0
1651,55.0,0,0,,,,,,,,,,,,,,,,,,0,,,,,0,0,,,,0,0,0,0,0
1652,55.03333333333333,0,0,,,,,,,,,,,,,,,,,,0,,,,,0,0,,,,0,0,0,0,0
1653,55.06666666666667,1,0,,,,,,,,,,,,,,,,,,0,,,,,0,0,,,,0,0,0,0,0
1654,55.1,0,0,,,,,,,,,,,,,,,,,,0,,,,,0,0,,,,0,0,0,0,0
1655,55.13333333333333,0,0,,,,,,,,,,,,,,,,,,0,,,,,0,0,,,,0,0,0,0,0
1656,55.166666666666664,1,0,,,,,,,,,,,,,,,,,,0,,,,,0,0,,,,0,0,0,0,0
1657,55.2,0,0,,,,,,,,,,,,,,,,,,0,,,,,0,0,,,,0,0,0,0,0
1658,55.233333333333334,0,0,,,,,,,,,,,,,,,,,,0,,,,,0,0,,,,0,0,0,0,0
1659,55.266666666666666,1,0,,,,,,,,,,,,,,,,,,0,,,,,0,0,,,,0,0,0,0,0
1660,55.3,0,0,,,,,,,,,,,,,,,,,,0,,,,,0,0,,,,0,0,0,0,0
1661,55.333333333333336,0,0,,,,,,,,,,,,,,,,,,0,,,,,0,0,,,,0,0,0,0,0
1662,55.36666666666667,1,0,,,,,,,,,,,,,,,,,,0,,,,,0,0,,,,0,0,0,0,0
1663,55.4,0,0,,,,,,,,,,,,,,,,,,0,,,,,0,0,,,,0,0,0,0,0
1664,55.43333333333333,0,0,,,,,,,,,,,,,,,,,,0,,,,,0,0,,,,0,0,0,0,0
1665,55.46666666666667,1,0,,,,,,,,,,,,,,,,,,0,,,,,0,0,,,,0,0,0,0,0
1666,55.5,0,0,,,,,,,,,,,,,,,,,,0,,,,,0,0,,,,0,0,0,0,0
1667,55.53333333333333,0,0,,,,,,,,,,,,,,,,,,0,,,,,0,0,,,,0,0,0,0,0
1668,55.56666666666667,1,0,,,,,,,,,,,,,,,,,,0,,,,,0,0,,,,0,0,0,0,0
1669,55.6,0,0,,,,,,,,,,,,,,,,,,0,,,,,0,0,,,,0,0,0,0,0
1670,55.63333333333333,0,0,,,,,,,,,,,,,,,,,,0,,,,,0,0,,,,0,0,0,0,0
1671,55.666666666666664,1,0,,,,,,,,,,,,,,,,,,0,,,,,0,0,,,,0,0,0,0,0
1672,55.7,0,0,,,,,,,,,,,,,,,,,,0,,,,,0,0,,,,0,0,0,0,0
1673,55.733333333333334,0,0,,,,,,,,,,,,,,,,,,0,,,,,0,0,,,,0,0,0,0,0
1674,55.766666666666666,1,0,,,,,,,,,,,,,,,,,,0,,,,,0,0,,,,0,0,0,0,0
1675,55.8,0,0,,,,,,,,,,,,,,,,,,0,,,,,0,0,,,,0,0,0,0,0
1676,55.833333333333336,0,0,,,,,,,,,,,,,,,,,,0,,,,,0,0,,,,0,0,0,0,0
1677,55.86666666666667,1,0,,,,,,,,,,,,,,,,,,0,,,,,0,0,,,,0,0,0,0,0
1678,55.9,0,0,,,,,,,,,,,,,,,,,,0,,,,,0,0,,,,0,0,0,0,0
1679,55.93333333333333,0,0,,,,,,,,,,,,,,,,,,0,,,,,0,0,,,,0,0,0,0,0
1680,55.96666666666667,1,0,,,,,,,,,,,,,,,,,,0,,,,,0,0,,,,0,0,0,0,0
1681,56.0,0,0,,,,,,,,,,,,,,,,,,0,,,,,0,0,,,,0,0,0,0,0
1682,56.03333333333333,0,0,,,,,,,,,,,,,,,,,,0,,,,,0,0,,,,0,0,0,0,0
1683,56.06666666666667,1,0,,,,,,,,,,,,,,,,,,0,,,,,0,0,,,,0,0,0,0,0
1684,56.1,0,0,,,,,,,,,,,,,,,,,,0,,,,,0,0,,,,0,0,0,0,0
1685,56.13333333333333,0,0,,,,,,,,,,,,,,,,,,0,,,,,0,0,,,,0,0,0,0,0
1686,56.166666666666664,1,0,,,,,,,,,,,,,,,,,,0,,,,,0,0,,,,0,0,0,0,0
1687,56.2,0,0,,,,,,,,,,,,,,,,,,0,,,,,0,0,,,,0,0,0,0,0
1688,56.233333333333334,0,0,,,,,,,,,,,,,,,,,,0,,,,,0,0,,,,0,0,0,0,0
1689,56.266666666666666,1,0,,,,,,,,,,,,,,,,,,0,,,,,0,0,,,,0,0,0,0,0
1690,56.3,0,0,,,,,,,,,,,,,,,,,,0,,,,,0,0,,,,0,0,0,0,0
1691,56.333333333333336,0,0,,,,,,,,,,,,,,,,,,0,,,,,0,0,,,,0,0,0,0,0
1692,56.36666666666667,1,0,,,,,,,,,,,,,,,,,,0,,,,,0,0,,,,0,0,0,0,0
1693,56.4,0,0,,,,,,,,,,,,,,,,,,0,,,,,0,0,,,,0,0,0,0,0
1694,56.43333333333333,0,0,,,,,,,,,,,,,,,,,,0,,,,,0,0,,,,0,0,0,0,0
1695,56.46666666666667,1,0,,,,,,,,,,,,,,,,,,0,,,,,0,0,,,,0,0,0,0,0
1696,56.5,0,0,,,,,,,,,,,,,,,,,,0,,,,,0,0,,,,0,0,0,0,0
1697,56.53333333333333,0,0,,,,,,,,,,,,,,,,,,0,,,,,0,0,,,,0,0,0,0,0
1698,56.56666666666667,1,0,,,,,,,,,,,,,,,,,,0,,,,,0,0,,,,0,0,0,0,0
1699,56.6,0,0,,,,,,,,,,,,,,,,,,0,,,,,0,0,,,,0,0,0,0,0
1700,56.63333333333333,0,0,,,,,,,,,,,,,,,,,,0,,,,,0,0,,,,0,0,0,0,0
1701,56.666666666666664,1,0,,,,,,,,,,,,,,,,,,0,,,,,0,0,,,,0,0,0,0,0
1702,56.7,0,0,,,,,,,,,,,,,,,,,,0,,,,,0,0,,,,0,0,0,0,0
1703,56.733333333333334,0,0,,,,,,,,,,,,,,,,,,0,,,,,0,0,,,,0,0,0,0,0
1704,56.766666666666666,1,0,,,,,,,,,,,,,,,,,,0,,,,,0,0,,,,0,0,0,0,0
1705,56.8,0,0,,,,,,,,,,,,,,,,,,0,,,,,0,0,,,,0,0,0,0,0
1706,56.833333333333336,0,0,,,,,,,,,,,,,,,,,,0,,,,,0,0,,,,0,0,0,0,0
1707,56.86666666666667,1,0,,,,,,,,,,,,,,,,,,0,,,,,0,0,,,,0,0,0,0,0
1708,56.9,0,0,,,,,,,,,,,,,,,,,,0,,,,,0,0,,,,0,0,0,0,0
1709,56.93333333333333,0,0,,,,,,,,,,,,,,,,,,0,,,,,0,0,,,,0,0,0,0,0
1710,56.96666666666667,1,0,,,,,,,,,,,,,,,,,,0,,,,,0,0,,,,0,0,0,0,0
1711,57.0,0,0,,,,,,,,,,,,,,,,,,0,,,,,0,0,,,,0,0,0,0,0
1712,57.03333333333333,0,0,,,,,,,,,,,,,,,,,,0,,,,,0,0,,,,0,0,0,0,0
1713,57.06666666666667,1,0,,,,,,,,,,,,,,,,,,0,,,,,0,0,,,,0,0,0,0,0
1714,57.1,0,0,,,,,,,,,,,,,,,,,,0,,,,,0,0,,,,0,0,0,0,0
1715,57.13333333333333,0,0,,,,,,,,,,,,,,,,,,0,,,,,0,0,,,,0,0,0,0,0
1716,57.166666666666664,1,0,,,,,,,,,,,,,,,,,,0,,,,,0,0,,,,0,0,0,0,0
1717,57.2,0,0,,,,,,,,,,,,,,,,,,0,,,,,0,0,,,,0,0,0,0,0
1718,57.233333333333334,0,0,,,,,,,,,,,,,,,,,,0,,,,,0,0,,,,0,0,0,0,0
1719,57.266666666666666,1,0,,,,,,,,,,,,,,,,,,0,,,,,0,0,,,,0,0,0,0,0
1720,57.3,0,0,,,,,,,,,,,,,,,,,,0,,,,,0,0,,,,0,0,0,0,0
1721,57.333333333333336,0,0,,,,,,,,,,,,,,,,,,0,,,,,0,0,,,,0,0,0,0,0
1722,57.36666666666667,1,0,,,,,,,,,,,,,,,,,,0,,,,,0,0,,,,0,0,0,0,0
1723,57.4,0,0,,,,,,,,,,,,,,,,,,0,,,,,0,0,,,,0,0,0,0,0
1724,57.43333333333333,0,0,,,,,,,,,,,,,,,,,,0,,,,,0,0,,,,0,0,0,0,0
1725,57.46666666666667,1,0,,,,,,,,,,,,,,,,,,0,,,,,0,0,,,,0,0,0,0,0
1726,57.5,0,0,,,,,,,,,,,,,,,,,,0,,,,,0,0,,,,0,0,0,0,0
1727,57.53333333333333,0,0,,,,,,,,,,,,,,,,,,0,,,,,0,0,,,,0,0,0,0,0
1728,57.56666666666667,1,0,,,,,,,,,,,,,,,,,,0,,,,,0,0,,,,0,0,0,0,0
1729,57.6,0,0,,,,,,,,,,,,,,,,,,0,,,,,0,0,,,,0,0,0,0,0
1730,57.63333333333333,0,0,,,,,,,,,,,,,,,,,,0,,,,,0,0,,,,0,0,0,0,0
1731,57.666666666666664,1,0,,,,,,,,,,,,,,,,,,0,,,,,0,0,,,,0,0,0,0,0
1732,57.7,0,0,,,,,,,,,,,,,,,,,,0,,,,,0,0,,,,0,0,0,0,0
1733,57.733333333333334,0,0,,,,,,,,,,,,,,,,,,0,,,,,0,0,,,,0,0,0,0,0
1734,57.766666666666666,1,0,,,,,,,,,,,,,,,,,,0,,,,,0,0,,,,0,0,0,0,0
1735,57.8,0,0,,,,,,,,,,,,,,,,,,0,,,,,0,0,,,,0,0,0,0,0
1736,57.833333333333336,0,0,,,,,,,,,,,,,,,,,,0,,,,,0,0,,,,0,0,0,0,0
1737,57.86666666666667,1,0,,,,,,,,,,,,,,,,,,0,,,,,0,0,,,,0,0,0,0,0
1738,57.9,0,0,,,,,,,,,,,,,,,,,,0,,,,,0,0,,,,0,0,0,0,0
1739,57.93333333333333,0,0,,,,,,,,,,,,,,,,,,0,,,,,0,0,,,,0,0,0,0,0
1740,57.96666666666667,1,0,,,,,,,,,,,,,,,,,,0,,,,,0,0,,,,0,0,0,0,0
1741,58.0,0,0,,,,,,,,,,,,,,,,,,0,,,,,0,0,,,,0,0,0,0,0
1742,58.03333333333333,0,0,,,,,,,,,,,,,,,,,,0,,,,,0,0,,,,0,0,0,0,0
1743,58.06666666666667,1,0,,,,,,,,,,,,,,,,,,0,,,,,0,0,,,,0,0,0,0,0
1744,58.1,0,0,,,,,,,,,,,,,,,,,,0,,,,,0,0,,,,0,0,0,0,0
1745,58.13333333333333,0,0,,,,,,,,,,,,,,,,,,0,,,,,0,0,,,,0,0,0,0,0
1746,58.166666666666664,1,0,,,,,,,,,,,,,,,,,,0,,,,,0,0,,,,0,0,0,0,0
1747,58.2,0,0,,,,,,,,,,,,,,,,,,0,,,,,0,0,,,,0,0,0,0,0
1748,58.233333333333334,0,0,,,,,,,,,,,,,,,,,,0,,,,,0,0,,,,0,0,0,0,0
1749,58.266666666666666,1,0,,,,,,,,,,,,,,,,,,0,,,,,0,0,,,,0,0,0,0,0
1750,58.3,0,0,,,,,,,,,,,,,,,,,,0,,,,,0,0,,,,0,0,0,0,0
1751,58.333333333333336,0,0,,,,,,,,,,,,,,,,,,0,,,,,0,0,,,,0,0,0,0,0
1752,58.36666666666667,1,0,,,,,,,,,,,,,,,,,,0,,,,,0,0,,,,0,0,0,0,0
1753,58.4,0,0,,,,,,,,,,,,,,,,,,0,,,,,0,0,,,,0,0,0,0,0
1754,58.43333333333333,0,0,,,,,,,,,,,,,,,,,,0,,,,,0,0,,,,0,0,0,0,0
1755,58.46666666666667,1,0,,,,,,,,,,,,,,,,,,0,,,,,0,0,,,,0,0,0,0,0
1756,58.5,0,0,,,,,,,,,,,,,,,,,,0,,,,,0,0,,,,0,0,0,0,0
1757,58.53333333333333,0,0,,,,,,,,,,,,,,,,,,0,,,,,0,0,,,,0,0,0,0,0
1758,58.56666666666667,1,0,,,,,,,,,,,,,,,,,,0,,,,,0,0,,,,0,0,0,0,0
1759,58.6,0,0,,,,,,,,,,,,,,,,,,0,,,,,0,0,,,,0,0,0,0,0
1760,58.63333333333333,0,0,,,,,,,,,,,,,,,,,,0,,,,,0,0,,,,0,0,0,0,0
1761,58.666666666666664,1,0,,,,,,,,,,,,,,,,,,0,,,,,0,0,,,,0,0,0,0,0
1762,58.7,0,0,,,,,,,,,,,,,,,,,,0,,,,,0,0,,,,0,0,0,0,0
1763,58.733333333333334,0,0,,,,,,,,,,,,,,,,,,0,,,,,0,0,,,,0,0,0,0,0
1764,58.766666666666666,1,0,,,,,,,,,,,,,,,,,,0,,,,,0,0,,,,0,0,0,0,0
1765,58.8,0,0,,,,,,,,,,,,,,,,,,0,,,,,0,0,,,,0,0,0,0,0
1766,58.833333333333336,0,0,,,,,,,,,,,,,,,,,,0,,,,,0,0,,,,0,0,0,0,0
1767,58.86666666666667,1,0,,,,,,,,,,,,,,,,,,0,,,,,0,0,,,,0,0,0,0,0
1768,58.9,0,0,,,,,,,,,,,,,,,,,,0,,,,,0,0,,,,0,0,0,0,0
1769,58.93333333333333,0,0,,,,,,,,,,,,,,,,,,0,,,,,0,0,,,,0,0,0,0,0
1770,58.96666666666667,1,0,,,,,,,,,,,,,,,,,,0,,,,,0,0,,,,0,0,0,0,0
1771,59.0,0,0,,,,,,,,,,,,,,,,,,0,,,,,0,0,,,,0,0,0,0,0
1772,59.03333333333333,0,0,,,,,,,,,,,,,,,,,,0,,,,,0,0,,,,0,0,0,0,0
1773,59.06666666666667,1,0,,,,,,,,,,,,,,,,,,0,,,,,0,0,,,,0,0,0,0,0
1774,59.1,0,0,,,,,,,,,,,,,,,,,,0,,,,,0,0,,,,0,0,0,0,0
1775,59.13333333333333,0,0,,,,,,,,,,,,,,,,,,0,,,,,0,0,,,,0,0,0,0,0
1776,59.166666666666664,1,0,,,,,,,,,,,,,,,,,,0,,,,,0,0,,,,0,0,0,0,0
1777,59.2,0,0,,,,,,,,,,,,,,,,,,0,,,,,0,0,,,,0,0,0,0,0
1778,59.233333333333334,0,0,,,,,,,,,,,,,,,,,,0,,,,,0,0,,,,0,0,0,0,0
1779,59.266666666666666,1,0,,,,,,,,,,,,,,,,,,0,,,,,0,0,,,,0,0,0,0,0
1780,59.3,0,0,,,,,,,,,,,,,,,,,,0,,,,,0,0,,,,0,0,0,0,0
1781,59.333333333333336,0,0,,,,,,,,,,,,,,,,,,0,,,,,0,0,,,,0,0,0,0,0
1782,59.36666666666667,1,0,,,,,,,,,,,,,,,,,,0,,,,,0,0,,,,0,0,0,0,0
1783,59.4,0,0,,,,,,,,,,,,,,,,,,0,,,,,0,0,,,,0,0,0,0,0
1784,59.43333333333333,0,0,,,,,,,,,,,,,,,,,,0,,,,,0,0,,,,0,0,0,0,0
1785,59.46666666666667,1,0,,,,,,,,,,,,,,,,,,0,,,,,0,0,,,,0,0,0,0,0
1786,59.5,0,0,,,,,,,,,,,,,,,,,,0,,,,,0,0,,,,0,0,0,0,0
1787,59.53333333333333,0,0,,,,,,,,,,,,,,,,,,0,,,,,0,0,,,,0,0,0,0,0
1788,59.56666666666667,1,0,,,,,,,,,,,,,,,,,,0,,,,,0,0,,,,0,0,0,0,0
1789,59.6,0,0,,,,,,,,,,,,,,,,,,0,,,,,0,0,,,,0,0,0,0,0
1790,59.63333333333333,0,0,,,,,,,,,,,,,,,,,,0,,,,,0,0,,,,0,0,0,0,0
1791,59.666666666666664,1,0,,,,,,,,,,,,,,,,,,0,,,,,0,0,,,,0,0,0,0,0
1792,59.7,0,0,,,,,,,,,,,,,,,,,,0,,,,,0,0,,,,0,0,0,0,0
1793,59.733333333333334,0,0,,,,,,,,,,,,,,,,,,0,,,,,0,0,,,,0,0,0,0,0
1794,59.766666666666666,1,0,,,,,,,,,,,,,,,,,,0,,,,,0,0,,,,0,0,0,0,0
1795,59.8,0,0,,,,,,,,,,,,,,,,,,0,,,,,0,0,,,,0,0,0,0,0
1796,59.833333333333336,0,0,,,,,,,,,,,,,,,,,,0,,,,,0,0,,,,0,0,0,0,0
1797,59.86666666666667,1,0,,,,,,,,,,,,,,,,,,0,,,,,0,0,,,,0,0,0,0,0
1798,59.9,0,0,,,,,,,,,,,,,,,,,,0,,,,,0,0,,,,0,0,0,0,0
1799,59.93333333333333,0,0,,,,,,,,,,,,,,,,,,0,,,,,0,0,,,,0,0,0,0,0
1800,59.96666666666667,1,0,,,,,,,,,,,,,,,,,,0,,,,,0,0,,,,0,0,0,0,0
