frame,time_sec,mediapipe_processed,hand_detected,thumb_x,thumb_y,index_x,index_y,middle_x,middle_y,wrist_x,wrist_y,active_x,active_y,active_std_reference_distance,active_x_std_px,active_y_std_px,active_std_total_px,active_x_std_norm,active_y_std_norm,active_std_total_norm,active_std_valid_frames,reference_distance,thumb_index_ratio,index_middle_ratio,thumb_middle_ratio,pinch_detected,pinch_detected_frame_count,thumb_ip_angle,index_pip_angle,middle_pip_angle,direction_sign_x,direction_sign_y,rolling_direction_change_count_x,rolling_direction_change_count_y,rolling_repetition_count
1,0.0,0,0,,,,,,,,,,,,,,,,,,0,,,,,0,0,,,,0,0,0,0,0
2,0.03333333333333333,0,0,,,,,,,,,,,,,,,,,,0,,,,,0,0,,,,0,0,0,0,0
3,0.06666666666666667,1,0,,,,,,,,,,,,,,,,,,0,,,,,0,0,,,,0,0,0,0,0
4,0.1,0,0,,,,,,,,,,,,,,,,,,0,,,,,0,0,,,,0,0,0,0,0
5,0.13333333333333333,0,0,,,,,,,,,,,,,,,,,,0,,,,,0,0,,,,0,0,0,0,0
6,0.16666666666666666,1,0,,,,,,,,,,,,,,,,,,0,,,,,0,0,,,,0,0,0,0,0
7,0.2,0,0,,,,,,,,,,,,,,,,,,0,,,,,0,0,,,,0,0,0,0,0
8,0.23333333333333334,0,0,,,,,,,,,,,,,,,,,,0,,,,,0,0,,,,0,0,0,0,0
9,0.26666666666666666,1,0,,,,,,,,,,,,,,,,,,0,,,,,0,0,,,,0,0,0,0,0
10,0.3,0,0,,,,,,,,,,,,,,,,,,0,,,,,0,0,,,,0,0,0,0,0
11,0.3333333333333333,0,0,,,,,,,,,,,,,,,,,,0,,,,,0,0,,,,0,0,0,0,0
12,0.36666666666666664,1,0,,,,,,,,,,,,,,,,,,0,,,,,0,0,,,,0,0,0,0,0
13,0.4,0,0,,,,,,,,,,,,,,,,,,0,,,,,0,0,,,,0,0,0,0,0
14,0.43333333333333335,0,0,,,,,,,,,,,,,,,,,,0,,,,,0,0,,,,0,0,0,0,0
15,0.4666666666666667,1,0,,,,,,,,,,,,,,,,,,0,,,,,0,0,,,,0,0,0,0,0
16,0.5,0,0,,,,,,,,,,,,,,,,,,0,,,,,0,0,,,,0,0,0,0,0
17,0.5333333333333333,0,0,,,,,,,,,,,,,,,,,,0,,,,,0,0,,,,0,0,0,0,0
18,0.5666666666666667,1,0,,,,,,,,,,,,,,,,,,0,,,,,0,0,,,,0,0,0,0,0
19,0.6,0,0,,,,,,,,,,,,,,,,,,0,,,,,0,0,,,,0,0,0,0,0
20,0.6333333333333333,0,0,,,,,,,,,,,,,,,,,,0,,,,,0,0,,,,0,0,0,0,0
21,0.6666666666666666,1,0,,,,,,,,,,,,,,,,,,0,,,,,0,0,,,,0,0,0,0,0
22,0.7,0,0,,,,,,,,,,,,,,,,,,0,,,,,0,0,,,,0,0,0,0,0
23,0.7333333333333333,0,0,,,,,,,,,,,,,,,,,,0,,,,,0,0,,,,0,0,0,0,0
24,0.7666666666666667,1,0,,,,,,,,,,,,,,,,,,0,,,,,0,0,,,,0,0,0,0,0
25,0.8,0,0,,,,,,,,,,,,,,,,,,0,,,,,0,0,,,,0,0,0,0,0
26,0.8333333333333334,0,0,,,,,,,,,,,,,,,,,,0,,,,,0,0,,,,0,0,0,0,0
27,0.8666666666666667,1,0,,,,,,,,,,,,,,,,,,0,,,,,0,0,,,,0,0,0,0,0
28,0.9,0,0,,,,,,,,,,,,,,,,,,0,,,,,0,0,,,,0,0,0,0,0
29,0.9333333333333333,0,0,,,,,,,,,,,,,,,,,,0,,,,,0,0,,,,0,0,0,0,0
30,0.9666666666666667,1,0,,,,,,,,,,,,,,,,,,0,,,,,0,0,,,,0,0,0,0,0
31,1.0,0,0,,,,,,,,,,,,,,,,,,0,,,,,0,0,,,,0,0,0,0,0
32,1.0333333333333334,0,0,,,,,,,,,,,,,,,,,,0,,,,,0,0,,,,0,0,0,0,0
33,1.0666666666666667,1,0,,,,,,,,,,,,,,,,,,0,,,,,0,0,,,,0,0,0,0,0
34,1.1,0,0,,,,,,,,,,,,,,,,,,0,,,,,0,0,,,,0,0,0,0,0
35,1.1333333333333333,0,0,,,,,,,,,,,,,,,,,,0,,,,,0,0,,,,0,0,0,0,0
36,1.1666666666666667,1,0,,,,,,,,,,,,,,,,,,0,,,,,0,0,,,,0,0,0,0,0
37,1.2,0,0,,,,,,,,,,,,,,,,,,0,,,,,0,0,,,,0,0,0,0,0
38,1.2333333333333334,0,0,,,,,,,,,,,,,,,,,,0,,,,,0,0,,,,0,0,0,0,0
39,1.2666666666666666,1,0,,,,,,,,,,,,,,,,,,0,,,,,0,0,,,,0,0,0,0,0
40,1.3,0,0,,,,,,,,,,,,,,,,,,0,,,,,0,0,,,,0,0,0,0,0
41,1.3333333333333333,0,0,,,,,,,,,,,,,,,,,,0,,,,,0,0,,,,0,0,0,0,0
42,1.3666666666666667,1,0,,,,,,,,,,,,,,,,,,0,,,,,0,0,,,,0,0,0,0,0
43,1.4,0,0,,,,,,,,,,,,,,,,,,0,,,,,0,0,,,,0,0,0,0,0
44,1.4333333333333333,0,0,,,,,,,,,,,,,,,,,,0,,,,,0,0,,,,0,0,0,0,0
45,1.4666666666666666,1,0,,,,,,,,,,,,,,,,,,0,,,,,0,0,,,,0,0,0,0,0
46,1.5,0,0,,,,,,,,,,,,,,,,,,0,,,,,0,0,,,,0,0,0,0,0
47,1.5333333333333334,0,0,,,,,,,,,,,,,,,,,,0,,,,,0,0,,,,0,0,0,0,0
48,1.5666666666666667,1,0,,,,,,,,,,,,,,,,,,0,,,,,0,0,,,,0,0,0,0,0
49,1.6,0,0,,,,,,,,,,,,,,,,,,0,,,,,0,0,,,,0,0,0,0,0
50,1.6333333333333333,0,0,,,,,,,,,,,,,,,,,,0,,,,,0,0,,,,0,0,0,0,0
51,1.6666666666666667,1,0,,,,,,,,,,,,,,,,,,0,,,,,0,0,,,,0,0,0,0,0
52,1.7,0,0,,,,,,,,,,,,,,,,,,0,,,,,0,0,,,,0,0,0,0,0
53,1.7333333333333334,0,0,,,,,,,,,,,,,,,,,,0,,,,,0,0,,,,0,0,0,0,0
54,1.7666666666666666,1,0,,,,,,,,,,,,,,,,,,0,,,,,0,0,,,,0,0,0,0,0
55,1.8,0,0,,,,,,,,,,,,,,,,,,0,,,,,0,0,,,,0,0,0,0,0
56,1.8333333333333333,0,0,,,,,,,,,,,,,,,,,,0,,,,,0,0,,,,0,0,0,0,0
57,1.8666666666666667,1,0,,,,,,,,,,,,,,,,,,0,,,,,0,0,,,,0,0,0,0,0
58,1.9,0,0,,,,,,,,,,,,,,,,,,0,,,,,0,0,,,,0,0,0,0,0
59,1.9333333333333333,0,0,,,,,,,,,,,,,,,,,,0,,,,,0,0,,,,0,0,0,0,0
60,1.9666666666666666,1,0,,,,,,,,,,,,,,,,,,0,,,,,0,0,,,,0,0,0,0,0
61,2.0,0,0,,,,,,,,,,,,,,,,,,0,,,,,0,0,,,,0,0,0,0,0
62,2.033333333333333,0,0,,,,,,,,,,,,,,,,,,0,,,,,0,0,,,,0,0,0,0,0
63,2.066666666666667,1,1,578.9166641235352,21.037967205047607,542.2987365722656,134.0665054321289,520.0661468505859,158.545560836792,450.40721893310547,-43.196901082992554,560.6077003479004,77.55223631858826,,,,,,,,0,86.59059324284831,1.372113633500102,0.38189247520833264,1.727344609047528,0,0,168.65033230434344,171.52740522260336,174.83786840368205,0,0,0,0,0
64,2.1,0,1,578.9166641235352,21.037967205047607,542.2987365722656,134.0665054321289,520.0661468505859,158.545560836792,450.40721893310547,-43.196901082992554,560.6077003479004,77.55223631858826,,,,,,,,0,86.59059324284831,1.372113633500102,0.38189247520833264,1.727344609047528,0,0,168.65033230434344,171.52740522260336,174.83786840368205,0,0,0,0,0
65,2.1333333333333333,0,1,578.9166641235352,21.037967205047607,542.2987365722656,134.0665054321289,520.0661468505859,158.545560836792,450.40721893310547,-43.196901082992554,560.6077003479004,77.55223631858826,,,,,,,,0,86.59059324284831,1.372113633500102,0.38189247520833264,1.727344609047528,0,0,168.65033230434344,171.52740522260336,174.83786840368205,0,0,0,0,0
66,2.1666666666666665,1,1,612.3287963867188,100.96788883209229,573.1278610229492,146.1940097808838,557.0510101318359,166.22161388397217,472.73509979248047,-8.767255246639252,592.728328704834,123.58094930648804,,,,,,,,0,108.53923566361829,0.5514206481539037,0.236615781883584,0.7879184791736625,0,0,172.1575249779325,170.0009756994231,177.24039807146792,0,0,0,0,0
67,2.2,0,1,612.3287963867188,100.96788883209229,573.1278610229492,146.1940097808838,557.0510101318359,166.22161388397217,472.73509979248047,-8.767255246639252,592.728328704834,123.58094930648804,,,,,,,,0,108.53923566361829,0.5514206481539037,0.236615781883584,0.7879184791736625,0,0,172.1575249779325,170.0009756994231,177.24039807146792,0,0,0,0,0
68,2.2333333333333334,0,1,612.3287963867188,100.96788883209229,573.1278610229492,146.1940097808838,557.0510101318359,166.22161388397217,472.73509979248047,-8.767255246639252,592.728328704834,123.58094930648804,,,,,,,,0,108.53923566361829,0.5514206481539037,0.236615781883584,0.7879184791736625,0,0,172.1575249779325,170.0009756994231,177.24039807146792,0,0,0,0,0
69,2.2666666666666666,1,0,,,,,,,,,,,,,,,,,,0,,,,,0,0,,,,0,0,0,0,0
70,2.3,0,0,,,,,,,,,,,,,,,,,,0,,,,,0,0,,,,0,0,0,0,0
71,2.3333333333333335,0,0,,,,,,,,,,,,,,,,,,0,,,,,0,0,,,,0,0,0,0,0
72,2.3666666666666667,1,1,646.4629364013672,199.07471179962158,613.7246322631836,309.53198432922363,594.7310256958008,334.24498558044434,543.7848663330078,118.24464082717896,630.0937843322754,254.3033480644226,,,,,,,,0,99.818642279959,1.1541611102034965,0.31225356248931224,1.4499441159962205,0,0,163.45097789000513,174.04763861388756,179.22191655280488,0,0,0,0,0
73,2.4,0,1,646.4629364013672,199.07471179962158,613.7246322631836,309.53198432922363,594.7310256958008,334.24498558044434,543.7848663330078,118.24464082717896,630.0937843322754,254.3033480644226,,,,,,,,0,99.818642279959,1.1541611102034965,0.31225356248931224,1.4499441159962205,0,0,163.45097789000513,174.04763861388756,179.22191655280488,0,0,0,0,0
74,2.433333333333333,0,1,646.4629364013672,199.07471179962158,613.7246322631836,309.53198432922363,594.7310256958008,334.24498558044434,543.7848663330078,118.24464082717896,630.0937843322754,254.3033480644226,,,,,,,,0,99.818642279959,1.1541611102034965,0.31225356248931224,1.4499441159962205,0,0,163.45097789000513,174.04763861388756,179.22191655280488,0,0,0,0,0
75,2.466666666666667,1,1,645.7284545898438,227.8738260269165,610.2591705322266,334.13875579833984,584.4292449951172,355.1022148132324,543.9947891235352,138.2398223876953,627.9938125610352,281.0062909126282,,,,,,,,0,102.51228884205075,1.0928264980196702,0.32451108834677744,1.377645077749147,0,0,161.11490919026875,173.2969414964639,176.35647998642045,0,0,0,0,0
76,2.5,0,1,645.7284545898438,227.8738260269165,610.2591705322266,334.13875579833984,584.4292449951172,355.1022148132324,543.9947891235352,138.2398223876953,627.9938125610352,281.0062909126282,,,,,,,,0,102.51228884205075,1.0928264980196702,0.32451108834677744,1.377645077749147,0,0,161.11490919026875,173.2969414964639,176.35647998642045,0,0,0,0,0
77,2.533333333333333,0,1,645.7284545898438,227.8738260269165,610.2591705322266,334.13875579833984,584.4292449951172,355.1022148132324,543.9947891235352,138.2398223876953,627.9938125610352,281.0062909126282,,,,,,,,0,102.51228884205075,1.0928264980196702,0.32451108834677744,1.377645077749147,0,0,161.11490919026875,173.2969414964639,176.35647998642045,0,0,0,0,0
78,2.566666666666667,1,1,646.7111968994141,244.5860767364502,602.0089340209961,348.9119625091553,580.4499435424805,366.615571975708,542.8041458129883,153.9732313156128,624.3600654602051,296.74901962280273,,,,,,,,0,100.58882896254082,1.128352968307188,0.2773307677076586,1.3804589203685345,0,0,161.28346030984545,172.46550070084243,178.34779156278674,0,0,0,0,0
79,2.6,0,1,646.7111968994141,244.5860767364502,602.0089340209961,348.9119625091553,580.4499435424805,366.615571975708,542.8041458129883,153.9732313156128,624.3600654602051,296.74901962280273,,,,,,,,0,100.58882896254082,1.128352968307188,0.2773307677076586,1.3804589203685345,0,0,161.28346030984545,172.46550070084243,178.34779156278674,0,0,0,0,0
80,2.6333333333333333,0,1,646.7111968994141,244.5860767364502,602.0089340209961,348.9119625091553,580.4499435424805,366.615571975708,542.8041458129883,153.9732313156128,624.3600654602051,296.74901962280273,,,,,,,,0,100.58882896254082,1.128352968307188,0.2773307677076586,1.3804589203685345,0,0,161.28346030984545,172.46550070084243,178.34779156278674,0,0,0,0,0
81,2.6666666666666665,1,1,643.9102172851562,254.36842918395996,595.2035903930664,357.9210948944092,574.2487716674805,375.07667541503906,544.0337371826172,162.80908584594727,619.5569038391113,306.14476203918457,,,,,,,,0,99.18468346819887,1.1537620935365782,0.27304314670028096,1.405127565652607,0,0,163.04689694297667,172.47558680515155,178.1470202485415,0,0,0,0,0
82,2.7,0,1,643.9102172851562,254.36842918395996,595.2035903930664,357.9210948944092,574.2487716674805,375.07667541503906,544.0337371826172,162.80908584594727,619.5569038391113,306.14476203918457,,,,,,,,0,99.18468346819887,1.1537620935365782,0.27304314670028096,1.405127565652607,0,0,163.04689694297667,172.47558680515155,178.1470202485415,0,0,0,0,0
83,2.7333333333333334,0,1,643.9102172851562,254.36842918395996,595.2035903930664,357.9210948944092,574.2487716674805,375.07667541503906,544.0337371826172,162.80908584594727,619.5569038391113,306.14476203918457,,,,,,,,0,99.18468346819887,1.1537620935365782,0.27304314670028096,1.405127565652607,0,0,163.04689694297667,172.47558680515155,178.1470202485415,0,0,0,0,0
84,2.7666666666666666,1,1,648.9892578125,258.1269836425781,590.3847885131836,358.67231369018555,567.5785446166992,374.81964111328125,543.4095001220703,165.42108535766602,619.6870231628418,308.39964866638184,,,,,,,,0,99.89283215626313,1.165028894326519,0.2797386819050344,1.4243715241363235,0,0,158.661618851007,172.58775211496084,177.4591661650032,0,0,0,0,0
85,2.8,0,1,648.9892578125,258.1269836425781,590.3847885131836,358.67231369018555,567.5785446166992,374.81964111328125,543.4095001220703,165.42108535766602,619.6870231628418,308.39964866638184,,,,,,,,0,99.89283215626313,1.165028894326519,0.2797386819050344,1.4243715241363235,0,0,158.661618851007,172.58775211496084,177.4591661650032,0,0,0,0,0
86,2.8333333333333335,0,1,648.9892578125,258.1269836425781,590.3847885131836,358.67231369018555,567.5785446166992,374.81964111328125,543.4095001220703,165.42108535766602,619.6870231628418,308.39964866638184,,,,,,,,0,99.89283215626313,1.165028894326519,0.2797386819050344,1.4243715241363235,0,0,158.661618851007,172.58775211496084,177.4591661650032,0,0,0,0,0
87,2.8666666666666667,1,1,640.6133270263672,263.6337661743164,580.4043960571289,359.54798698425293,556.8741226196289,374.88083839416504,539.4599914550781,167.2969150543213,610.508861541748,311.59087657928467,,,,,,,,0,97.41983267160217,1.1624530848541614,0.28828884653999504,1.4292920532671336,0,0,159.39429323464736,172.20789223027117,176.87099784669584,0,0,0,0,0
88,2.9,0,1,640.6133270263672,263.6337661743164,580.4043960571289,359.54798698425293,556.8741226196289,374.88083839416504,539.4599914550781,167.2969150543213,610.508861541748,311.59087657928467,,,,,,,,0,97.41983267160217,1.1624530848541614,0.28828884653999504,1.4292920532671336,0,0,159.39429323464736,172.20789223027117,176.87099784669584,0,0,0,0,0
89,2.933333333333333,0,1,640.6133270263672,263.6337661743164,580.4043960571289,359.54798698425293,556.8741226196289,374.88083839416504,539.4599914550781,167.2969150543213,610.508861541748,311.59087657928467,,,,,,,,0,97.41983267160217,1.1624530848541614,0.28828884653999504,1.4292920532671336,0,0,159.39429323464736,172.20789223027117,176.87099784669584,0,0,0,0,0
90,2.966666666666667,1,1,637.30712890625,267.89846420288086,568.9790725708008,359.41792488098145,545.6106948852539,374.1728210449219,535.0411987304688,169.31316375732422,603.1431007385254,313.65819454193115,,,,,,,,0,95.92203956881038,1.1906822956425187,0.28811642761774187,1.4633290265600303,0,0,163.07351522445956,171.96732493046494,177.6179655996661,0,0,0,0,0
91,3.0,0,1,637.30712890625,267.89846420288086,568.9790725708008,359.41792488098145,545.6106948852539,374.1728210449219,535.0411987304688,169.31316375732422,603.1431007385254,313.65819454193115,,,,,,,,0,95.92203956881038,1.1906822956425187,0.28811642761774187,1.4633290265600303,0,0,163.07351522445956,171.96732493046494,177.6179655996661,0,0,0,0,0
92,3.033333333333333,0,1,637.30712890625,267.89846420288086,568.9790725708008,359.41792488098145,545.6106948852539,374.1728210449219,535.0411987304688,169.31316375732422,603.1431007385254,313.65819454193115,,,,,,,,0,95.92203956881038,1.1906822956425187,0.28811642761774187,1.4633290265600303,0,0,163.07351522445956,171.96732493046494,177.6179655996661,0,0,0,0,0
93,3.066666666666667,1,1,626.3245391845703,265.3036594390869,562.6269912719727,355.41449546813965,539.4549942016602,371.1338138580322,524.1027450561523,166.6063642501831,594.4757652282715,310.3590774536133,,,,,,,,0,93.56197006154797,1.179442749497043,0.29927422460658715,1.463385947533695,0,0,172.71772483692015,174.89170473979925,179.03876235888202,0,0,0,0,0
94,3.1,0,1,626.3245391845703,265.3036594390869,562.6269912719727,355.41449546813965,539.4549942016602,371.1338138580322,524.1027450561523,166.6063642501831,594.4757652282715,310.3590774536133,,,,,,,,0,93.56197006154797,1.179442749497043,0.29927422460658715,1.463385947533695,0,0,172.71772483692015,174.89170473979925,179.03876235888202,0,0,0,0,0
95,3.1333333333333333,0,1,626.3245391845703,265.3036594390869,562.6269912719727,355.41449546813965,539.4549942016602,371.1338138580322,524.1027450561523,166.6063642501831,594.4757652282715,310.3590774536133,,,,,,,,0,93.56197006154797,1.179442749497043,0.29927422460658715,1.463385947533695,0,0,172.71772483692015,174.89170473979925,179.03876235888202,0,0,0,0,0
96,3.1666666666666665,1,1,627.9837417602539,264.208345413208,561.4297485351562,356.16994857788086,541.0085678100586,372.1277618408203,523.6822509765625,167.45883464813232,594.7067451477051,310.18914699554443,,,,,,,,0,95.47625679406144,1.188967332971963,0.2714467643578256,1.4517197391220074,0,0,166.94749965839182,174.8125753831071,178.11788788102297,0,0,0,0,0
97,3.2,0,1,627.9837417602539,264.208345413208,561.4297485351562,356.16994857788086,541.0085678100586,372.1277618408203,523.6822509765625,167.45883464813232,594.7067451477051,310.18914699554443,,,,,,,,0,95.47625679406144,1.188967332971963,0.2714467643578256,1.4517197391220074,0,0,166.94749965839182,174.8125753831071,178.11788788102297,0,0,0,0,0
98,3.2333333333333334,0,1,627.9837417602539,264.208345413208,561.4297485351562,356.16994857788086,541.0085678100586,372.1277618408203,523.6822509765625,167.45883464813232,594.7067451477051,310.18914699554443,,,,,,,,0,95.47625679406144,1.188967332971963,0.2714467643578256,1.4517197391220074,0,0,166.94749965839182,174.8125753831071,178.11788788102297,0,0,0,0,0
99,3.2666666666666666,1,1,627.3479080200195,263.5679340362549,561.1050796508789,356.54311180114746,540.3798675537109,372.8114318847656,521.2371826171875,167.5160264968872,594.2264938354492,310.0555229187012,,,,,,,,0,94.14700988053397,1.2125712548717043,0.2798552610724504,1.483145796184813,0,0,167.07957729368732,174.90503135114605,178.63857492273252,0,0,0,0,0
100,3.3,0,1,627.3479080200195,263.5679340362549,561.1050796508789,356.54311180114746,540.3798675537109,372.8114318847656,521.2371826171875,167.5160264968872,594.2264938354492,310.0555229187012,,,,,,,,0,94.14700988053397,1.2125712548717043,0.2798552610724504,1.483145796184813,0,0,167.07957729368732,174.90503135114605,178.63857492273252,0,0,0,0,0
101,3.3333333333333335,0,1,627.3479080200195,263.5679340362549,561.1050796508789,356.54311180114746,540.3798675537109,372.8114318847656,521.2371826171875,167.5160264968872,594.2264938354492,310.0555229187012,,,,,,,,0,94.14700988053397,1.2125712548717043,0.2798552610724504,1.483145796184813,0,0,167.07957729368732,174.90503135114605,178.63857492273252,0,0,0,0,0
102,3.3666666666666667,1,1,627.003288269043,263.72694969177246,560.8684921264648,356.7181205749512,540.5905914306641,372.799015045166,520.7584381103516,166.88332557678223,593.9358901977539,310.2225351333618,,,,,,,,0,94.60890403978826,1.2061268297350833,0.27355005531622895,1.4708353639371476,0,0,167.02203090285545,175.2903108062363,178.32497058364473,0,0,0,0,0
103,3.4,0,1,627.003288269043,263.72694969177246,560.8684921264648,356.7181205749512,540.5905914306641,372.799015045166,520.7584381103516,166.88332557678223,593.9358901977539,310.2225351333618,,,,,,,,0,94.60890403978826,1.2061268297350833,0.27355005531622895,1.4708353639371476,0,0,167.02203090285545,175.2903108062363,178.32497058364473,0,0,0,0,0
104,3.433333333333333,0,1,627.003288269043,263.72694969177246,560.8684921264648,356.7181205749512,540.5905914306641,372.799015045166,520.7584381103516,166.88332557678223,593.9358901977539,310.2225351333618,,,,,,,,0,94.60890403978826,1.2061268297350833,0.27355005531622895,1.4708353639371476,0,0,167.02203090285545,175.2903108062363,178.32497058364473,0,0,0,0,0
105,3.466666666666667,1,1,627.3156356811523,262.5266647338867,562.1405029296875,355.7087516784668,541.8528747558594,372.7129554748535,521.0586166381836,166.40145778656006,594.7280693054199,309.11770820617676,,,,,,,,0,94.95884105419778,1.1975002146783842,0.27876625393869425,1.4684781055242015,0,0,168.12372973904345,175.11769389404768,178.39440604545794,0,0,0,0,0
106,3.5,0,1,627.3156356811523,262.5266647338867,562.1405029296875,355.7087516784668,541.8528747558594,372.7129554748535,521.0586166381836,166.40145778656006,594.7280693054199,309.11770820617676,,,,,,,,0,94.95884105419778,1.1975002146783842,0.27876625393869425,1.4684781055242015,0,0,168.12372973904345,175.11769389404768,178.39440604545794,0,0,0,0,0
107,3.533333333333333,0,1,627.3156356811523,262.5266647338867,562.1405029296875,355.7087516784668,541.8528747558594,372.7129554748535,521.0586166381836,166.40145778656006,594.7280693054199,309.11770820617676,,,,,,,,0,94.95884105419778,1.1975002146783842,0.27876625393869425,1.4684781055242015,0,0,168.12372973904345,175.11769389404768,178.39440604545794,0,0,0,0,0
108,3.566666666666667,1,1,627.9755401611328,264.1369342803955,562.0978927612305,355.9943389892578,541.5537643432617,371.9253158569336,520.8198547363281,167.1313762664795,595.0367164611816,310.06563663482666,,,,,,,,0,93.23592486918777,1.2123894920164469,0.27883301890231454,1.4817884984376228,0,0,169.4378159361313,174.37753986776158,177.84123907830812,0,0,0,0,0
109,3.6,0,1,627.9755401611328,264.1369342803955,562.0978927612305,355.9943389892578,541.5537643432617,371.9253158569336,520.8198547363281,167.1313762664795,595.0367164611816,310.06563663482666,,,,,,,,0,93.23592486918777,1.2123894920164469,0.27883301890231454,1.4817884984376228,0,0,169.4378159361313,174.37753986776158,177.84123907830812,0,0,0,0,0
110,3.6333333333333333,0,1,627.9755401611328,264.1369342803955,562.0978927612305,355.9943389892578,541.5537643432617,371.9253158569336,520.8198547363281,167.1313762664795,595.0367164611816,310.06563663482666,,,,,,,,0,93.23592486918777,1.2123894920164469,0.27883301890231454,1.4817884984376228,0,0,169.4378159361313,174.37753986776158,177.84123907830812,0,0,0,0,0
111,3.6666666666666665,1,1,626.6244888305664,263.32194328308105,561.0027313232422,356.27869606018066,541.2144470214844,371.4879512786865,519.60205078125,166.9384002685547,593.8136100769043,309.80031967163086,,,,,,,,0,95.17277419624543,1.195569275822348,0.2622379939012226,1.4481187693667423,0,0,164.10375651814556,174.76347719558893,177.77472048450818,0,0,0,0,0
112,3.7,0,1,626.6244888305664,263.32194328308105,561.0027313232422,356.27869606018066,541.2144470214844,371.4879512786865,519.60205078125,166.9384002685547,593.8136100769043,309.80031967163086,,,,,,,,0,95.17277419624543,1.195569275822348,0.2622379939012226,1.4481187693667423,0,0,164.10375651814556,174.76347719558893,177.77472048450818,0,0,0,0,0
113,3.7333333333333334,0,1,626.6244888305664,263.32194328308105,561.0027313232422,356.27869606018066,541.2144470214844,371.4879512786865,519.60205078125,166.9384002685547,593.8136100769043,309.80031967163086,,,,,,,,0,95.17277419624543,1.195569275822348,0.2622379939012226,1.4481187693667423,0,0,164.10375651814556,174.76347719558893,177.77472048450818,0,0,0,0,0
114,3.7666666666666666,1,1,627.2655868530273,264.0458106994629,560.867805480957,357.2668933868408,540.2724075317383,373.03547859191895,519.8366546630859,166.85437202453613,594.0666961669922,310.65635204315186,,,,,,,,0,94.30889980553064,1.213566746778141,0.2750403088525381,1.478661366862109,0,0,167.33754190089584,174.8959255571427,177.41812922138297,0,0,0,0,0
115,3.8,0,1,627.2655868530273,264.0458106994629,560.867805480957,357.2668933868408,540.2724075317383,373.03547859191895,519.8366546630859,166.85437202453613,594.0666961669922,310.65635204315186,,,,,,,,0,94.30889980553064,1.213566746778141,0.2750403088525381,1.478661366862109,0,0,167.33754190089584,174.8959255571427,177.41812922138297,0,0,0,0,0
116,3.8333333333333335,0,1,627.2655868530273,264.0458106994629,560.867805480957,357.2668933868408,540.2724075317383,373.03547859191895,519.8366546630859,166.85437202453613,594.0666961669922,310.65635204315186,,,,,,,,0,94.30889980553064,1.213566746778141,0.2750403088525381,1.478661366862109,0,0,167.33754190089584,174.8959255571427,177.41812922138297,0,0,0,0,0
117,3.8666666666666667,1,1,627.3526000976562,264.09753799438477,560.9081268310547,356.8502998352051,541.047477722168,372.78968811035156,520.0257110595703,167.5037670135498,594.1303634643555,310.4739189147949,,,,,,,,0,94.96781858843,1.2014196146244605,0.2681524088788444,1.4614383962022144,0,0,166.13417269879213,175.3010957650072,178.0563987843084,0,0,0,0,0
118,3.9,0,1,627.3526000976562,264.09753799438477,560.9081268310547,356.8502998352051,541.047477722168,372.78968811035156,520.0257110595703,167.5037670135498,594.1303634643555,310.4739189147949,,,,,,,,0,94.96781858843,1.2014196146244605,0.2681524088788444,1.4614383962022144,0,0,166.13417269879213,175.3010957650072,178.0563987843084,0,0,0,0,0
119,3.933333333333333,0,1,627.3526000976562,264.09753799438477,560.9081268310547,356.8502998352051,541.047477722168,372.78968811035156,520.0257110595703,167.5037670135498,594.1303634643555,310.4739189147949,,,,,,,,0,94.96781858843,1.2014196146244605,0.2681524088788444,1.4614383962022144,0,0,166.13417269879213,175.3010957650072,178.0563987843084,0,0,0,0,0
120,3.966666666666667,1,1,627.8307723999023,264.32204246520996,561.4166641235352,356.5353298187256,540.9630584716797,372.44399070739746,519.9966812133789,167.68405437469482,594.6237182617188,310.4286861419678,,,,,,,,0,95.48831449077623,1.1900967001342526,0.2713638013205996,1.4524833704150628,0,0,168.64693152820175,174.8285016695835,177.999630795562,0,0,0,0,0
121,4.0,0,1,627.8307723999023,264.32204246520996,561.4166641235352,356.5353298187256,540.9630584716797,372.44399070739746,519.9966812133789,167.68405437469482,594.6237182617188,310.4286861419678,,,,,,,,0,95.48831449077623,1.1900967001342526,0.2713638013205996,1.4524833704150628,0,0,168.64693152820175,174.8285016695835,177.999630795562,0,0,0,0,0
122,4.033333333333333,0,1,627.8307723999023,264.32204246520996,561.4166641235352,356.5353298187256,540.9630584716797,372.44399070739746,519.9966812133789,167.68405437469482,594.6237182617188,310.4286861419678,,,,,,,,0,95.48831449077623,1.1900967001342526,0.2713638013205996,1.4524833704150628,0,0,168.64693152820175,174.8285016695835,177.999630795562,0,0,0,0,0
123,4.066666666666666,1,1,628.5165786743164,264.0698719024658,561.4438629150391,357.71618843078613,540.4236602783203,373.12771797180176,519.8781204223633,167.72101879119873,594.9802207946777,310.893030166626,,,,,,,,0,96.33935450339492,1.1956532476651367,0.2705500287048813,1.4551959563492958,0,0,167.3818009327855,175.10895422532766,177.5928721350423,0,0,0,0,0
124,4.1,0,1,628.5165786743164,264.0698719024658,561.4438629150391,357.71618843078613,540.4236602783203,373.12771797180176,519.8781204223633,167.72101879119873,594.9802207946777,310.893030166626,,,,,,,,0,96.33935450339492,1.1956532476651367,0.2705500287048813,1.4551959563492958,0,0,167.3818009327855,175.10895422532766,177.5928721350423,0,0,0,0,0
125,4.133333333333334,0,1,628.5165786743164,264.0698719024658,561.4438629150391,357.71618843078613,540.4236602783203,373.12771797180176,519.8781204223633,167.72101879119873,594.9802207946777,310.893030166626,,,,,,,,0,96.33935450339492,1.1956532476651367,0.2705500287048813,1.4551959563492958,0,0,167.3818009327855,175.10895422532766,177.5928721350423,0,0,0,0,0
126,4.166666666666667,1,1,626.2863922119141,264.5698070526123,562.0336151123047,357.3710632324219,540.9952545166016,372.8887367248535,519.5547866821289,167.5637912750244,594.1600036621094,310.9704351425171,,,,,,,,0,95.4478545063941,1.182570218904169,0.2738891009574084,1.4444320413646803,0,0,169.4736847719428,174.14609323018644,177.7690108694871,0,0,0,0,0
127,4.2,0,1,626.2863922119141,264.5698070526123,562.0336151123047,357.3710632324219,540.9952545166016,372.8887367248535,519.5547866821289,167.5637912750244,594.1600036621094,310.9704351425171,,,,,,,,0,95.4478545063941,1.182570218904169,0.2738891009574084,1.4444320413646803,0,0,169.4736847719428,174.14609323018644,177.7690108694871,0,0,0,0,0
128,4.233333333333333,0,1,626.2863922119141,264.5698070526123,562.0336151123047,357.3710632324219,540.9952545166016,372.8887367248535,519.5547866821289,167.5637912750244,594.1600036621094,310.9704351425171,,,,,,,,0,95.4478545063941,1.182570218904169,0.2738891009574084,1.4444320413646803,0,0,169.4736847719428,174.14609323018644,177.7690108694871,0,0,0,0,0
129,4.266666666666667,1,1,627.9844284057617,265.427885055542,561.2001419067383,358.24633598327637,540.229377746582,373.2572364807129,518.4424209594727,168.4130573272705,594.59228515625,311.8371105194092,,,,,,,,0,94.35777970834397,1.2118528100834975,0.273316460532142,1.4733878032164247,0,0,168.22161909330543,174.57291913640125,177.5193499662453,0,0,0,0,0
130,4.3,0,1,627.9844284057617,265.427885055542,561.2001419067383,358.24633598327637,540.229377746582,373.2572364807129,518.4424209594727,168.4130573272705,594.59228515625,311.8371105194092,,,,,,,,0,94.35777970834397,1.2118528100834975,0.273316460532142,1.4733878032164247,0,0,168.22161909330543,174.57291913640125,177.5193499662453,0,0,0,0,0
131,4.333333333333333,0,1,627.9844284057617,265.427885055542,561.2001419067383,358.24633598327637,540.229377746582,373.2572364807129,518.4424209594727,168.4130573272705,594.59228515625,311.8371105194092,,,,,,,,0,94.35777970834397,1.2118528100834975,0.273316460532142,1.4733878032164247,0,0,168.22161909330543,174.57291913640125,177.5193499662453,0,0,0,0,0
132,4.366666666666666,1,1,627.7779388427734,264.66198921203613,561.9673919677734,357.50292778015137,540.7955932617188,373.1748962402344,517.8750991821289,168.77406120300293,594.8726654052734,311.08245849609375,,,,,,,,0,95.65621150919667,1.1896783389815524,0.2753730214936841,1.4538716065105004,0,0,167.2629616278122,174.54306709720225,177.01043199175996,0,0,0,0,0
133,4.4,0,1,627.7779388427734,264.66198921203613,561.9673919677734,357.50292778015137,540.7955932617188,373.1748962402344,517.8750991821289,168.77406120300293,594.8726654052734,311.08245849609375,,,,,,,,0,95.65621150919667,1.1896783389815524,0.2753730214936841,1.4538716065105004,0,0,167.2629616278122,174.54306709720225,177.01043199175996,0,0,0,0,0
134,4.433333333333334,0,1,627.7779388427734,264.66198921203613,561.9673919677734,357.50292778015137,540.7955932617188,373.1748962402344,517.8750991821289,168.77406120300293,594.8726654052734,311.08245849609375,,,,,,,,0,95.65621150919667,1.1896783389815524,0.2753730214936841,1.4538716065105004,0,0,167.2629616278122,174.54306709720225,177.01043199175996,0,0,0,0,0
135,4.466666666666667,1,1,626.3130569458008,264.08331871032715,561.3451385498047,358.8453197479248,541.1429214477539,373.8240337371826,518.9238739013672,168.66991996765137,593.8290977478027,311.464319229126,,,,,,,,0,98.12998866768356,1.1708363400049047,0.2562864116263418,1.4156075996237178,0,0,167.88885217348775,174.12063370530436,177.42139119586932,0,0,0,0,0
136,4.5,0,1,626.3130569458008,264.08331871032715,561.3451385498047,358.8453197479248,541.1429214477539,373.8240337371826,518.9238739013672,168.66991996765137,593.8290977478027,311.464319229126,,,,,,,,0,98.12998866768356,1.1708363400049047,0.2562864116263418,1.4156075996237178,0,0,167.88885217348775,174.12063370530436,177.42139119586932,0,0,0,0,0
137,4.533333333333333,0,1,626.3130569458008,264.08331871032715,561.3451385498047,358.8453197479248,541.1429214477539,373.8240337371826,518.9238739013672,168.66991996765137,593.8290977478027,311.464319229126,,,,,,,,0,98.12998866768356,1.1708363400049047,0.2562864116263418,1.4156075996237178,0,0,167.88885217348775,174.12063370530436,177.42139119586932,0,0,0,0,0
138,4.566666666666666,1,1,625.9093475341797,265.7084083557129,560.4707717895508,358.26765060424805,538.9476013183594,373.26541900634766,520.9231948852539,168.96544933319092,593.1900596618652,311.98802947998047,,,,,,,,0,94.92009890563654,1.1942179348085344,0.2763712211416021,1.4571659604864324,0,0,168.61294430031217,174.57963945399896,177.9468109814972,0,0,0,0,0
139,4.6,0,1,625.9093475341797,265.7084083557129,560.4707717895508,358.26765060424805,538.9476013183594,373.26541900634766,520.9231948852539,168.96544933319092,593.1900596618652,311.98802947998047,,,,,,,,0,94.92009890563654,1.1942179348085344,0.2763712211416021,1.4571659604864324,0,0,168.61294430031217,174.57963945399896,177.9468109814972,0,0,0,0,0
140,4.633333333333334,0,1,625.9093475341797,265.7084083557129,560.4707717895508,358.26765060424805,538.9476013183594,373.26541900634766,520.9231948852539,168.96544933319092,593.1900596618652,311.98802947998047,,,,,,,,0,94.92009890563654,1.1942179348085344,0.2763712211416021,1.4571659604864324,0,0,168.61294430031217,174.57963945399896,177.9468109814972,0,0,0,0,0
141,4.666666666666667,1,1,625.8765411376953,266.26078605651855,560.7337951660156,359.6285820007324,540.9551620483398,374.7315788269043,525.1043701171875,170.0462293624878,593.3051681518555,312.9446840286255,,,,,,,,0,95.55722888824144,1.1914004604246586,0.26042650594046485,1.4416391421879633,0,0,165.86320256009546,174.90099513765503,177.79397749002854,0,0,0,0,0
142,4.7,0,1,625.8765411376953,266.26078605651855,560.7337951660156,359.6285820007324,540.9551620483398,374.7315788269043,525.1043701171875,170.0462293624878,593.3051681518555,312.9446840286255,,,,,,,,0,95.55722888824144,1.1914004604246586,0.26042650594046485,1.4416391421879633,0,0,165.86320256009546,174.90099513765503,177.79397749002854,0,0,0,0,0
143,4.733333333333333,0,1,625.8765411376953,266.26078605651855,560.7337951660156,359.6285820007324,540.9551620483398,374.7315788269043,525.1043701171875,170.0462293624878,593.3051681518555,312.9446840286255,,,,,,,,0,95.55722888824144,1.1914004604246586,0.26042650594046485,1.4416391421879633,0,0,165.86320256009546,174.90099513765503,177.79397749002854,0,0,0,0,0
144,4.766666666666667,1,1,638.7045669555664,257.0562744140625,561.4110565185547,358.7976264953613,541.1286926269531,376.6848564147949,529.3014526367188,168.79826545715332,600.0578117370605,307.9269504547119,,,,,,,,0,96.74748120376668,1.320671386901414,0.27952214450517404,1.5956624437662608,0,0,163.64640504103204,173.1680359673871,177.31088257129994,0,0,0,0,0
145,4.8,0,1,638.7045669555664,257.0562744140625,561.4110565185547,358.7976264953613,541.1286926269531,376.6848564147949,529.3014526367188,168.79826545715332,600.0578117370605,307.9269504547119,,,,,,,,0,96.74748120376668,1.320671386901414,0.27952214450517404,1.5956624437662608,0,0,163.64640504103204,173.1680359673871,177.31088257129994,0,0,0,0,0
146,4.833333333333333,0,1,638.7045669555664,257.0562744140625,561.4110565185547,358.7976264953613,541.1286926269531,376.6848564147949,529.3014526367188,168.79826545715332,600.0578117370605,307.9269504547119,,,,,,,,0,96.74748120376668,1.320671386901414,0.27952214450517404,1.5956624437662608,0,0,163.64640504103204,173.1680359673871,177.31088257129994,0,0,0,0,0
147,4.866666666666666,1,1,647.4471282958984,259.11420822143555,570.8087158203125,356.03596687316895,548.4988403320312,366.736478805542,533.8163757324219,168.23002338409424,609.1279220581055,307.57508754730225,,,,,,,,0,103.4182031703515,1.1947684778798082,0.23925490356205875,1.413640483120986,0,0,162.97116720989845,172.27647947229767,177.17644779202948,0,0,0,0,0
148,4.9,0,1,647.4471282958984,259.11420822143555,570.8087158203125,356.03596687316895,548.4988403320312,366.736478805542,533.8163757324219,168.23002338409424,609.1279220581055,307.57508754730225,,,,,,,,0,103.4182031703515,1.1947684778798082,0.23925490356205875,1.413640483120986,0,0,162.97116720989845,172.27647947229767,177.17644779202948,0,0,0,0,0
149,4.933333333333334,0,1,647.4471282958984,259.11420822143555,570.8087158203125,356.03596687316895,548.4988403320312,366.736478805542,533.8163757324219,168.23002338409424,609.1279220581055,307.57508754730225,,,,,,,,0,103.4182031703515,1.1947684778798082,0.23925490356205875,1.413640483120986,0,0,162.97116720989845,172.27647947229767,177.17644779202948,0,0,0,0,0
150,4.966666666666667,1,1,665.1421356201172,214.3071699142456,602.655143737793,321.5247631072998,575.9376907348633,331.42333030700684,537.7132034301758,131.890869140625,633.8986396789551,267.9159665107727,,,,,,,,0,103.47071991901055,1.199350784607285,0.27536459701320887,1.4228146781115703,0,0,165.00555305879038,174.99731161633227,176.71020222930508,0,0,0,0,0
151,5.0,0,1,665.1421356201172,214.3071699142456,602.655143737793,321.5247631072998,575.9376907348633,331.42333030700684,537.7132034301758,131.890869140625,633.8986396789551,267.9159665107727,,,,,,,,0,103.47071991901055,1.199350784607285,0.27536459701320887,1.4228146781115703,0,0,165.00555305879038,174.99731161633227,176.71020222930508,0,0,0,0,0
152,5.033333333333333,0,1,665.1421356201172,214.3071699142456,602.655143737793,321.5247631072998,575.9376907348633,331.42333030700684,537.7132034301758,131.890869140625,633.8986396789551,267.9159665107727,,,,,,,,0,103.47071991901055,1.199350784607285,0.27536459701320887,1.4228146781115703,0,0,165.00555305879038,174.99731161633227,176.71020222930508,0,0,0,0,0
153,5.066666666666666,1,0,,,,,,,,,,,,,,,,,,0,,,,,0,0,,,,0,0,0,0,0
154,5.1,0,0,,,,,,,,,,,,,,,,,,0,,,,,0,0,,,,0,0,0,0,0
155,5.133333333333334,0,0,,,,,,,,,,,,,,,,,,0,,,,,0,0,,,,0,0,0,0,0
156,5.166666666666667,1,0,,,,,,,,,,,,,,,,,,0,,,,,0,0,,,,0,0,0,0,0
157,5.2,0,0,,,,,,,,,,,,,,,,,,0,,,,,0,0,,,,0,0,0,0,0
158,5.233333333333333,0,0,,,,,,,,,,,,,,,,,,0,,,,,0,0,,,,0,0,0,0,0
159,5.266666666666667,1,0,,,,,,,,,,,,,,,,,,0,,,,,0,0,,,,0,0,0,0,0
160,5.3,0,0,,,,,,,,,,,,,,,,,,0,,,,,0,0,,,,0,0,0,0,0
161,5.333333333333333,0,0,,,,,,,,,,,,,,,,,,0,,,,,0,0,,,,0,0,0,0,0
162,5.366666666666666,1,0,,,,,,,,,,,,,,,,,,0,,,,,0,0,,,,0,0,0,0,0
163,5.4,0,0,,,,,,,,,,,,,,,,,,0,,,,,0,0,,,,0,0,0,0,0
164,5.433333333333334,0,0,,,,,,,,,,,,,,,,,,0,,,,,0,0,,,,0,0,0,0,0
165,5.466666666666667,1,0,,,,,,,,,,,,,,,,,,0,,,,,0,0,,,,0,0,0,0,0
166,5.5,0,0,,,,,,,,,,,,,,,,,,0,,,,,0,0,,,,0,0,0,0,0
167,5.533333333333333,0,0,,,,,,,,,,,,,,,,,,0,,,,,0,0,,,,0,0,0,0,0
168,5.566666666666666,1,0,,,,,,,,,,,,,,,,,,0,,,,,0,0,,,,0,0,0,0,0
169,5.6,0,0,,,,,,,,,,,,,,,,,,0,,,,,0,0,,,,0,0,0,0,0
170,5.633333333333334,0,0,,,,,,,,,,,,,,,,,,0,,,,,0,0,,,,0,0,0,0,0
171,5.666666666666667,1,0,,,,,,,,,,,,,,,,,,0,,,,,0,0,,,,0,0,0,0,0
172,5.7,0,0,,,,,,,,,,,,,,,,,,0,,,,,0,0,,,,0,0,0,0,0
173,5.733333333333333,0,0,,,,,,,,,,,,,,,,,,0,,,,,0,0,,,,0,0,0,0,0
174,5.766666666666667,1,0,,,,,,,,,,,,,,,,,,0,,,,,0,0,,,,0,0,0,0,0
175,5.8,0,0,,,,,,,,,,,,,,,,,,0,,,,,0,0,,,,0,0,0,0,0
176,5.833333333333333,0,0,,,,,,,,,,,,,,,,,,0,,,,,0,0,,,,0,0,0,0,0
177,5.866666666666666,1,1,115.5296516418457,136.91558361053467,94.67711448669434,225.6005573272705,101.15785598754883,107.6441502571106,64.75183963775635,-11.848558187484741,105.10338306427002,181.2580704689026,,,,,,,,0,124.72947921742448,0.7304089528225121,0.9471241728748926,0.26144006168994716,0,0,133.18663255808485,176.2377651988292,96.38618720574915,0,0,0,0,0
178,5.9,0,1,115.5296516418457,136.91558361053467,94.67711448669434,225.6005573272705,101.15785598754883,107.6441502571106,64.75183963775635,-11.848558187484741,105.10338306427002,181.2580704689026,,,,,,,,0,124.72947921742448,0.7304089528225121,0.9471241728748926,0.26144006168994716,0,0,133.18663255808485,176.2377651988292,96.38618720574915,0,0,0,0,0
179,5.933333333333334,0,1,115.5296516418457,136.91558361053467,94.67711448669434,225.6005573272705,101.15785598754883,107.6441502571106,64.75183963775635,-11.848558187484741,105.10338306427002,181.2580704689026,,,,,,,,0,124.72947921742448,0.7304089528225121,0.9471241728748926,0.26144006168994716,0,0,133.18663255808485,176.2377651988292,96.38618720574915,0,0,0,0,0
180,5.966666666666667,1,1,132.77793884277344,173.22758674621582,103.76829147338867,262.6416206359863,109.90580558776855,157.2814178466797,67.77608871459961,22.88245439529419,118.27311515808105,217.93460369110107,,,,,,,,0,136.3242675321104,0.6895491470780527,0.7741748158630822,0.20452821317890862,0,0,146.76524773163567,173.811379599308,102.82545648200042,0,0,0,0,0
181,6.0,0,1,132.77793884277344,173.22758674621582,103.76829147338867,262.6416206359863,109.90580558776855,157.2814178466797,67.77608871459961,22.88245439529419,118.27311515808105,217.93460369110107,,,,,,,,0,136.3242675321104,0.6895491470780527,0.7741748158630822,0.20452821317890862,0,0,146.76524773163567,173.811379599308,102.82545648200042,0,0,0,0,0
182,6.033333333333333,0,1,132.77793884277344,173.22758674621582,103.76829147338867,262.6416206359863,109.90580558776855,157.2814178466797,67.77608871459961,22.88245439529419,118.27311515808105,217.93460369110107,,,,,,,,0,136.3242675321104,0.6895491470780527,0.7741748158630822,0.20452821317890862,0,0,146.76524773163567,173.811379599308,102.82545648200042,0,0,0,0,0
183,6.066666666666666,1,1,131.83473587036133,191.9280481338501,106.84037208557129,279.9942398071289,114.85346794128418,169.39898014068604,78.13348293304443,49.816246032714844,119.33755397796631,235.9611439704895,,,,,,,,0,129.412596170296,0.7073837965062426,0.856834453240302,0.21800115995641692,0,0,117.45691515112539,176.63838228852222,104.03513612539425,0,0,0,0,0
184,6.1,0,1,131.83473587036133,191.9280481338501,106.84037208557129,279.9942398071289,114.85346794128418,169.39898014068604,78.13348293304443,49.816246032714844,119.33755397796631,235.9611439704895,,,,,,,,0,129.412596170296,0.7073837965062426,0.856834453240302,0.21800115995641692,0,0,117.45691515112539,176.63838228852222,104.03513612539425,0,0,0,0,0
185,6.133333333333334,0,1,131.83473587036133,191.9280481338501,106.84037208557129,279.9942398071289,114.85346794128418,169.39898014068604,78.13348293304443,49.816246032714844,119.33755397796631,235.9611439704895,,,,,,,,0,129.412596170296,0.7073837965062426,0.856834453240302,0.21800115995641692,0,0,117.45691515112539,176.63838228852222,104.03513612539425,0,0,0,0,0
186,6.166666666666667,1,1,127.15104103088379,196.5318775177002,104.66782569885254,281.5774154663086,107.71020889282227,173.99034976959229,75.04276752471924,52.81522750854492,115.90943336486816,239.0546464920044,,,,,,,,0,130.29290682769607,0.675150015730804,0.82606241957482,0.22846115473848755,0,0,115.46214584064806,172.2301909680722,100.3770172379725,0,0,0,0,0
187,6.2,0,1,127.15104103088379,196.5318775177002,104.66782569885254,281.5774154663086,107.71020889282227,173.99034976959229,75.04276752471924,52.81522750854492,115.90943336486816,239.0546464920044,,,,,,,,0,130.29290682769607,0.675150015730804,0.82606241957482,0.22846115473848755,0,0,115.46214584064806,172.2301909680722,100.3770172379725,0,0,0,0,0
188,6.233333333333333,0,1,127.15104103088379,196.5318775177002,104.66782569885254,281.5774154663086,107.71020889282227,173.99034976959229,75.04276752471924,52.81522750854492,115.90943336486816,239.0546464920044,,,,,,,,0,130.29290682769607,0.675150015730804,0.82606241957482,0.22846115473848755,0,0,115.46214584064806,172.2301909680722,100.3770172379725,0,0,0,0,0
189,6.266666666666667,1,1,125.91509819030762,200.68543910980225,109.74527359008789,286.40639305114746,107.3851490020752,182.2111415863037,74.29986953735352,61.406099796295166,117.83018589019775,243.54591608047485,,,,,,,,0,127.94985814717106,0.6817725964902975,0.8145532876253868,0.2045018552772403,0,0,109.32028317331145,172.0080947158988,103.8807135758109,0,0,0,0,0
190,6.3,0,1,125.91509819030762,200.68543910980225,109.74527359008789,286.40639305114746,107.3851490020752,182.2111415863037,74.29986953735352,61.406099796295166,117.83018589019775,243.54591608047485,,,,,,,,0,127.94985814717106,0.6817725964902975,0.8145532876253868,0.2045018552772403,0,0,109.32028317331145,172.0080947158988,103.8807135758109,0,0,0,0,0
191,6.333333333333333,0,1,125.91509819030762,200.68543910980225,109.74527359008789,286.40639305114746,107.3851490020752,182.2111415863037,74.29986953735352,61.406099796295166,117.83018589019775,243.54591608047485,,,,,,,,0,127.94985814717106,0.6817725964902975,0.8145532876253868,0.2045018552772403,0,0,109.32028317331145,172.0080947158988,103.8807135758109,0,0,0,0,0
192,6.366666666666666,1,1,125.29355049133301,205.62196254730225,110.77299118041992,291.648530960083,107.82000541687012,188.06227684020996,75.55593490600586,71.56027793884277,118.03327083587646,248.63524675369263,,,,,,,,0,125.25759064674327,0.6965121674068497,0.8273218107291813,0.19777092796386744,0,0,108.24582575299067,175.39895479178614,106.98447783317911,0,0,0,0,0
193,6.4,0,1,125.29355049133301,205.62196254730225,110.77299118041992,291.648530960083,107.82000541687012,188.06227684020996,75.55593490600586,71.56027793884277,118.03327083587646,248.63524675369263,,,,,,,,0,125.25759064674327,0.6965121674068497,0.8273218107291813,0.19777092796386744,0,0,108.24582575299067,175.39895479178614,106.98447783317911,0,0,0,0,0
194,6.433333333333334,0,1,125.29355049133301,205.62196254730225,110.77299118041992,291.648530960083,107.82000541687012,188.06227684020996,75.55593490600586,71.56027793884277,118.03327083587646,248.63524675369263,,,,,,,,0,125.25759064674327,0.6965121674068497,0.8273218107291813,0.19777092796386744,0,0,108.24582575299067,175.39895479178614,106.98447783317911,0,0,0,0,0
195,6.466666666666667,1,1,126.77886962890625,207.001633644104,109.28410530090332,292.31054306030273,107.43189811706543,191.84163093566895,75.57039737701416,76.56256198883057,118.03148746490479,249.65608835220337,,,,,,,,0,123.30558616692716,0.7062478782106679,0.8149345629536442,0.19933465306658246,0,0,107.04556702071233,173.01160599205943,105.54704662966724,0,0,0,0,0
196,6.5,0,1,126.77886962890625,207.001633644104,109.28410530090332,292.31054306030273,107.43189811706543,191.84163093566895,75.57039737701416,76.56256198883057,118.03148746490479,249.65608835220337,,,,,,,,0,123.30558616692716,0.7062478782106679,0.8149345629536442,0.19933465306658246,0,0,107.04556702071233,173.01160599205943,105.54704662966724,0,0,0,0,0
197,6.533333333333333,0,1,126.77886962890625,207.001633644104,109.28410530090332,292.31054306030273,107.43189811706543,191.84163093566895,75.57039737701416,76.56256198883057,118.03148746490479,249.65608835220337,,,,,,,,0,123.30558616692716,0.7062478782106679,0.8149345629536442,0.19933465306658246,0,0,107.04556702071233,173.01160599205943,105.54704662966724,0,0,0,0,0
198,6.566666666666666,1,1,126.87610626220703,210.40037155151367,108.23687553405762,293.6190605163574,105.70387840270996,188.35174083709717,74.68504905700684,77.35386371612549,117.55649089813232,252.00971603393555,,,,,,,,0,123.13765414750122,0.6925626785838932,0.855122595497195,0.24824286919352642,0,0,107.89451865388583,175.0899651134218,102.3823906380952,0,0,0,0,0
199,6.6,0,1,126.87610626220703,210.40037155151367,108.23687553405762,293.6190605163574,105.70387840270996,188.35174083709717,74.68504905700684,77.35386371612549,117.55649089813232,252.00971603393555,,,,,,,,0,123.13765414750122,0.6925626785838932,0.855122595497195,0.24824286919352642,0,0,107.89451865388583,175.0899651134218,102.3823906380952,0,0,0,0,0
200,6.633333333333334,0,1,126.87610626220703,210.40037155151367,108.23687553405762,293.6190605163574,105.70387840270996,188.35174083709717,74.68504905700684,77.35386371612549,117.55649089813232,252.00971603393555,,,,,,,,0,123.13765414750122,0.6925626785838932,0.855122595497195,0.24824286919352642,0,0,107.89451865388583,175.0899651134218,102.3823906380952,0,0,0,0,0
201,6.666666666666667,1,1,125.52083969116211,208.19101810455322,108.90658378601074,293.0477714538574,104.89411354064941,188.71205806732178,75.90385913848877,78.24532270431519,117.21371173858643,250.61939477920532,,,,,,,,0,121.18633259226739,0.7135121869740206,0.861589232390789,0.2341073699422229,0,0,106.80848374894784,174.50984206535927,99.13721568911909,0,0,0,0,0
202,6.7,0,1,125.52083969116211,208.19101810455322,108.90658378601074,293.0477714538574,104.89411354064941,188.71205806732178,75.90385913848877,78.24532270431519,117.21371173858643,250.61939477920532,,,,,,,,0,121.18633259226739,0.7135121869740206,0.861589232390789,0.2341073699422229,0,0,106.80848374894784,174.50984206535927,99.13721568911909,0,0,0,0,0
203,6.733333333333333,0,1,125.52083969116211,208.19101810455322,108.90658378601074,293.0477714538574,104.89411354064941,188.71205806732178,75.90385913848877,78.24532270431519,117.21371173858643,250.61939477920532,,,,,,,,0,121.18633259226739,0.7135121869740206,0.861589232390789,0.2341073699422229,0,0,106.80848374894784,174.50984206535927,99.13721568911909,0,0,0,0,0
204,6.766666666666667,1,1,129.17137145996094,207.9682159423828,112.1570873260498,291.8451690673828,109.69635009765625,191.75744533538818,77.41764068603516,78.28844547271729,120.66422939300537,249.9066925048828,,,,,,,,0,123.50245750773894,0.6929839076234855,0.8106556807452648,0.20517010543925598,0,0,107.61116626244538,177.49743268746073,106.32045487563344,0,0,0,0,0
205,6.8,0,1,129.17137145996094,207.9682159423828,112.1570873260498,291.8451690673828,109.69635009765625,191.75744533538818,77.41764068603516,78.28844547271729,120.66422939300537,249.9066925048828,,,,,,,,0,123.50245750773894,0.6929839076234855,0.8106556807452648,0.20517010543925598,0,0,107.61116626244538,177.49743268746073,106.32045487563344,0,0,0,0,0
206,6.833333333333333,0,1,129.17137145996094,207.9682159423828,112.1570873260498,291.8451690673828,109.69635009765625,191.75744533538818,77.41764068603516,78.28844547271729,120.66422939300537,249.9066925048828,,,,,,,,0,123.50245750773894,0.6929839076234855,0.8106556807452648,0.20517010543925598,0,0,107.61116626244538,177.49743268746073,106.32045487563344,0,0,0,0,0
207,6.866666666666666,1,1,129.59047317504883,210.01839637756348,112.83989906311035,291.3240337371826,109.61251258850098,188.2177734375,81.54423713684082,80.36991119384766,121.21518611907959,250.67121505737305,,,,,,,,0,120.23509930111092,0.6904238659547685,0.8579587794539499,0.2459350052654506,0,0,107.26795010568567,175.02484029853315,100.6948583171944,0,0,0,0,0
208,6.9,0,1,129.59047317504883,210.01839637756348,112.83989906311035,291.3240337371826,109.61251258850098,188.2177734375,81.54423713684082,80.36991119384766,121.21518611907959,250.67121505737305,,,,,,,,0,120.23509930111092,0.6904238659547685,0.8579587794539499,0.2459350052654506,0,0,107.26795010568567,175.02484029853315,100.6948583171944,0,0,0,0,0
209,6.933333333333334,0,1,129.59047317504883,210.01839637756348,112.83989906311035,291.3240337371826,109.61251258850098,188.2177734375,81.54423713684082,80.36991119384766,121.21518611907959,250.67121505737305,,,,,,,,0,120.23509930111092,0.6904238659547685,0.8579587794539499,0.2459350052654506,0,0,107.26795010568567,175.02484029853315,100.6948583171944,0,0,0,0,0
210,6.966666666666667,1,1,131.76230430603027,210.1825761795044,112.62007713317871,292.7995204925537,109.90119934082031,192.6577091217041,81.78966522216797,83.71994018554688,122.19119071960449,251.49104833602905,,,,,,,,0,119.83372696427396,0.7076936523605681,0.8359809566995624,0.23381035928813282,0,0,104.95914150821595,175.95310183143764,104.0126335864964,0,0,0,0,0
211,7.0,0,1,131.76230430603027,210.1825761795044,112.62007713317871,292.7995204925537,109.90119934082031,192.6577091217041,81.78966522216797,83.71994018554688,122.19119071960449,251.49104833602905,,,,,,,,0,119.83372696427396,0.7076936523605681,0.8359809566995624,0.23381035928813282,0,0,104.95914150821595,175.95310183143764,104.0126335864964,0,0,0,0,0
212,7.033333333333333,0,1,131.76230430603027,210.1825761795044,112.62007713317871,292.7995204925537,109.90119934082031,192.6577091217041,81.78966522216797,83.71994018554688,122.19119071960449,251.49104833602905,,,,,,,,0,119.83372696427396,0.7076936523605681,0.8359809566995624,0.23381035928813282,0,0,104.95914150821595,175.95310183143764,104.0126335864964,0,0,0,0,0
213,7.066666666666666,1,1,128.93516540527344,212.27259635925293,112.5456714630127,292.3982906341553,108.94355773925781,193.89917850494385,79.04242038726807,84.1318130493164,120.74041843414307,252.3354434967041,,,,,,,,0,121.43360247456775,0.6734934183995447,0.8116777628707347,0.22359783126572924,0,0,103.89735436301191,174.11027425832688,102.20015895523768,0,0,0,0,0
214,7.1,0,1,128.93516540527344,212.27259635925293,112.5456714630127,292.3982906341553,108.94355773925781,193.89917850494385,79.04242038726807,84.1318130493164,120.74041843414307,252.3354434967041,,,,,,,,0,121.43360247456775,0.6734934183995447,0.8116777628707347,0.22359783126572924,0,0,103.89735436301191,174.11027425832688,102.20015895523768,0,0,0,0,0
215,7.133333333333334,0,1,128.93516540527344,212.27259635925293,112.5456714630127,292.3982906341553,108.94355773925781,193.89917850494385,79.04242038726807,84.1318130493164,120.74041843414307,252.3354434967041,,,,,,,,0,121.43360247456775,0.6734934183995447,0.8116777628707347,0.22359783126572924,0,0,103.89735436301191,174.11027425832688,102.20015895523768,0,0,0,0,0
216,7.166666666666667,1,1,127.65830039978027,212.67149448394775,112.97213554382324,290.9281539916992,107.4577808380127,193.1019115447998,80.15296936035156,82.18096017837524,120.31521797180176,251.7998242378235,,,,,,,,0,120.77088464775663,0.6592879330421202,0.8113009889773497,0.23288102872076527,0,0,105.9944402245939,175.36366894695405,98.69393090791255,0,0,0,0,0
217,7.2,0,1,127.65830039978027,212.67149448394775,112.97213554382324,290.9281539916992,107.4577808380127,193.1019115447998,80.15296936035156,82.18096017837524,120.31521797180176,251.7998242378235,,,,,,,,0,120.77088464775663,0.6592879330421202,0.8113009889773497,0.23288102872076527,0,0,105.9944402245939,175.36366894695405,98.69393090791255,0,0,0,0,0
218,7.233333333333333,0,1,127.65830039978027,212.67149448394775,112.97213554382324,290.9281539916992,107.4577808380127,193.1019115447998,80.15296936035156,82.18096017837524,120.31521797180176,251.7998242378235,,,,,,,,0,120.77088464775663,0.6592879330421202,0.8113009889773497,0.23288102872076527,0,0,105.9944402245939,175.36366894695405,98.69393090791255,0,0,0,0,0
219,7.266666666666667,1,1,131.06953620910645,211.0645866394043,113.87099266052246,288.45208168029785,109.11537170410156,199.089617729187,82.84805297851562,85.46510696411133,122.47026443481445,249.75833415985107,,,,,,,,0,118.71281191616123,0.6677927844155218,0.7538269330709918,0.21065715485826497,0,0,103.64790673414667,170.4184992987602,101.73494924467747,0,0,0,0,0
220,7.3,0,1,131.06953620910645,211.0645866394043,113.87099266052246,288.45208168029785,109.11537170410156,199.089617729187,82.84805297851562,85.46510696411133,122.47026443481445,249.75833415985107,,,,,,,,0,118.71281191616123,0.6677927844155218,0.7538269330709918,0.21065715485826497,0,0,103.64790673414667,170.4184992987602,101.73494924467747,0,0,0,0,0
221,7.333333333333333,0,1,131.06953620910645,211.0645866394043,113.87099266052246,288.45208168029785,109.11537170410156,199.089617729187,82.84805297851562,85.46510696411133,122.47026443481445,249.75833415985107,,,,,,,,0,118.71281191616123,0.6677927844155218,0.7538269330709918,0.21065715485826497,0,0,103.64790673414667,170.4184992987602,101.73494924467747,0,0,0,0,0
222,7.366666666666666,1,1,127.6994514465332,211.47459983825684,108.76389503479004,287.5774383544922,106.63641929626465,196.05627536773682,85.11220932006836,83.57750415802002,118.23167324066162,249.5260190963745,,,,,,,,0,118.70454843489777,0.6606587097187495,0.7712079125160654,0.21990042706240615,0,0,105.70726482611111,171.71063128776336,97.26874505507662,0,0,0,0,0
223,7.4,0,1,127.6994514465332,211.47459983825684,108.76389503479004,287.5774383544922,106.63641929626465,196.05627536773682,85.11220932006836,83.57750415802002,118.23167324066162,249.5260190963745,,,,,,,,0,118.70454843489777,0.6606587097187495,0.7712079125160654,0.21990042706240615,0,0,105.70726482611111,171.71063128776336,97.26874505507662,0,0,0,0,0
224,7.433333333333334,0,1,127.6994514465332,211.47459983825684,108.76389503479004,287.5774383544922,106.63641929626465,196.05627536773682,85.11220932006836,83.57750415802002,118.23167324066162,249.5260190963745,,,,,,,,0,118.70454843489777,0.6606587097187495,0.7712079125160654,0.21990042706240615,0,0,105.70726482611111,171.71063128776336,97.26874505507662,0,0,0,0,0
225,7.466666666666667,1,1,129.60859298706055,211.92097663879395,106.1093807220459,289.16210174560547,105.50168991088867,197.02823638916016,86.7001724243164,84.70052003860474,117.85898685455322,250.5415391921997,,,,,,,,0,118.49878965992417,0.6813287813629325,0.7775258269191635,0.23912593576735147,0,0,105.44759120564377,168.96411352375787,102.77286612480377,0,0,0,0,0
226,7.5,0,1,129.60859298706055,211.92097663879395,106.1093807220459,289.16210174560547,105.50168991088867,197.02823638916016,86.7001724243164,84.70052003860474,117.85898685455322,250.5415391921997,,,,,,,,0,118.49878965992417,0.6813287813629325,0.7775258269191635,0.23912593576735147,0,0,105.44759120564377,168.96411352375787,102.77286612480377,0,0,0,0,0
227,7.533333333333333,0,1,129.60859298706055,211.92097663879395,106.1093807220459,289.16210174560547,105.50168991088867,197.02823638916016,86.7001724243164,84.70052003860474,117.85898685455322,250.5415391921997,,,,,,,,0,118.49878965992417,0.6813287813629325,0.7775258269191635,0.23912593576735147,0,0,105.44759120564377,168.96411352375787,102.77286612480377,0,0,0,0,0
228,7.566666666666666,1,1,129.01124000549316,211.22324466705322,110.4979419708252,286.7553234100342,108.49161148071289,201.03818893432617,84.69598770141602,83.43929529190063,119.75459098815918,248.9892840385437,,,,,,,,0,118.18310372808153,0.6580284214649753,0.7254895924548508,0.19383740958029988,0,0,106.96368776524154,168.40557968412108,103.31806214490697,0,0,0,0,0
229,7.6,0,1,129.01124000549316,211.22324466705322,110.4979419708252,286.7553234100342,108.49161148071289,201.03818893432617,84.69598770141602,83.43929529190063,119.75459098815918,248.9892840385437,,,,,,,,0,118.18310372808153,0.6580284214649753,0.7254895924548508,0.19383740958029988,0,0,106.96368776524154,168.40557968412108,103.31806214490697,0,0,0,0,0
230,7.633333333333334,0,1,129.01124000549316,211.22324466705322,110.4979419708252,286.7553234100342,108.49161148071289,201.03818893432617,84.69598770141602,83.43929529190063,119.75459098815918,248.9892840385437,,,,,,,,0,118.18310372808153,0.6580284214649753,0.7254895924548508,0.19383740958029988,0,0,106.96368776524154,168.40557968412108,103.31806214490697,0,0,0,0,0
231,7.666666666666667,1,1,130.07902145385742,211.54130458831787,109.78033065795898,289.45106506347656,109.32348251342773,202.13772296905518,87.96135902404785,83.89025688171387,119.9296760559082,250.49618482589722,,,,,,,,0,118.58380749468898,0.6789347506575782,0.7363107924293798,0.19215434481180968,0,0,106.09575654037742,172.1515955280065,105.95856018262015,0,0,0,0,0
232,7.7,0,1,130.07902145385742,211.54130458831787,109.78033065795898,289.45106506347656,109.32348251342773,202.13772296905518,87.96135902404785,83.89025688171387,119.9296760559082,250.49618482589722,,,,,,,,0,118.58380749468898,0.6789347506575782,0.7363107924293798,0.19215434481180968,0,0,106.09575654037742,172.1515955280065,105.95856018262015,0,0,0,0,0
233,7.733333333333333,0,1,130.07902145385742,211.54130458831787,109.78033065795898,289.45106506347656,109.32348251342773,202.13772296905518,87.96135902404785,83.89025688171387,119.9296760559082,250.49618482589722,,,,,,,,0,118.58380749468898,0.6789347506575782,0.7363107924293798,0.19215434481180968,0,0,106.09575654037742,172.1515955280065,105.95856018262015,0,0,0,0,0
234,7.766666666666667,1,1,128.92743110656738,211.68911933898926,113.90312194824219,287.0404815673828,110.40010452270508,197.97848224639893,87.69939422607422,80.88634729385376,121.41527652740479,249.36480045318604,,,,,,,,0,118.99711294618454,0.6456846762933777,0.7490170260305593,0.19369140472691038,0,0,109.13190839911586,169.00260825202037,105.40195413130299,0,0,0,0,0
235,7.8,0,1,128.92743110656738,211.68911933898926,113.90312194824219,287.0404815673828,110.40010452270508,197.97848224639893,87.69939422607422,80.88634729385376,121.41527652740479,249.36480045318604,,,,,,,,0,118.99711294618454,0.6456846762933777,0.7490170260305593,0.19369140472691038,0,0,109.13190839911586,169.00260825202037,105.40195413130299,0,0,0,0,0
236,7.833333333333333,0,1,128.92743110656738,211.68911933898926,113.90312194824219,287.0404815673828,110.40010452270508,197.97848224639893,87.69939422607422,80.88634729385376,121.41527652740479,249.36480045318604,,,,,,,,0,118.99711294618454,0.6456846762933777,0.7490170260305593,0.19369140472691038,0,0,109.13190839911586,169.00260825202037,105.40195413130299,0,0,0,0,0
237,7.866666666666666,1,1,152.79376029968262,181.6144323348999,147.73393630981445,244.46508407592773,137.00281143188477,168.90077590942383,95.89221954345703,46.53351902961731,150.26384830474854,213.03975820541382,117.67341900505244,0.0,1.52587890625e-05,1.52587890625e-05,0.0,1.296706528247033e-07,1.296706528247033e-07,3,117.67341900505244,0.535838893754201,0.6485957967493197,0.17228118497945027,1,1,136.26203555039885,150.04143561046305,102.59991416097466,0,0,0,0,0
238,7.9,0,1,152.79376029968262,181.6144323348999,147.73393630981445,244.46508407592773,137.00281143188477,168.90077590942383,95.89221954345703,46.53351902961731,150.26384830474854,213.03975820541382,117.67341900505244,0.0,1.52587890625e-05,1.52587890625e-05,0.0,1.296706528247033e-07,1.296706528247033e-07,3,117.67341900505244,0.535838893754201,0.6485957967493197,0.17228118497945027,1,2,136.26203555039885,150.04143561046305,102.59991416097466,0,0,0,0,0
239,7.933333333333334,0,1,152.79376029968262,181.6144323348999,147.73393630981445,244.46508407592773,137.00281143188477,168.90077590942383,95.89221954345703,46.53351902961731,150.26384830474854,213.03975820541382,117.67341900505244,0.0,1.52587890625e-05,1.52587890625e-05,0.0,1.296706528247033e-07,1.296706528247033e-07,3,117.67341900505244,0.535838893754201,0.6485957967493197,0.17228118497945027,1,3,136.26203555039885,150.04143561046305,102.59991416097466,0,0,0,0,0
240,7.966666666666667,1,0,,,,,,,,,,,,,,,,,,0,,,,,0,3,,,,0,0,0,0,0
241,8.0,0,0,,,,,,,,,,,,,,,,,,0,,,,,0,3,,,,0,0,0,0,0
242,8.033333333333333,0,0,,,,,,,,,,,,,,,,,,0,,,,,0,3,,,,0,0,0,0,0
243,8.066666666666666,1,0,,,,,,,,,,,,,,,,,,0,,,,,0,3,,,,0,0,0,0,0
244,8.1,0,0,,,,,,,,,,,,,,,,,,0,,,,,0,3,,,,0,0,0,0,0
245,8.133333333333333,0,0,,,,,,,,,,,,,,,,,,0,,,,,0,3,,,,0,0,0,0,0
246,8.166666666666666,1,0,,,,,,,,,,,,,,,,,,0,,,,,0,3,,,,0,0,0,0,0
247,8.2,0,0,,,,,,,,,,,,,,,,,,0,,,,,0,3,,,,0,0,0,0,0
248,8.233333333333333,0,0,,,,,,,,,,,,,,,,,,0,,,,,0,3,,,,0,0,0,0,0
249,8.266666666666667,1,0,,,,,,,,,,,,,,,,,,0,,,,,0,3,,,,0,0,0,0,0
250,8.3,0,0,,,,,,,,,,,,,,,,,,0,,,,,0,3,,,,0,0,0,0,0
251,8.333333333333334,0,0,,,,,,,,,,,,,,,,,,0,,,,,0,3,,,,0,0,0,0,0
252,8.366666666666667,1,0,,,,,,,,,,,,,,,,,,0,,,,,0,3,,,,0,0,0,0,0
253,8.4,0,0,,,,,,,,,,,,,,,,,,0,,,,,0,3,,,,0,0,0,0,0
254,8.433333333333334,0,0,,,,,,,,,,,,,,,,,,0,,,,,0,3,,,,0,0,0,0,0
255,8.466666666666667,1,1,597.4264144897461,80.04338264465332,568.7001037597656,177.73921966552734,541.5456771850586,193.44703674316406,507.8023147583008,-10.303504765033722,583.0632591247559,128.89130115509033,,,,,,,,0,94.96828265944058,1.0722697158029626,0.3303244178253725,1.3312241393931579,0,0,169.43608340144013,174.0998997139228,175.35227546100523,0,0,0,0,0
256,8.5,0,1,597.4264144897461,80.04338264465332,568.7001037597656,177.73921966552734,541.5456771850586,193.44703674316406,507.8023147583008,-10.303504765033722,583.0632591247559,128.89130115509033,,,,,,,,0,94.96828265944058,1.0722697158029626,0.3303244178253725,1.3312241393931579,0,0,169.43608340144013,174.0998997139228,175.35227546100523,0,0,0,0,0
257,8.533333333333333,0,1,597.4264144897461,80.04338264465332,568.7001037597656,177.73921966552734,541.5456771850586,193.44703674316406,507.8023147583008,-10.303504765033722,583.0632591247559,128.89130115509033,,,,,,,,0,94.96828265944058,1.0722697158029626,0.3303244178253725,1.3312241393931579,0,0,169.43608340144013,174.0998997139228,175.35227546100523,0,0,0,0,0
258,8.566666666666666,1,1,600.5497360229492,174.98140811920166,574.753532409668,214.07089233398438,553.1243515014648,224.5876121520996,502.6832580566406,41.83985352516174,587.6516342163086,194.52615022659302,102.8985194108749,0.77764892578125,24.808578491210938,24.82076357822907,0.0075574355222361314,0.24109752631279383,0.24121594480013353,6,104.33242585161726,0.44889293684647924,0.2305172446303677,0.6577918688243193,1,1,176.14521808710742,179.2461861324254,177.68556239313833,0,0,0,0,0
259,8.6,0,1,600.5497360229492,174.98140811920166,574.753532409668,214.07089233398438,553.1243515014648,224.5876121520996,502.6832580566406,41.83985352516174,587.6516342163086,194.52615022659302,102.8985194108749,0.77764892578125,24.808578491210938,24.82076357822907,0.0075574355222361314,0.24109752631279383,0.24121594480013353,6,104.33242585161726,0.44889293684647924,0.2305172446303677,0.6577918688243193,1,2,176.14521808710742,179.2461861324254,177.68556239313833,0,0,0,0,0
260,8.633333333333333,0,1,600.5497360229492,174.98140811920166,574.753532409668,214.07089233398438,553.1243515014648,224.5876121520996,502.6832580566406,41.83985352516174,587.6516342163086,194.52615022659302,102.8985194108749,0.77764892578125,24.808578491210938,24.82076357822907,0.0075574355222361314,0.24109752631279383,0.24121594480013353,6,104.33242585161726,0.44889293684647924,0.2305172446303677,0.6577918688243193,1,3,176.14521808710742,179.2461861324254,177.68556239313833,0,0,0,0,0
261,8.666666666666666,1,1,605.5763244628906,228.85571479797363,572.8374862670898,259.43089485168457,551.2665176391602,270.22398948669434,509.91943359375,94.1486120223999,589.2069053649902,244.1433048248291,102.8985194108749,0.77764892578125,24.808578491210938,24.82076357822907,0.0075574355222361314,0.24109752631279383,0.24121594480013353,6,101.46461297013253,0.4414928941673834,0.23772308186778635,0.6728523746692815,1,4,167.58096528241452,178.59778910944502,176.59049964905466,0,1,0,0,0
262,8.7,0,1,605.5763244628906,228.85571479797363,572.8374862670898,259.43089485168457,551.2665176391602,270.22398948669434,509.91943359375,94.1486120223999,589.2069053649902,244.1433048248291,102.8985194108749,0.77764892578125,24.808578491210938,24.82076357822907,0.0075574355222361314,0.24109752631279383,0.24121594480013353,6,101.46461297013253,0.4414928941673834,0.23772308186778635,0.6728523746692815,1,5,167.58096528241452,178.59778910944502,176.59049964905466,0,0,0,0,0
263,8.733333333333333,0,1,605.5763244628906,228.85571479797363,572.8374862670898,259.43089485168457,551.2665176391602,270.22398948669434,509.91943359375,94.1486120223999,589.2069053649902,244.1433048248291,102.8985194108749,0.77764892578125,24.808578491210938,24.82076357822907,0.0075574355222361314,0.24109752631279383,0.24121594480013353,6,101.46461297013253,0.4414928941673834,0.23772308186778635,0.6728523746692815,1,6,167.58096528241452,178.59778910944502,176.59049964905466,0,0,0,0,0
264,8.766666666666667,1,1,629.5053100585938,251.05030059814453,576.5943908691406,303.5983657836914,553.8615417480469,318.0256175994873,523.9076232910156,135.24127006530762,603.0498504638672,277.32433319091797,,,,,,,,0,101.25410198446613,0.7364758852112782,0.265910090714834,0.9978166429073496,0,0,152.30657532495638,179.09043291877748,177.780003925413,0,0,0,0,0
265,8.8,0,1,629.5053100585938,251.05030059814453,576.5943908691406,303.5983657836914,553.8615417480469,318.0256175994873,523.9076232910156,135.24127006530762,603.0498504638672,277.32433319091797,,,,,,,,0,101.25410198446613,0.7364758852112782,0.265910090714834,0.9978166429073496,0,0,152.30657532495638,179.09043291877748,177.780003925413,0,0,0,0,0
266,8.833333333333334,0,1,629.5053100585938,251.05030059814453,576.5943908691406,303.5983657836914,553.8615417480469,318.0256175994873,523.9076232910156,135.24127006530762,603.0498504638672,277.32433319091797,,,,,,,,0,101.25410198446613,0.7364758852112782,0.265910090714834,0.9978166429073496,0,0,152.30657532495638,179.09043291877748,177.780003925413,0,0,0,0,0
267,8.866666666666667,1,1,641.9361114501953,258.03454399108887,578.3611297607422,346.2312984466553,554.9167251586914,363.3698558807373,533.4746932983398,159.56171035766602,610.1486206054688,302.13292121887207,,,,,,,,0,97.29906181857943,1.1173989917407054,0.29846986416665194,1.4042327509647687,0,0,161.96458493890742,173.91439970382316,177.1901384679412,0,0,0,0,0
268,8.9,0,1,641.9361114501953,258.03454399108887,578.3611297607422,346.2312984466553,554.9167251586914,363.3698558807373,533.4746932983398,159.56171035766602,610.1486206054688,302.13292121887207,,,,,,,,0,97.29906181857943,1.1173989917407054,0.29846986416665194,1.4042327509647687,0,0,161.96458493890742,173.91439970382316,177.1901384679412,0,0,0,0,0
269,8.933333333333334,0,1,641.9361114501953,258.03454399108887,578.3611297607422,346.2312984466553,554.9167251586914,363.3698558807373,533.4746932983398,159.56171035766602,610.1486206054688,302.13292121887207,,,,,,,,0,97.29906181857943,1.1173989917407054,0.29846986416665194,1.4042327509647687,0,0,161.96458493890742,173.91439970382316,177.1901384679412,0,0,0,0,0
270,8.966666666666667,1,1,637.0954513549805,264.25987243652344,578.9419937133789,352.247314453125,555.5627059936523,366.6314506530762,534.7708892822266,166.53509616851807,608.0187225341797,308.2535934448242,,,,,,,,0,91.29758533772736,1.1552172762587525,0.3006635236278874,1.4334681875582655,0,0,166.35984756423753,173.83550274127535,178.08337033195264,0,0,0,0,0
271,9.0,0,1,637.0954513549805,264.25987243652344,578.9419937133789,352.247314453125,555.5627059936523,366.6314506530762,534.7708892822266,166.53509616851807,608.0187225341797,308.2535934448242,,,,,,,,0,91.29758533772736,1.1552172762587525,0.3006635236278874,1.4334681875582655,0,0,166.35984756423753,173.83550274127535,178.08337033195264,0,0,0,0,0
272,9.033333333333333,0,1,637.0954513549805,264.25987243652344,578.9419937133789,352.247314453125,555.5627059936523,366.6314506530762,534.7708892822266,166.53509616851807,608.0187225341797,308.2535934448242,,,,,,,,0,91.29758533772736,1.1552172762587525,0.3006635236278874,1.4334681875582655,0,0,166.35984756423753,173.83550274127535,178.08337033195264,0,0,0,0,0
273,9.066666666666666,1,1,640.0436401367188,267.24660873413086,567.3428726196289,355.1184368133545,543.3224105834961,367.2235107421875,531.8576049804688,166.4763593673706,603.6932563781738,311.1825227737427,,,,,,,,0,92.99663008451508,1.2263629392771396,0.289238887074992,1.495813698302961,0,0,166.10078067902072,172.95499462698112,175.6997095469332,0,0,0,0,0
274,9.1,0,1,640.0436401367188,267.24660873413086,567.3428726196289,355.1184368133545,543.3224105834961,367.2235107421875,531.8576049804688,166.4763593673706,603.6932563781738,311.1825227737427,,,,,,,,0,92.99663008451508,1.2263629392771396,0.289238887074992,1.495813698302961,0,0,166.10078067902072,172.95499462698112,175.6997095469332,0,0,0,0,0
275,9.133333333333333,0,1,640.0436401367188,267.24660873413086,567.3428726196289,355.1184368133545,543.3224105834961,367.2235107421875,531.8576049804688,166.4763593673706,603.6932563781738,311.1825227737427,,,,,,,,0,92.99663008451508,1.2263629392771396,0.289238887074992,1.495813698302961,0,0,166.10078067902072,172.95499462698112,175.6997095469332,0,0,0,0,0
276,9.166666666666666,1,1,636.6623687744141,269.76033210754395,558.2309722900391,357.26861000061035,534.1572570800781,368.8649368286133,534.0176391601562,166.35549545288086,597.4466705322266,313.51447105407715,,,,,,,,0,94.76938374943573,1.2399835692512409,0.28195947537017635,1.5044929999199106,0,0,168.08740970863374,172.92606762234527,176.35272012989006,0,0,0,0,0
277,9.2,0,1,636.6623687744141,269.76033210754395,558.2309722900391,357.26861000061035,534.1572570800781,368.8649368286133,534.0176391601562,166.35549545288086,597.4466705322266,313.51447105407715,,,,,,,,0,94.76938374943573,1.2399835692512409,0.28195947537017635,1.5044929999199106,0,0,168.08740970863374,172.92606762234527,176.35272012989006,0,0,0,0,0
278,9.233333333333333,0,1,636.6623687744141,269.76033210754395,558.2309722900391,357.26861000061035,534.1572570800781,368.8649368286133,534.0176391601562,166.35549545288086,597.4466705322266,313.51447105407715,,,,,,,,0,94.76938374943573,1.2399835692512409,0.28195947537017635,1.5044929999199106,0,0,168.08740970863374,172.92606762234527,176.35272012989006,0,0,0,0,0
279,9.266666666666667,1,1,637.974853515625,271.9016361236572,556.5570831298828,357.73303985595703,534.1194534301758,370.72108268737793,535.3780746459961,167.15492248535156,597.2659683227539,314.81733798980713,,,,,,,,0,94.86562900162191,1.247071241481473,0.2732875479600518,1.5111583982160075,0,0,163.09932837725046,172.8038800620275,176.83201186416406,0,0,0,0,0
280,9.3,0,1,637.974853515625,271.9016361236572,556.5570831298828,357.73303985595703,534.1194534301758,370.72108268737793,535.3780746459961,167.15492248535156,597.2659683227539,314.81733798980713,,,,,,,,0,94.86562900162191,1.247071241481473,0.2732875479600518,1.5111583982160075,0,0,163.09932837725046,172.8038800620275,176.83201186416406,0,0,0,0,0
281,9.333333333333334,0,1,637.974853515625,271.9016361236572,556.5570831298828,357.73303985595703,534.1194534301758,370.72108268737793,535.3780746459961,167.15492248535156,597.2659683227539,314.81733798980713,,,,,,,,0,94.86562900162191,1.247071241481473,0.2732875479600518,1.5111583982160075,0,0,163.09932837725046,172.8038800620275,176.83201186416406,0,0,0,0,0
282,9.366666666666667,1,1,637.1516036987305,273.4093952178955,556.6921234130859,359.1995143890381,534.4622802734375,372.2061538696289,536.2738418579102,166.43468856811523,596.9218635559082,316.3044548034668,,,,,,,,0,94.40973778178811,1.245810405057797,0.2728040681610945,1.5093650673435879,0,0,166.39036480098645,174.47745500234868,177.91512281321152,0,0,0,0,0
283,9.4,0,1,637.1516036987305,273.4093952178955,556.6921234130859,359.1995143890381,534.4622802734375,372.2061538696289,536.2738418579102,166.43468856811523,596.9218635559082,316.3044548034668,,,,,,,,0,94.40973778178811,1.245810405057797,0.2728040681610945,1.5093650673435879,0,0,166.39036480098645,174.47745500234868,177.91512281321152,0,0,0,0,0
284,9.433333333333334,0,1,637.1516036987305,273.4093952178955,556.6921234130859,359.1995143890381,534.4622802734375,372.2061538696289,536.2738418579102,166.43468856811523,596.9218635559082,316.3044548034668,,,,,,,,0,94.40973778178811,1.245810405057797,0.2728040681610945,1.5093650673435879,0,0,166.39036480098645,174.47745500234868,177.91512281321152,0,0,0,0,0
285,9.466666666666667,1,1,636.974983215332,274.31156158447266,556.197395324707,360.8162784576416,534.7776794433594,372.60040283203125,536.4318466186523,166.36566638946533,596.5861892700195,317.56392002105713,,,,,,,,0,93.64633026809663,1.2638589753893308,0.26105973826463597,1.5141228575530188,0,0,166.20551917190772,174.61027511762452,178.47209703174906,0,0,0,0,0
286,9.5,0,1,636.974983215332,274.31156158447266,556.197395324707,360.8162784576416,534.7776794433594,372.60040283203125,536.4318466186523,166.36566638946533,596.5861892700195,317.56392002105713,,,,,,,,0,93.64633026809663,1.2638589753893308,0.26105973826463597,1.5141228575530188,0,0,166.20551917190772,174.61027511762452,178.47209703174906,0,0,0,0,0
287,9.533333333333333,0,1,636.974983215332,274.31156158447266,556.197395324707,360.8162784576416,534.7776794433594,372.60040283203125,536.4318466186523,166.36566638946533,596.5861892700195,317.56392002105713,,,,,,,,0,93.64633026809663,1.2638589753893308,0.26105973826463597,1.5141228575530188,0,0,166.20551917190772,174.61027511762452,178.47209703174906,0,0,0,0,0
288,9.566666666666666,1,1,636.0067749023438,272.50290870666504,557.4676132202148,359.81600761413574,535.1501846313477,372.99516677856445,536.6848754882812,166.72359466552734,596.7371940612793,316.1594581604004,,,,,,,,0,96.20936542987795,1.2206633759054646,0.26939468715826254,1.479849373175348,0,0,164.7984999303943,173.95347086156352,177.74501468457265,0,0,0,0,0
289,9.6,0,1,636.0067749023438,272.50290870666504,557.4676132202148,359.81600761413574,535.1501846313477,372.99516677856445,536.6848754882812,166.72359466552734,596.7371940612793,316.1594581604004,,,,,,,,0,96.20936542987795,1.2206633759054646,0.26939468715826254,1.479849373175348,0,0,164.7984999303943,173.95347086156352,177.74501468457265,0,0,0,0,0
290,9.633333333333333,0,1,636.0067749023438,272.50290870666504,557.4676132202148,359.81600761413574,535.1501846313477,372.99516677856445,536.6848754882812,166.72359466552734,596.7371940612793,316.1594581604004,,,,,,,,0,96.20936542987795,1.2206633759054646,0.26939468715826254,1.479849373175348,0,0,164.7984999303943,173.95347086156352,177.74501468457265,0,0,0,0,0
291,9.666666666666666,1,1,637.0267868041992,273.879976272583,557.7830123901367,360.7006359100342,535.7228851318359,373.7985134124756,536.9472503662109,167.3654079437256,597.404899597168,317.2903060913086,,,,,,,,0,95.75619551494222,1.2275701659237581,0.26792500473201875,1.4859521345296243,0,0,164.49765828495572,174.30787166536214,177.80768296132675,0,0,0,0,0
292,9.7,0,1,637.0267868041992,273.879976272583,557.7830123901367,360.7006359100342,535.7228851318359,373.7985134124756,536.9472503662109,167.3654079437256,597.404899597168,317.2903060913086,,,,,,,,0,95.75619551494222,1.2275701659237581,0.26792500473201875,1.4859521345296243,0,0,164.49765828495572,174.30787166536214,177.80768296132675,0,0,0,0,0
293,9.733333333333333,0,1,637.0267868041992,273.879976272583,557.7830123901367,360.7006359100342,535.7228851318359,373.7985134124756,536.9472503662109,167.3654079437256,597.404899597168,317.2903060913086,,,,,,,,0,95.75619551494222,1.2275701659237581,0.26792500473201875,1.4859521345296243,0,0,164.49765828495572,174.30787166536214,177.80768296132675,0,0,0,0,0
294,9.766666666666667,1,1,638.8721466064453,274.2088222503662,558.0065155029297,360.0881767272949,535.2781677246094,374.17284965515137,535.7324600219727,167.38337516784668,598.4393310546875,317.14849948883057,,,,,,,,0,95.20122298918744,1.239057585250921,0.280864642781127,1.5121668209200523,0,0,162.63924708903824,175.35577493397938,177.47074788358506,0,0,0,0,0
295,9.8,0,1,638.8721466064453,274.2088222503662,558.0065155029297,360.0881767272949,535.2781677246094,374.17284965515137,535.7324600219727,167.38337516784668,598.4393310546875,317.14849948883057,,,,,,,,0,95.20122298918744,1.239057585250921,0.280864642781127,1.5121668209200523,0,0,162.63924708903824,175.35577493397938,177.47074788358506,0,0,0,0,0
296,9.833333333333334,0,1,638.8721466064453,274.2088222503662,558.0065155029297,360.0881767272949,535.2781677246094,374.17284965515137,535.7324600219727,167.38337516784668,598.4393310546875,317.14849948883057,,,,,,,,0,95.20122298918744,1.239057585250921,0.280864642781127,1.5121668209200523,0,0,162.63924708903824,175.35577493397938,177.47074788358506,0,0,0,0,0
297,9.866666666666667,1,1,637.0174407958984,272.7007484436035,558.5318756103516,360.1383876800537,535.4150390625,373.17907333374023,535.9041595458984,167.6043462753296,597.774658203125,316.4195680618286,,,,,,,,0,95.8098311572162,1.2263466186971046,0.27702201028036316,1.4914425906026956,0,0,163.7900928841091,174.35628199324057,176.8731257989214,0,0,0,0,0
298,9.9,0,1,637.0174407958984,272.7007484436035,558.5318756103516,360.1383876800537,535.4150390625,373.17907333374023,535.9041595458984,167.6043462753296,597.774658203125,316.4195680618286,,,,,,,,0,95.8098311572162,1.2263466186971046,0.27702201028036316,1.4914425906026956,0,0,163.7900928841091,174.35628199324057,176.8731257989214,0,0,0,0,0
299,9.933333333333334,0,1,637.0174407958984,272.7007484436035,558.5318756103516,360.1383876800537,535.4150390625,373.17907333374023,535.9041595458984,167.6043462753296,597.774658203125,316.4195680618286,,,,,,,,0,95.8098311572162,1.2263466186971046,0.27702201028036316,1.4914425906026956,0,0,163.7900928841091,174.35628199324057,176.8731257989214,0,0,0,0,0
300,9.966666666666667,1,1,634.9678421020508,273.01960945129395,558.2883453369141,360.3801155090332,535.7110214233398,373.30052375793457,535.487174987793,167.62619018554688,596.6280937194824,316.6998624801636,,,,,,,,0,94.9720819513912,1.2239325460717392,0.27390080356122104,1.4856612687798256,0,0,166.25527817895173,174.4037788799742,177.51856105790085,0,0,0,0,0
301,10.0,0,1,634.9678421020508,273.01960945129395,558.2883453369141,360.3801155090332,535.7110214233398,373.30052375793457,535.487174987793,167.62619018554688,596.6280937194824,316.6998624801636,,,,,,,,0,94.9720819513912,1.2239325460717392,0.27390080356122104,1.4856612687798256,0,0,166.25527817895173,174.4037788799742,177.51856105790085,0,0,0,0,0
302,10.033333333333333,0,1,634.9678421020508,273.01960945129395,558.2883453369141,360.3801155090332,535.7110214233398,373.30052375793457,535.487174987793,167.62619018554688,596.6280937194824,316.6998624801636,,,,,,,,0,94.9720819513912,1.2239325460717392,0.27390080356122104,1.4856612687798256,0,0,166.25527817895173,174.4037788799742,177.51856105790085,0,0,0,0,0
303,10.066666666666666,1,1,639.4243240356445,274.57592010498047,558.3854293823242,360.96293449401855,535.7295989990234,374.71415519714355,536.7446899414062,167.31136322021484,598.9048767089844,317.7694272994995,,,,,,,,0,97.92544312639458,1.20957716525498,0.2706396132489124,1.4720750952461608,0,0,163.27197712027763,174.78575106432243,177.08328222324508,0,0,0,0,0
304,10.1,0,1,639.4243240356445,274.57592010498047,558.3854293823242,360.96293449401855,535.7295989990234,374.71415519714355,536.7446899414062,167.31136322021484,598.9048767089844,317.7694272994995,,,,,,,,0,97.92544312639458,1.20957716525498,0.2706396132489124,1.4720750952461608,0,0,163.27197712027763,174.78575106432243,177.08328222324508,0,0,0,0,0
305,10.133333333333333,0,1,639.4243240356445,274.57592010498047,558.3854293823242,360.96293449401855,535.7295989990234,374.71415519714355,536.7446899414062,167.31136322021484,598.9048767089844,317.7694272994995,,,,,,,,0,97.92544312639458,1.20957716525498,0.2706396132489124,1.4720750952461608,0,0,163.27197712027763,174.78575106432243,177.08328222324508,0,0,0,0,0
306,10.166666666666666,1,1,638.3173370361328,275.0786018371582,559.4966888427734,359.9285888671875,536.2471008300781,373.5409355163574,535.2659225463867,165.28060913085938,598.9070129394531,317.50359535217285,,,,,,,,0,97.676328271761,1.1856620668222793,0.27582328144949714,1.45194737054433,0,0,163.4485921060704,175.73740305864507,177.16641312572605,0,0,0,0,0
307,10.2,0,1,638.3173370361328,275.0786018371582,559.4966888427734,359.9285888671875,536.2471008300781,373.5409355163574,535.2659225463867,165.28060913085938,598.9070129394531,317.50359535217285,,,,,,,,0,97.676328271761,1.1856620668222793,0.27582328144949714,1.45194737054433,0,0,163.4485921060704,175.73740305864507,177.16641312572605,0,0,0,0,0
308,10.233333333333333,0,1,638.3173370361328,275.0786018371582,559.4966888427734,359.9285888671875,536.2471008300781,373.5409355163574,535.2659225463867,165.28060913085938,598.9070129394531,317.50359535217285,,,,,,,,0,97.676328271761,1.1856620668222793,0.27582328144949714,1.45194737054433,0,0,163.4485921060704,175.73740305864507,177.16641312572605,0,0,0,0,0
309,10.266666666666667,1,1,638.4251022338867,274.0821933746338,557.9338455200195,361.8170356750488,535.3599548339844,374.7461128234863,535.756721496582,167.1258544921875,598.1794738769531,317.9496145248413,,,,,,,,0,97.30683065691126,1.223593826080614,0.2673425596553865,1.4805559852738872,0,0,165.26325028826508,174.14666248324548,176.73355368596228,0,0,0,0,0
310,10.3,0,1,638.4251022338867,274.0821933746338,557.9338455200195,361.8170356750488,535.3599548339844,374.7461128234863,535.756721496582,167.1258544921875,598.1794738769531,317.9496145248413,,,,,,,,0,97.30683065691126,1.223593826080614,0.2673425596553865,1.4805559852738872,0,0,165.26325028826508,174.14666248324548,176.73355368596228,0,0,0,0,0
311,10.333333333333334,0,1,638.4251022338867,274.0821933746338,557.9338455200195,361.8170356750488,535.3599548339844,374.7461128234863,535.756721496582,167.1258544921875,598.1794738769531,317.9496145248413,,,,,,,,0,97.30683065691126,1.223593826080614,0.2673425596553865,1.4805559852738872,0,0,165.26325028826508,174.14666248324548,176.73355368596228,0,0,0,0,0
312,10.366666666666667,1,1,636.7835998535156,273.71569633483887,557.9906463623047,362.1098327636719,534.8248672485352,374.1925048828125,534.9992370605469,167.7313470840454,597.3871231079102,317.91276454925537,,,,,,,,0,96.53554048729082,1.2266353335501432,0.27065122536229047,1.4828464067445932,0,0,167.11421718987495,174.70202133043423,176.7479700174508,0,0,0,0,0
313,10.4,0,1,636.7835998535156,273.71569633483887,557.9906463623047,362.1098327636719,534.8248672485352,374.1925048828125,534.9992370605469,167.7313470840454,597.3871231079102,317.91276454925537,,,,,,,,0,96.53554048729082,1.2266353335501432,0.27065122536229047,1.4828464067445932,0,0,167.11421718987495,174.70202133043423,176.7479700174508,0,0,0,0,0
314,10.433333333333334,0,1,636.7835998535156,273.71569633483887,557.9906463623047,362.1098327636719,534.8248672485352,374.1925048828125,534.9992370605469,167.7313470840454,597.3871231079102,317.91276454925537,,,,,,,,0,96.53554048729082,1.2266353335501432,0.27065122536229047,1.4828464067445932,0,0,167.11421718987495,174.70202133043423,176.7479700174508,0,0,0,0,0
315,10.466666666666667,1,1,637.5410079956055,273.1307601928711,557.9137802124023,361.96929931640625,535.3013229370117,375.24447441101074,535.8310317993164,168.32656860351562,597.7273941040039,317.5500297546387,,,,,,,,0,98.67331600751717,1.2090525206932365,0.2657379158706133,1.4644253146470476,0,0,166.35866012466107,173.90162427658927,176.22996629413856,0,0,0,0,0
316,10.5,0,1,637.5410079956055,273.1307601928711,557.9137802124023,361.96929931640625,535.3013229370117,375.24447441101074,535.8310317993164,168.32656860351562,597.7273941040039,317.5500297546387,,,,,,,,0,98.67331600751717,1.2090525206932365,0.2657379158706133,1.4644253146470476,0,0,166.35866012466107,173.90162427658927,176.22996629413856,0,0,0,0,0
317,10.533333333333333,0,1,637.5410079956055,273.1307601928711,557.9137802124023,361.96929931640625,535.3013229370117,375.24447441101074,535.8310317993164,168.32656860351562,597.7273941040039,317.5500297546387,,,,,,,,0,98.67331600751717,1.2090525206932365,0.2657379158706133,1.4644253146470476,0,0,166.35866012466107,173.90162427658927,176.22996629413856,0,0,0,0,0
318,10.566666666666666,1,1,637.2098922729492,275.87825775146484,558.3453369140625,361.78070068359375,535.3558349609375,374.7085762023926,534.9209594726562,167.24990844726562,597.7776145935059,318.8294792175293,,,,,,,,0,99.08242596935337,1.1769402758105951,0.26619376475554013,1.4323568306578636,0,0,165.5774837179242,174.53266265132302,176.56886207769935,0,0,0,0,0
319,10.6,0,1,637.2098922729492,275.87825775146484,558.3453369140625,361.78070068359375,535.3558349609375,374.7085762023926,534.9209594726562,167.24990844726562,597.7776145935059,318.8294792175293,,,,,,,,0,99.08242596935337,1.1769402758105951,0.26619376475554013,1.4323568306578636,0,0,165.5774837179242,174.53266265132302,176.56886207769935,0,0,0,0,0
320,10.633333333333333,0,1,637.2098922729492,275.87825775146484,558.3453369140625,361.78070068359375,535.3558349609375,374.7085762023926,534.9209594726562,167.24990844726562,597.7776145935059,318.8294792175293,,,,,,,,0,99.08242596935337,1.1769402758105951,0.26619376475554013,1.4323568306578636,0,0,165.5774837179242,174.53266265132302,176.56886207769935,0,0,0,0,0
321,10.666666666666666,1,1,637.3913955688477,273.5068702697754,559.0265655517578,360.8327579498291,535.9744262695312,373.93406867980957,533.9099502563477,168.52084636688232,598.2089805603027,317.16981410980225,,,,,,,,0,98.60967517942053,1.1898655105527476,0.26888846900979035,1.4473944410034578,0,0,163.90306179029045,174.04882428207716,176.45624174280704,0,0,0,0,0
322,10.7,0,1,637.3913955688477,273.5068702697754,559.0265655517578,360.8327579498291,535.9744262695312,373.93406867980957,533.9099502563477,168.52084636688232,598.2089805603027,317.16981410980225,,,,,,,,0,98.60967517942053,1.1898655105527476,0.26888846900979035,1.4473944410034578,0,0,163.90306179029045,174.04882428207716,176.45624174280704,0,0,0,0,0
323,10.733333333333333,0,1,637.3913955688477,273.5068702697754,559.0265655517578,360.8327579498291,535.9744262695312,373.93406867980957,533.9099502563477,168.52084636688232,598.2089805603027,317.16981410980225,,,,,,,,0,98.60967517942053,1.1898655105527476,0.26888846900979035,1.4473944410034578,0,0,163.90306179029045,174.04882428207716,176.45624174280704,0,0,0,0,0
324,10.766666666666667,1,1,637.8531265258789,266.80460929870605,558.4513473510742,359.8678779602051,536.3690567016602,373.6929702758789,531.2907409667969,166.91541194915771,598.1522369384766,313.33624362945557,,,,,,,,0,94.42697235586738,1.295532493880282,0.27590672842744157,1.5609004754189129,0,0,169.3250050843774,174.22775880518114,176.5177720822127,0,0,0,0,0
325,10.8,0,1,637.8531265258789,266.80460929870605,558.4513473510742,359.8678779602051,536.3690567016602,373.6929702758789,531.2907409667969,166.91541194915771,598.1522369384766,313.33624362945557,,,,,,,,0,94.42697235586738,1.295532493880282,0.27590672842744157,1.5609004754189129,0,0,169.3250050843774,174.22775880518114,176.5177720822127,0,0,0,0,0
326,10.833333333333334,0,1,637.8531265258789,266.80460929870605,558.4513473510742,359.8678779602051,536.3690567016602,373.6929702758789,531.2907409667969,166.91541194915771,598.1522369384766,313.33624362945557,,,,,,,,0,94.42697235586738,1.295532493880282,0.27590672842744157,1.5609004754189129,0,0,169.3250050843774,174.22775880518114,176.5177720822127,0,0,0,0,0
327,10.866666666666667,1,1,638.2439041137695,261.36274337768555,559.5174789428711,354.4228935241699,536.1580276489258,370.2384281158447,522.4216461181641,167.79703617095947,598.8806915283203,307.89281845092773,,,,,,,,0,99.30658931609632,1.227446913504507,0.2840681636666239,1.5029173155556452,0,0,170.93782849735234,173.23427007454808,176.5669795483382,0,0,0,0,0
328,10.9,0,1,638.2439041137695,261.36274337768555,559.5174789428711,354.4228935241699,536.1580276489258,370.2384281158447,522.4216461181641,167.79703617095947,598.8806915283203,307.89281845092773,,,,,,,,0,99.30658931609632,1.227446913504507,0.2840681636666239,1.5029173155556452,0,0,170.93782849735234,173.23427007454808,176.5669795483382,0,0,0,0,0
329,10.933333333333334,0,1,638.2439041137695,261.36274337768555,559.5174789428711,354.4228935241699,536.1580276489258,370.2384281158447,522.4216461181641,167.79703617095947,598.8806915283203,307.89281845092773,,,,,,,,0,99.30658931609632,1.227446913504507,0.2840681636666239,1.5029173155556452,0,0,170.93782849735234,173.23427007454808,176.5669795483382,0,0,0,0,0
330,10.966666666666667,1,1,631.2148284912109,230.99485874176025,567.2819519042969,326.5107250213623,547.5590896606445,344.86764907836914,508.36437225341797,146.07336044311523,599.2483901977539,278.7527918815613,,,,,,,,0,98.6053219188702,1.165634657534353,0.2732488673632273,1.4329713607030514,0,0,178.4970196750128,177.10849202649595,178.17758406832925,0,0,0,0,0
331,11.0,0,1,631.2148284912109,230.99485874176025,567.2819519042969,326.5107250213623,547.5590896606445,344.86764907836914,508.36437225341797,146.07336044311523,599.2483901977539,278.7527918815613,,,,,,,,0,98.6053219188702,1.165634657534353,0.2732488673632273,1.4329713607030514,0,0,178.4970196750128,177.10849202649595,178.17758406832925,0,0,0,0,0
332,11.033333333333333,0,1,631.2148284912109,230.99485874176025,567.2819519042969,326.5107250213623,547.5590896606445,344.86764907836914,508.36437225341797,146.07336044311523,599.2483901977539,278.7527918815613,,,,,,,,0,98.6053219188702,1.165634657534353,0.2732488673632273,1.4329713607030514,0,0,178.4970196750128,177.10849202649595,178.17758406832925,0,0,0,0,0
333,11.066666666666666,1,1,628.1059646606445,162.17383861541748,573.3290481567383,258.83957862854004,559.5818328857422,270.93689918518066,504.21058654785156,100.76189517974854,600.7175064086914,210.50670862197876,,,,,,,,0,88.2653189457596,1.2587848573042062,0.2074659442312825,1.4563981323286264,0,0,179.4293876852686,175.26310407427178,177.46240372143492,0,0,0,0,0
334,11.1,0,1,628.1059646606445,162.17383861541748,573.3290481567383,258.83957862854004,559.5818328857422,270.93689918518066,504.21058654785156,100.76189517974854,600.7175064086914,210.50670862197876,,,,,,,,0,88.2653189457596,1.2587848573042062,0.2074659442312825,1.4563981323286264,0,0,179.4293876852686,175.26310407427178,177.46240372143492,0,0,0,0,0
335,11.133333333333333,0,1,628.1059646606445,162.17383861541748,573.3290481567383,258.83957862854004,559.5818328857422,270.93689918518066,504.21058654785156,100.76189517974854,600.7175064086914,210.50670862197876,,,,,,,,0,88.2653189457596,1.2587848573042062,0.2074659442312825,1.4563981323286264,0,0,179.4293876852686,175.26310407427178,177.46240372143492,0,0,0,0,0
336,11.166666666666666,1,0,,,,,,,,,,,,,,,,,,0,,,,,0,0,,,,0,0,0,0,0
337,11.2,0,0,,,,,,,,,,,,,,,,,,0,,,,,0,0,,,,0,0,0,0,0
338,11.233333333333333,0,0,,,,,,,,,,,,,,,,,,0,,,,,0,0,,,,0,0,0,0,0
339,11.266666666666667,1,0,,,,,,,,,,,,,,,,,,0,,,,,0,0,,,,0,0,0,0,0
340,11.3,0,0,,,,,,,,,,,,,,,,,,0,,,,,0,0,,,,0,0,0,0,0
341,11.333333333333334,0,0,,,,,,,,,,,,,,,,,,0,,,,,0,0,,,,0,0,0,0,0
342,11.366666666666667,1,0,,,,,,,,,,,,,,,,,,0,,,,,0,0,,,,0,0,0,0,0
343,11.4,0,0,,,,,,,,,,,,,,,,,,0,,,,,0,0,,,,0,0,0,0,0
344,11.433333333333334,0,0,,,,,,,,,,,,,,,,,,0,,,,,0,0,,,,0,0,0,0,0
345,11.466666666666667,1,0,,,,,,,,,,,,,,,,,,0,,,,,0,0,,,,0,0,0,0,0
346,11.5,0,0,,,,,,,,,,,,,,,,,,0,,,,,0,0,,,,0,0,0,0,0
347,11.533333333333333,0,0,,,,,,,,,,,,,,,,,,0,,,,,0,0,,,,0,0,0,0,0
348,11.566666666666666,1,1,314.0664863586426,129.58149433135986,314.12960052490234,154.41701889038086,297.0615577697754,146.1674451828003,258.8001251220703,-23.67712140083313,314.09804344177246,141.99925661087036,115.32629936600625,7.620031833648682,10.842164039611816,13.2520717703939,0.06607366988743223,0.0940129363312222,0.11490936450094834,93,109.50731785501463,0.22679401925760834,0.1731130917397076,0.2169187106753307,1,1,173.2225110574834,139.45282213009145,129.67619231484227,0,0,0,0,0
349,11.6,0,1,314.0664863586426,129.58149433135986,314.12960052490234,154.41701889038086,297.0615577697754,146.1674451828003,258.8001251220703,-23.67712140083313,314.09804344177246,141.99925661087036,115.32629936600625,7.620031833648682,10.842164039611816,13.2520717703939,0.06607366988743223,0.0940129363312222,0.11490936450094834,93,109.50731785501463,0.22679401925760834,0.1731130917397076,0.2169187106753307,1,2,173.2225110574834,139.45282213009145,129.67619231484227,0,0,0,0,0
350,11.633333333333333,0,1,314.0664863586426,129.58149433135986,314.12960052490234,154.41701889038086,297.0615577697754,146.1674451828003,258.8001251220703,-23.67712140083313,314.09804344177246,141.99925661087036,115.32629936600625,7.620031833648682,10.842164039611816,13.2520717703939,0.06607366988743223,0.0940129363312222,0.11490936450094834,93,109.50731785501463,0.22679401925760834,0.1731130917397076,0.2169187106753307,1,3,173.2225110574834,139.45282213009145,129.67619231484227,0,0,0,0,0
351,11.666666666666666,1,1,314.7528076171875,162.60324954986572,316.85009002685547,200.1534605026245,292.2558403015137,187.60889053344727,235.50844192504883,6.731139421463013,315.8014488220215,181.37835502624512,115.32629936600625,7.620031833648682,10.842164039611816,13.2520717703939,0.06607366988743223,0.0940129363312222,0.11490936450094834,93,121.2982294026814,0.31005180391366616,0.22761053630623193,0.2773018614916945,1,4,170.74368720073056,156.24122190740573,140.5403312882733,0,1,0,0,0
352,11.7,0,1,314.7528076171875,162.60324954986572,316.85009002685547,200.1534605026245,292.2558403015137,187.60889053344727,235.50844192504883,6.731139421463013,315.8014488220215,181.37835502624512,115.32629936600625,7.620031833648682,10.842164039611816,13.2520717703939,0.06607366988743223,0.0940129363312222,0.11490936450094834,93,121.2982294026814,0.31005180391366616,0.22761053630623193,0.2773018614916945,1,5,170.74368720073056,156.24122190740573,140.5403312882733,0,0,0,0,0
353,11.733333333333333,0,1,314.7528076171875,162.60324954986572,316.85009002685547,200.1534605026245,292.2558403015137,187.60889053344727,235.50844192504883,6.731139421463013,315.8014488220215,181.37835502624512,115.32629936600625,7.620031833648682,10.842164039611816,13.2520717703939,0.06607366988743223,0.0940129363312222,0.11490936450094834,93,121.2982294026814,0.31005180391366616,0.22761053630623193,0.2773018614916945,1,6,170.74368720073056,156.24122190740573,140.5403312882733,0,0,0,0,0
354,11.766666666666667,1,1,325.0770950317383,165.60929775238037,343.2211685180664,210.94586849212646,315.2694511413574,199.0285348892212,229.1802215576172,29.013485312461853,334.14913177490234,188.27758312225342,115.32629936600625,7.620031833648682,10.842164039611816,13.2520717703939,0.06607366988743223,0.0940129363312222,0.11490936450094834,93,117.99992337246628,0.41383492711045444,0.2575103637777974,0.2951582946710645,1,7,175.14719518176457,157.78321449046996,138.8972321440306,1,1,0,0,0
355,11.8,0,1,325.0770950317383,165.60929775238037,343.2211685180664,210.94586849212646,315.2694511413574,199.0285348892212,229.1802215576172,29.013485312461853,334.14913177490234,188.27758312225342,115.32629936600625,7.620031833648682,10.842164039611816,13.2520717703939,0.06607366988743223,0.0940129363312222,0.11490936450094834,93,117.99992337246628,0.41383492711045444,0.2575103637777974,0.2951582946710645,1,8,175.14719518176457,157.78321449046996,138.8972321440306,0,0,0,0,0
356,11.833333333333334,0,1,325.0770950317383,165.60929775238037,343.2211685180664,210.94586849212646,315.2694511413574,199.0285348892212,229.1802215576172,29.013485312461853,334.14913177490234,188.27758312225342,115.32629936600625,7.620031833648682,10.842164039611816,13.2520717703939,0.06607366988743223,0.0940129363312222,0.11490936450094834,93,117.99992337246628,0.41383492711045444,0.2575103637777974,0.2951582946710645,1,9,175.14719518176457,157.78321449046996,138.8972321440306,0,0,0,0,0
357,11.866666666666667,1,1,330.55004119873047,167.9679536819458,350.5031204223633,205.9744691848755,317.85722732543945,197.1247386932373,230.0477409362793,43.63806366920471,340.5265808105469,186.97121143341064,115.32629936600625,7.620031833648682,10.842164039611816,13.2520717703939,0.06607366988743223,0.0940129363312222,0.11490936450094834,93,114.36113475367131,0.37535266527717004,0.29576599115352087,0.27806452097597334,1,10,179.3308967146138,149.14096064535593,123.62826873452543,1,0,0,0,0
358,11.9,0,1,330.55004119873047,167.9679536819458,350.5031204223633,205.9744691848755,317.85722732543945,197.1247386932373,230.0477409362793,43.63806366920471,340.5265808105469,186.97121143341064,115.32629936600625,7.620031833648682,10.842164039611816,13.2520717703939,0.06607366988743223,0.0940129363312222,0.11490936450094834,93,114.36113475367131,0.37535266527717004,0.29576599115352087,0.27806452097597334,1,11,179.3308967146138,149.14096064535593,123.62826873452543,0,0,0,0,0
359,11.933333333333334,0,1,330.55004119873047,167.9679536819458,350.5031204223633,205.9744691848755,317.85722732543945,197.1247386932373,230.0477409362793,43.63806366920471,340.5265808105469,186.97121143341064,115.32629936600625,7.620031833648682,10.842164039611816,13.2520717703939,0.06607366988743223,0.0940129363312222,0.11490936450094834,93,114.36113475367131,0.37535266527717004,0.29576599115352087,0.27806452097597334,1,12,179.3308967146138,149.14096064535593,123.62826873452543,0,0,0,0,0
360,11.966666666666667,1,1,328.68534088134766,162.40037441253662,355.7267761230469,203.7142038345337,319.50733184814453,201.06003284454346,232.64192581176758,47.48186230659485,342.20605850219727,183.05728912353516,115.32629936600625,7.620031833648682,10.842164039611816,13.2520717703939,0.06607366988743223,0.0940129363312222,0.11490936450094834,93,114.66930937057168,0.4306019991311201,0.3167069154094119,0.34651102340859186,1,13,177.82624131860362,150.02113074338448,119.27251045746193,0,-1,0,1,1
361,12.0,0,1,328.68534088134766,162.40037441253662,355.7267761230469,203.7142038345337,319.50733184814453,201.06003284454346,232.64192581176758,47.48186230659485,342.20605850219727,183.05728912353516,115.32629936600625,7.620031833648682,10.842164039611816,13.2520717703939,0.06607366988743223,0.0940129363312222,0.11490936450094834,93,114.66930937057168,0.4306019991311201,0.3167069154094119,0.34651102340859186,1,14,177.82624131860362,150.02113074338448,119.27251045746193,0,0,0,1,1
362,12.033333333333333,0,1,328.68534088134766,162.40037441253662,355.7267761230469,203.7142038345337,319.50733184814453,201.06003284454346,232.64192581176758,47.48186230659485,342.20605850219727,183.05728912353516,115.32629936600625,7.620031833648682,10.842164039611816,13.2520717703939,0.06607366988743223,0.0940129363312222,0.11490936450094834,93,114.66930937057168,0.4306019991311201,0.3167069154094119,0.34651102340859186,1,15,177.82624131860362,150.02113074338448,119.27251045746193,0,0,0,1,1
363,12.066666666666666,1,1,319.8460388183594,161.85619354248047,356.7855453491211,198.7111759185791,314.696102142334,198.60101222991943,231.32368087768555,50.878111124038696,338.31579208374023,180.28368473052979,115.32629936600625,7.620031833648682,10.842164039611816,13.2520717703939,0.06607366988743223,0.0940129363312222,0.11490936450094834,93,116.89664950168604,0.4463824923259013,0.36005811591337256,0.3174082073493857,1,16,173.7256136378969,145.41271803939145,105.73099413043009,-1,-1,1,1,1
364,12.1,0,1,319.8460388183594,161.85619354248047,356.7855453491211,198.7111759185791,314.696102142334,198.60101222991943,231.32368087768555,50.878111124038696,338.31579208374023,180.28368473052979,115.32629936600625,7.620031833648682,10.842164039611816,13.2520717703939,0.06607366988743223,0.0940129363312222,0.11490936450094834,93,116.89664950168604,0.4463824923259013,0.36005811591337256,0.3174082073493857,1,17,173.7256136378969,145.41271803939145,105.73099413043009,0,0,1,1,1
365,12.133333333333333,0,1,319.8460388183594,161.85619354248047,356.7855453491211,198.7111759185791,314.696102142334,198.60101222991943,231.32368087768555,50.878111124038696,338.31579208374023,180.28368473052979,115.32629936600625,7.620031833648682,10.842164039611816,13.2520717703939,0.06607366988743223,0.0940129363312222,0.11490936450094834,93,116.89664950168604,0.4463824923259013,0.36005811591337256,0.3174082073493857,1,18,173.7256136378969,145.41271803939145,105.73099413043009,0,0,1,1,1
366,12.166666666666666,1,1,308.6656951904297,165.35326480865479,354.2966079711914,192.6545763015747,316.0635185241699,195.95985889434814,230.39752960205078,53.9816951751709,331.48115158081055,179.00392055511475,115.32629936600625,7.620031833648682,10.842164039611816,13.2520717703939,0.06607366988743223,0.0940129363312222,0.11490936450094834,93,118.66868797970551,0.4480932243712554,0.3233851858419299,0.2653434265648384,1,19,170.96301467216182,138.78672146642958,99.54261636029767,-1,0,1,1,1
367,12.2,0,1,308.6656951904297,165.35326480865479,354.2966079711914,192.6545763015747,316.0635185241699,195.95985889434814,230.39752960205078,53.9816951751709,331.48115158081055,179.00392055511475,115.32629936600625,7.620031833648682,10.842164039611816,13.2520717703939,0.06607366988743223,0.0940129363312222,0.11490936450094834,93,118.66868797970551,0.4480932243712554,0.3233851858419299,0.2653434265648384,1,20,170.96301467216182,138.78672146642958,99.54261636029767,0,0,1,1,1
368,12.233333333333333,0,1,308.6656951904297,165.35326480865479,354.2966079711914,192.6545763015747,316.0635185241699,195.95985889434814,230.39752960205078,53.9816951751709,331.48115158081055,179.00392055511475,115.32629936600625,7.620031833648682,10.842164039611816,13.2520717703939,0.06607366988743223,0.0940129363312222,0.11490936450094834,93,118.66868797970551,0.4480932243712554,0.3233851858419299,0.2653434265648384,1,21,170.96301467216182,138.78672146642958,99.54261636029767,0,0,1,1,1
369,12.266666666666667,1,1,316.87328338623047,169.4015407562256,348.36177825927734,181.82986736297607,318.6423110961914,188.57075214385986,227.68129348754883,51.52956247329712,332.6175308227539,175.61570405960083,115.32629936600625,7.620031833648682,10.842164039611816,13.2520717703939,0.06607366988743223,0.0940129363312222,0.11490936450094834,93,119.45996841679882,0.2833790599685592,0.2551009721128247,0.16114741874521543,1,22,175.05010683081312,130.59865690674113,106.87088443230483,0,-1,1,1,1
370,12.3,0,1,316.87328338623047,169.4015407562256,348.36177825927734,181.82986736297607,318.6423110961914,188.57075214385986,227.68129348754883,51.52956247329712,332.6175308227539,175.61570405960083,115.32629936600625,7.620031833648682,10.842164039611816,13.2520717703939,0.06607366988743223,0.0940129363312222,0.11490936450094834,93,119.45996841679882,0.2833790599685592,0.2551009721128247,0.16114741874521543,1,23,175.05010683081312,130.59865690674113,106.87088443230483,0,0,1,1,1
371,12.333333333333334,0,1,316.87328338623047,169.4015407562256,348.36177825927734,181.82986736297607,318.6423110961914,188.57075214385986,227.68129348754883,51.52956247329712,332.6175308227539,175.61570405960083,115.32629936600625,7.620031833648682,10.842164039611816,13.2520717703939,0.06607366988743223,0.0940129363312222,0.11490936450094834,93,119.45996841679882,0.2833790599685592,0.2551009721128247,0.16114741874521543,1,24,175.05010683081312,130.59865690674113,106.87088443230483,0,0,1,1,1
372,12.366666666666667,1,1,320.7685089111328,166.31378173828125,338.2535934448242,174.23104763031006,317.8228759765625,185.23643016815186,224.85132217407227,51.285080909729004,329.5110511779785,170.27241468429565,115.32629936600625,7.620031833648682,10.842164039611816,13.2520717703939,0.06607366988743223,0.0940129363312222,0.11490936450094834,93,116.14667977586096,0.16525692229975378,0.19980172087850004,0.16488241523743677,1,25,168.807236956168,116.70374672200371,106.89446421701737,-1,-1,1,1,1
373,12.4,0,1,320.7685089111328,166.31378173828125,338.2535934448242,174.23104763031006,317.8228759765625,185.23643016815186,224.85132217407227,51.285080909729004,329.5110511779785,170.27241468429565,115.32629936600625,7.620031833648682,10.842164039611816,13.2520717703939,0.06607366988743223,0.0940129363312222,0.11490936450094834,93,116.14667977586096,0.16525692229975378,0.19980172087850004,0.16488241523743677,1,26,168.807236956168,116.70374672200371,106.89446421701737,0,0,1,1,1
374,12.433333333333334,0,1,320.7685089111328,166.31378173828125,338.2535934448242,174.23104763031006,317.8228759765625,185.23643016815186,224.85132217407227,51.285080909729004,329.5110511779785,170.27241468429565,115.32629936600625,7.620031833648682,10.842164039611816,13.2520717703939,0.06607366988743223,0.0940129363312222,0.11490936450094834,93,116.14667977586096,0.16525692229975378,0.19980172087850004,0.16488241523743677,1,27,168.807236956168,116.70374672200371,106.89446421701737,0,0,1,1,1
375,12.466666666666667,1,1,322.62279510498047,162.4069118499756,337.22423553466797,165.5661964416504,317.50526428222656,181.06317043304443,222.56994247436523,51.71988129615784,329.9235153198242,163.986554145813,115.32629936600625,7.620031833648682,10.842164039611816,13.2520717703939,0.06607366988743223,0.0940129363312222,0.11490936450094834,93,118.87477545630905,0.12567271102446878,0.21097624197020562,0.16273776803724727,1,28,165.71286094310898,104.59371813186998,103.48954532743913,0,-1,1,1,1
376,12.5,0,1,322.62279510498047,162.4069118499756,337.22423553466797,165.5661964416504,317.50526428222656,181.06317043304443,222.56994247436523,51.71988129615784,329.9235153198242,163.986554145813,115.32629936600625,7.620031833648682,10.842164039611816,13.2520717703939,0.06607366988743223,0.0940129363312222,0.11490936450094834,93,118.87477545630905,0.12567271102446878,0.21097624197020562,0.16273776803724727,1,29,165.71286094310898,104.59371813186998,103.48954532743913,0,0,1,1,1
377,12.533333333333333,0,1,322.62279510498047,162.4069118499756,337.22423553466797,165.5661964416504,317.50526428222656,181.06317043304443,222.56994247436523,51.71988129615784,329.9235153198242,163.986554145813,115.32629936600625,7.620031833648682,10.842164039611816,13.2520717703939,0.06607366988743223,0.0940129363312222,0.11490936450094834,93,118.87477545630905,0.12567271102446878,0.21097624197020562,0.16273776803724727,1,30,165.71286094310898,104.59371813186998,103.48954532743913,0,0,1,1,1
378,12.566666666666666,1,1,324.9292755126953,165.3942632675171,334.7748565673828,172.630934715271,315.00680923461914,181.77547931671143,220.9590721130371,51.687211990356445,329.85206604003906,169.01259899139404,115.32629936600625,7.620031833648682,10.842164039611816,13.2520717703939,0.06607366988743223,0.0940129363312222,0.11490936450094834,93,118.7636561847014,0.10288532700732518,0.18339523381774384,0.16126155884131008,1,31,165.03693440163653,109.90796424521047,100.74293563741183,0,1,1,2,2
379,12.6,0,1,324.9292755126953,165.3942632675171,334.7748565673828,172.630934715271,315.00680923461914,181.77547931671143,220.9590721130371,51.687211990356445,329.85206604003906,169.01259899139404,115.32629936600625,7.620031833648682,10.842164039611816,13.2520717703939,0.06607366988743223,0.0940129363312222,0.11490936450094834,93,118.7636561847014,0.10288532700732518,0.18339523381774384,0.16126155884131008,1,32,165.03693440163653,109.90796424521047,100.74293563741183,0,0,1,2,2
380,12.633333333333333,0,1,324.9292755126953,165.3942632675171,334.7748565673828,172.630934715271,315.00680923461914,181.77547931671143,220.9590721130371,51.687211990356445,329.85206604003906,169.01259899139404,115.32629936600625,7.620031833648682,10.842164039611816,13.2520717703939,0.06607366988743223,0.0940129363312222,0.11490936450094834,93,118.7636561847014,0.10288532700732518,0.18339523381774384,0.16126155884131008,1,33,165.03693440163653,109.90796424521047,100.74293563741183,0,0,1,2,2
381,12.666666666666666,1,1,321.2609100341797,167.13486671447754,331.37535095214844,171.72095775604248,311.91614151000977,179.50860500335693,218.8776397705078,50.95723271369934,326.31813049316406,169.42791223526,115.32629936600625,7.620031833648682,10.842164039611816,13.2520717703939,0.06607366988743223,0.0940129363312222,0.11490936450094834,93,118.01208269422976,0.09410553992674482,0.1776062400816251,0.1313927960113908,1,34,167.75694945985592,101.6246702787537,97.61175908342229,-1,0,1,2,2
382,12.7,0,1,321.2609100341797,167.13486671447754,331.37535095214844,171.72095775604248,311.91614151000977,179.50860500335693,218.8776397705078,50.95723271369934,326.31813049316406,169.42791223526,115.32629936600625,7.620031833648682,10.842164039611816,13.2520717703939,0.06607366988743223,0.0940129363312222,0.11490936450094834,93,118.01208269422976,0.09410553992674482,0.1776062400816251,0.1313927960113908,1,35,167.75694945985592,101.6246702787537,97.61175908342229,0,0,1,2,2
383,12.733333333333333,0,1,321.2609100341797,167.13486671447754,331.37535095214844,171.72095775604248,311.91614151000977,179.50860500335693,218.8776397705078,50.95723271369934,326.31813049316406,169.42791223526,115.32629936600625,7.620031833648682,10.842164039611816,13.2520717703939,0.06607366988743223,0.0940129363312222,0.11490936450094834,93,118.01208269422976,0.09410553992674482,0.1776062400816251,0.1313927960113908,1,36,167.75694945985592,101.6246702787537,97.61175908342229,0,0,1,2,2
384,12.766666666666667,1,1,328.80218505859375,172.03485488891602,329.2082977294922,169.79395866394043,310.31898498535156,182.31197834014893,217.4744415283203,51.202207803726196,329.00524139404297,170.91440677642822,115.32629936600625,7.620031833648682,10.842164039611816,13.2520717703939,0.06607366988743223,0.0940129363312222,0.11490936450094834,93,117.23649484227677,0.019425677862129908,0.19329042397577773,0.1803895414672716,1,37,167.0911902071108,87.03312078270552,97.12042162433906,1,0,2,2,2
385,12.8,0,1,328.80218505859375,172.03485488891602,329.2082977294922,169.79395866394043,310.31898498535156,182.31197834014893,217.4744415283203,51.202207803726196,329.00524139404297,170.91440677642822,115.32629936600625,7.620031833648682,10.842164039611816,13.2520717703939,0.06607366988743223,0.0940129363312222,0.11490936450094834,93,117.23649484227677,0.019425677862129908,0.19329042397577773,0.1803895414672716,1,38,167.0911902071108,87.03312078270552,97.12042162433906,0,0,2,2,2
386,12.833333333333334,0,1,328.80218505859375,172.03485488891602,329.2082977294922,169.79395866394043,310.31898498535156,182.31197834014893,217.4744415283203,51.202207803726196,329.00524139404297,170.91440677642822,115.32629936600625,7.620031833648682,10.842164039611816,13.2520717703939,0.06607366988743223,0.0940129363312222,0.11490936450094834,93,117.23649484227677,0.019425677862129908,0.19329042397577773,0.1803895414672716,1,39,167.0911902071108,87.03312078270552,97.12042162433906,0,0,2,2,2
387,12.866666666666667,1,1,335.28968811035156,172.68977165222168,334.33231353759766,181.5011215209961,311.2212562561035,186.26901626586914,218.0083465576172,49.92824077606201,334.8110008239746,177.0954465866089,115.32629936600625,7.620031833648682,10.842164039611816,13.2520717703939,0.06607366988743223,0.0940129363312222,0.11490936450094834,93,117.79746587923789,0.07524107363568686,0.20032476490747456,0.23459635856846675,1,40,164.78652240975194,110.08601640986893,105.55420724253308,1,1,2,2,2
388,12.9,0,1,335.28968811035156,172.68977165222168,334.33231353759766,181.5011215209961,311.2212562561035,186.26901626586914,218.0083465576172,49.92824077606201,334.8110008239746,177.0954465866089,115.32629936600625,7.620031833648682,10.842164039611816,13.2520717703939,0.06607366988743223,0.0940129363312222,0.11490936450094834,93,117.79746587923789,0.07524107363568686,0.20032476490747456,0.23459635856846675,1,41,164.78652240975194,110.08601640986893,105.55420724253308,0,0,2,2,2
389,12.933333333333334,0,1,335.28968811035156,172.68977165222168,334.33231353759766,181.5011215209961,311.2212562561035,186.26901626586914,218.0083465576172,49.92824077606201,334.8110008239746,177.0954465866089,115.32629936600625,7.620031833648682,10.842164039611816,13.2520717703939,0.06607366988743223,0.0940129363312222,0.11490936450094834,93,117.79746587923789,0.07524107363568686,0.20032476490747456,0.23459635856846675,1,42,164.78652240975194,110.08601640986893,105.55420724253308,0,0,2,2,2
390,12.966666666666667,1,1,334.4322204589844,171.79216861724854,331.6196823120117,179.53446865081787,310.2903366088867,184.2410945892334,220.85031509399414,51.530985832214355,333.02595138549805,175.6633186340332,115.32629936600625,7.620031833648682,10.842164039611816,13.2520717703939,0.06607366988743223,0.0940129363312222,0.11490936450094834,93,116.52198810142308,0.07069333971515533,0.1874535977186736,0.23311128463581257,1,43,164.46542822199982,109.90799330240418,104.56711145792687,0,0,2,2,2
391,13.0,0,1,334.4322204589844,171.79216861724854,331.6196823120117,179.53446865081787,310.2903366088867,184.2410945892334,220.85031509399414,51.530985832214355,333.02595138549805,175.6633186340332,115.32629936600625,7.620031833648682,10.842164039611816,13.2520717703939,0.06607366988743223,0.0940129363312222,0.11490936450094834,93,116.52198810142308,0.07069333971515533,0.1874535977186736,0.23311128463581257,1,44,164.46542822199982,109.90799330240418,104.56711145792687,0,0,2,2,2
392,13.033333333333333,0,1,334.4322204589844,171.79216861724854,331.6196823120117,179.53446865081787,310.2903366088867,184.2410945892334,220.85031509399414,51.530985832214355,333.02595138549805,175.6633186340332,115.32629936600625,7.620031833648682,10.842164039611816,13.2520717703939,0.06607366988743223,0.0940129363312222,0.11490936450094834,93,116.52198810142308,0.07069333971515533,0.1874535977186736,0.23311128463581257,1,45,164.46542822199982,109.90799330240418,104.56711145792687,0,0,2,2,2
393,13.066666666666666,1,1,331.89247131347656,175.54162502288818,331.2144088745117,178.2784080505371,309.86608505249023,181.5910005569458,222.69731521606445,52.239418029785156,331.55344009399414,176.91001653671265,115.32629936600625,7.620031833648682,10.842164039611816,13.2520717703939,0.06607366988743223,0.0940129363312222,0.11490936450094834,93,113.5720634526485,0.02482591245619426,0.19022108003067023,0.201123340787965,1,46,163.31635012356008,109.31887180966038,102.18942471379447,0,0,2,2,2
394,13.1,0,1,331.89247131347656,175.54162502288818,331.2144088745117,178.2784080505371,309.86608505249023,181.5910005569458,222.69731521606445,52.239418029785156,331.55344009399414,176.91001653671265,115.32629936600625,7.620031833648682,10.842164039611816,13.2520717703939,0.06607366988743223,0.0940129363312222,0.11490936450094834,93,113.5720634526485,0.02482591245619426,0.19022108003067023,0.201123340787965,1,47,163.31635012356008,109.31887180966038,102.18942471379447,0,0,2,2,2
395,13.133333333333333,0,1,331.89247131347656,175.54162502288818,331.2144088745117,178.2784080505371,309.86608505249023,181.5910005569458,222.69731521606445,52.239418029785156,331.55344009399414,176.91001653671265,115.32629936600625,7.620031833648682,10.842164039611816,13.2520717703939,0.06607366988743223,0.0940129363312222,0.11490936450094834,93,113.5720634526485,0.02482591245619426,0.19022108003067023,0.201123340787965,1,48,163.31635012356008,109.31887180966038,102.18942471379447,0,0,2,2,2
396,13.166666666666666,1,1,325.65967559814453,173.1478786468506,330.9482955932617,169.05903339385986,309.44995880126953,178.24702262878418,224.30620193481445,52.9471492767334,328.3039855957031,171.10345602035522,115.32629936600625,7.620031833648682,10.842164039611816,13.2520717703939,0.06607366988743223,0.0940129363312222,0.11490936450094834,93,115.32629936600625,0.057965270303709585,0.20272416304958782,0.14734564135577913,1,49,172.70198075321233,86.0535781714869,92.28860792462643,-1,-1,3,3,3
397,13.2,0,1,325.65967559814453,173.1478786468506,330.9482955932617,169.05903339385986,309.44995880126953,178.24702262878418,224.30620193481445,52.9471492767334,328.3039855957031,171.10345602035522,115.32629936600625,7.620031833648682,10.842164039611816,13.2520717703939,0.06607366988743223,0.0940129363312222,0.11490936450094834,93,115.32629936600625,0.057965270303709585,0.20272416304958782,0.14734564135577913,1,50,172.70198075321233,86.0535781714869,92.28860792462643,0,0,3,3,3
398,13.233333333333333,0,1,325.65967559814453,173.1478786468506,330.9482955932617,169.05903339385986,309.44995880126953,178.24702262878418,224.30620193481445,52.9471492767334,328.3039855957031,171.10345602035522,115.32629936600625,7.620031833648682,10.842164039611816,13.2520717703939,0.06607366988743223,0.0940129363312222,0.11490936450094834,93,115.32629936600625,0.057965270303709585,0.20272416304958782,0.14734564135577913,1,51,172.70198075321233,86.0535781714869,92.28860792462643,0,0,3,3,3
399,13.266666666666667,1,1,328.4074020385742,171.21728897094727,331.3074493408203,166.46826267242432,312.85295486450195,179.16794300079346,222.91391372680664,52.85003900527954,329.85742568969727,168.8427758216858,115.32629936600625,7.620031833648682,10.842164039611816,13.2520717703939,0.06607366988743223,0.0940129363312222,0.11490936450094834,93,116.93409074116433,0.04758653207377637,0.19157812922961187,0.14938885405665384,1,52,168.99668421054426,79.63059910908997,94.40948755720552,0,0,3,3,3
400,13.3,0,1,328.4074020385742,171.21728897094727,331.3074493408203,166.46826267242432,312.85295486450195,179.16794300079346,222.91391372680664,52.85003900527954,329.85742568969727,168.8427758216858,115.32629936600625,7.620031833648682,10.842164039611816,13.2520717703939,0.06607366988743223,0.0940129363312222,0.11490936450094834,93,116.93409074116433,0.04758653207377637,0.19157812922961187,0.14938885405665384,1,53,168.99668421054426,79.63059910908997,94.40948755720552,0,0,3,3,3
401,13.333333333333334,0,1,328.4074020385742,171.21728897094727,331.3074493408203,166.46826267242432,312.85295486450195,179.16794300079346,222.91391372680664,52.85003900527954,329.85742568969727,168.8427758216858,115.32629936600625,7.620031833648682,10.842164039611816,13.2520717703939,0.06607366988743223,0.0940129363312222,0.11490936450094834,93,116.93409074116433,0.04758653207377637,0.19157812922961187,0.14938885405665384,1,54,168.99668421054426,79.63059910908997,94.40948755720552,0,0,3,3,3
402,13.366666666666667,1,1,328.226318359375,173.26015949249268,327.81505584716797,167.98181533813477,309.57374572753906,178.09274196624756,224.67369079589844,51.77587866783142,328.0206871032715,170.62098741531372,115.32629936600625,7.620031833648682,10.842164039611816,13.2520717703939,0.06607366988743223,0.0940129363312222,0.11490936450094834,93,117.97718034495449,0.04487598083299953,0.17678066008601956,0.16332334765207399,1,55,170.25605400897686,80.26665984692247,96.11862316887921,0,0,3,3,3
403,13.4,0,1,328.226318359375,173.26015949249268,327.81505584716797,167.98181533813477,309.57374572753906,178.09274196624756,224.67369079589844,51.77587866783142,328.0206871032715,170.62098741531372,115.32629936600625,7.620031833648682,10.842164039611816,13.2520717703939,0.06607366988743223,0.0940129363312222,0.11490936450094834,93,117.97718034495449,0.04487598083299953,0.17678066008601956,0.16332334765207399,1,56,170.25605400897686,80.26665984692247,96.11862316887921,0,0,3,3,3
404,13.433333333333334,0,1,328.226318359375,173.26015949249268,327.81505584716797,167.98181533813477,309.57374572753906,178.09274196624756,224.67369079589844,51.77587866783142,328.0206871032715,170.62098741531372,115.32629936600625,7.620031833648682,10.842164039611816,13.2520717703939,0.06607366988743223,0.0940129363312222,0.11490936450094834,93,117.97718034495449,0.04487598083299953,0.17678066008601956,0.16332334765207399,1,57,170.25605400897686,80.26665984692247,96.11862316887921,0,0,3,3,3
405,13.466666666666667,1,1,334.47376251220703,174.08610820770264,327.30030059814453,171.21628761291504,310.0485038757324,177.88023948669434,224.26557540893555,51.79725408554077,330.8870315551758,172.65119791030884,115.32629936600625,7.620031833648682,10.842164039611816,13.2520717703939,0.06607366988743223,0.0940129363312222,0.11490936450094834,93,116.14237118888869,0.06652367024524232,0.1592366947087419,0.21282659541480126,1,58,163.99919337768088,101.2182651529089,105.25941768569642,1,0,4,3,4
406,13.5,0,1,334.47376251220703,174.08610820770264,327.30030059814453,171.21628761291504,310.0485038757324,177.88023948669434,224.26557540893555,51.79725408554077,330.8870315551758,172.65119791030884,115.32629936600625,7.620031833648682,10.842164039611816,13.2520717703939,0.06607366988743223,0.0940129363312222,0.11490936450094834,93,116.14237118888869,0.06652367024524232,0.1592366947087419,0.21282659541480126,1,59,163.99919337768088,101.2182651529089,105.25941768569642,0,0,4,3,4
407,13.533333333333333,0,1,334.47376251220703,174.08610820770264,327.30030059814453,171.21628761291504,310.0485038757324,177.88023948669434,224.26557540893555,51.79725408554077,330.8870315551758,172.65119791030884,115.32629936600625,7.620031833648682,10.842164039611816,13.2520717703939,0.06607366988743223,0.0940129363312222,0.11490936450094834,93,116.14237118888869,0.06652367024524232,0.1592366947087419,0.21282659541480126,1,60,163.99919337768088,101.2182651529089,105.25941768569642,0,0,4,3,4
408,13.566666666666666,1,1,332.5663375854492,176.72600269317627,324.8441696166992,170.4268455505371,307.56568908691406,173.980450630188,225.92435836791992,53.529582023620605,328.7052536010742,173.5764241218567,115.32629936600625,7.620031833648682,10.842164039611816,13.2520717703939,0.06607366988743223,0.0940129363312222,0.11490936450094834,93,114.52427100443111,0.08701651933021248,0.15402957397872788,0.219612433831239,1,61,173.30241495257036,96.4874758309577,100.82212450744566,0,0,4,3,4
409,13.6,0,1,332.5663375854492,176.72600269317627,324.8441696166992,170.4268455505371,307.56568908691406,173.980450630188,225.92435836791992,53.529582023620605,328.7052536010742,173.5764241218567,115.32629936600625,7.620031833648682,10.842164039611816,13.2520717703939,0.06607366988743223,0.0940129363312222,0.11490936450094834,93,114.52427100443111,0.08701651933021248,0.15402957397872788,0.219612433831239,1,62,173.30241495257036,96.4874758309577,100.82212450744566,0,0,4,3,4
410,13.633333333333333,0,1,332.5663375854492,176.72600269317627,324.8441696166992,170.4268455505371,307.56568908691406,173.980450630188,225.92435836791992,53.529582023620605,328.7052536010742,173.5764241218567,115.32629936600625,7.620031833648682,10.842164039611816,13.2520717703939,0.06607366988743223,0.0940129363312222,0.11490936450094834,93,114.52427100443111,0.08701651933021248,0.15402957397872788,0.219612433831239,1,63,173.30241495257036,96.4874758309577,100.82212450744566,0,0,4,3,4
411,13.666666666666666,1,1,333.00960540771484,174.7758436203003,326.1065673828125,172.31277465820312,307.5532531738281,175.61438083648682,226.19674682617188,54.38641905784607,329.5580863952637,173.5443091392517,115.32629936600625,7.620031833648682,10.842164039611816,13.2520717703939,0.06607366988743223,0.0940129363312222,0.11490936450094834,93,114.71353813573234,0.06389219969423264,0.16427693959026424,0.2220327233676239,1,64,173.0608712861454,101.77767878322128,102.15777131813815,0,0,4,3,4
412,13.7,0,1,333.00960540771484,174.7758436203003,326.1065673828125,172.31277465820312,307.5532531738281,175.61438083648682,226.19674682617188,54.38641905784607,329.5580863952637,173.5443091392517,115.32629936600625,7.620031833648682,10.842164039611816,13.2520717703939,0.06607366988743223,0.0940129363312222,0.11490936450094834,93,114.71353813573234,0.06389219969423264,0.16427693959026424,0.2220327233676239,1,65,173.0608712861454,101.77767878322128,102.15777131813815,0,0,4,3,4
413,13.733333333333333,0,1,333.00960540771484,174.7758436203003,326.1065673828125,172.31277465820312,307.5532531738281,175.61438083648682,226.19674682617188,54.38641905784607,329.5580863952637,173.5443091392517,115.32629936600625,7.620031833648682,10.842164039611816,13.2520717703939,0.06607366988743223,0.0940129363312222,0.11490936450094834,93,114.71353813573234,0.06389219969423264,0.16427693959026424,0.2220327233676239,1,66,173.0608712861454,101.77767878322128,102.15777131813815,0,0,4,3,4
414,13.766666666666667,1,1,329.7780227661133,174.31745052337646,324.2933654785156,164.80806827545166,303.4559440612793,171.9106149673462,226.24752044677734,53.89401197433472,327.03569412231445,169.56275939941406,115.32629936600625,7.620031833648682,10.842164039611816,13.2520717703939,0.06607366988743223,0.0940129363312222,0.11490936450094834,93,113.45300316362022,0.09675985654874983,0.19404191794656242,0.23297653577125846,1,67,172.09609463183554,76.12198897718535,88.27125033918455,-1,-1,5,3,5
415,13.8,0,1,329.7780227661133,174.31745052337646,324.2933654785156,164.80806827545166,303.4559440612793,171.9106149673462,226.24752044677734,53.89401197433472,327.03569412231445,169.56275939941406,115.32629936600625,7.620031833648682,10.842164039611816,13.2520717703939,0.06607366988743223,0.0940129363312222,0.11490936450094834,93,113.45300316362022,0.09675985654874983,0.19404191794656242,0.23297653577125846,1,68,172.09609463183554,76.12198897718535,88.27125033918455,0,0,5,3,5
416,13.833333333333334,0,1,329.7780227661133,174.31745052337646,324.2933654785156,164.80806827545166,303.4559440612793,171.9106149673462,226.24752044677734,53.89401197433472,327.03569412231445,169.56275939941406,115.32629936600625,7.620031833648682,10.842164039611816,13.2520717703939,0.06607366988743223,0.0940129363312222,0.11490936450094834,93,113.45300316362022,0.09675985654874983,0.19404191794656242,0.23297653577125846,1,69,172.09609463183554,76.12198897718535,88.27125033918455,0,0,5,3,5
417,13.866666666666667,1,1,317.78459548950195,166.14101886749268,327.23766326904297,165.8424997329712,305.97137451171875,174.0207052230835,228.53416442871094,55.63219428062439,322.51112937927246,165.99175930023193,115.32629936600625,7.620031833648682,10.842164039611816,13.2520717703939,0.06607366988743223,0.0940129363312222,0.11490936450094834,93,110.72096559056595,0.08541995667762553,0.20578398817504104,0.1282508503671298,1,70,172.25356688707905,81.36784516564057,84.35783731177553,-1,-1,5,3,5
418,13.9,0,1,317.78459548950195,166.14101886749268,327.23766326904297,165.8424997329712,305.97137451171875,174.0207052230835,228.53416442871094,55.63219428062439,322.51112937927246,165.99175930023193,115.32629936600625,7.620031833648682,10.842164039611816,13.2520717703939,0.06607366988743223,0.0940129363312222,0.11490936450094834,93,110.72096559056595,0.08541995667762553,0.20578398817504104,0.1282508503671298,1,71,172.25356688707905,81.36784516564057,84.35783731177553,0,0,5,3,5
419,13.933333333333334,0,1,317.78459548950195,166.14101886749268,327.23766326904297,165.8424997329712,305.97137451171875,174.0207052230835,228.53416442871094,55.63219428062439,322.51112937927246,165.99175930023193,115.32629936600625,7.620031833648682,10.842164039611816,13.2520717703939,0.06607366988743223,0.0940129363312222,0.11490936450094834,93,110.72096559056595,0.08541995667762553,0.20578398817504104,0.1282508503671298,1,72,172.25356688707905,81.36784516564057,84.35783731177553,0,0,5,3,5
420,13.966666666666667,1,1,314.1728210449219,167.117657661438,326.5978240966797,170.45597076416016,305.4364585876465,177.07424640655518,230.40481567382812,53.282707929611206,320.3853225708008,168.78681421279907,115.32629936600625,7.620031833648682,10.842164039611816,13.2520717703939,0.06607366988743223,0.0940129363312222,0.11490936450094834,93,114.28309464915746,0.11257704697235889,0.19401090304673127,0.11590554400348325,1,73,176.92374685188017,75.3392286489912,83.34858952911696,0,1,5,4,5
421,14.0,0,1,314.1728210449219,167.117657661438,326.5978240966797,170.45597076416016,305.4364585876465,177.07424640655518,230.40481567382812,53.282707929611206,320.3853225708008,168.78681421279907,115.32629936600625,7.620031833648682,10.842164039611816,13.2520717703939,0.06607366988743223,0.0940129363312222,0.11490936450094834,93,114.28309464915746,0.11257704697235889,0.19401090304673127,0.11590554400348325,1,74,176.92374685188017,75.3392286489912,83.34858952911696,0,0,5,4,5
422,14.033333333333333,0,1,314.1728210449219,167.117657661438,326.5978240966797,170.45597076416016,305.4364585876465,177.07424640655518,230.40481567382812,53.282707929611206,320.3853225708008,168.78681421279907,115.32629936600625,7.620031833648682,10.842164039611816,13.2520717703939,0.06607366988743223,0.0940129363312222,0.11490936450094834,93,114.28309464915746,0.11257704697235889,0.19401090304673127,0.11590554400348325,1,75,176.92374685188017,75.3392286489912,83.34858952911696,0,0,5,4,5
423,14.066666666666666,1,1,315.6229019165039,168.91851425170898,323.9381790161133,160.15985012054443,303.7079429626465,171.79046630859375,231.6057586669922,52.650439739227295,319.7805404663086,164.5391821861267,115.32629936600625,7.620031833648682,10.842164039611816,13.2520717703939,0.06607366988743223,0.0940129363312222,0.11490936450094834,93,114.63501842875814,0.10535323302570729,0.20356123150176753,0.10691494435079785,1,76,177.84905010412385,60.63621881153213,77.26784192568165,0,-1,5,5,5
424,14.1,0,1,315.6229019165039,168.91851425170898,323.9381790161133,160.15985012054443,303.7079429626465,171.79046630859375,231.6057586669922,52.650439739227295,319.7805404663086,164.5391821861267,115.32629936600625,7.620031833648682,10.842164039611816,13.2520717703939,0.06607366988743223,0.0940129363312222,0.11490936450094834,93,114.63501842875814,0.10535323302570729,0.20356123150176753,0.10691494435079785,1,77,177.84905010412385,60.63621881153213,77.26784192568165,0,0,5,5,5
425,14.133333333333333,0,1,315.6229019165039,168.91851425170898,323.9381790161133,160.15985012054443,303.7079429626465,171.79046630859375,231.6057586669922,52.650439739227295,319.7805404663086,164.5391821861267,115.32629936600625,7.620031833648682,10.842164039611816,13.2520717703939,0.06607366988743223,0.0940129363312222,0.11490936450094834,93,114.63501842875814,0.10535323302570729,0.20356123150176753,0.10691494435079785,1,78,177.84905010412385,60.63621881153213,77.26784192568165,0,0,5,5,5
426,14.166666666666666,1,1,330.0259017944336,178.1330394744873,326.50074005126953,168.61445903778076,305.08556365966797,175.9901475906372,231.3189697265625,54.833786487579346,328.26332092285156,173.37374925613403,115.32629936600625,7.620031833648682,10.842164039611816,13.2520717703939,0.06607366988743223,0.0940129363312222,0.11490936450094834,93,113.3476266886368,0.08955084978282425,0.1998254142356842,0.22084474987366218,1,79,171.05154422976094,75.62492367598405,86.57279242514655,1,1,6,6,6
427,14.2,0,1,330.0259017944336,178.1330394744873,326.50074005126953,168.61445903778076,305.08556365966797,175.9901475906372,231.3189697265625,54.833786487579346,328.26332092285156,173.37374925613403,115.32629936600625,7.620031833648682,10.842164039611816,13.2520717703939,0.06607366988743223,0.0940129363312222,0.11490936450094834,93,113.3476266886368,0.08955084978282425,0.1998254142356842,0.22084474987366218,1,80,171.05154422976094,75.62492367598405,86.57279242514655,0,0,6,6,6
428,14.233333333333333,0,1,330.0259017944336,178.1330394744873,326.50074005126953,168.61445903778076,305.08556365966797,175.9901475906372,231.3189697265625,54.833786487579346,328.26332092285156,173.37374925613403,115.32629936600625,7.620031833648682,10.842164039611816,13.2520717703939,0.06607366988743223,0.0940129363312222,0.11490936450094834,93,113.3476266886368,0.08955084978282425,0.1998254142356842,0.22084474987366218,1,81,171.05154422976094,75.62492367598405,86.57279242514655,0,0,6,6,6
429,14.266666666666667,1,1,325.4743194580078,171.930513381958,325.21392822265625,161.1598777770996,304.23376083374023,172.11205959320068,232.58012771606445,56.420860290527344,325.34412384033203,166.5451955795288,115.32629936600625,7.620031833648682,10.842164039611816,13.2520717703939,0.06607366988743223,0.0940129363312222,0.11490936450094834,93,112.75474034463247,0.0955505970356943,0.2098963290703972,0.18838529002327312,1,82,172.25812880135243,61.28793300522896,77.8649656888568,-1,-1,7,7,7
430,14.3,0,1,325.4743194580078,171.930513381958,325.21392822265625,161.1598777770996,304.23376083374023,172.11205959320068,232.58012771606445,56.420860290527344,325.34412384033203,166.5451955795288,115.32629936600625,7.620031833648682,10.842164039611816,13.2520717703939,0.06607366988743223,0.0940129363312222,0.11490936450094834,93,112.75474034463247,0.0955505970356943,0.2098963290703972,0.18838529002327312,1,83,172.25812880135243,61.28793300522896,77.8649656888568,0,0,7,7,7
431,14.333333333333334,0,1,325.4743194580078,171.930513381958,325.21392822265625,161.1598777770996,304.23376083374023,172.11205959320068,232.58012771606445,56.420860290527344,325.34412384033203,166.5451955795288,115.32629936600625,7.620031833648682,10.842164039611816,13.2520717703939,0.06607366988743223,0.0940129363312222,0.11490936450094834,93,112.75474034463247,0.0955505970356943,0.2098963290703972,0.18838529002327312,1,84,172.25812880135243,61.28793300522896,77.8649656888568,0,0,7,7,7
432,14.366666666666667,1,1,313.5927963256836,170.4265594482422,337.45758056640625,186.774001121521,310.6745910644531,186.4841365814209,231.32909774780273,54.61429238319397,325.5251884460449,178.6002802848816,115.32629936600625,7.620031833648682,10.842164039611816,13.2520717703939,0.06607366988743223,0.0940129363312222,0.11490936450094834,93,114.15166978780952,0.2534077806973168,0.23464008950376822,0.14297286655621383,1,85,178.0909414180857,127.03276829647079,101.42008272727654,0,1,7,8,8
433,14.4,0,1,313.5927963256836,170.4265594482422,337.45758056640625,186.774001121521,310.6745910644531,186.4841365814209,231.32909774780273,54.61429238319397,325.5251884460449,178.6002802848816,115.32629936600625,7.620031833648682,10.842164039611816,13.2520717703939,0.06607366988743223,0.0940129363312222,0.11490936450094834,93,114.15166978780952,0.2534077806973168,0.23464008950376822,0.14297286655621383,1,86,178.0909414180857,127.03276829647079,101.42008272727654,0,0,7,8,8
434,14.433333333333334,0,1,313.5927963256836,170.4265594482422,337.45758056640625,186.774001121521,310.6745910644531,186.4841365814209,231.32909774780273,54.61429238319397,325.5251884460449,178.6002802848816,115.32629936600625,7.620031833648682,10.842164039611816,13.2520717703939,0.06607366988743223,0.0940129363312222,0.11490936450094834,93,114.15166978780952,0.2534077806973168,0.23464008950376822,0.14297286655621383,1,87,178.0909414180857,127.03276829647079,101.42008272727654,0,0,7,8,8
435,14.466666666666667,1,1,319.23999786376953,155.43567180633545,317.0514678955078,173.76394271850586,295.6867980957031,177.63253211975098,217.5080680847168,29.40025806427002,318.1457328796387,164.59980726242065,115.32629936600625,7.620031833648682,10.842164039611816,13.2520717703939,0.06607366988743223,0.0940129363312222,0.11490936450094834,93,114.16124323052718,0.16168772512125007,0.19018797521685948,0.28349718721052625,1,88,161.36705774912625,130.50147676084867,123.87904668591572,-1,-1,7,9,9
436,14.5,0,1,319.23999786376953,155.43567180633545,317.0514678955078,173.76394271850586,295.6867980957031,177.63253211975098,217.5080680847168,29.40025806427002,318.1457328796387,164.59980726242065,115.32629936600625,7.620031833648682,10.842164039611816,13.2520717703939,0.06607366988743223,0.0940129363312222,0.11490936450094834,93,114.16124323052718,0.16168772512125007,0.19018797521685948,0.28349718721052625,1,89,161.36705774912625,130.50147676084867,123.87904668591572,0,0,7,9,9
437,14.533333333333333,0,1,319.23999786376953,155.43567180633545,317.0514678955078,173.76394271850586,295.6867980957031,177.63253211975098,217.5080680847168,29.40025806427002,318.1457328796387,164.59980726242065,115.32629936600625,7.620031833648682,10.842164039611816,13.2520717703939,0.06607366988743223,0.0940129363312222,0.11490936450094834,93,114.16124323052718,0.16168772512125007,0.19018797521685948,0.28349718721052625,1,90,161.36705774912625,130.50147676084867,123.87904668591572,0,0,7,9,9
438,14.566666666666666,1,1,307.59504318237305,128.39447021484375,301.74753189086914,137.2705364227295,286.6731071472168,132.46886730194092,213.34392547607422,-9.903843104839325,304.6712875366211,132.83250331878662,115.32629936600625,7.620031833648682,10.842164039611816,13.2520717703939,0.06607366988743223,0.0940129363312222,0.11490936450094834,93,108.61004341873465,0.09786487322019638,0.14566509589688442,0.196252329773697,1,91,172.22746327857078,140.44120160356738,127.9455720408233,-1,-1,7,9,9
439,14.6,0,1,307.59504318237305,128.39447021484375,301.74753189086914,137.2705364227295,286.6731071472168,132.46886730194092,213.34392547607422,-9.903843104839325,304.6712875366211,132.83250331878662,115.32629936600625,7.620031833648682,10.842164039611816,13.2520717703939,0.06607366988743223,0.0940129363312222,0.11490936450094834,93,108.61004341873465,0.09786487322019638,0.14566509589688442,0.196252329773697,1,92,172.22746327857078,140.44120160356738,127.9455720408233,0,0,7,9,9
440,14.633333333333333,0,1,307.59504318237305,128.39447021484375,301.74753189086914,137.2705364227295,286.6731071472168,132.46886730194092,213.34392547607422,-9.903843104839325,304.6712875366211,132.83250331878662,115.32629936600625,7.620031833648682,10.842164039611816,13.2520717703939,0.06607366988743223,0.0940129363312222,0.11490936450094834,93,108.61004341873465,0.09786487322019638,0.14566509589688442,0.196252329773697,1,93,172.22746327857078,140.44120160356738,127.9455720408233,0,0,7,9,9
441,14.666666666666666,1,0,,,,,,,,,,,,,,,,,,0,,,,,0,93,,,,0,0,7,9,9
442,14.7,0,0,,,,,,,,,,,,,,,,,,0,,,,,0,93,,,,0,0,7,9,9
443,14.733333333333333,0,0,,,,,,,,,,,,,,,,,,0,,,,,0,93,,,,0,0,7,9,9
444,14.766666666666667,1,0,,,,,,,,,,,,,,,,,,0,,,,,0,93,,,,0,0,7,9,9
445,14.8,0,0,,,,,,,,,,,,,,,,,,0,,,,,0,93,,,,0,0,7,9,9
446,14.833333333333334,0,0,,,,,,,,,,,,,,,,,,0,,,,,0,93,,,,0,0,7,9,9
447,14.866666666666667,1,0,,,,,,,,,,,,,,,,,,0,,,,,0,93,,,,0,0,7,9,9
448,14.9,0,0,,,,,,,,,,,,,,,,,,0,,,,,0,93,,,,0,0,7,9,9
449,14.933333333333334,0,0,,,,,,,,,,,,,,,,,,0,,,,,0,93,,,,0,0,7,9,9
450,14.966666666666667,1,0,,,,,,,,,,,,,,,,,,0,,,,,0,93,,,,0,0,7,9,9
451,15.0,0,0,,,,,,,,,,,,,,,,,,0,,,,,0,93,,,,0,0,7,9,9
452,15.033333333333333,0,0,,,,,,,,,,,,,,,,,,0,,,,,0,93,,,,0,0,7,9,9
453,15.066666666666666,1,0,,,,,,,,,,,,,,,,,,0,,,,,0,93,,,,0,0,7,9,9
454,15.1,0,0,,,,,,,,,,,,,,,,,,0,,,,,0,93,,,,0,0,7,9,9
455,15.133333333333333,0,0,,,,,,,,,,,,,,,,,,0,,,,,0,93,,,,0,0,7,9,9
456,15.166666666666666,1,0,,,,,,,,,,,,,,,,,,0,,,,,0,93,,,,0,0,7,9,9
457,15.2,0,0,,,,,,,,,,,,,,,,,,0,,,,,0,93,,,,0,0,7,9,9
458,15.233333333333333,0,0,,,,,,,,,,,,,,,,,,0,,,,,0,93,,,,0,0,7,9,9
459,15.266666666666667,1,0,,,,,,,,,,,,,,,,,,0,,,,,0,93,,,,0,0,7,9,9
460,15.3,0,0,,,,,,,,,,,,,,,,,,0,,,,,0,93,,,,0,0,7,9,9
461,15.333333333333334,0,0,,,,,,,,,,,,,,,,,,0,,,,,0,93,,,,0,0,7,9,9
462,15.366666666666667,1,0,,,,,,,,,,,,,,,,,,0,,,,,0,93,,,,0,0,7,9,9
463,15.4,0,0,,,,,,,,,,,,,,,,,,0,,,,,0,93,,,,0,0,7,9,9
464,15.433333333333334,0,0,,,,,,,,,,,,,,,,,,0,,,,,0,93,,,,0,0,7,9,9
465,15.466666666666667,1,0,,,,,,,,,,,,,,,,,,0,,,,,0,93,,,,0,0,7,9,9
466,15.5,0,0,,,,,,,,,,,,,,,,,,0,,,,,0,93,,,,0,0,7,9,9
467,15.533333333333333,0,0,,,,,,,,,,,,,,,,,,0,,,,,0,93,,,,0,0,7,9,9
468,15.566666666666666,1,0,,,,,,,,,,,,,,,,,,0,,,,,0,93,,,,0,0,7,9,9
469,15.6,0,0,,,,,,,,,,,,,,,,,,0,,,,,0,93,,,,0,0,7,9,9
470,15.633333333333333,0,0,,,,,,,,,,,,,,,,,,0,,,,,0,93,,,,0,0,7,9,9
471,15.666666666666666,1,0,,,,,,,,,,,,,,,,,,0,,,,,0,93,,,,0,0,7,9,9
472,15.7,0,0,,,,,,,,,,,,,,,,,,0,,,,,0,93,,,,0,0,7,9,9
473,15.733333333333333,0,0,,,,,,,,,,,,,,,,,,0,,,,,0,93,,,,0,0,7,9,9
474,15.766666666666667,1,0,,,,,,,,,,,,,,,,,,0,,,,,0,93,,,,0,0,7,9,9
475,15.8,0,0,,,,,,,,,,,,,,,,,,0,,,,,0,93,,,,0,0,7,9,9
476,15.833333333333334,0,0,,,,,,,,,,,,,,,,,,0,,,,,0,93,,,,0,0,7,9,9
477,15.866666666666667,1,0,,,,,,,,,,,,,,,,,,0,,,,,0,93,,,,0,0,7,9,9
478,15.9,0,0,,,,,,,,,,,,,,,,,,0,,,,,0,93,,,,0,0,7,9,9
479,15.933333333333334,0,0,,,,,,,,,,,,,,,,,,0,,,,,0,93,,,,0,0,7,9,9
480,15.966666666666667,1,0,,,,,,,,,,,,,,,,,,0,,,,,0,93,,,,0,0,7,9,9
481,16.0,0,0,,,,,,,,,,,,,,,,,,0,,,,,0,93,,,,0,0,7,9,9
482,16.033333333333335,0,0,,,,,,,,,,,,,,,,,,0,,,,,0,93,,,,0,0,7,9,9
483,16.066666666666666,1,0,,,,,,,,,,,,,,,,,,0,,,,,0,93,,,,0,0,7,9,9
484,16.1,0,0,,,,,,,,,,,,,,,,,,0,,,,,0,93,,,,0,0,7,9,9
485,16.133333333333333,0,0,,,,,,,,,,,,,,,,,,0,,,,,0,93,,,,0,0,7,9,9
486,16.166666666666668,1,0,,,,,,,,,,,,,,,,,,0,,,,,0,93,,,,0,0,7,9,9
487,16.2,0,0,,,,,,,,,,,,,,,,,,0,,,,,0,93,,,,0,0,7,9,9
488,16.233333333333334,0,0,,,,,,,,,,,,,,,,,,0,,,,,0,93,,,,0,0,7,9,9
489,16.266666666666666,1,0,,,,,,,,,,,,,,,,,,0,,,,,0,93,,,,0,0,7,9,9
490,16.3,0,0,,,,,,,,,,,,,,,,,,0,,,,,0,93,,,,0,0,7,9,9
491,16.333333333333332,0,0,,,,,,,,,,,,,,,,,,0,,,,,0,93,,,,0,0,7,9,9
492,16.366666666666667,1,0,,,,,,,,,,,,,,,,,,0,,,,,0,93,,,,0,0,7,9,9
493,16.4,0,0,,,,,,,,,,,,,,,,,,0,,,,,0,93,,,,0,0,7,9,9
494,16.433333333333334,0,0,,,,,,,,,,,,,,,,,,0,,,,,0,93,,,,0,0,7,9,9
495,16.466666666666665,1,1,579.5846557617188,146.84326171875,546.0623550415039,219.16986465454102,523.9361190795898,236.1549425125122,482.4568176269531,33.035842180252075,562.8235054016113,183.0065631866455,,,,,,,,0,99.6700469435366,0.7998141574974628,0.27986125108251986,1.0557827827081063,0,0,174.51770053518513,174.8388173984763,175.57933204191627,0,0,0,0,0
496,16.5,0,1,579.5846557617188,146.84326171875,546.0623550415039,219.16986465454102,523.9361190795898,236.1549425125122,482.4568176269531,33.035842180252075,562.8235054016113,183.0065631866455,,,,,,,,0,99.6700469435366,0.7998141574974628,0.27986125108251986,1.0557827827081063,0,0,174.51770053518513,174.8388173984763,175.57933204191627,0,0,0,0,0
497,16.533333333333335,0,1,579.5846557617188,146.84326171875,546.0623550415039,219.16986465454102,523.9361190795898,236.1549425125122,482.4568176269531,33.035842180252075,562.8235054016113,183.0065631866455,,,,,,,,0,99.6700469435366,0.7998141574974628,0.27986125108251986,1.0557827827081063,0,0,174.51770053518513,174.8388173984763,175.57933204191627,0,0,0,0,0
498,16.566666666666666,1,1,588.1447219848633,198.43767642974854,557.1764755249023,266.28064155578613,532.7597808837891,278.2184886932373,496.6956329345703,69.86730337142944,572.6605987548828,232.35915899276733,,,,,,,,0,106.82746506424145,0.6981051865401903,0.2544177194608549,0.9091379493189365,0,0,166.4379780577169,175.85206251608855,177.97899572478542,0,0,0,0,0
499,16.6,0,1,588.1447219848633,198.43767642974854,557.1764755249023,266.28064155578613,532.7597808837891,278.2184886932373,496.6956329345703,69.86730337142944,572.6605987548828,232.35915899276733,,,,,,,,0,106.82746506424145,0.6981051865401903,0.2544177194608549,0.9091379493189365,0,0,166.4379780577169,175.85206251608855,177.97899572478542,0,0,0,0,0
500,16.633333333333333,0,1,588.1447219848633,198.43767642974854,557.1764755249023,266.28064155578613,532.7597808837891,278.2184886932373,496.6956329345703,69.86730337142944,572.6605987548828,232.35915899276733,,,,,,,,0,106.82746506424145,0.6981051865401903,0.2544177194608549,0.9091379493189365,0,0,166.4379780577169,175.85206251608855,177.97899572478542,0,0,0,0,0
501,16.666666666666668,1,1,606.7368698120117,229.75366115570068,561.4891052246094,306.3247776031494,534.0228271484375,322.1832275390625,508.52500915527344,108.72999429702759,584.1129875183105,268.03921937942505,,,,,,,,0,105.71683774613903,0.8413131862489879,0.3000063207793842,1.1124376208015245,0,0,159.97773447354035,174.50827171669053,175.2027375739977,0,0,0,0,0
502,16.7,0,1,606.7368698120117,229.75366115570068,561.4891052246094,306.3247776031494,534.0228271484375,322.1832275390625,508.52500915527344,108.72999429702759,584.1129875183105,268.03921937942505,,,,,,,,0,105.71683774613903,0.8413131862489879,0.3000063207793842,1.1124376208015245,0,0,159.97773447354035,174.50827171669053,175.2027375739977,0,0,0,0,0
503,16.733333333333334,0,1,606.7368698120117,229.75366115570068,561.4891052246094,306.3247776031494,534.0228271484375,322.1832275390625,508.52500915527344,108.72999429702759,584.1129875183105,268.03921937942505,,,,,,,,0,105.71683774613903,0.8413131862489879,0.3000063207793842,1.1124376208015245,0,0,159.97773447354035,174.50827171669053,175.2027375739977,0,0,0,0,0
504,16.766666666666666,1,1,625.8589553833008,250.31018257141113,574.3097686767578,338.40213775634766,549.1770935058594,356.1763858795166,520.1179885864258,140.65019130706787,600.0843620300293,294.3561601638794,,,,,,,,0,103.11537864293042,0.9898252939283897,0.2985268615889728,1.2677077313708658,0,0,161.38393193824385,173.9756223704285,177.0202702862151,0,0,0,0,0
505,16.8,0,1,625.8589553833008,250.31018257141113,574.3097686767578,338.40213775634766,549.1770935058594,356.1763858795166,520.1179885864258,140.65019130706787,600.0843620300293,294.3561601638794,,,,,,,,0,103.11537864293042,0.9898252939283897,0.2985268615889728,1.2677077313708658,0,0,161.38393193824385,173.9756223704285,177.0202702862151,0,0,0,0,0
506,16.833333333333332,0,1,625.8589553833008,250.31018257141113,574.3097686767578,338.40213775634766,549.1770935058594,356.1763858795166,520.1179885864258,140.65019130706787,600.0843620300293,294.3561601638794,,,,,,,,0,103.11537864293042,0.9898252939283897,0.2985268615889728,1.2677077313708658,0,0,161.38393193824385,173.9756223704285,177.0202702862151,0,0,0,0,0
507,16.866666666666667,1,1,631.5322875976562,259.09704208374023,570.0636291503906,345.45690536499023,545.9682083129883,360.4994773864746,526.2796401977539,156.08453750610352,600.7979583740234,302.27697372436523,,,,,,,,0,93.48840128319091,1.1338517815131355,0.30383904877395296,1.4192007150840282,0,0,159.4297703155228,172.0598932576475,176.23095326410325,0,0,0,0,0
508,16.9,0,1,631.5322875976562,259.09704208374023,570.0636291503906,345.45690536499023,545.9682083129883,360.4994773864746,526.2796401977539,156.08453750610352,600.7979583740234,302.27697372436523,,,,,,,,0,93.48840128319091,1.1338517815131355,0.30383904877395296,1.4192007150840282,0,0,159.4297703155228,172.0598932576475,176.23095326410325,0,0,0,0,0
509,16.933333333333334,0,1,631.5322875976562,259.09704208374023,570.0636291503906,345.45690536499023,545.9682083129883,360.4994773864746,526.2796401977539,156.08453750610352,600.7979583740234,302.27697372436523,,,,,,,,0,93.48840128319091,1.1338517815131355,0.30383904877395296,1.4192007150840282,0,0,159.4297703155228,172.0598932576475,176.23095326410325,0,0,0,0,0
510,16.966666666666665,1,1,631.4949417114258,262.39840507507324,566.4648818969727,346.7181873321533,543.780632019043,362.83061027526855,530.6690979003906,158.6400604248047,598.9799118041992,304.5582962036133,,,,,,,,0,93.74837029582397,1.13584367418486,0.296796484185275,1.4223529512965778,0,0,163.94553662548842,174.60406147826473,178.65476991869053,0,0,0,0,0
511,17.0,0,1,631.4949417114258,262.39840507507324,566.4648818969727,346.7181873321533,543.780632019043,362.83061027526855,530.6690979003906,158.6400604248047,598.9799118041992,304.5582962036133,,,,,,,,0,93.74837029582397,1.13584367418486,0.296796484185275,1.4223529512965778,0,0,163.94553662548842,174.60406147826473,178.65476991869053,0,0,0,0,0
512,17.033333333333335,0,1,631.4949417114258,262.39840507507324,566.4648818969727,346.7181873321533,543.780632019043,362.83061027526855,530.6690979003906,158.6400604248047,598.9799118041992,304.5582962036133,,,,,,,,0,93.74837029582397,1.13584367418486,0.296796484185275,1.4223529512965778,0,0,163.94553662548842,174.60406147826473,178.65476991869053,0,0,0,0,0
513,17.066666666666666,1,1,628.2303237915039,262.4162006378174,567.0317840576172,346.6215705871582,543.2035064697266,361.88355445861816,530.0067901611328,159.46741104125977,597.6310539245605,304.5188856124878,,,,,,,,0,95.61048539261893,1.0887422569166276,0.29596029363080845,1.3686373544398887,0,0,159.98888885442796,174.28042625038438,177.9659645172709,0,0,0,0,0
514,17.1,0,1,628.2303237915039,262.4162006378174,567.0317840576172,346.6215705871582,543.2035064697266,361.88355445861816,530.0067901611328,159.46741104125977,597.6310539245605,304.5188856124878,,,,,,,,0,95.61048539261893,1.0887422569166276,0.29596029363080845,1.3686373544398887,0,0,159.98888885442796,174.28042625038438,177.9659645172709,0,0,0,0,0
515,17.133333333333333,0,1,628.2303237915039,262.4162006378174,567.0317840576172,346.6215705871582,543.2035064697266,361.88355445861816,530.0067901611328,159.46741104125977,597.6310539245605,304.5188856124878,,,,,,,,0,95.61048539261893,1.0887422569166276,0.29596029363080845,1.3686373544398887,0,0,159.98888885442796,174.28042625038438,177.9659645172709,0,0,0,0,0
516,17.166666666666668,1,1,629.8965835571289,262.0854949951172,566.6096878051758,346.7025089263916,542.5053787231445,362.3720455169678,531.6513824462891,160.38069248199463,598.2531356811523,304.3940019607544,,,,,,,,0,94.29747490853002,1.1205585553879223,0.3048842934657471,1.4106539660044366,0,0,163.97281316492064,174.62666103301416,178.6803240940643,0,0,0,0,0
517,17.2,0,1,629.8965835571289,262.0854949951172,566.6096878051758,346.7025089263916,542.5053787231445,362.3720455169678,531.6513824462891,160.38069248199463,598.2531356811523,304.3940019607544,,,,,,,,0,94.29747490853002,1.1205585553879223,0.3048842934657471,1.4106539660044366,0,0,163.97281316492064,174.62666103301416,178.6803240940643,0,0,0,0,0
518,17.233333333333334,0,1,629.8965835571289,262.0854949951172,566.6096878051758,346.7025089263916,542.5053787231445,362.3720455169678,531.6513824462891,160.38069248199463,598.2531356811523,304.3940019607544,,,,,,,,0,94.29747490853002,1.1205585553879223,0.3048842934657471,1.4106539660044366,0,0,163.97281316492064,174.62666103301416,178.6803240940643,0,0,0,0,0
519,17.266666666666666,1,1,628.3230972290039,263.02785873413086,566.1846542358398,347.8322124481201,541.9348526000977,363.16234588623047,531.4455032348633,158.54825019836426,597.2538757324219,305.4300355911255,,,,,,,,0,93.97929629390373,1.1186834135576722,0.3052706897837676,1.4072160610165678,0,0,163.68726879019832,176.04343816772618,179.0088943369567,0,0,0,0,0
520,17.3,0,1,628.3230972290039,263.02785873413086,566.1846542358398,347.8322124481201,541.9348526000977,363.16234588623047,531.4455032348633,158.54825019836426,597.2538757324219,305.4300355911255,,,,,,,,0,93.97929629390373,1.1186834135576722,0.3052706897837676,1.4072160610165678,0,0,163.68726879019832,176.04343816772618,179.0088943369567,0,0,0,0,0
521,17.333333333333332,0,1,628.3230972290039,263.02785873413086,566.1846542358398,347.8322124481201,541.9348526000977,363.16234588623047,531.4455032348633,158.54825019836426,597.2538757324219,305.4300355911255,,,,,,,,0,93.97929629390373,1.1186834135576722,0.3052706897837676,1.4072160610165678,0,0,163.68726879019832,176.04343816772618,179.0088943369567,0,0,0,0,0
522,17.366666666666667,1,1,630.5924987792969,264.4298458099365,565.9841537475586,347.8048324584961,542.1925735473633,363.02581787109375,530.6560516357422,158.47628116607666,598.2883262634277,306.1173391342163,,,,,,,,0,94.33330761139669,1.1181425603149509,0.2994053441111691,1.403772226674082,0,0,164.69286848541637,174.72685983098145,177.68150675587054,0,0,0,0,0
523,17.4,0,1,630.5924987792969,264.4298458099365,565.9841537475586,347.8048324584961,542.1925735473633,363.02581787109375,530.6560516357422,158.47628116607666,598.2883262634277,306.1173391342163,,,,,,,,0,94.33330761139669,1.1181425603149509,0.2994053441111691,1.403772226674082,0,0,164.69286848541637,174.72685983098145,177.68150675587054,0,0,0,0,0
524,17.433333333333334,0,1,630.5924987792969,264.4298458099365,565.9841537475586,347.8048324584961,542.1925735473633,363.02581787109375,530.6560516357422,158.47628116607666,598.2883262634277,306.1173391342163,,,,,,,,0,94.33330761139669,1.1181425603149509,0.2994053441111691,1.403772226674082,0,0,164.69286848541637,174.72685983098145,177.68150675587054,0,0,0,0,0
525,17.466666666666665,1,1,628.6102676391602,261.9994354248047,566.4636611938477,347.7615737915039,543.0378723144531,362.9266834259033,530.799674987793,158.98404121398926,597.5369644165039,304.8805046081543,,,,,,,,0,95.30475668802379,1.1112978215654068,0.29280867058574445,1.388402550381551,0,0,167.07638554081905,175.25203388237642,179.2701902168431,0,0,0,0,0
526,17.5,0,1,628.6102676391602,261.9994354248047,566.4636611938477,347.7615737915039,543.0378723144531,362.9266834259033,530.799674987793,158.98404121398926,597.5369644165039,304.8805046081543,,,,,,,,0,95.30475668802379,1.1112978215654068,0.29280867058574445,1.388402550381551,0,0,167.07638554081905,175.25203388237642,179.2701902168431,0,0,0,0,0
527,17.533333333333335,0,1,628.6102676391602,261.9994354248047,566.4636611938477,347.7615737915039,543.0378723144531,362.9266834259033,530.799674987793,158.98404121398926,597.5369644165039,304.8805046081543,,,,,,,,0,95.30475668802379,1.1112978215654068,0.29280867058574445,1.388402550381551,0,0,167.07638554081905,175.25203388237642,179.2701902168431,0,0,0,0,0
528,17.566666666666666,1,1,629.9176025390625,263.3828544616699,566.8488311767578,347.27399826049805,542.9801940917969,363.23741912841797,529.8181915283203,158.44852924346924,598.3832168579102,305.328426361084,,,,,,,,0,95.34124582716461,1.100827306439927,0.3011797286758678,1.388667690450914,0,0,165.33594890189863,174.86137879804232,177.84296233698402,0,0,0,0,0
529,17.6,0,1,629.9176025390625,263.3828544616699,566.8488311767578,347.27399826049805,542.9801940917969,363.23741912841797,529.8181915283203,158.44852924346924,598.3832168579102,305.328426361084,,,,,,,,0,95.34124582716461,1.100827306439927,0.3011797286758678,1.388667690450914,0,0,165.33594890189863,174.86137879804232,177.84296233698402,0,0,0,0,0
530,17.633333333333333,0,1,629.9176025390625,263.3828544616699,566.8488311767578,347.27399826049805,542.9801940917969,363.23741912841797,529.8181915283203,158.44852924346924,598.3832168579102,305.328426361084,,,,,,,,0,95.34124582716461,1.100827306439927,0.3011797286758678,1.388667690450914,0,0,165.33594890189863,174.86137879804232,177.84296233698402,0,0,0,0,0
531,17.666666666666668,1,1,630.2098083496094,263.10150146484375,565.7746124267578,349.10943031311035,542.1791839599609,363.99152755737305,530.2699279785156,158.8324499130249,597.9922103881836,306.10546588897705,,,,,,,,0,94.38883282333623,1.1385613353070794,0.29554993944611924,1.4185595942797695,0,0,167.10846048026107,175.74637203147594,179.53311869792657,0,0,0,0,0
532,17.7,0,1,630.2098083496094,263.10150146484375,565.7746124267578,349.10943031311035,542.1791839599609,363.99152755737305,530.2699279785156,158.8324499130249,597.9922103881836,306.10546588897705,,,,,,,,0,94.38883282333623,1.1385613353070794,0.29554993944611924,1.4185595942797695,0,0,167.10846048026107,175.74637203147594,179.53311869792657,0,0,0,0,0
533,17.733333333333334,0,1,630.2098083496094,263.10150146484375,565.7746124267578,349.10943031311035,542.1791839599609,363.99152755737305,530.2699279785156,158.8324499130249,597.9922103881836,306.10546588897705,,,,,,,,0,94.38883282333623,1.1385613353070794,0.29554993944611924,1.4185595942797695,0,0,167.10846048026107,175.74637203147594,179.53311869792657,0,0,0,0,0
534,17.766666666666666,1,1,629.3617248535156,263.1806945800781,566.0567474365234,349.97182846069336,542.4849700927734,364.7630023956299,528.9277267456055,159.5526123046875,597.7092361450195,306.57626152038574,,,,,,,,0,94.07900543437916,1.1418639105078527,0.29579583967412537,1.4207820417924504,0,0,166.95618223175708,175.6634267666438,179.16490597520107,0,0,0,0,0
535,17.8,0,1,629.3617248535156,263.1806945800781,566.0567474365234,349.97182846069336,542.4849700927734,364.7630023956299,528.9277267456055,159.5526123046875,597.7092361450195,306.57626152038574,,,,,,,,0,94.07900543437916,1.1418639105078527,0.29579583967412537,1.4207820417924504,0,0,166.95618223175708,175.6634267666438,179.16490597520107,0,0,0,0,0
536,17.833333333333332,0,1,629.3617248535156,263.1806945800781,566.0567474365234,349.97182846069336,542.4849700927734,364.7630023956299,528.9277267456055,159.5526123046875,597.7092361450195,306.57626152038574,,,,,,,,0,94.07900543437916,1.1418639105078527,0.29579583967412537,1.4207820417924504,0,0,166.95618223175708,175.6634267666438,179.16490597520107,0,0,0,0,0
537,17.866666666666667,1,1,628.6228942871094,262.51673698425293,565.6378173828125,350.7810115814209,542.0782089233398,365.44973373413086,528.6600875854492,159.03064727783203,597.1303558349609,306.6488742828369,,,,,,,,0,95.24505316394755,1.1384626768537576,0.2913847487414353,1.411949103184659,0,0,166.4928601271646,176.07778739549067,179.30198453679975,0,0,0,0,0
538,17.9,0,1,628.6228942871094,262.51673698425293,565.6378173828125,350.7810115814209,542.0782089233398,365.44973373413086,528.6600875854492,159.03064727783203,597.1303558349609,306.6488742828369,,,,,,,,0,95.24505316394755,1.1384626768537576,0.2913847487414353,1.411949103184659,0,0,166.4928601271646,176.07778739549067,179.30198453679975,0,0,0,0,0
539,17.933333333333334,0,1,628.6228942871094,262.51673698425293,565.6378173828125,350.7810115814209,542.0782089233398,365.44973373413086,528.6600875854492,159.03064727783203,597.1303558349609,306.6488742828369,,,,,,,,0,95.24505316394755,1.1384626768537576,0.2913847487414353,1.411949103184659,0,0,166.4928601271646,176.07778739549067,179.30198453679975,0,0,0,0,0
540,17.966666666666665,1,1,627.9037094116211,262.94689178466797,565.9283828735352,350.45702934265137,542.7094650268555,365.57873725891113,528.3198165893555,159.91088390350342,596.9160461425781,306.70196056365967,,,,,,,,0,95.33817110231756,1.1247669969823872,0.2906382486059305,1.3990643683281292,0,0,169.1158424437438,175.7537914348654,178.63283747825935,0,0,0,0,0
541,18.0,0,1,627.9037094116211,262.94689178466797,565.9283828735352,350.45702934265137,542.7094650268555,365.57873725891113,528.3198165893555,159.91088390350342,596.9160461425781,306.70196056365967,,,,,,,,0,95.33817110231756,1.1247669969823872,0.2906382486059305,1.3990643683281292,0,0,169.1158424437438,175.7537914348654,178.63283747825935,0,0,0,0,0
542,18.033333333333335,0,1,627.9037094116211,262.94689178466797,565.9283828735352,350.45702934265137,542.7094650268555,365.57873725891113,528.3198165893555,159.91088390350342,596.9160461425781,306.70196056365967,,,,,,,,0,95.33817110231756,1.1247669969823872,0.2906382486059305,1.3990643683281292,0,0,169.1158424437438,175.7537914348654,178.63283747825935,0,0,0,0,0
543,18.066666666666666,1,1,629.3441772460938,264.57621574401855,565.1847457885742,350.73291778564453,542.0200729370117,365.5273246765137,528.8420867919922,159.8468542098999,597.264461517334,307.65456676483154,,,,,,,,0,94.89018688309231,1.1320627471273954,0.28966044288842985,1.40666740691595,0,0,167.44285268900575,175.65228551688568,179.01801840181454,0,0,0,0,0
544,18.1,0,1,629.3441772460938,264.57621574401855,565.1847457885742,350.73291778564453,542.0200729370117,365.5273246765137,528.8420867919922,159.8468542098999,597.264461517334,307.65456676483154,,,,,,,,0,94.89018688309231,1.1320627471273954,0.28966044288842985,1.40666740691595,0,0,167.44285268900575,175.65228551688568,179.01801840181454,0,0,0,0,0
545,18.133333333333333,0,1,629.3441772460938,264.57621574401855,565.1847457885742,350.73291778564453,542.0200729370117,365.5273246765137,528.8420867919922,159.8468542098999,597.264461517334,307.65456676483154,,,,,,,,0,94.89018688309231,1.1320627471273954,0.28966044288842985,1.40666740691595,0,0,167.44285268900575,175.65228551688568,179.01801840181454,0,0,0,0,0
546,18.166666666666668,1,1,627.9006195068359,264.2359256744385,565.5578994750977,351.4276313781738,542.2338104248047,366.4189624786377,527.5846481323242,159.91511821746826,596.7292594909668,307.83177852630615,,,,,,,,0,95.88913097379557,1.1178200330882013,0.2891505802232225,1.3905885053659248,0,0,168.73062947350385,175.50634016250604,178.00158849455497,0,0,0,0,0
547,18.2,0,1,627.9006195068359,264.2359256744385,565.5578994750977,351.4276313781738,542.2338104248047,366.4189624786377,527.5846481323242,159.91511821746826,596.7292594909668,307.83177852630615,,,,,,,,0,95.88913097379557,1.1178200330882013,0.2891505802232225,1.3905885053659248,0,0,168.73062947350385,175.50634016250604,178.00158849455497,0,0,0,0,0
548,18.233333333333334,0,1,627.9006195068359,264.2359256744385,565.5578994750977,351.4276313781738,542.2338104248047,366.4189624786377,527.5846481323242,159.91511821746826,596.7292594909668,307.83177852630615,,,,,,,,0,95.88913097379557,1.1178200330882013,0.2891505802232225,1.3905885053659248,0,0,168.73062947350385,175.50634016250604,178.00158849455497,0,0,0,0,0
549,18.266666666666666,1,1,626.9166564941406,263.48819732666016,565.6629943847656,352.3370361328125,542.7444458007812,367.67372131347656,527.7874755859375,159.30916786193848,596.2898254394531,307.9126167297363,,,,,,,,0,96.69728187499214,1.1160316206138148,0.28518577318637467,1.3851344255758646,0,0,170.58651750533835,176.76257141514012,178.50563779323932,0,0,0,0,0
550,18.3,0,1,626.9166564941406,263.48819732666016,565.6629943847656,352.3370361328125,542.7444458007812,367.67372131347656,527.7874755859375,159.30916786193848,596.2898254394531,307.9126167297363,,,,,,,,0,96.69728187499214,1.1160316206138148,0.28518577318637467,1.3851344255758646,0,0,170.58651750533835,176.76257141514012,178.50563779323932,0,0,0,0,0
551,18.333333333333332,0,1,626.9166564941406,263.48819732666016,565.6629943847656,352.3370361328125,542.7444458007812,367.67372131347656,527.7874755859375,159.30916786193848,596.2898254394531,307.9126167297363,,,,,,,,0,96.69728187499214,1.1160316206138148,0.28518577318637467,1.3851344255758646,0,0,170.58651750533835,176.76257141514012,178.50563779323932,0,0,0,0,0
552,18.366666666666667,1,1,628.0249786376953,263.68054389953613,566.2541198730469,352.9087257385254,542.8360366821289,367.8329086303711,528.3971405029297,160.06834030151367,597.1395492553711,308.29463481903076,,,,,,,,0,97.82707394413521,1.1093381334675276,0.2838617970714619,1.3754305063470451,0,0,169.94517252519432,174.82179986831972,177.03205329157532,0,0,0,0,0
553,18.4,0,1,628.0249786376953,263.68054389953613,566.2541198730469,352.9087257385254,542.8360366821289,367.8329086303711,528.3971405029297,160.06834030151367,597.1395492553711,308.29463481903076,,,,,,,,0,97.82707394413521,1.1093381334675276,0.2838617970714619,1.3754305063470451,0,0,169.94517252519432,174.82179986831972,177.03205329157532,0,0,0,0,0
554,18.433333333333334,0,1,628.0249786376953,263.68054389953613,566.2541198730469,352.9087257385254,542.8360366821289,367.8329086303711,528.3971405029297,160.06834030151367,597.1395492553711,308.29463481903076,,,,,,,,0,97.82707394413521,1.1093381334675276,0.2838617970714619,1.3754305063470451,0,0,169.94517252519432,174.82179986831972,177.03205329157532,0,0,0,0,0
555,18.466666666666665,1,1,627.8311920166016,264.083890914917,566.7220687866211,352.19080924987793,542.6367568969727,367.6824188232422,530.7704162597656,159.80770111083984,597.2766304016113,308.13735008239746,,,,,,,,0,96.98139945452459,1.1056221418558863,0.2952860280783463,1.3830444825752146,0,0,168.87508725685967,174.7475237015854,177.22265097061916,0,0,0,0,0
556,18.5,0,1,627.8311920166016,264.083890914917,566.7220687866211,352.19080924987793,542.6367568969727,367.6824188232422,530.7704162597656,159.80770111083984,597.2766304016113,308.13735008239746,,,,,,,,0,96.98139945452459,1.1056221418558863,0.2952860280783463,1.3830444825752146,0,0,168.87508725685967,174.7475237015854,177.22265097061916,0,0,0,0,0
557,18.533333333333335,0,1,627.8311920166016,264.083890914917,566.7220687866211,352.19080924987793,542.6367568969727,367.6824188232422,530.7704162597656,159.80770111083984,597.2766304016113,308.13735008239746,,,,,,,,0,96.98139945452459,1.1056221418558863,0.2952860280783463,1.3830444825752146,0,0,168.87508725685967,174.7475237015854,177.22265097061916,0,0,0,0,0
558,18.566666666666666,1,1,630.3732681274414,266.29923820495605,567.2811889648438,351.9462203979492,543.45458984375,367.5026035308838,536.0100555419922,159.54650402069092,598.8272285461426,309.12272930145264,,,,,,,,0,95.49044903946896,1.114004232944971,0.29799175490627394,1.3970540015633959,0,0,166.7203358048824,175.0655669051996,178.01071709295405,0,0,0,0,0
559,18.6,0,1,630.3732681274414,266.29923820495605,567.2811889648438,351.9462203979492,543.45458984375,367.5026035308838,536.0100555419922,159.54650402069092,598.8272285461426,309.12272930145264,,,,,,,,0,95.49044903946896,1.114004232944971,0.29799175490627394,1.3970540015633959,0,0,166.7203358048824,175.0655669051996,178.01071709295405,0,0,0,0,0
560,18.633333333333333,0,1,630.3732681274414,266.29923820495605,567.2811889648438,351.9462203979492,543.45458984375,367.5026035308838,536.0100555419922,159.54650402069092,598.8272285461426,309.12272930145264,,,,,,,,0,95.49044903946896,1.114004232944971,0.29799175490627394,1.3970540015633959,0,0,166.7203358048824,175.0655669051996,178.01071709295405,0,0,0,0,0
561,18.666666666666668,1,1,635.0249862670898,266.6912269592285,566.8564224243164,353.14913749694824,543.1350708007812,367.739782333374,546.1825180053711,161.02869987487793,600.9407043457031,309.9201822280884,,,,,,,,0,94.80067617738138,1.1613799723673282,0.29376801487578924,1.4407252003912963,0,0,157.32122358120637,173.59191583669445,176.6550805408311,0,0,0,0,0
562,18.7,0,1,635.0249862670898,266.6912269592285,566.8564224243164,353.14913749694824,543.1350708007812,367.739782333374,546.1825180053711,161.02869987487793,600.9407043457031,309.9201822280884,,,,,,,,0,94.80067617738138,1.1613799723673282,0.29376801487578924,1.4407252003912963,0,0,157.32122358120637,173.59191583669445,176.6550805408311,0,0,0,0,0
563,18.733333333333334,0,1,635.0249862670898,266.6912269592285,566.8564224243164,353.14913749694824,543.1350708007812,367.739782333374,546.1825180053711,161.02869987487793,600.9407043457031,309.9201822280884,,,,,,,,0,94.80067617738138,1.1613799723673282,0.29376801487578924,1.4407252003912963,0,0,157.32122358120637,173.59191583669445,176.6550805408311,0,0,0,0,0
564,18.766666666666666,1,1,646.4715576171875,255.27992248535156,585.3990936279297,340.7372760772705,556.612548828125,355.574254989624,557.0303726196289,149.50969219207764,615.9353256225586,298.00859928131104,,,,,,,,0,98.11880331064607,1.0705100064059652,0.3300610867684353,1.3724284374542435,0,0,169.4321163962017,172.4766039799353,174.4644114582064,0,0,0,0,0
565,18.8,0,1,646.4715576171875,255.27992248535156,585.3990936279297,340.7372760772705,556.612548828125,355.574254989624,557.0303726196289,149.50969219207764,615.9353256225586,298.00859928131104,,,,,,,,0,98.11880331064607,1.0705100064059652,0.3300610867684353,1.3724284374542435,0,0,169.4321163962017,172.4766039799353,174.4644114582064,0,0,0,0,0
566,18.833333333333332,0,1,646.4715576171875,255.27992248535156,585.3990936279297,340.7372760772705,556.612548828125,355.574254989624,557.0303726196289,149.50969219207764,615.9353256225586,298.00859928131104,,,,,,,,0,98.11880331064607,1.0705100064059652,0.3300610867684353,1.3724284374542435,0,0,169.4321163962017,172.4766039799353,174.4644114582064,0,0,0,0,0
567,18.866666666666667,1,1,670.3617858886719,217.7767038345337,620.0313186645508,301.9935894012451,593.3248901367188,313.12525749206543,569.8677825927734,109.71712589263916,645.1965522766113,259.8851466178894,,,,,,,,0,91.26100602866656,1.0750521938362314,0.3170412005022344,1.34318821813673,0,0,177.2449415053441,170.2841622643729,173.53513040723942,0,0,0,0,0
568,18.9,0,1,670.3617858886719,217.7767038345337,620.0313186645508,301.9935894012451,593.3248901367188,313.12525749206543,569.8677825927734,109.71712589263916,645.1965522766113,259.8851466178894,,,,,,,,0,91.26100602866656,1.0750521938362314,0.3170412005022344,1.34318821813673,0,0,177.2449415053441,170.2841622643729,173.53513040723942,0,0,0,0,0
569,18.933333333333334,0,1,670.3617858886719,217.7767038345337,620.0313186645508,301.9935894012451,593.3248901367188,313.12525749206543,569.8677825927734,109.71712589263916,645.1965522766113,259.8851466178894,,,,,,,,0,91.26100602866656,1.0750521938362314,0.3170412005022344,1.34318821813673,0,0,177.2449415053441,170.2841622643729,173.53513040723942,0,0,0,0,0
570,18.966666666666665,1,1,665.7633209228516,136.55499458312988,633.2992553710938,217.05492496490479,610.8094024658203,226.53016090393066,579.3897247314453,66.34162187576294,649.5312881469727,176.80495977401733,,,,,,,,0,77.27452994546577,1.1232615280548888,0.3158139720816311,1.3643551060456882,0,0,169.15312679831425,172.0484796759805,177.85032435143475,0,0,0,0,0
571,19.0,0,1,665.7633209228516,136.55499458312988,633.2992553710938,217.05492496490479,610.8094024658203,226.53016090393066,579.3897247314453,66.34162187576294,649.5312881469727,176.80495977401733,,,,,,,,0,77.27452994546577,1.1232615280548888,0.3158139720816311,1.3643551060456882,0,0,169.15312679831425,172.0484796759805,177.85032435143475,0,0,0,0,0
572,19.033333333333335,0,1,665.7633209228516,136.55499458312988,633.2992553710938,217.05492496490479,610.8094024658203,226.53016090393066,579.3897247314453,66.34162187576294,649.5312881469727,176.80495977401733,,,,,,,,0,77.27452994546577,1.1232615280548888,0.3158139720816311,1.3643551060456882,0,0,169.15312679831425,172.0484796759805,177.85032435143475,0,0,0,0,0
573,19.066666666666666,1,1,640.9156036376953,31.53804302215576,592.0788192749023,60.74874401092529,568.5867691040039,41.21421217918396,589.3803787231445,125.23428440093994,616.4972114562988,46.14339351654053,,,,,,,,0,4.945046016541915,11.507685170738243,6.178468805825713,14.756830192445845,0,0,178.4650687966296,173.2390548030224,171.43355980683776,0,0,0,0,0
574,19.1,0,1,640.9156036376953,31.53804302215576,592.0788192749023,60.74874401092529,568.5867691040039,41.21421217918396,589.3803787231445,125.23428440093994,616.4972114562988,46.14339351654053,,,,,,,,0,4.945046016541915,11.507685170738243,6.178468805825713,14.756830192445845,0,0,178.4650687966296,173.2390548030224,171.43355980683776,0,0,0,0,0
575,19.133333333333333,0,1,640.9156036376953,31.53804302215576,592.0788192749023,60.74874401092529,568.5867691040039,41.21421217918396,589.3803787231445,125.23428440093994,616.4972114562988,46.14339351654053,,,,,,,,0,4.945046016541915,11.507685170738243,6.178468805825713,14.756830192445845,0,0,178.4650687966296,173.2390548030224,171.43355980683776,0,0,0,0,0
576,19.166666666666668,1,0,,,,,,,,,,,,,,,,,,0,,,,,0,0,,,,0,0,0,0,0
577,19.2,0,0,,,,,,,,,,,,,,,,,,0,,,,,0,0,,,,0,0,0,0,0
578,19.233333333333334,0,0,,,,,,,,,,,,,,,,,,0,,,,,0,0,,,,0,0,0,0,0
579,19.266666666666666,1,0,,,,,,,,,,,,,,,,,,0,,,,,0,0,,,,0,0,0,0,0
580,19.3,0,0,,,,,,,,,,,,,,,,,,0,,,,,0,0,,,,0,0,0,0,0
581,19.333333333333332,0,0,,,,,,,,,,,,,,,,,,0,,,,,0,0,,,,0,0,0,0,0
582,19.366666666666667,1,0,,,,,,,,,,,,,,,,,,0,,,,,0,0,,,,0,0,0,0,0
583,19.4,0,0,,,,,,,,,,,,,,,,,,0,,,,,0,0,,,,0,0,0,0,0
584,19.433333333333334,0,0,,,,,,,,,,,,,,,,,,0,,,,,0,0,,,,0,0,0,0,0
585,19.466666666666665,1,0,,,,,,,,,,,,,,,,,,0,,,,,0,0,,,,0,0,0,0,0
586,19.5,0,0,,,,,,,,,,,,,,,,,,0,,,,,0,0,,,,0,0,0,0,0
587,19.533333333333335,0,0,,,,,,,,,,,,,,,,,,0,,,,,0,0,,,,0,0,0,0,0
588,19.566666666666666,1,0,,,,,,,,,,,,,,,,,,0,,,,,0,0,,,,0,0,0,0,0
589,19.6,0,0,,,,,,,,,,,,,,,,,,0,,,,,0,0,,,,0,0,0,0,0
590,19.633333333333333,0,0,,,,,,,,,,,,,,,,,,0,,,,,0,0,,,,0,0,0,0,0
591,19.666666666666668,1,0,,,,,,,,,,,,,,,,,,0,,,,,0,0,,,,0,0,0,0,0
592,19.7,0,0,,,,,,,,,,,,,,,,,,0,,,,,0,0,,,,0,0,0,0,0
593,19.733333333333334,0,0,,,,,,,,,,,,,,,,,,0,,,,,0,0,,,,0,0,0,0,0
594,19.766666666666666,1,0,,,,,,,,,,,,,,,,,,0,,,,,0,0,,,,0,0,0,0,0
595,19.8,0,0,,,,,,,,,,,,,,,,,,0,,,,,0,0,,,,0,0,0,0,0
596,19.833333333333332,0,0,,,,,,,,,,,,,,,,,,0,,,,,0,0,,,,0,0,0,0,0
597,19.866666666666667,1,1,339.64447021484375,157.31759548187256,342.32872009277344,143.93031120300293,328.5163116455078,132.71823406219482,269.2418670654297,1.5014942362904549,340.9865951538086,150.62395334243774,114.05208464742392,34.850399017333984,46.28897476196289,57.94151789676407,0.30556564682766757,0.4058582085988063,0.5080268201662616,90,108.72135490826953,0.12558469871909886,0.1636316858944102,0.2483352283659967,1,1,170.46829963894717,105.481827374871,111.17953985856084,0,0,0,0,0
598,19.9,0,1,339.64447021484375,157.31759548187256,342.32872009277344,143.93031120300293,328.5163116455078,132.71823406219482,269.2418670654297,1.5014942362904549,340.9865951538086,150.62395334243774,114.05208464742392,34.850399017333984,46.28897476196289,57.94151789676407,0.30556564682766757,0.4058582085988063,0.5080268201662616,90,108.72135490826953,0.12558469871909886,0.1636316858944102,0.2483352283659967,1,2,170.46829963894717,105.481827374871,111.17953985856084,0,0,0,0,0
599,19.933333333333334,0,1,339.64447021484375,157.31759548187256,342.32872009277344,143.93031120300293,328.5163116455078,132.71823406219482,269.2418670654297,1.5014942362904549,340.9865951538086,150.62395334243774,114.05208464742392,34.850399017333984,46.28897476196289,57.94151789676407,0.30556564682766757,0.4058582085988063,0.5080268201662616,90,108.72135490826953,0.12558469871909886,0.1636316858944102,0.2483352283659967,1,3,170.46829963894717,105.481827374871,111.17953985856084,0,0,0,0,0
600,19.966666666666665,1,1,327.56351470947266,212.18284606933594,317.16264724731445,243.5408878326416,301.903018951416,236.44420623779297,245.82815170288086,44.32183384895325,322.36308097839355,227.86186695098877,114.05208464742392,34.850399017333984,46.28897476196289,57.94151789676407,0.30556564682766757,0.4058582085988063,0.5080268201662616,90,117.54794856257733,0.28105918080908865,0.14316809614430057,0.30042161021771996,1,4,175.45640326763683,161.0414527421867,152.25626622259054,-1,1,0,0,0
601,20.0,0,1,327.56351470947266,212.18284606933594,317.16264724731445,243.5408878326416,301.903018951416,236.44420623779297,245.82815170288086,44.32183384895325,322.36308097839355,227.86186695098877,114.05208464742392,34.850399017333984,46.28897476196289,57.94151789676407,0.30556564682766757,0.4058582085988063,0.5080268201662616,90,117.54794856257733,0.28105918080908865,0.14316809614430057,0.30042161021771996,1,5,175.45640326763683,161.0414527421867,152.25626622259054,0,0,0,0,0
602,20.033333333333335,0,1,327.56351470947266,212.18284606933594,317.16264724731445,243.5408878326416,301.903018951416,236.44420623779297,245.82815170288086,44.32183384895325,322.36308097839355,227.86186695098877,114.05208464742392,34.850399017333984,46.28897476196289,57.94151789676407,0.30556564682766757,0.4058582085988063,0.5080268201662616,90,117.54794856257733,0.28105918080908865,0.14316809614430057,0.30042161021771996,1,6,175.45640326763683,161.0414527421867,152.25626622259054,0,0,0,0,0
603,20.066666666666666,1,1,360.4798126220703,233.71654987335205,349.9092483520508,264.64756965637207,326.93920135498047,261.17817878723145,254.1149139404297,84.54500913619995,355.19453048706055,249.18205976486206,114.05208464742392,34.850399017333984,46.28897476196289,57.94151789676407,0.30556564682766757,0.4058582085988063,0.5080268201662616,90,117.15261756435542,0.2790153623404406,0.19829328619314832,0.37001942933812587,1,7,175.2351477978956,147.55960815946978,137.4522918898889,1,1,1,0,1
604,20.1,0,1,360.4798126220703,233.71654987335205,349.9092483520508,264.64756965637207,326.93920135498047,261.17817878723145,254.1149139404297,84.54500913619995,355.19453048706055,249.18205976486206,114.05208464742392,34.850399017333984,46.28897476196289,57.94151789676407,0.30556564682766757,0.4058582085988063,0.5080268201662616,90,117.15261756435542,0.2790153623404406,0.19829328619314832,0.37001942933812587,1,8,175.2351477978956,147.55960815946978,137.4522918898889,0,0,1,0,1
605,20.133333333333333,0,1,360.4798126220703,233.71654987335205,349.9092483520508,264.64756965637207,326.93920135498047,261.17817878723145,254.1149139404297,84.54500913619995,355.19453048706055,249.18205976486206,114.05208464742392,34.850399017333984,46.28897476196289,57.94151789676407,0.30556564682766757,0.4058582085988063,0.5080268201662616,90,117.15261756435542,0.2790153623404406,0.19829328619314832,0.37001942933812587,1,9,175.2351477978956,147.55960815946978,137.4522918898889,0,0,1,0,1
606,20.166666666666668,1,1,379.90184783935547,243.04733276367188,364.59922790527344,262.8139114379883,341.7472457885742,262.4769687652588,267.19635009765625,105.53625583648682,372.25053787231445,252.93062210083008,114.05208464742392,34.850399017333984,46.28897476196289,57.94151789676407,0.30556564682766757,0.4058582085988063,0.5080268201662616,90,112.14498467094705,0.22290569800640547,0.20379391986493078,0.38179924659173115,1,10,178.3467258915714,124.51075501726939,114.87527611397408,1,1,1,0,1
607,20.2,0,1,379.90184783935547,243.04733276367188,364.59922790527344,262.8139114379883,341.7472457885742,262.4769687652588,267.19635009765625,105.53625583648682,372.25053787231445,252.93062210083008,114.05208464742392,34.850399017333984,46.28897476196289,57.94151789676407,0.30556564682766757,0.4058582085988063,0.5080268201662616,90,112.14498467094705,0.22290569800640547,0.20379391986493078,0.38179924659173115,1,11,178.3467258915714,124.51075501726939,114.87527611397408,0,0,1,0,1
608,20.233333333333334,0,1,379.90184783935547,243.04733276367188,364.59922790527344,262.8139114379883,341.7472457885742,262.4769687652588,267.19635009765625,105.53625583648682,372.25053787231445,252.93062210083008,114.05208464742392,34.850399017333984,46.28897476196289,57.94151789676407,0.30556564682766757,0.4058582085988063,0.5080268201662616,90,112.14498467094705,0.22290569800640547,0.20379391986493078,0.38179924659173115,1,12,178.3467258915714,124.51075501726939,114.87527611397408,0,0,1,0,1
609,20.266666666666666,1,1,387.9887390136719,252.95007705688477,367.1043014526367,273.17599296569824,346.05072021484375,272.940673828125,276.35955810546875,111.24845266342163,377.5465202331543,263.0630350112915,114.05208464742392,34.850399017333984,46.28897476196289,57.94151789676407,0.30556564682766757,0.4058582085988063,0.5080268201662616,90,112.97498303196757,0.25734138778814286,0.18636777568697577,0.41123098722212487,1,13,175.54970141671052,121.59498521129777,117.49541182792208,1,1,1,0,1
610,20.3,0,1,387.9887390136719,252.95007705688477,367.1043014526367,273.17599296569824,346.05072021484375,272.940673828125,276.35955810546875,111.24845266342163,377.5465202331543,263.0630350112915,114.05208464742392,34.850399017333984,46.28897476196289,57.94151789676407,0.30556564682766757,0.4058582085988063,0.5080268201662616,90,112.97498303196757,0.25734138778814286,0.18636777568697577,0.41123098722212487,1,14,175.54970141671052,121.59498521129777,117.49541182792208,0,0,1,0,1
611,20.333333333333332,0,1,387.9887390136719,252.95007705688477,367.1043014526367,273.17599296569824,346.05072021484375,272.940673828125,276.35955810546875,111.24845266342163,377.5465202331543,263.0630350112915,114.05208464742392,34.850399017333984,46.28897476196289,57.94151789676407,0.30556564682766757,0.4058582085988063,0.5080268201662616,90,112.97498303196757,0.25734138778814286,0.18636777568697577,0.41123098722212487,1,15,175.54970141671052,121.59498521129777,117.49541182792208,0,0,1,0,1
612,20.366666666666667,1,1,385.9010314941406,260.9722137451172,365.48561096191406,267.66125679016113,343.22399139404297,265.5498790740967,284.7578239440918,114.1557240486145,375.69332122802734,264.31673526763916,114.05208464742392,34.850399017333984,46.28897476196289,57.94151789676407,0.30556564682766757,0.4058582085988063,0.5080268201662616,90,114.4996737243187,0.18762771326588695,0.1952976831930499,0.37486434263609164,1,16,175.49719589235576,103.36871798506472,103.18441415433583,0,0,1,0,1
613,20.4,0,1,385.9010314941406,260.9722137451172,365.48561096191406,267.66125679016113,343.22399139404297,265.5498790740967,284.7578239440918,114.1557240486145,375.69332122802734,264.31673526763916,114.05208464742392,34.850399017333984,46.28897476196289,57.94151789676407,0.30556564682766757,0.4058582085988063,0.5080268201662616,90,114.4996737243187,0.18762771326588695,0.1952976831930499,0.37486434263609164,1,17,175.49719589235576,103.36871798506472,103.18441415433583,0,0,1,0,1
614,20.433333333333334,0,1,385.9010314941406,260.9722137451172,365.48561096191406,267.66125679016113,343.22399139404297,265.5498790740967,284.7578239440918,114.1557240486145,375.69332122802734,264.31673526763916,114.05208464742392,34.850399017333984,46.28897476196289,57.94151789676407,0.30556564682766757,0.4058582085988063,0.5080268201662616,90,114.4996737243187,0.18762771326588695,0.1952976831930499,0.37486434263609164,1,18,175.49719589235576,103.36871798506472,103.18441415433583,0,0,1,0,1
615,20.466666666666665,1,1,384.13368225097656,264.3058204650879,374.0884780883789,277.8925037384033,351.0366439819336,270.05836486816406,289.80371475219727,116.57385349273682,379.11108016967773,271.0991621017456,114.05208464742392,34.850399017333984,46.28897476196289,57.94151789676407,0.30556564682766757,0.4058582085988063,0.5080268201662616,90,113.91983581406976,0.14832242452147743,0.21371764640064964,0.2948848969218702,1,19,176.06293728580818,117.52880370825797,106.34870237897815,1,1,1,0,1
616,20.5,0,1,384.13368225097656,264.3058204650879,374.0884780883789,277.8925037384033,351.0366439819336,270.05836486816406,289.80371475219727,116.57385349273682,379.11108016967773,271.0991621017456,114.05208464742392,34.850399017333984,46.28897476196289,57.94151789676407,0.30556564682766757,0.4058582085988063,0.5080268201662616,90,113.91983581406976,0.14832242452147743,0.21371764640064964,0.2948848969218702,1,20,176.06293728580818,117.52880370825797,106.34870237897815,0,0,1,0,1
617,20.533333333333335,0,1,384.13368225097656,264.3058204650879,374.0884780883789,277.8925037384033,351.0366439819336,270.05836486816406,289.80371475219727,116.57385349273682,379.11108016967773,271.0991621017456,114.05208464742392,34.850399017333984,46.28897476196289,57.94151789676407,0.30556564682766757,0.4058582085988063,0.5080268201662616,90,113.91983581406976,0.14832242452147743,0.21371764640064964,0.2948848969218702,1,21,176.06293728580818,117.52880370825797,106.34870237897815,0,0,1,0,1
618,20.566666666666666,1,1,381.5320587158203,270.0559616088867,373.9260482788086,271.37895584106445,350.0311279296875,264.81651306152344,295.58210372924805,117.30907917022705,377.72905349731445,270.7174587249756,114.05208464742392,34.850399017333984,46.28897476196289,57.94151789676407,0.30556564682766757,0.4058582085988063,0.5080268201662616,90,114.56942312381359,0.06738459588977448,0.21628534071318062,0.2787278458191407,1,22,172.64659348410552,103.43589968272187,99.69642724513696,0,0,1,0,1
619,20.6,0,1,381.5320587158203,270.0559616088867,373.9260482788086,271.37895584106445,350.0311279296875,264.81651306152344,295.58210372924805,117.30907917022705,377.72905349731445,270.7174587249756,114.05208464742392,34.850399017333984,46.28897476196289,57.94151789676407,0.30556564682766757,0.4058582085988063,0.5080268201662616,90,114.56942312381359,0.06738459588977448,0.21628534071318062,0.2787278458191407,1,23,172.64659348410552,103.43589968272187,99.69642724513696,0,0,1,0,1
620,20.633333333333333,0,1,381.5320587158203,270.0559616088867,373.9260482788086,271.37895584106445,350.0311279296875,264.81651306152344,295.58210372924805,117.30907917022705,377.72905349731445,270.7174587249756,114.05208464742392,34.850399017333984,46.28897476196289,57.94151789676407,0.30556564682766757,0.4058582085988063,0.5080268201662616,90,114.56942312381359,0.06738459588977448,0.21628534071318062,0.2787278458191407,1,24,172.64659348410552,103.43589968272187,99.69642724513696,0,0,1,0,1
621,20.666666666666668,1,1,379.3641662597656,271.5641784667969,372.6718521118164,269.71858978271484,348.4245300292969,267.08667755126953,298.5278129577637,120.23908138275146,376.018009185791,270.64138412475586,114.05208464742392,34.850399017333984,46.28897476196289,57.94151789676407,0.30556564682766757,0.4058582085988063,0.5080268201662616,90,115.15758509486359,0.06028380156499243,0.21179450337056593,0.27147098790141144,1,25,166.6362546940489,96.0235726211532,96.63577061133105,0,0,1,0,1
622,20.7,0,1,379.3641662597656,271.5641784667969,372.6718521118164,269.71858978271484,348.4245300292969,267.08667755126953,298.5278129577637,120.23908138275146,376.018009185791,270.64138412475586,114.05208464742392,34.850399017333984,46.28897476196289,57.94151789676407,0.30556564682766757,0.4058582085988063,0.5080268201662616,90,115.15758509486359,0.06028380156499243,0.21179450337056593,0.27147098790141144,1,26,166.6362546940489,96.0235726211532,96.63577061133105,0,0,1,0,1
623,20.733333333333334,0,1,379.3641662597656,271.5641784667969,372.6718521118164,269.71858978271484,348.4245300292969,267.08667755126953,298.5278129577637,120.23908138275146,376.018009185791,270.64138412475586,114.05208464742392,34.850399017333984,46.28897476196289,57.94151789676407,0.30556564682766757,0.4058582085988063,0.5080268201662616,90,115.15758509486359,0.06028380156499243,0.21179450337056593,0.27147098790141144,1,27,166.6362546940489,96.0235726211532,96.63577061133105,0,0,1,0,1
624,20.766666666666666,1,1,374.49737548828125,264.85782623291016,370.02513885498047,266.4510440826416,345.1906967163086,263.0811023712158,298.6437797546387,123.10770034790039,372.26125717163086,265.6544351577759,114.05208464742392,34.850399017333984,46.28897476196289,57.94151789676407,0.30556564682766757,0.4058582085988063,0.5080268201662616,90,115.03743713593161,0.04126962010925458,0.21785989070725345,0.2552254921939923,1,28,147.78891752609593,81.45100422333095,87.45377374356096,-1,-1,2,1,2
625,20.8,0,1,374.49737548828125,264.85782623291016,370.02513885498047,266.4510440826416,345.1906967163086,263.0811023712158,298.6437797546387,123.10770034790039,372.26125717163086,265.6544351577759,114.05208464742392,34.850399017333984,46.28897476196289,57.94151789676407,0.30556564682766757,0.4058582085988063,0.5080268201662616,90,115.03743713593161,0.04126962010925458,0.21785989070725345,0.2552254921939923,1,29,147.78891752609593,81.45100422333095,87.45377374356096,0,0,2,1,2
626,20.833333333333332,0,1,374.49737548828125,264.85782623291016,370.02513885498047,266.4510440826416,345.1906967163086,263.0811023712158,298.6437797546387,123.10770034790039,372.26125717163086,265.6544351577759,114.05208464742392,34.850399017333984,46.28897476196289,57.94151789676407,0.30556564682766757,0.4058582085988063,0.5080268201662616,90,115.03743713593161,0.04126962010925458,0.21785989070725345,0.2552254921939923,1,30,147.78891752609593,81.45100422333095,87.45377374356096,0,0,2,1,2
627,20.866666666666667,1,1,382.0089340209961,261.1013889312744,364.94895935058594,267.647008895874,342.6481246948242,269.97379302978516,298.82673263549805,126.89114570617676,373.478946685791,264.3741989135742,114.05208464742392,34.850399017333984,46.28897476196289,57.94151789676407,0.30556564682766757,0.4058582085988063,0.5080268201662616,90,114.48797487100234,0.1596027799641181,0.19584493494481367,0.3524247296322922,1,31,160.52111798363978,74.88371544025546,88.6857893450052,0,0,2,1,2
628,20.9,0,1,382.0089340209961,261.1013889312744,364.94895935058594,267.647008895874,342.6481246948242,269.97379302978516,298.82673263549805,126.89114570617676,373.478946685791,264.3741989135742,114.05208464742392,34.850399017333984,46.28897476196289,57.94151789676407,0.30556564682766757,0.4058582085988063,0.5080268201662616,90,114.48797487100234,0.1596027799641181,0.19584493494481367,0.3524247296322922,1,32,160.52111798363978,74.88371544025546,88.6857893450052,0,0,2,1,2
629,20.933333333333334,0,1,382.0089340209961,261.1013889312744,364.94895935058594,267.647008895874,342.6481246948242,269.97379302978516,298.82673263549805,126.89114570617676,373.478946685791,264.3741989135742,114.05208464742392,34.850399017333984,46.28897476196289,57.94151789676407,0.30556564682766757,0.4058582085988063,0.5080268201662616,90,114.48797487100234,0.1596027799641181,0.19584493494481367,0.3524247296322922,1,33,160.52111798363978,74.88371544025546,88.6857893450052,0,0,2,1,2
630,20.966666666666665,1,1,391.1189270019531,259.7783660888672,367.26158142089844,274.67519760131836,345.3662872314453,282.98558235168457,298.75282287597656,133.16290855407715,379.1902542114258,267.2267818450928,114.05208464742392,34.850399017333984,46.28897476196289,57.94151789676407,0.30556564682766757,0.4058582085988063,0.5080268201662616,90,114.65869615762666,0.24530451638907202,0.20425279850400618,0.44743088082170057,1,34,177.79388877156578,83.39463138111451,98.49844556489498,1,1,3,2,3
631,21.0,0,1,391.1189270019531,259.7783660888672,367.26158142089844,274.67519760131836,345.3662872314453,282.98558235168457,298.75282287597656,133.16290855407715,379.1902542114258,267.2267818450928,114.05208464742392,34.850399017333984,46.28897476196289,57.94151789676407,0.30556564682766757,0.4058582085988063,0.5080268201662616,90,114.65869615762666,0.24530451638907202,0.20425279850400618,0.44743088082170057,1,35,177.79388877156578,83.39463138111451,98.49844556489498,0,0,3,2,3
632,21.033333333333335,0,1,391.1189270019531,259.7783660888672,367.26158142089844,274.67519760131836,345.3662872314453,282.98558235168457,298.75282287597656,133.16290855407715,379.1902542114258,267.2267818450928,114.05208464742392,34.850399017333984,46.28897476196289,57.94151789676407,0.30556564682766757,0.4058582085988063,0.5080268201662616,90,114.65869615762666,0.24530451638907202,0.20425279850400618,0.44743088082170057,1,36,177.79388877156578,83.39463138111451,98.49844556489498,0,0,3,2,3
633,21.066666666666666,1,1,392.35767364501953,261.0546684265137,369.8380661010742,282.6691246032715,345.5232238769531,286.70599937438965,298.20960998535156,139.798264503479,381.0978698730469,271.8618965148926,114.05208464742392,34.850399017333984,46.28897476196289,57.94151789676407,0.30556564682766757,0.4058582085988063,0.5080268201662616,90,114.66891577679459,0.2722102860721919,0.2149464428854351,0.4656800859736721,1,37,175.12817801434497,99.6470258274346,95.15256855115746,0,1,3,2,3
634,21.1,0,1,392.35767364501953,261.0546684265137,369.8380661010742,282.6691246032715,345.5232238769531,286.70599937438965,298.20960998535156,139.798264503479,381.0978698730469,271.8618965148926,114.05208464742392,34.850399017333984,46.28897476196289,57.94151789676407,0.30556564682766757,0.4058582085988063,0.5080268201662616,90,114.66891577679459,0.2722102860721919,0.2149464428854351,0.4656800859736721,1,38,175.12817801434497,99.6470258274346,95.15256855115746,0,0,3,2,3
635,21.133333333333333,0,1,392.35767364501953,261.0546684265137,369.8380661010742,282.6691246032715,345.5232238769531,286.70599937438965,298.20960998535156,139.798264503479,381.0978698730469,271.8618965148926,114.05208464742392,34.850399017333984,46.28897476196289,57.94151789676407,0.30556564682766757,0.4058582085988063,0.5080268201662616,90,114.66891577679459,0.2722102860721919,0.2149464428854351,0.4656800859736721,1,39,175.12817801434497,99.6470258274346,95.15256855115746,0,0,3,2,3
636,21.166666666666668,1,1,388.9861297607422,267.2153377532959,366.9999694824219,284.89354133605957,338.76392364501953,280.658540725708,295.3151321411133,144.58205223083496,377.99304962158203,276.05443954467773,114.05208464742392,34.850399017333984,46.28897476196289,57.94151789676407,0.30556564682766757,0.4058582085988063,0.5080268201662616,90,115.73378452338885,0.2437652866486472,0.24670301951128917,0.44922305806294915,1,40,174.77205305013118,94.57476681839033,76.1311473459747,-1,1,4,2,4
637,21.2,0,1,388.9861297607422,267.2153377532959,366.9999694824219,284.89354133605957,338.76392364501953,280.658540725708,295.3151321411133,144.58205223083496,377.99304962158203,276.05443954467773,114.05208464742392,34.850399017333984,46.28897476196289,57.94151789676407,0.30556564682766757,0.4058582085988063,0.5080268201662616,90,115.73378452338885,0.2437652866486472,0.24670301951128917,0.44922305806294915,1,41,174.77205305013118,94.57476681839033,76.1311473459747,0,0,4,2,4
638,21.233333333333334,0,1,388.9861297607422,267.2153377532959,366.9999694824219,284.89354133605957,338.76392364501953,280.658540725708,295.3151321411133,144.58205223083496,377.99304962158203,276.05443954467773,114.05208464742392,34.850399017333984,46.28897476196289,57.94151789676407,0.30556564682766757,0.4058582085988063,0.5080268201662616,90,115.73378452338885,0.2437652866486472,0.24670301951128917,0.44922305806294915,1,42,174.77205305013118,94.57476681839033,76.1311473459747,0,0,4,2,4
639,21.266666666666666,1,1,386.25144958496094,267.5368881225586,367.0859146118164,291.11194610595703,337.1202850341797,277.5535297393799,292.93745040893555,150.862455368042,376.6686820983887,279.3244171142578,114.05208464742392,34.850399017333984,46.28897476196289,57.94151789676407,0.30556564682766757,0.4058582085988063,0.5080268201662616,90,116.77163040783803,0.2601880149717471,0.2816631580783517,0.42940090006366,1,43,177.6433260845402,108.73822759788592,67.38678834904273,0,1,4,2,4
640,21.3,0,1,386.25144958496094,267.5368881225586,367.0859146118164,291.11194610595703,337.1202850341797,277.5535297393799,292.93745040893555,150.862455368042,376.6686820983887,279.3244171142578,114.05208464742392,34.850399017333984,46.28897476196289,57.94151789676407,0.30556564682766757,0.4058582085988063,0.5080268201662616,90,116.77163040783803,0.2601880149717471,0.2816631580783517,0.42940090006366,1,44,177.6433260845402,108.73822759788592,67.38678834904273,0,0,4,2,4
641,21.333333333333332,0,1,386.25144958496094,267.5368881225586,367.0859146118164,291.11194610595703,337.1202850341797,277.5535297393799,292.93745040893555,150.862455368042,376.6686820983887,279.3244171142578,114.05208464742392,34.850399017333984,46.28897476196289,57.94151789676407,0.30556564682766757,0.4058582085988063,0.5080268201662616,90,116.77163040783803,0.2601880149717471,0.2816631580783517,0.42940090006366,1,45,177.6433260845402,108.73822759788592,67.38678834904273,0,0,4,2,4
642,21.366666666666667,1,1,388.02093505859375,261.9228744506836,368.3929443359375,281.42778396606445,341.8954849243164,274.2579746246338,292.2800064086914,151.5741777420044,378.2069396972656,271.675329208374,114.05208464742392,34.850399017333984,46.28897476196289,57.94151789676407,0.30556564682766757,0.4058582085988063,0.5080268201662616,90,116.91074308204465,0.23668719625138337,0.23479746809616983,0.40839983422030335,1,46,176.64094585363097,76.80495773771109,71.07692691036716,0,-1,4,3,4
643,21.4,0,1,388.02093505859375,261.9228744506836,368.3929443359375,281.42778396606445,341.8954849243164,274.2579746246338,292.2800064086914,151.5741777420044,378.2069396972656,271.675329208374,114.05208464742392,34.850399017333984,46.28897476196289,57.94151789676407,0.30556564682766757,0.4058582085988063,0.5080268201662616,90,116.91074308204465,0.23668719625138337,0.23479746809616983,0.40839983422030335,1,47,176.64094585363097,76.80495773771109,71.07692691036716,0,0,4,3,4
644,21.433333333333334,0,1,388.02093505859375,261.9228744506836,368.3929443359375,281.42778396606445,341.8954849243164,274.2579746246338,292.2800064086914,151.5741777420044,378.2069396972656,271.675329208374,114.05208464742392,34.850399017333984,46.28897476196289,57.94151789676407,0.30556564682766757,0.4058582085988063,0.5080268201662616,90,116.91074308204465,0.23668719625138337,0.23479746809616983,0.40839983422030335,1,48,176.64094585363097,76.80495773771109,71.07692691036716,0,0,4,3,4
645,21.466666666666665,1,1,385.32989501953125,262.13473320007324,368.39866638183594,289.46765899658203,342.1573257446289,274.29107666015625,290.5594825744629,151.14595413208008,376.8642807006836,275.80119609832764,114.05208464742392,34.850399017333984,46.28897476196289,57.94151789676407,0.30556564682766757,0.4058582085988063,0.5080268201662616,90,115.15315088273262,0.27921134213370435,0.26324913394053656,0.3894934035463475,1,49,179.78693754486721,109.23433703825259,74.37643356756439,0,1,4,4,4
646,21.5,0,1,385.32989501953125,262.13473320007324,368.39866638183594,289.46765899658203,342.1573257446289,274.29107666015625,290.5594825744629,151.14595413208008,376.8642807006836,275.80119609832764,114.05208464742392,34.850399017333984,46.28897476196289,57.94151789676407,0.30556564682766757,0.4058582085988063,0.5080268201662616,90,115.15315088273262,0.27921134213370435,0.26324913394053656,0.3894934035463475,1,50,179.78693754486721,109.23433703825259,74.37643356756439,0,0,4,4,4
647,21.533333333333335,0,1,385.32989501953125,262.13473320007324,368.39866638183594,289.46765899658203,342.1573257446289,274.29107666015625,290.5594825744629,151.14595413208008,376.8642807006836,275.80119609832764,114.05208464742392,34.850399017333984,46.28897476196289,57.94151789676407,0.30556564682766757,0.4058582085988063,0.5080268201662616,90,115.15315088273262,0.27921134213370435,0.26324913394053656,0.3894934035463475,1,51,179.78693754486721,109.23433703825259,74.37643356756439,0,0,4,4,4
648,21.566666666666666,1,1,383.53626251220703,263.18504333496094,362.38468170166016,292.7548027038574,338.9187240600586,273.2932662963867,287.5946044921875,152.5261116027832,372.9604721069336,277.9699230194092,114.05208464742392,34.850399017333984,46.28897476196289,57.94151789676407,0.30556564682766757,0.4058582085988063,0.5080268201662616,90,111.16349370660922,0.3270499758545598,0.27424564917909927,0.41154008765175015,1,52,179.77100269540782,103.59241063992552,75.48493694948095,-1,0,4,4,4
649,21.6,0,1,383.53626251220703,263.18504333496094,362.38468170166016,292.7548027038574,338.9187240600586,273.2932662963867,287.5946044921875,152.5261116027832,372.9604721069336,277.9699230194092,114.05208464742392,34.850399017333984,46.28897476196289,57.94151789676407,0.30556564682766757,0.4058582085988063,0.5080268201662616,90,111.16349370660922,0.3270499758545598,0.27424564917909927,0.41154008765175015,1,53,179.77100269540782,103.59241063992552,75.48493694948095,0,0,4,4,4
650,21.633333333333333,0,1,383.53626251220703,263.18504333496094,362.38468170166016,292.7548027038574,338.9187240600586,273.2932662963867,287.5946044921875,152.5261116027832,372.9604721069336,277.9699230194092,114.05208464742392,34.850399017333984,46.28897476196289,57.94151789676407,0.30556564682766757,0.4058582085988063,0.5080268201662616,90,111.16349370660922,0.3270499758545598,0.27424564917909927,0.41154008765175015,1,54,179.77100269540782,103.59241063992552,75.48493694948095,0,0,4,4,4
651,21.666666666666668,1,1,383.2740020751953,264.80772972106934,361.8528747558594,296.2382984161377,337.3154067993164,273.8780879974365,286.3913917541504,152.74316310882568,372.56343841552734,280.5230140686035,114.05208464742392,34.850399017333984,46.28897476196289,57.94151789676407,0.30556564682766757,0.4058582085988063,0.5080268201662616,90,111.8915697463841,0.33993718992629357,0.2966924556184992,0.418665188830948,1,55,178.01781325556095,109.80979950655592,73.13801030977478,0,1,4,4,4
652,21.7,0,1,383.2740020751953,264.80772972106934,361.8528747558594,296.2382984161377,337.3154067993164,273.8780879974365,286.3913917541504,152.74316310882568,372.56343841552734,280.5230140686035,114.05208464742392,34.850399017333984,46.28897476196289,57.94151789676407,0.30556564682766757,0.4058582085988063,0.5080268201662616,90,111.8915697463841,0.33993718992629357,0.2966924556184992,0.418665188830948,1,56,178.01781325556095,109.80979950655592,73.13801030977478,0,0,4,4,4
653,21.733333333333334,0,1,383.2740020751953,264.80772972106934,361.8528747558594,296.2382984161377,337.3154067993164,273.8780879974365,286.3913917541504,152.74316310882568,372.56343841552734,280.5230140686035,114.05208464742392,34.850399017333984,46.28897476196289,57.94151789676407,0.30556564682766757,0.4058582085988063,0.5080268201662616,90,111.8915697463841,0.33993718992629357,0.2966924556184992,0.418665188830948,1,57,178.01781325556095,109.80979950655592,73.13801030977478,0,0,4,4,4
654,21.766666666666666,1,1,378.66870880126953,257.455358505249,361.67572021484375,288.1479835510254,333.4471893310547,272.2935390472412,285.9781074523926,152.1319341659546,370.17221450805664,272.8016710281372,114.05208464742392,34.850399017333984,46.28897476196289,57.94151789676407,0.30556564682766757,0.4058582085988063,0.5080268201662616,90,114.43085794776609,0.30658464119741163,0.2829317544249591,0.415916395832847,1,58,169.48735863467456,106.17887652442889,58.594783019214034,-1,-1,4,5,5
655,21.8,0,1,378.66870880126953,257.455358505249,361.67572021484375,288.1479835510254,333.4471893310547,272.2935390472412,285.9781074523926,152.1319341659546,370.17221450805664,272.8016710281372,114.05208464742392,34.850399017333984,46.28897476196289,57.94151789676407,0.30556564682766757,0.4058582085988063,0.5080268201662616,90,114.43085794776609,0.30658464119741163,0.2829317544249591,0.415916395832847,1,59,169.48735863467456,106.17887652442889,58.594783019214034,0,0,4,5,5
656,21.833333333333332,0,1,378.66870880126953,257.455358505249,361.67572021484375,288.1479835510254,333.4471893310547,272.2935390472412,285.9781074523926,152.1319341659546,370.17221450805664,272.8016710281372,114.05208464742392,34.850399017333984,46.28897476196289,57.94151789676407,0.30556564682766757,0.4058582085988063,0.5080268201662616,90,114.43085794776609,0.30658464119741163,0.2829317544249591,0.415916395832847,1,60,169.48735863467456,106.17887652442889,58.594783019214034,0,0,4,5,5
657,21.866666666666667,1,1,375.65196990966797,259.58444595336914,363.38924407958984,287.19225883483887,335.57750701904297,271.7143249511719,288.5956382751465,153.90777111053467,369.5206069946289,273.388352394104,114.05208464742392,34.850399017333984,46.28897476196289,57.94151789676407,0.30556564682766757,0.4058582085988063,0.5080268201662616,90,113.2785757234183,0.2666762313009708,0.2809762571651234,0.36961972234593116,1,61,179.09951387063182,92.60255255246179,56.43140773532979,0,0,4,5,5
658,21.9,0,1,375.65196990966797,259.58444595336914,363.38924407958984,287.19225883483887,335.57750701904297,271.7143249511719,288.5956382751465,153.90777111053467,369.5206069946289,273.388352394104,114.05208464742392,34.850399017333984,46.28897476196289,57.94151789676407,0.30556564682766757,0.4058582085988063,0.5080268201662616,90,113.2785757234183,0.2666762313009708,0.2809762571651234,0.36961972234593116,1,62,179.09951387063182,92.60255255246179,56.43140773532979,0,0,4,5,5
659,21.933333333333334,0,1,375.65196990966797,259.58444595336914,363.38924407958984,287.19225883483887,335.57750701904297,271.7143249511719,288.5956382751465,153.90777111053467,369.5206069946289,273.388352394104,114.05208464742392,34.850399017333984,46.28897476196289,57.94151789676407,0.30556564682766757,0.4058582085988063,0.5080268201662616,90,113.2785757234183,0.2666762313009708,0.2809762571651234,0.36961972234593116,1,63,179.09951387063182,92.60255255246179,56.43140773532979,0,0,4,5,5
660,21.966666666666665,1,1,381.0038757324219,252.64755249023438,370.9373092651367,288.50229263305664,339.15821075439453,273.8023853302002,287.8688621520996,154.19084072113037,375.9705924987793,270.5749225616455,114.05208464742392,34.850399017333984,46.28897476196289,57.94151789676407,0.30556564682766757,0.4058582085988063,0.5080268201662616,90,114.1843334807781,0.3261487838380974,0.30664679255467914,0.41064380000994255,1,64,172.96678264948628,118.75427527318563,62.83543734403954,1,-1,5,5,5
661,22.0,0,1,381.0038757324219,252.64755249023438,370.9373092651367,288.50229263305664,339.15821075439453,273.8023853302002,287.8688621520996,154.19084072113037,375.9705924987793,270.5749225616455,114.05208464742392,34.850399017333984,46.28897476196289,57.94151789676407,0.30556564682766757,0.4058582085988063,0.5080268201662616,90,114.1843334807781,0.3261487838380974,0.30664679255467914,0.41064380000994255,1,65,172.96678264948628,118.75427527318563,62.83543734403954,0,0,5,5,5
662,22.033333333333335,0,1,381.0038757324219,252.64755249023438,370.9373092651367,288.50229263305664,339.15821075439453,273.8023853302002,287.8688621520996,154.19084072113037,375.9705924987793,270.5749225616455,114.05208464742392,34.850399017333984,46.28897476196289,57.94151789676407,0.30556564682766757,0.4058582085988063,0.5080268201662616,90,114.1843334807781,0.3261487838380974,0.30664679255467914,0.41064380000994255,1,66,172.96678264948628,118.75427527318563,62.83543734403954,0,0,5,5,5
663,22.066666666666666,1,1,357.60498046875,264.1181945800781,363.8398742675781,287.9323482513428,333.86539459228516,273.7316608428955,289.7489547729492,157.38604545593262,360.72242736816406,276.02527141571045,114.05208464742392,34.850399017333984,46.28897476196289,57.94151789676407,0.30556564682766757,0.4058582085988063,0.5080268201662616,90,111.70298941698105,0.22037744828486835,0.29693199872805776,0.22928873148736134,1,67,167.97534407551444,55.48855700411128,43.996338314628325,-1,1,6,6,6
664,22.1,0,1,357.60498046875,264.1181945800781,363.8398742675781,287.9323482513428,333.86539459228516,273.7316608428955,289.7489547729492,157.38604545593262,360.72242736816406,276.02527141571045,114.05208464742392,34.850399017333984,46.28897476196289,57.94151789676407,0.30556564682766757,0.4058582085988063,0.5080268201662616,90,111.70298941698105,0.22037744828486835,0.29693199872805776,0.22928873148736134,1,68,167.97534407551444,55.48855700411128,43.996338314628325,0,0,6,6,6
665,22.133333333333333,0,1,357.60498046875,264.1181945800781,363.8398742675781,287.9323482513428,333.86539459228516,273.7316608428955,289.7489547729492,157.38604545593262,360.72242736816406,276.02527141571045,114.05208464742392,34.850399017333984,46.28897476196289,57.94151789676407,0.30556564682766757,0.4058582085988063,0.5080268201662616,90,111.70298941698105,0.22037744828486835,0.29693199872805776,0.22928873148736134,1,69,167.97534407551444,55.48855700411128,43.996338314628325,0,0,6,6,6
666,22.166666666666668,1,1,366.3711166381836,272.34689712524414,359.6294403076172,302.4338722229004,335.6181335449219,287.6439571380615,287.1133041381836,154.4502067565918,363.0002784729004,287.39038467407227,114.05208464742392,34.850399017333984,46.28897476196289,57.94151789676407,0.30556564682766757,0.4058582085988063,0.5080268201662616,90,110.73973863930252,0.27842795183092417,0.25465824906784956,0.31016355457433936,1,70,162.77498636381335,105.89095953180515,90.63352592124745,1,1,7,6,7
667,22.2,0,1,366.3711166381836,272.34689712524414,359.6294403076172,302.4338722229004,335.6181335449219,287.6439571380615,287.1133041381836,154.4502067565918,363.0002784729004,287.39038467407227,114.05208464742392,34.850399017333984,46.28897476196289,57.94151789676407,0.30556564682766757,0.4058582085988063,0.5080268201662616,90,110.73973863930252,0.27842795183092417,0.25465824906784956,0.31016355457433936,1,71,162.77498636381335,105.89095953180515,90.63352592124745,0,0,7,6,7
668,22.233333333333334,0,1,366.3711166381836,272.34689712524414,359.6294403076172,302.4338722229004,335.6181335449219,287.6439571380615,287.1133041381836,154.4502067565918,363.0002784729004,287.39038467407227,114.05208464742392,34.850399017333984,46.28897476196289,57.94151789676407,0.30556564682766757,0.4058582085988063,0.5080268201662616,90,110.73973863930252,0.27842795183092417,0.25465824906784956,0.31016355457433936,1,72,162.77498636381335,105.89095953180515,90.63352592124745,0,0,7,6,7
669,22.266666666666666,1,1,352.0107650756836,276.1036205291748,354.0039825439453,302.7502727508545,329.0171813964844,285.0849723815918,278.138484954834,142.15513229370117,353.00737380981445,289.42694664001465,114.05208464742392,34.850399017333984,46.28897476196289,57.94151789676407,0.30556564682766757,0.4058582085988063,0.5080268201662616,90,113.6518368613682,0.23511363383592743,0.26924953062108004,0.21720205146886365,1,73,159.74935183403696,115.1505623021047,97.56612904418691,-1,0,8,6,8
670,22.3,0,1,352.0107650756836,276.1036205291748,354.0039825439453,302.7502727508545,329.0171813964844,285.0849723815918,278.138484954834,142.15513229370117,353.00737380981445,289.42694664001465,114.05208464742392,34.850399017333984,46.28897476196289,57.94151789676407,0.30556564682766757,0.4058582085988063,0.5080268201662616,90,113.6518368613682,0.23511363383592743,0.26924953062108004,0.21720205146886365,1,74,159.74935183403696,115.1505623021047,97.56612904418691,0,0,8,6,8
671,22.333333333333332,0,1,352.0107650756836,276.1036205291748,354.0039825439453,302.7502727508545,329.0171813964844,285.0849723815918,278.138484954834,142.15513229370117,353.00737380981445,289.42694664001465,114.05208464742392,34.850399017333984,46.28897476196289,57.94151789676407,0.30556564682766757,0.4058582085988063,0.5080268201662616,90,113.6518368613682,0.23511363383592743,0.26924953062108004,0.21720205146886365,1,75,159.74935183403696,115.1505623021047,97.56612904418691,0,0,8,6,8
672,22.366666666666667,1,1,319.56573486328125,269.34285163879395,326.1458969116211,291.77759170532227,309.2854881286621,280.51772117614746,267.6797866821289,118.78511667251587,322.8558158874512,280.5602216720581,114.05208464742392,34.850399017333984,46.28897476196289,57.94151789676407,0.30556564682766757,0.4058582085988063,0.5080268201662616,90,113.01420707817108,0.20687507334370175,0.17939839215122236,0.1343569240963084,1,76,163.9819318970328,114.98066017638172,119.447493919729,-1,-1,8,7,8
673,22.4,0,1,319.56573486328125,269.34285163879395,326.1458969116211,291.77759170532227,309.2854881286621,280.51772117614746,267.6797866821289,118.78511667251587,322.8558158874512,280.5602216720581,114.05208464742392,34.850399017333984,46.28897476196289,57.94151789676407,0.30556564682766757,0.4058582085988063,0.5080268201662616,90,113.01420707817108,0.20687507334370175,0.17939839215122236,0.1343569240963084,1,77,163.9819318970328,114.98066017638172,119.447493919729,0,0,8,7,8
674,22.433333333333334,0,1,319.56573486328125,269.34285163879395,326.1458969116211,291.77759170532227,309.2854881286621,280.51772117614746,267.6797866821289,118.78511667251587,322.8558158874512,280.5602216720581,114.05208464742392,34.850399017333984,46.28897476196289,57.94151789676407,0.30556564682766757,0.4058582085988063,0.5080268201662616,90,113.01420707817108,0.20687507334370175,0.17939839215122236,0.1343569240963084,1,78,163.9819318970328,114.98066017638172,119.447493919729,0,0,8,7,8
675,22.466666666666665,1,1,296.0874366760254,250.9856414794922,299.33570861816406,257.3048973083496,301.65706634521484,228.01347255706787,252.22898483276367,93.09803009033203,297.7115726470947,254.1452693939209,114.05208464742392,34.850399017333984,46.28897476196289,57.94151789676407,0.30556564682766757,0.4058582085988063,0.5080268201662616,90,107.79406922965457,0.06591483227554923,0.2725870288707868,0.21928580917764318,1,79,173.31657292150862,124.91086078027841,120.33432752186478,-1,-1,8,7,8
676,22.5,0,1,296.0874366760254,250.9856414794922,299.33570861816406,257.3048973083496,301.65706634521484,228.01347255706787,252.22898483276367,93.09803009033203,297.7115726470947,254.1452693939209,114.05208464742392,34.850399017333984,46.28897476196289,57.94151789676407,0.30556564682766757,0.4058582085988063,0.5080268201662616,90,107.79406922965457,0.06591483227554923,0.2725870288707868,0.21928580917764318,1,80,173.31657292150862,124.91086078027841,120.33432752186478,0,0,8,7,8
677,22.533333333333335,0,1,296.0874366760254,250.9856414794922,299.33570861816406,257.3048973083496,301.65706634521484,228.01347255706787,252.22898483276367,93.09803009033203,297.7115726470947,254.1452693939209,114.05208464742392,34.850399017333984,46.28897476196289,57.94151789676407,0.30556564682766757,0.4058582085988063,0.5080268201662616,90,107.79406922965457,0.06591483227554923,0.2725870288707868,0.21928580917764318,1,81,173.31657292150862,124.91086078027841,120.33432752186478,0,0,8,7,8
678,22.566666666666666,1,1,273.58205795288086,206.46456241607666,263.69543075561523,218.01984786987305,277.24863052368164,169.10912990570068,239.20408248901367,50.71098446846008,268.63874435424805,212.24220514297485,114.05208464742392,34.850399017333984,46.28897476196289,57.94151789676407,0.30556564682766757,0.4058582085988063,0.5080268201662616,90,110.23951335128346,0.13795021474865926,0.4603956600292909,0.34048540137438194,1,82,176.604770551323,133.9661951435951,108.50982700194496,-1,-1,8,7,8
679,22.6,0,1,273.58205795288086,206.46456241607666,263.69543075561523,218.01984786987305,277.24863052368164,169.10912990570068,239.20408248901367,50.71098446846008,268.63874435424805,212.24220514297485,114.05208464742392,34.850399017333984,46.28897476196289,57.94151789676407,0.30556564682766757,0.4058582085988063,0.5080268201662616,90,110.23951335128346,0.13795021474865926,0.4603956600292909,0.34048540137438194,1,83,176.604770551323,133.9661951435951,108.50982700194496,0,0,8,7,8
680,22.633333333333333,0,1,273.58205795288086,206.46456241607666,263.69543075561523,218.01984786987305,277.24863052368164,169.10912990570068,239.20408248901367,50.71098446846008,268.63874435424805,212.24220514297485,114.05208464742392,34.850399017333984,46.28897476196289,57.94151789676407,0.30556564682766757,0.4058582085988063,0.5080268201662616,90,110.23951335128346,0.13795021474865926,0.4603956600292909,0.34048540137438194,1,84,176.604770551323,133.9661951435951,108.50982700194496,0,0,8,7,8
681,22.666666666666668,1,1,276.5988540649414,151.7029094696045,252.9915428161621,164.48541641235352,260.6521415710449,132.9045581817627,217.42090225219727,4.013146162033081,264.79519844055176,158.094162940979,114.05208464742392,34.850399017333984,46.28897476196289,57.94151789676407,0.30556564682766757,0.4058582085988063,0.5080268201662616,90,110.37352690110195,0.24322691200678062,0.29442474927097756,0.22334230654823894,1,85,164.81480155444706,144.8875323185162,121.00367733025513,-1,-1,8,7,8
682,22.7,0,1,276.5988540649414,151.7029094696045,252.9915428161621,164.48541641235352,260.6521415710449,132.9045581817627,217.42090225219727,4.013146162033081,264.79519844055176,158.094162940979,114.05208464742392,34.850399017333984,46.28897476196289,57.94151789676407,0.30556564682766757,0.4058582085988063,0.5080268201662616,90,110.37352690110195,0.24322691200678062,0.29442474927097756,0.22334230654823894,1,86,164.81480155444706,144.8875323185162,121.00367733025513,0,0,8,7,8
683,22.733333333333334,0,1,276.5988540649414,151.7029094696045,252.9915428161621,164.48541641235352,260.6521415710449,132.9045581817627,217.42090225219727,4.013146162033081,264.79519844055176,158.094162940979,114.05208464742392,34.850399017333984,46.28897476196289,57.94151789676407,0.30556564682766757,0.4058582085988063,0.5080268201662616,90,110.37352690110195,0.24322691200678062,0.29442474927097756,0.22334230654823894,1,87,164.81480155444706,144.8875323185162,121.00367733025513,0,0,8,7,8
684,22.766666666666666,1,1,281.4808464050293,73.95997524261475,261.6796112060547,73.89941453933716,248.17316055297852,73.19149017333984,186.76294326782227,-25.036557912826538,271.580228805542,73.92969489097595,114.05208464742392,34.850399017333984,46.28897476196289,57.94151789676407,0.30556564682766757,0.4058582085988063,0.5080268201662616,90,102.91800198335787,0.19239906942920862,0.13141520599029718,0.3237193629028639,1,88,172.1892745145674,100.71915887577039,98.27390285464332,1,-1,9,7,9
685,22.8,0,1,281.4808464050293,73.95997524261475,261.6796112060547,73.89941453933716,248.17316055297852,73.19149017333984,186.76294326782227,-25.036557912826538,271.580228805542,73.92969489097595,114.05208464742392,34.850399017333984,46.28897476196289,57.94151789676407,0.30556564682766757,0.4058582085988063,0.5080268201662616,90,102.91800198335787,0.19239906942920862,0.13141520599029718,0.3237193629028639,1,89,172.1892745145674,100.71915887577039,98.27390285464332,0,0,9,7,9
686,22.833333333333332,0,1,281.4808464050293,73.95997524261475,261.6796112060547,73.89941453933716,248.17316055297852,73.19149017333984,186.76294326782227,-25.036557912826538,271.580228805542,73.92969489097595,114.05208464742392,34.850399017333984,46.28897476196289,57.94151789676407,0.30556564682766757,0.4058582085988063,0.5080268201662616,90,102.91800198335787,0.19239906942920862,0.13141520599029718,0.3237193629028639,1,90,172.1892745145674,100.71915887577039,98.27390285464332,0,0,9,7,9
687,22.866666666666667,1,0,,,,,,,,,,,,,,,,,,0,,,,,0,90,,,,0,0,9,7,9
688,22.9,0,0,,,,,,,,,,,,,,,,,,0,,,,,0,90,,,,0,0,9,7,9
689,22.933333333333334,0,0,,,,,,,,,,,,,,,,,,0,,,,,0,90,,,,0,0,9,7,9
690,22.966666666666665,1,0,,,,,,,,,,,,,,,,,,0,,,,,0,90,,,,0,0,9,7,9
691,23.0,0,0,,,,,,,,,,,,,,,,,,0,,,,,0,90,,,,0,0,9,7,9
692,23.033333333333335,0,0,,,,,,,,,,,,,,,,,,0,,,,,0,90,,,,0,0,9,7,9
693,23.066666666666666,1,0,,,,,,,,,,,,,,,,,,0,,,,,0,90,,,,0,0,9,7,9
694,23.1,0,0,,,,,,,,,,,,,,,,,,0,,,,,0,90,,,,0,0,9,7,9
695,23.133333333333333,0,0,,,,,,,,,,,,,,,,,,0,,,,,0,90,,,,0,0,9,7,9
696,23.166666666666668,1,0,,,,,,,,,,,,,,,,,,0,,,,,0,90,,,,0,0,9,7,9
697,23.2,0,0,,,,,,,,,,,,,,,,,,0,,,,,0,90,,,,0,0,9,7,9
698,23.233333333333334,0,0,,,,,,,,,,,,,,,,,,0,,,,,0,90,,,,0,0,9,7,9
699,23.266666666666666,1,0,,,,,,,,,,,,,,,,,,0,,,,,0,90,,,,0,0,9,7,9
700,23.3,0,0,,,,,,,,,,,,,,,,,,0,,,,,0,90,,,,0,0,9,7,9
701,23.333333333333332,0,0,,,,,,,,,,,,,,,,,,0,,,,,0,90,,,,0,0,9,7,9
702,23.366666666666667,1,0,,,,,,,,,,,,,,,,,,0,,,,,0,90,,,,0,0,9,7,9
703,23.4,0,0,,,,,,,,,,,,,,,,,,0,,,,,0,90,,,,0,0,9,7,9
704,23.433333333333334,0,0,,,,,,,,,,,,,,,,,,0,,,,,0,90,,,,0,0,9,7,9
705,23.466666666666665,1,0,,,,,,,,,,,,,,,,,,0,,,,,0,90,,,,0,0,9,7,9
706,23.5,0,0,,,,,,,,,,,,,,,,,,0,,,,,0,90,,,,0,0,9,7,9
707,23.533333333333335,0,0,,,,,,,,,,,,,,,,,,0,,,,,0,90,,,,0,0,9,7,9
708,23.566666666666666,1,0,,,,,,,,,,,,,,,,,,0,,,,,0,90,,,,0,0,9,7,9
709,23.6,0,0,,,,,,,,,,,,,,,,,,0,,,,,0,90,,,,0,0,9,7,9
710,23.633333333333333,0,0,,,,,,,,,,,,,,,,,,0,,,,,0,90,,,,0,0,9,7,9
711,23.666666666666668,1,1,267.1293830871582,93.01302909851074,251.9059181213379,101.7829442024231,246.14898681640625,88.6740517616272,236.62248611450195,-41.592750549316406,259.51765060424805,97.39798665046692,89.61078496334892,4.702335834503174,0.6500276923179626,4.747051537663445,0.05247511040581157,0.007253900215067036,0.0529741095293943,12,94.10047792082771,0.18670333383442073,0.15214915684031718,0.22767549456909053,1,91,167.17370834055765,122.98637304570991,121.00174097182808,0,0,9,7,9
712,23.7,0,1,267.1293830871582,93.01302909851074,251.9059181213379,101.7829442024231,246.14898681640625,88.6740517616272,236.62248611450195,-41.592750549316406,259.51765060424805,97.39798665046692,89.61078496334892,4.702335834503174,0.6500276923179626,4.747051537663445,0.05247511040581157,0.007253900215067036,0.0529741095293943,12,94.10047792082771,0.18670333383442073,0.15214915684031718,0.22767549456909053,1,92,167.17370834055765,122.98637304570991,121.00174097182808,0,0,9,7,9
713,23.733333333333334,0,1,267.1293830871582,93.01302909851074,251.9059181213379,101.7829442024231,246.14898681640625,88.6740517616272,236.62248611450195,-41.592750549316406,259.51765060424805,97.39798665046692,89.61078496334892,4.702335834503174,0.6500276923179626,4.747051537663445,0.05247511040581157,0.007253900215067036,0.0529741095293943,12,94.10047792082771,0.18670333383442073,0.15214915684031718,0.22767549456909053,1,93,167.17370834055765,122.98637304570991,121.00174097182808,0,0,9,7,9
714,23.766666666666666,1,1,270.3499221801758,95.12954235076904,252.9239845275879,101.93296194076538,246.19380950927734,88.15207242965698,235.08718490600586,-33.52645754814148,261.63695335388184,98.53125214576721,89.61078496334892,4.702335834503174,0.6500276923179626,4.747051537663445,0.05247511040581157,0.007253900215067036,0.0529741095293943,12,89.25678447161687,0.20958570165189647,0.1718244513292682,0.2817000947386459,1,94,164.86524803509977,112.14623349370473,111.14062191852305,1,0,9,7,9
715,23.8,0,1,270.3499221801758,95.12954235076904,252.9239845275879,101.93296194076538,246.19380950927734,88.15207242965698,235.08718490600586,-33.52645754814148,261.63695335388184,98.53125214576721,89.61078496334892,4.702335834503174,0.6500276923179626,4.747051537663445,0.05247511040581157,0.007253900215067036,0.0529741095293943,12,89.25678447161687,0.20958570165189647,0.1718244513292682,0.2817000947386459,1,95,164.86524803509977,112.14623349370473,111.14062191852305,0,0,9,7,9
716,23.833333333333332,0,1,270.3499221801758,95.12954235076904,252.9239845275879,101.93296194076538,246.19380950927734,88.15207242965698,235.08718490600586,-33.52645754814148,261.63695335388184,98.53125214576721,89.61078496334892,4.702335834503174,0.6500276923179626,4.747051537663445,0.05247511040581157,0.007253900215067036,0.0529741095293943,12,89.25678447161687,0.20958570165189647,0.1718244513292682,0.2817000947386459,1,96,164.86524803509977,112.14623349370473,111.14062191852305,0,0,9,7,9
717,23.866666666666667,1,1,265.1354789733887,91.54317140579224,249.13848876953125,101.98177814483643,231.97525024414062,89.32201623916626,236.10572814941406,-30.450721979141235,257.13698387145996,96.76247477531433,89.61078496334892,4.702335834503174,0.6500276923179626,4.747051537663445,0.05247511040581157,0.007253900215067036,0.0529741095293943,12,89.96478545508099,0.21232222770303863,0.23706082855400804,0.36941715112071116,1,97,159.79841605926512,118.22029458131097,112.6785031088545,-1,0,10,7,10
718,23.9,0,1,265.1354789733887,91.54317140579224,249.13848876953125,101.98177814483643,231.97525024414062,89.32201623916626,236.10572814941406,-30.450721979141235,257.13698387145996,96.76247477531433,89.61078496334892,4.702335834503174,0.6500276923179626,4.747051537663445,0.05247511040581157,0.007253900215067036,0.0529741095293943,12,89.96478545508099,0.21232222770303863,0.23706082855400804,0.36941715112071116,1,98,159.79841605926512,118.22029458131097,112.6785031088545,0,0,10,7,10
719,23.933333333333334,0,1,265.1354789733887,91.54317140579224,249.13848876953125,101.98177814483643,231.97525024414062,89.32201623916626,236.10572814941406,-30.450721979141235,257.13698387145996,96.76247477531433,89.61078496334892,4.702335834503174,0.6500276923179626,4.747051537663445,0.05247511040581157,0.007253900215067036,0.0529741095293943,12,89.96478545508099,0.21232222770303863,0.23706082855400804,0.36941715112071116,1,99,159.79841605926512,118.22029458131097,112.6785031088545,0,0,10,7,10
720,23.966666666666665,1,1,264.5495796203613,82.89239645004272,233.87470245361328,111.56383037567139,215.90030670166016,98.05901527404785,230.16775131225586,-34.87304091453552,249.2121410369873,97.22811341285706,89.61078496334892,4.702335834503174,0.6500276923179626,4.747051537663445,0.05247511040581157,0.007253900215067036,0.0529741095293943,12,83.20779713282525,0.5046171827660044,0.2701959990306689,0.612425681168469,1,100,151.30477463354237,143.3399102207667,126.19782113309041,-1,0,10,7,10
721,24.0,0,1,264.5495796203613,82.89239645004272,233.87470245361328,111.56383037567139,215.90030670166016,98.05901527404785,230.16775131225586,-34.87304091453552,249.2121410369873,97.22811341285706,89.61078496334892,4.702335834503174,0.6500276923179626,4.747051537663445,0.05247511040581157,0.007253900215067036,0.0529741095293943,12,83.20779713282525,0.5046171827660044,0.2701959990306689,0.612425681168469,1,101,151.30477463354237,143.3399102207667,126.19782113309041,0,0,10,7,10
722,24.033333333333335,0,1,264.5495796203613,82.89239645004272,233.87470245361328,111.56383037567139,215.90030670166016,98.05901527404785,230.16775131225586,-34.87304091453552,249.2121410369873,97.22811341285706,89.61078496334892,4.702335834503174,0.6500276923179626,4.747051537663445,0.05247511040581157,0.007253900215067036,0.0529741095293943,12,83.20779713282525,0.5046171827660044,0.2701959990306689,0.612425681168469,1,102,151.30477463354237,143.3399102207667,126.19782113309041,0,0,10,7,10
723,24.066666666666666,1,1,246.69780731201172,61.56723976135254,217.48992919921875,98.35346460342407,192.60705947875977,84.14137601852417,221.3027000427246,-65.11372804641724,232.09386825561523,79.9603521823883,,,,,,,,0,81.83898156879306,0.5739508093541575,0.35014551224406093,0.716190373378617,0,0,170.11813287422547,150.03959603601876,134.12634072105098,0,0,0,0,0
724,24.1,0,1,246.69780731201172,61.56723976135254,217.48992919921875,98.35346460342407,192.60705947875977,84.14137601852417,221.3027000427246,-65.11372804641724,232.09386825561523,79.9603521823883,,,,,,,,0,81.83898156879306,0.5739508093541575,0.35014551224406093,0.716190373378617,0,0,170.11813287422547,150.03959603601876,134.12634072105098,0,0,0,0,0
725,24.133333333333333,0,1,246.69780731201172,61.56723976135254,217.48992919921875,98.35346460342407,192.60705947875977,84.14137601852417,221.3027000427246,-65.11372804641724,232.09386825561523,79.9603521823883,,,,,,,,0,81.83898156879306,0.5739508093541575,0.35014551224406093,0.716190373378617,0,0,170.11813287422547,150.03959603601876,134.12634072105098,0,0,0,0,0
726,24.166666666666668,1,0,,,,,,,,,,,,,,,,,,0,,,,,0,0,,,,0,0,0,0,0
727,24.2,0,0,,,,,,,,,,,,,,,,,,0,,,,,0,0,,,,0,0,0,0,0
728,24.233333333333334,0,0,,,,,,,,,,,,,,,,,,0,,,,,0,0,,,,0,0,0,0,0
729,24.266666666666666,1,0,,,,,,,,,,,,,,,,,,0,,,,,0,0,,,,0,0,0,0,0
730,24.3,0,0,,,,,,,,,,,,,,,,,,0,,,,,0,0,,,,0,0,0,0,0
731,24.333333333333332,0,0,,,,,,,,,,,,,,,,,,0,,,,,0,0,,,,0,0,0,0,0
732,24.366666666666667,1,0,,,,,,,,,,,,,,,,,,0,,,,,0,0,,,,0,0,0,0,0
733,24.4,0,0,,,,,,,,,,,,,,,,,,0,,,,,0,0,,,,0,0,0,0,0
734,24.433333333333334,0,0,,,,,,,,,,,,,,,,,,0,,,,,0,0,,,,0,0,0,0,0
735,24.466666666666665,1,0,,,,,,,,,,,,,,,,,,0,,,,,0,0,,,,0,0,0,0,0
736,24.5,0,0,,,,,,,,,,,,,,,,,,0,,,,,0,0,,,,0,0,0,0,0
737,24.533333333333335,0,0,,,,,,,,,,,,,,,,,,0,,,,,0,0,,,,0,0,0,0,0
738,24.566666666666666,1,0,,,,,,,,,,,,,,,,,,0,,,,,0,0,,,,0,0,0,0,0
739,24.6,0,0,,,,,,,,,,,,,,,,,,0,,,,,0,0,,,,0,0,0,0,0
740,24.633333333333333,0,0,,,,,,,,,,,,,,,,,,0,,,,,0,0,,,,0,0,0,0,0
741,24.666666666666668,1,0,,,,,,,,,,,,,,,,,,0,,,,,0,0,,,,0,0,0,0,0
742,24.7,0,0,,,,,,,,,,,,,,,,,,0,,,,,0,0,,,,0,0,0,0,0
743,24.733333333333334,0,0,,,,,,,,,,,,,,,,,,0,,,,,0,0,,,,0,0,0,0,0
744,24.766666666666666,1,0,,,,,,,,,,,,,,,,,,0,,,,,0,0,,,,0,0,0,0,0
745,24.8,0,0,,,,,,,,,,,,,,,,,,0,,,,,0,0,,,,0,0,0,0,0
746,24.833333333333332,0,0,,,,,,,,,,,,,,,,,,0,,,,,0,0,,,,0,0,0,0,0
747,24.866666666666667,1,1,539.3562316894531,114.37288999557495,507.9510498046875,163.9970827102661,482.3736572265625,167.7103614807129,464.98844146728516,0.20098704379051924,523.6536407470703,139.18498635292053,,,,,,,,0,89.45189229955922,0.6565191007177174,0.28893218358179695,0.8725429992857472,0,0,169.58378037894582,177.908655601713,172.713873158469,0,0,0,0,0
748,24.9,0,1,539.3562316894531,114.37288999557495,507.9510498046875,163.9970827102661,482.3736572265625,167.7103614807129,464.98844146728516,0.20098704379051924,523.6536407470703,139.18498635292053,,,,,,,,0,89.45189229955922,0.6565191007177174,0.28893218358179695,0.8725429992857472,0,0,169.58378037894582,177.908655601713,172.713873158469,0,0,0,0,0
749,24.933333333333334,0,1,539.3562316894531,114.37288999557495,507.9510498046875,163.9970827102661,482.3736572265625,167.7103614807129,464.98844146728516,0.20098704379051924,523.6536407470703,139.18498635292053,,,,,,,,0,89.45189229955922,0.6565191007177174,0.28893218358179695,0.8725429992857472,0,0,169.58378037894582,177.908655601713,172.713873158469,0,0,0,0,0
750,24.966666666666665,1,1,563.7469863891602,150.12841701507568,529.1998291015625,208.4557342529297,498.63990783691406,219.64643955230713,481.91650390625,24.171050190925598,546.4734077453613,179.29207563400269,,,,,,,,0,97.16173856631583,0.6977100572087698,0.334951205938546,0.980276868273458,0,0,165.95525037476557,177.47811046433094,178.63441287291656,0,0,0,0,0
751,25.0,0,1,563.7469863891602,150.12841701507568,529.1998291015625,208.4557342529297,498.63990783691406,219.64643955230713,481.91650390625,24.171050190925598,546.4734077453613,179.29207563400269,,,,,,,,0,97.16173856631583,0.6977100572087698,0.334951205938546,0.980276868273458,0,0,165.95525037476557,177.47811046433094,178.63441287291656,0,0,0,0,0
752,25.033333333333335,0,1,563.7469863891602,150.12841701507568,529.1998291015625,208.4557342529297,498.63990783691406,219.64643955230713,481.91650390625,24.171050190925598,546.4734077453613,179.29207563400269,,,,,,,,0,97.16173856631583,0.6977100572087698,0.334951205938546,0.980276868273458,0,0,165.95525037476557,177.47811046433094,178.63441287291656,0,0,0,0,0
753,25.066666666666666,1,1,585.0680541992188,174.90440368652344,541.9077682495117,240.24930953979492,514.5894622802734,256.2502670288086,497.7886962890625,49.0044629573822,563.4879112243652,207.57685661315918,,,,,,,,0,102.2583885409557,0.7658245565828058,0.3096024280155292,1.052537261083315,0,0,161.1137908032339,175.06695671111672,176.05692348292197,0,0,0,0,0
754,25.1,0,1,585.0680541992188,174.90440368652344,541.9077682495117,240.24930953979492,514.5894622802734,256.2502670288086,497.7886962890625,49.0044629573822,563.4879112243652,207.57685661315918,,,,,,,,0,102.2583885409557,0.7658245565828058,0.3096024280155292,1.052537261083315,0,0,161.1137908032339,175.06695671111672,176.05692348292197,0,0,0,0,0
755,25.133333333333333,0,1,585.0680541992188,174.90440368652344,541.9077682495117,240.24930953979492,514.5894622802734,256.2502670288086,497.7886962890625,49.0044629573822,563.4879112243652,207.57685661315918,,,,,,,,0,102.2583885409557,0.7658245565828058,0.3096024280155292,1.052537261083315,0,0,161.1137908032339,175.06695671111672,176.05692348292197,0,0,0,0,0
756,25.166666666666668,1,1,597.7156829833984,190.848126411438,558.4204483032227,272.2396659851074,530.8158111572266,287.6655864715576,507.08248138427734,72.35435485839844,578.0680656433105,231.5438961982727,,,,,,,,0,102.5585037379977,0.8812614016227631,0.30833505166534847,1.1474687790542326,0,0,159.76956824722964,176.48119230580102,176.61042640249207,0,0,0,0,0
757,25.2,0,1,597.7156829833984,190.848126411438,558.4204483032227,272.2396659851074,530.8158111572266,287.6655864715576,507.08248138427734,72.35435485839844,578.0680656433105,231.5438961982727,,,,,,,,0,102.5585037379977,0.8812614016227631,0.30833505166534847,1.1474687790542326,0,0,159.76956824722964,176.48119230580102,176.61042640249207,0,0,0,0,0
758,25.233333333333334,0,1,597.7156829833984,190.848126411438,558.4204483032227,272.2396659851074,530.8158111572266,287.6655864715576,507.08248138427734,72.35435485839844,578.0680656433105,231.5438961982727,,,,,,,,0,102.5585037379977,0.8812614016227631,0.30833505166534847,1.1474687790542326,0,0,159.76956824722964,176.48119230580102,176.61042640249207,0,0,0,0,0
759,25.266666666666666,1,1,599.4517517089844,206.15356922149658,558.9429473876953,292.0342540740967,529.7993087768555,309.7965145111084,510.24932861328125,96.5751600265503,579.1973495483398,249.09391164779663,,,,,,,,0,99.68237451287516,0.9525757937590604,0.3423864323426852,1.252711203800144,0,0,161.10590060222253,173.93317685996487,175.98009709495668,0,0,0,0,0
760,25.3,0,1,599.4517517089844,206.15356922149658,558.9429473876953,292.0342540740967,529.7993087768555,309.7965145111084,510.24932861328125,96.5751600265503,579.1973495483398,249.09391164779663,,,,,,,,0,99.68237451287516,0.9525757937590604,0.3423864323426852,1.252711203800144,0,0,161.10590060222253,173.93317685996487,175.98009709495668,0,0,0,0,0
761,25.333333333333332,0,1,599.4517517089844,206.15356922149658,558.9429473876953,292.0342540740967,529.7993087768555,309.7965145111084,510.24932861328125,96.5751600265503,579.1973495483398,249.09391164779663,,,,,,,,0,99.68237451287516,0.9525757937590604,0.3423864323426852,1.252711203800144,0,0,161.10590060222253,173.93317685996487,175.98009709495668,0,0,0,0,0
762,25.366666666666667,1,1,603.5495758056641,225.1717472076416,558.7462615966797,311.73033714294434,533.8165664672852,329.5635795593262,512.1624755859375,118.1313943862915,581.1479187011719,268.45104217529297,,,,,,,,0,96.6417174633831,1.0085348516519361,0.3171663050871027,1.299027220851449,0,0,164.82741412927095,173.16169433371886,177.03561712880523,0,0,0,0,0
763,25.4,0,1,603.5495758056641,225.1717472076416,558.7462615966797,311.73033714294434,533.8165664672852,329.5635795593262,512.1624755859375,118.1313943862915,581.1479187011719,268.45104217529297,,,,,,,,0,96.6417174633831,1.0085348516519361,0.3171663050871027,1.299027220851449,0,0,164.82741412927095,173.16169433371886,177.03561712880523,0,0,0,0,0
764,25.433333333333334,0,1,603.5495758056641,225.1717472076416,558.7462615966797,311.73033714294434,533.8165664672852,329.5635795593262,512.1624755859375,118.1313943862915,581.1479187011719,268.45104217529297,,,,,,,,0,96.6417174633831,1.0085348516519361,0.3171663050871027,1.299027220851449,0,0,164.82741412927095,173.16169433371886,177.03561712880523,0,0,0,0,0
765,25.466666666666665,1,1,610.9255599975586,243.3647346496582,561.2632369995117,332.78088569641113,538.9342880249023,347.68089294433594,513.7300872802734,139.72928524017334,586.0943984985352,288.07281017303467,,,,,,,,0,94.65397569143464,1.080587847108056,0.2835997944833052,1.3390480265868672,0,0,161.7021284673967,173.57004433755463,176.69802505442613,0,0,0,0,0
766,25.5,0,1,610.9255599975586,243.3647346496582,561.2632369995117,332.78088569641113,538.9342880249023,347.68089294433594,513.7300872802734,139.72928524017334,586.0943984985352,288.07281017303467,,,,,,,,0,94.65397569143464,1.080587847108056,0.2835997944833052,1.3390480265868672,0,0,161.7021284673967,173.57004433755463,176.69802505442613,0,0,0,0,0
767,25.533333333333335,0,1,610.9255599975586,243.3647346496582,561.2632369995117,332.78088569641113,538.9342880249023,347.68089294433594,513.7300872802734,139.72928524017334,586.0943984985352,288.07281017303467,,,,,,,,0,94.65397569143464,1.080587847108056,0.2835997944833052,1.3390480265868672,0,0,161.7021284673967,173.57004433755463,176.69802505442613,0,0,0,0,0
768,25.566666666666666,1,1,614.0152740478516,260.2078342437744,561.8119049072266,347.8338146209717,539.814567565918,362.55964279174805,514.6173858642578,157.94036865234375,587.9135894775391,304.02082443237305,,,,,,,,0,93.67867148530257,1.0888024765560358,0.28257616085352183,1.3494907605956448,0,0,164.79904695019385,172.64872840792037,177.50463863071857,0,0,0,0,0
769,25.6,0,1,614.0152740478516,260.2078342437744,561.8119049072266,347.8338146209717,539.814567565918,362.55964279174805,514.6173858642578,157.94036865234375,587.9135894775391,304.02082443237305,,,,,,,,0,93.67867148530257,1.0888024765560358,0.28257616085352183,1.3494907605956448,0,0,164.79904695019385,172.64872840792037,177.50463863071857,0,0,0,0,0
770,25.633333333333333,0,1,614.0152740478516,260.2078342437744,561.8119049072266,347.8338146209717,539.814567565918,362.55964279174805,514.6173858642578,157.94036865234375,587.9135894775391,304.02082443237305,,,,,,,,0,93.67867148530257,1.0888024765560358,0.28257616085352183,1.3494907605956448,0,0,164.79904695019385,172.64872840792037,177.50463863071857,0,0,0,0,0
771,25.666666666666668,1,1,622.048454284668,264.26496505737305,559.4486618041992,353.64644050598145,540.2737045288086,368.26043128967285,514.5918655395508,167.16254711151123,590.7485580444336,308.95570278167725,,,,,,,,0,93.3028521572616,1.169554652621159,0.25839595379688457,1.417917583186557,0,0,162.6491041034626,172.87450817526454,178.26404022991656,0,0,0,0,0
772,25.7,0,1,622.048454284668,264.26496505737305,559.4486618041992,353.64644050598145,540.2737045288086,368.26043128967285,514.5918655395508,167.16254711151123,590.7485580444336,308.95570278167725,,,,,,,,0,93.3028521572616,1.169554652621159,0.25839595379688457,1.417917583186557,0,0,162.6491041034626,172.87450817526454,178.26404022991656,0,0,0,0,0
773,25.733333333333334,0,1,622.048454284668,264.26496505737305,559.4486618041992,353.64644050598145,540.2737045288086,368.26043128967285,514.5918655395508,167.16254711151123,590.7485580444336,308.95570278167725,,,,,,,,0,93.3028521572616,1.169554652621159,0.25839595379688457,1.417917583186557,0,0,162.6491041034626,172.87450817526454,178.26404022991656,0,0,0,0,0
774,25.766666666666666,1,1,623.3089828491211,262.4406623840332,561.4834594726562,352.62974739074707,542.2927474975586,368.3847713470459,514.2191696166992,166.81992530822754,592.3962211608887,307.53520488739014,,,,,,,,0,92.80376914417226,1.1782455514098662,0.26754843000569184,1.437127553350846,0,0,164.5834339850856,174.67321357001526,178.49402797668714,0,0,0,0,0
775,25.8,0,1,623.3089828491211,262.4406623840332,561.4834594726562,352.62974739074707,542.2927474975586,368.3847713470459,514.2191696166992,166.81992530822754,592.3962211608887,307.53520488739014,,,,,,,,0,92.80376914417226,1.1782455514098662,0.26754843000569184,1.437127553350846,0,0,164.5834339850856,174.67321357001526,178.49402797668714,0,0,0,0,0
776,25.833333333333332,0,1,623.3089828491211,262.4406623840332,561.4834594726562,352.62974739074707,542.2927474975586,368.3847713470459,514.2191696166992,166.81992530822754,592.3962211608887,307.53520488739014,,,,,,,,0,92.80376914417226,1.1782455514098662,0.26754843000569184,1.437127553350846,0,0,164.5834339850856,174.67321357001526,178.49402797668714,0,0,0,0,0
777,25.866666666666667,1,1,624.1912460327148,261.3968753814697,561.4405059814453,351.670560836792,542.4891662597656,368.8154697418213,514.8419952392578,166.27635955810547,592.8158760070801,306.53371810913086,,,,,,,,0,94.45531567562632,1.1639457621089586,0.2705601493292006,1.4288152424977179,0,0,161.70045339403563,175.5096104768535,179.34747902419338,0,0,0,0,0
778,25.9,0,1,624.1912460327148,261.3968753814697,561.4405059814453,351.670560836792,542.4891662597656,368.8154697418213,514.8419952392578,166.27635955810547,592.8158760070801,306.53371810913086,,,,,,,,0,94.45531567562632,1.1639457621089586,0.2705601493292006,1.4288152424977179,0,0,161.70045339403563,175.5096104768535,179.34747902419338,0,0,0,0,0
779,25.933333333333334,0,1,624.1912460327148,261.3968753814697,561.4405059814453,351.670560836792,542.4891662597656,368.8154697418213,514.8419952392578,166.27635955810547,592.8158760070801,306.53371810913086,,,,,,,,0,94.45531567562632,1.1639457621089586,0.2705601493292006,1.4288152424977179,0,0,161.70045339403563,175.5096104768535,179.34747902419338,0,0,0,0,0
780,25.966666666666665,1,1,625.6157684326172,261.205530166626,561.8842697143555,352.3609256744385,541.879997253418,368.9623832702637,514.7825622558594,165.65800666809082,593.7500190734863,306.7832279205322,,,,,,,,0,93.64228421347408,1.1877651569908483,0.277607021791801,1.4573215048359143,0,0,162.5039380406535,175.24341862461222,179.02281259868687,0,0,0,0,0
781,26.0,0,1,625.6157684326172,261.205530166626,561.8842697143555,352.3609256744385,541.879997253418,368.9623832702637,514.7825622558594,165.65800666809082,593.7500190734863,306.7832279205322,,,,,,,,0,93.64228421347408,1.1877651569908483,0.277607021791801,1.4573215048359143,0,0,162.5039380406535,175.24341862461222,179.02281259868687,0,0,0,0,0
782,26.033333333333335,0,1,625.6157684326172,261.205530166626,561.8842697143555,352.3609256744385,541.879997253418,368.9623832702637,514.7825622558594,165.65800666809082,593.7500190734863,306.7832279205322,,,,,,,,0,93.64228421347408,1.1877651569908483,0.277607021791801,1.4573215048359143,0,0,162.5039380406535,175.24341862461222,179.02281259868687,0,0,0,0,0
783,26.066666666666666,1,1,624.7829818725586,262.2395324707031,563.2916641235352,352.87776947021484,542.3313903808594,370.07068634033203,514.6513366699219,165.91697216033936,594.0373229980469,307.558650970459,,,,,,,,0,94.2117999533226,1.1625763235719164,0.287751455342066,1.4408147390797503,0,0,164.58771250789385,175.58860182150653,178.86443368879537,0,0,0,0,0
784,26.1,0,1,624.7829818725586,262.2395324707031,563.2916641235352,352.87776947021484,542.3313903808594,370.07068634033203,514.6513366699219,165.91697216033936,594.0373229980469,307.558650970459,,,,,,,,0,94.2117999533226,1.1625763235719164,0.287751455342066,1.4408147390797503,0,0,164.58771250789385,175.58860182150653,178.86443368879537,0,0,0,0,0
785,26.133333333333333,0,1,624.7829818725586,262.2395324707031,563.2916641235352,352.87776947021484,542.3313903808594,370.07068634033203,514.6513366699219,165.91697216033936,594.0373229980469,307.558650970459,,,,,,,,0,94.2117999533226,1.1625763235719164,0.287751455342066,1.4408147390797503,0,0,164.58771250789385,175.58860182150653,178.86443368879537,0,0,0,0,0
786,26.166666666666668,1,1,624.4813537597656,262.23727226257324,562.8338241577148,352.7661895751953,543.2497024536133,370.40282249450684,513.9376068115234,166.1076021194458,593.6575889587402,307.5017309188843,,,,,,,,0,94.37961122122321,1.1604816686895878,0.27924516046727954,1.4332699250477847,0,0,163.66785066232939,176.1112309127748,179.03835530394025,0,0,0,0,0
787,26.2,0,1,624.4813537597656,262.23727226257324,562.8338241577148,352.7661895751953,543.2497024536133,370.40282249450684,513.9376068115234,166.1076021194458,593.6575889587402,307.5017309188843,,,,,,,,0,94.37961122122321,1.1604816686895878,0.27924516046727954,1.4332699250477847,0,0,163.66785066232939,176.1112309127748,179.03835530394025,0,0,0,0,0
788,26.233333333333334,0,1,624.4813537597656,262.23727226257324,562.8338241577148,352.7661895751953,543.2497024536133,370.40282249450684,513.9376068115234,166.1076021194458,593.6575889587402,307.5017309188843,,,,,,,,0,94.37961122122321,1.1604816686895878,0.27924516046727954,1.4332699250477847,0,0,163.66785066232939,176.1112309127748,179.03835530394025,0,0,0,0,0
789,26.266666666666666,1,1,623.5199737548828,262.34667778015137,562.6096343994141,353.88587951660156,542.9275131225586,370.29773712158203,513.9836502075195,165.3672695159912,593.0648040771484,308.11627864837646,,,,,,,,0,94.26422461444245,1.16642596492542,0.27186178932447946,1.4291386902887813,0,0,165.71861891018267,175.3532870865441,178.9823971603432,0,0,0,0,0
790,26.3,0,1,623.5199737548828,262.34667778015137,562.6096343994141,353.88587951660156,542.9275131225586,370.29773712158203,513.9836502075195,165.3672695159912,593.0648040771484,308.11627864837646,,,,,,,,0,94.26422461444245,1.16642596492542,0.27186178932447946,1.4291386902887813,0,0,165.71861891018267,175.3532870865441,178.9823971603432,0,0,0,0,0
791,26.333333333333332,0,1,623.5199737548828,262.34667778015137,562.6096343994141,353.88587951660156,542.9275131225586,370.29773712158203,513.9836502075195,165.3672695159912,593.0648040771484,308.11627864837646,,,,,,,,0,94.26422461444245,1.16642596492542,0.27186178932447946,1.4291386902887813,0,0,165.71861891018267,175.3532870865441,178.9823971603432,0,0,0,0,0
792,26.366666666666667,1,1,622.6454544067383,262.6655387878418,563.0436325073242,354.9210548400879,542.5358200073242,371.0184860229492,513.2503890991211,166.37944221496582,592.8445434570312,308.79329681396484,,,,,,,,0,95.85576123989864,1.145823373833578,0.271981690147456,1.405771600040701,0,0,165.8942915357255,175.2742415906908,178.4163735095789,0,0,0,0,0
793,26.4,0,1,622.6454544067383,262.6655387878418,563.0436325073242,354.9210548400879,542.5358200073242,371.0184860229492,513.2503890991211,166.37944221496582,592.8445434570312,308.79329681396484,,,,,,,,0,95.85576123989864,1.145823373833578,0.271981690147456,1.405771600040701,0,0,165.8942915357255,175.2742415906908,178.4163735095789,0,0,0,0,0
794,26.433333333333334,0,1,622.6454544067383,262.6655387878418,563.0436325073242,354.9210548400879,542.5358200073242,371.0184860229492,513.2503890991211,166.37944221496582,592.8445434570312,308.79329681396484,,,,,,,,0,95.85576123989864,1.145823373833578,0.271981690147456,1.405771600040701,0,0,165.8942915357255,175.2742415906908,178.4163735095789,0,0,0,0,0
795,26.466666666666665,1,1,623.9851760864258,263.197603225708,562.6927947998047,354.6253967285156,542.8966903686523,370.5464458465576,513.3135986328125,165.47432899475098,593.3389854431152,308.9114999771118,,,,,,,,0,96.22879209410421,1.1438549801604856,0.2639963102137226,1.3980530577731534,0,0,167.27965467255726,175.6838891269093,178.516546783722,0,0,0,0,0
796,26.5,0,1,623.9851760864258,263.197603225708,562.6927947998047,354.6253967285156,542.8966903686523,370.5464458465576,513.3135986328125,165.47432899475098,593.3389854431152,308.9114999771118,,,,,,,,0,96.22879209410421,1.1438549801604856,0.2639963102137226,1.3980530577731534,0,0,167.27965467255726,175.6838891269093,178.516546783722,0,0,0,0,0
797,26.533333333333335,0,1,623.9851760864258,263.197603225708,562.6927947998047,354.6253967285156,542.8966903686523,370.5464458465576,513.3135986328125,165.47432899475098,593.3389854431152,308.9114999771118,,,,,,,,0,96.22879209410421,1.1438549801604856,0.2639963102137226,1.3980530577731534,0,0,167.27965467255726,175.6838891269093,178.516546783722,0,0,0,0,0
798,26.566666666666666,1,1,622.8444671630859,262.7313995361328,562.7417755126953,355.12913703918457,542.8833389282227,371.01244926452637,513.1571960449219,165.7519769668579,592.7931213378906,308.9302682876587,,,,,,,,0,95.40644410449383,1.1553262173514793,0.26653399148626644,1.410860980913603,0,0,170.3786549113516,174.44793819548744,177.9346458944167,0,0,0,0,0
799,26.6,0,1,622.8444671630859,262.7313995361328,562.7417755126953,355.12913703918457,542.8833389282227,371.01244926452637,513.1571960449219,165.7519769668579,592.7931213378906,308.9302682876587,,,,,,,,0,95.40644410449383,1.1553262173514793,0.26653399148626644,1.410860980913603,0,0,170.3786549113516,174.44793819548744,177.9346458944167,0,0,0,0,0
800,26.633333333333333,0,1,622.8444671630859,262.7313995361328,562.7417755126953,355.12913703918457,542.8833389282227,371.01244926452637,513.1571960449219,165.7519769668579,592.7931213378906,308.9302682876587,,,,,,,,0,95.40644410449383,1.1553262173514793,0.26653399148626644,1.410860980913603,0,0,170.3786549113516,174.44793819548744,177.9346458944167,0,0,0,0,0
801,26.666666666666668,1,1,623.4582901000977,263.80711555480957,563.0094909667969,355.06333351135254,542.8849792480469,371.5437126159668,513.3427047729492,166.03228569030762,593.2338905334473,309.43522453308105,,,,,,,,0,97.1688155668111,1.1265054622199187,0.26769405367916693,1.3845325607850898,0,0,166.87287301279395,175.63286780335946,178.5108851636479,0,0,0,0,0
802,26.7,0,1,623.4582901000977,263.80711555480957,563.0094909667969,355.06333351135254,542.8849792480469,371.5437126159668,513.3427047729492,166.03228569030762,593.2338905334473,309.43522453308105,,,,,,,,0,97.1688155668111,1.1265054622199187,0.26769405367916693,1.3845325607850898,0,0,166.87287301279395,175.63286780335946,178.5108851636479,0,0,0,0,0
803,26.733333333333334,0,1,623.4582901000977,263.80711555480957,563.0094909667969,355.06333351135254,542.8849792480469,371.5437126159668,513.3427047729492,166.03228569030762,593.2338905334473,309.43522453308105,,,,,,,,0,97.1688155668111,1.1265054622199187,0.26769405367916693,1.3845325607850898,0,0,166.87287301279395,175.63286780335946,178.5108851636479,0,0,0,0,0
804,26.766666666666666,1,1,623.1443405151367,263.5214138031006,562.6007461547852,355.1825523376465,542.0869445800781,370.9409809112549,513.1268310546875,165.2863883972168,592.8725433349609,309.35198307037354,,,,,,,,0,96.96009156376432,1.1329529599182397,0.2667883235780707,1.3878974986278516,0,0,168.93594321265306,174.73567396719213,177.13542636171573,0,0,0,0,0
805,26.8,0,1,623.1443405151367,263.5214138031006,562.6007461547852,355.1825523376465,542.0869445800781,370.9409809112549,513.1268310546875,165.2863883972168,592.8725433349609,309.35198307037354,,,,,,,,0,96.96009156376432,1.1329529599182397,0.2667883235780707,1.3878974986278516,0,0,168.93594321265306,174.73567396719213,177.13542636171573,0,0,0,0,0
806,26.833333333333332,0,1,623.1443405151367,263.5214138031006,562.6007461547852,355.1825523376465,542.0869445800781,370.9409809112549,513.1268310546875,165.2863883972168,592.8725433349609,309.35198307037354,,,,,,,,0,96.96009156376432,1.1329529599182397,0.2667883235780707,1.3878974986278516,0,0,168.93594321265306,174.73567396719213,177.13542636171573,0,0,0,0,0
807,26.866666666666667,1,1,622.6086807250977,263.19050788879395,562.4149703979492,355.1747131347656,542.2927856445312,370.95431327819824,513.3361434936523,165.52276611328125,592.5118255615234,309.1826105117798,,,,,,,,0,95.87424891104395,1.1465952918931668,0.26671845270277555,1.4018487216820876,0,0,169.30829630652093,173.90982708865474,177.29433718571238,0,0,0,0,0
808,26.9,0,1,622.6086807250977,263.19050788879395,562.4149703979492,355.1747131347656,542.2927856445312,370.95431327819824,513.3361434936523,165.52276611328125,592.5118255615234,309.1826105117798,,,,,,,,0,95.87424891104395,1.1465952918931668,0.26671845270277555,1.4018487216820876,0,0,169.30829630652093,173.90982708865474,177.29433718571238,0,0,0,0,0
809,26.933333333333334,0,1,622.6086807250977,263.19050788879395,562.4149703979492,355.1747131347656,542.2927856445312,370.95431327819824,513.3361434936523,165.52276611328125,592.5118255615234,309.1826105117798,,,,,,,,0,95.87424891104395,1.1465952918931668,0.26671845270277555,1.4018487216820876,0,0,169.30829630652093,173.90982708865474,177.29433718571238,0,0,0,0,0
810,26.966666666666665,1,1,622.3738861083984,263.2936477661133,562.1354675292969,355.49025535583496,542.7157592773438,371.7851257324219,513.4464263916016,166.45836353302002,592.2546768188477,309.3919515609741,,,,,,,,0,98.10879382538134,1.1225415899599043,0.25839172397226845,1.3718955190013886,0,0,170.63478946075182,174.55773865218393,178.00149056407793,0,0,0,0,0
811,27.0,0,1,622.3738861083984,263.2936477661133,562.1354675292969,355.49025535583496,542.7157592773438,371.7851257324219,513.4464263916016,166.45836353302002,592.2546768188477,309.3919515609741,,,,,,,,0,98.10879382538134,1.1225415899599043,0.25839172397226845,1.3718955190013886,0,0,170.63478946075182,174.55773865218393,178.00149056407793,0,0,0,0,0
812,27.033333333333335,0,1,622.3738861083984,263.2936477661133,562.1354675292969,355.49025535583496,542.7157592773438,371.7851257324219,513.4464263916016,166.45836353302002,592.2546768188477,309.3919515609741,,,,,,,,0,98.10879382538134,1.1225415899599043,0.25839172397226845,1.3718955190013886,0,0,170.63478946075182,174.55773865218393,178.00149056407793,0,0,0,0,0
813,27.066666666666666,1,1,622.7496719360352,264.1167640686035,562.4686431884766,355.70082664489746,542.4960708618164,372.38287925720215,513.0297088623047,167.03415870666504,592.6091575622559,309.9087953567505,,,,,,,,0,97.36857709844581,1.1260546707117738,0.2672624194103336,1.3840931202785969,0,0,169.59884572727498,174.51398422354018,177.40414186718778,0,0,0,0,0
814,27.1,0,1,622.7496719360352,264.1167640686035,562.4686431884766,355.70082664489746,542.4960708618164,372.38287925720215,513.0297088623047,167.03415870666504,592.6091575622559,309.9087953567505,,,,,,,,0,97.36857709844581,1.1260546707117738,0.2672624194103336,1.3840931202785969,0,0,169.59884572727498,174.51398422354018,177.40414186718778,0,0,0,0,0
815,27.133333333333333,0,1,622.7496719360352,264.1167640686035,562.4686431884766,355.70082664489746,542.4960708618164,372.38287925720215,513.0297088623047,167.03415870666504,592.6091575622559,309.9087953567505,,,,,,,,0,97.36857709844581,1.1260546707117738,0.2672624194103336,1.3840931202785969,0,0,169.59884572727498,174.51398422354018,177.40414186718778,0,0,0,0,0
816,27.166666666666668,1,1,622.3235321044922,263.34031105041504,562.3215866088867,355.18592834472656,542.7618026733398,372.0208740234375,514.4922256469727,167.98147201538086,592.3225593566895,309.2631196975708,,,,,,,,0,97.03568910545849,1.1305945946690623,0.26595355349428945,1.3880512573974177,0,0,167.7398743697535,173.68605287037755,177.46989675736145,0,0,0,0,0
817,27.2,0,1,622.3235321044922,263.34031105041504,562.3215866088867,355.18592834472656,542.7618026733398,372.0208740234375,514.4922256469727,167.98147201538086,592.3225593566895,309.2631196975708,,,,,,,,0,97.03568910545849,1.1305945946690623,0.26595355349428945,1.3880512573974177,0,0,167.7398743697535,173.68605287037755,177.46989675736145,0,0,0,0,0
818,27.233333333333334,0,1,622.3235321044922,263.34031105041504,562.3215866088867,355.18592834472656,542.7618026733398,372.0208740234375,514.4922256469727,167.98147201538086,592.3225593566895,309.2631196975708,,,,,,,,0,97.03568910545849,1.1305945946690623,0.26595355349428945,1.3880512573974177,0,0,167.7398743697535,173.68605287037755,177.46989675736145,0,0,0,0,0
819,27.266666666666666,1,1,631.9561386108398,257.1412754058838,560.8712005615234,355.75690269470215,541.5181350708008,372.5200939178467,516.6336441040039,166.06430053710938,596.4136695861816,306.44908905029297,,,,,,,,0,96.21248148170005,1.2635081185928743,0.2661154433199399,1.5237017635652343,0,0,169.2423580340219,175.65102433889552,177.74223895801674,0,0,0,0,0
820,27.3,0,1,631.9561386108398,257.1412754058838,560.8712005615234,355.75690269470215,541.5181350708008,372.5200939178467,516.6336441040039,166.06430053710938,596.4136695861816,306.44908905029297,,,,,,,,0,96.21248148170005,1.2635081185928743,0.2661154433199399,1.5237017635652343,0,0,169.2423580340219,175.65102433889552,177.74223895801674,0,0,0,0,0
821,27.333333333333332,0,1,631.9561386108398,257.1412754058838,560.8712005615234,355.75690269470215,541.5181350708008,372.5200939178467,516.6336441040039,166.06430053710938,596.4136695861816,306.44908905029297,,,,,,,,0,96.21248148170005,1.2635081185928743,0.2661154433199399,1.5237017635652343,0,0,169.2423580340219,175.65102433889552,177.74223895801674,0,0,0,0,0
822,27.366666666666667,1,1,638.4320449829102,252.79704093933105,572.5081253051758,350.9030342102051,549.8717880249023,367.5872611999512,518.8288497924805,163.4329605102539,605.470085144043,301.85003757476807,,,,,,,,0,100.17465412977701,1.179918457908146,0.28071555002392595,1.4472899534173955,0,0,167.94837540416788,176.37069501569147,178.64635903986047,0,0,0,0,0
823,27.4,0,1,638.4320449829102,252.79704093933105,572.5081253051758,350.9030342102051,549.8717880249023,367.5872611999512,518.8288497924805,163.4329605102539,605.470085144043,301.85003757476807,,,,,,,,0,100.17465412977701,1.179918457908146,0.28071555002392595,1.4472899534173955,0,0,167.94837540416788,176.37069501569147,178.64635903986047,0,0,0,0,0
824,27.433333333333334,0,1,638.4320449829102,252.79704093933105,572.5081253051758,350.9030342102051,549.8717880249023,367.5872611999512,518.8288497924805,163.4329605102539,605.470085144043,301.85003757476807,,,,,,,,0,100.17465412977701,1.179918457908146,0.28071555002392595,1.4472899534173955,0,0,167.94837540416788,176.37069501569147,178.64635903986047,0,0,0,0,0
825,27.466666666666665,1,1,644.2064666748047,211.0055637359619,592.0454025268555,308.99725914001465,568.2142639160156,321.965389251709,515.6288528442383,129.46756839752197,618.1259346008301,260.0014114379883,,,,,,,,0,98.86253304682917,1.122869061233644,0.27443238955605714,1.3603488947127473,0,0,172.55117805784408,176.58665442867755,179.06497314194644,0,0,0,0,0
826,27.5,0,1,644.2064666748047,211.0055637359619,592.0454025268555,308.99725914001465,568.2142639160156,321.965389251709,515.6288528442383,129.46756839752197,618.1259346008301,260.0014114379883,,,,,,,,0,98.86253304682917,1.122869061233644,0.27443238955605714,1.3603488947127473,0,0,172.55117805784408,176.58665442867755,179.06497314194644,0,0,0,0,0
827,27.533333333333335,0,1,644.2064666748047,211.0055637359619,592.0454025268555,308.99725914001465,568.2142639160156,321.965389251709,515.6288528442383,129.46756839752197,618.1259346008301,260.0014114379883,,,,,,,,0,98.86253304682917,1.122869061233644,0.27443238955605714,1.3603488947127473,0,0,172.55117805784408,176.58665442867755,179.06497314194644,0,0,0,0,0
828,27.566666666666666,1,0,,,,,,,,,,,,,,,,,,0,,,,,0,0,,,,0,0,0,0,0
829,27.6,0,0,,,,,,,,,,,,,,,,,,0,,,,,0,0,,,,0,0,0,0,0
830,27.633333333333333,0,0,,,,,,,,,,,,,,,,,,0,,,,,0,0,,,,0,0,0,0,0
831,27.666666666666668,1,0,,,,,,,,,,,,,,,,,,0,,,,,0,0,,,,0,0,0,0,0
832,27.7,0,0,,,,,,,,,,,,,,,,,,0,,,,,0,0,,,,0,0,0,0,0
833,27.733333333333334,0,0,,,,,,,,,,,,,,,,,,0,,,,,0,0,,,,0,0,0,0,0
834,27.766666666666666,1,0,,,,,,,,,,,,,,,,,,0,,,,,0,0,,,,0,0,0,0,0
835,27.8,0,0,,,,,,,,,,,,,,,,,,0,,,,,0,0,,,,0,0,0,0,0
836,27.833333333333332,0,0,,,,,,,,,,,,,,,,,,0,,,,,0,0,,,,0,0,0,0,0
837,27.866666666666667,1,0,,,,,,,,,,,,,,,,,,0,,,,,0,0,,,,0,0,0,0,0
838,27.9,0,0,,,,,,,,,,,,,,,,,,0,,,,,0,0,,,,0,0,0,0,0
839,27.933333333333334,0,0,,,,,,,,,,,,,,,,,,0,,,,,0,0,,,,0,0,0,0,0
840,27.966666666666665,1,1,228.31396102905273,112.30989217758179,184.28644180297852,182.29883193969727,178.20751190185547,161.7198085784912,195.6935691833496,-25.267898440361023,206.30020141601562,147.30436205863953,,,,,,,,0,103.98438437894563,0.7951712463961381,0.20635876538440923,0.6767402714474402,0,0,164.79532238594237,170.47632548546994,149.15908197640883,0,0,0,0,0
841,28.0,0,1,228.31396102905273,112.30989217758179,184.28644180297852,182.29883193969727,178.20751190185547,161.7198085784912,195.6935691833496,-25.267898440361023,206.30020141601562,147.30436205863953,,,,,,,,0,103.98438437894563,0.7951712463961381,0.20635876538440923,0.6767402714474402,0,0,164.79532238594237,170.47632548546994,149.15908197640883,0,0,0,0,0
842,28.033333333333335,0,1,228.31396102905273,112.30989217758179,184.28644180297852,182.29883193969727,178.20751190185547,161.7198085784912,195.6935691833496,-25.267898440361023,206.30020141601562,147.30436205863953,,,,,,,,0,103.98438437894563,0.7951712463961381,0.20635876538440923,0.6767402714474402,0,0,164.79532238594237,170.47632548546994,149.15908197640883,0,0,0,0,0
843,28.066666666666666,1,1,206.94435119628906,141.13225936889648,167.4334716796875,206.209716796875,153.09332847595215,183.9125633239746,174.7368621826172,-5.753328502178192,187.18891143798828,173.67098808288574,113.37704203257556,12.973489761352539,17.7121524810791,21.955222205682997,0.114427837671272,0.1562234484472618,0.19364786567085432,12,109.47893983633617,0.6954093707913458,0.2421509326261408,0.6282087536629931,1,1,155.4195685273487,173.49039456618894,143.9023776189652,0,0,0,0,0
844,28.1,0,1,206.94435119628906,141.13225936889648,167.4334716796875,206.209716796875,153.09332847595215,183.9125633239746,174.7368621826172,-5.753328502178192,187.18891143798828,173.67098808288574,113.37704203257556,12.973489761352539,17.7121524810791,21.955222205682997,0.114427837671272,0.1562234484472618,0.19364786567085432,12,109.47893983633617,0.6954093707913458,0.2421509326261408,0.6282087536629931,1,2,155.4195685273487,173.49039456618894,143.9023776189652,0,0,0,0,0
845,28.133333333333333,0,1,206.94435119628906,141.13225936889648,167.4334716796875,206.209716796875,153.09332847595215,183.9125633239746,174.7368621826172,-5.753328502178192,187.18891143798828,173.67098808288574,113.37704203257556,12.973489761352539,17.7121524810791,21.955222205682997,0.114427837671272,0.1562234484472618,0.19364786567085432,12,109.47893983633617,0.6954093707913458,0.2421509326261408,0.6282087536629931,1,3,155.4195685273487,173.49039456618894,143.9023776189652,0,0,0,0,0
846,28.166666666666668,1,1,222.24233627319336,165.0038480758667,175.72895050048828,227.80563354492188,160.4412078857422,212.69634246826172,180.4067039489746,22.46319830417633,198.98564338684082,196.4047408103943,113.37704203257556,12.973489761352539,17.7121524810791,21.955222205682997,0.114427837671272,0.1562234484472618,0.19364786567085432,12,114.81215053288246,0.6806847094386284,0.18721292949029394,0.6799261053331317,1,4,151.66365278760688,174.4398255479338,155.07053747982448,1,1,0,0,0
847,28.2,0,1,222.24233627319336,165.0038480758667,175.72895050048828,227.80563354492188,160.4412078857422,212.69634246826172,180.4067039489746,22.46319830417633,198.98564338684082,196.4047408103943,113.37704203257556,12.973489761352539,17.7121524810791,21.955222205682997,0.114427837671272,0.1562234484472618,0.19364786567085432,12,114.81215053288246,0.6806847094386284,0.18721292949029394,0.6799261053331317,1,5,151.66365278760688,174.4398255479338,155.07053747982448,0,0,0,0,0
848,28.233333333333334,0,1,222.24233627319336,165.0038480758667,175.72895050048828,227.80563354492188,160.4412078857422,212.69634246826172,180.4067039489746,22.46319830417633,198.98564338684082,196.4047408103943,113.37704203257556,12.973489761352539,17.7121524810791,21.955222205682997,0.114427837671272,0.1562234484472618,0.19364786567085432,12,114.81215053288246,0.6806847094386284,0.18721292949029394,0.6799261053331317,1,6,151.66365278760688,174.4398255479338,155.07053747982448,0,0,0,0,0
849,28.266666666666666,1,1,235.19439697265625,183.70625495910645,185.09431838989258,236.92242622375488,170.33811569213867,216.49795532226562,198.30804824829102,43.82178783416748,210.1443576812744,210.31434059143066,113.37704203257556,12.973489761352539,17.7121524810791,21.955222205682997,0.114427837671272,0.1562234484472618,0.19364786567085432,12,111.94193353226865,0.6529174477920211,0.22509269902738713,0.64921911662121,1,7,150.41849150199477,165.8297110057526,130.7984678979301,1,1,0,0,0
850,28.3,0,1,235.19439697265625,183.70625495910645,185.09431838989258,236.92242622375488,170.33811569213867,216.49795532226562,198.30804824829102,43.82178783416748,210.1443576812744,210.31434059143066,113.37704203257556,12.973489761352539,17.7121524810791,21.955222205682997,0.114427837671272,0.1562234484472618,0.19364786567085432,12,111.94193353226865,0.6529174477920211,0.22509269902738713,0.64921911662121,1,8,150.41849150199477,165.8297110057526,130.7984678979301,0,0,0,0,0
851,28.333333333333332,0,1,235.19439697265625,183.70625495910645,185.09431838989258,236.92242622375488,170.33811569213867,216.49795532226562,198.30804824829102,43.82178783416748,210.1443576812744,210.31434059143066,113.37704203257556,12.973489761352539,17.7121524810791,21.955222205682997,0.114427837671272,0.1562234484472618,0.19364786567085432,12,111.94193353226865,0.6529174477920211,0.22509269902738713,0.64921911662121,1,9,150.41849150199477,165.8297110057526,130.7984678979301,0,0,0,0,0
852,28.366666666666667,1,1,246.98204040527344,196.5287733078003,197.30867385864258,245.56005477905273,181.9652557373047,223.33715915679932,221.83284759521484,56.66324257850647,222.145357131958,221.0444140434265,113.37704203257556,12.973489761352539,17.7121524810791,21.955222205682997,0.114427837671272,0.1562234484472618,0.19364786567085432,12,115.17556812474753,0.60599833631214,0.2344693421193611,0.6106059980453976,1,10,147.2561985796204,165.38430884839818,121.43363828204333,1,1,0,0,0
853,28.4,0,1,246.98204040527344,196.5287733078003,197.30867385864258,245.56005477905273,181.9652557373047,223.33715915679932,221.83284759521484,56.66324257850647,222.145357131958,221.0444140434265,113.37704203257556,12.973489761352539,17.7121524810791,21.955222205682997,0.114427837671272,0.1562234484472618,0.19364786567085432,12,115.17556812474753,0.60599833631214,0.2344693421193611,0.6106059980453976,1,11,147.2561985796204,165.38430884839818,121.43363828204333,0,0,0,0,0
854,28.433333333333334,0,1,246.98204040527344,196.5287733078003,197.30867385864258,245.56005477905273,181.9652557373047,223.33715915679932,221.83284759521484,56.66324257850647,222.145357131958,221.0444140434265,113.37704203257556,12.973489761352539,17.7121524810791,21.955222205682997,0.114427837671272,0.1562234484472618,0.19364786567085432,12,115.17556812474753,0.60599833631214,0.2344693421193611,0.6106059980453976,1,12,147.2561985796204,165.38430884839818,121.43363828204333,0,0,0,0,0
855,28.466666666666665,1,1,276.7379570007324,197.24165439605713,217.55542755126953,252.4738597869873,207.42372512817383,217.51291751861572,245.0394058227539,59.11421298980713,247.14669227600098,224.85775709152222,,,,,,,,0,110.09519972687863,0.7352876598199769,0.3306178219137629,0.6559562585973825,0,0,143.6398136797018,175.09631330120095,129.68743688903862,0,0,0,0,0
856,28.5,0,1,276.7379570007324,197.24165439605713,217.55542755126953,252.4738597869873,207.42372512817383,217.51291751861572,245.0394058227539,59.11421298980713,247.14669227600098,224.85775709152222,,,,,,,,0,110.09519972687863,0.7352876598199769,0.3306178219137629,0.6559562585973825,0,0,143.6398136797018,175.09631330120095,129.68743688903862,0,0,0,0,0
857,28.533333333333335,0,1,276.7379570007324,197.24165439605713,217.55542755126953,252.4738597869873,207.42372512817383,217.51291751861572,245.0394058227539,59.11421298980713,247.14669227600098,224.85775709152222,,,,,,,,0,110.09519972687863,0.7352876598199769,0.3306178219137629,0.6559562585973825,0,0,143.6398136797018,175.09631330120095,129.68743688903862,0,0,0,0,0
858,28.566666666666666,1,1,308.57521057128906,188.72414588928223,256.93410873413086,247.6944637298584,238.00403594970703,218.12433242797852,274.4700622558594,56.692317724227905,282.75465965270996,218.2093048095703,,,,,,,,0,107.4845421042747,0.7292732076827573,0.3266553608733921,0.7112686661317031,0,0,136.81105580483384,170.22605415984336,164.1579226366763,0,0,0,0,0
859,28.6,0,1,308.57521057128906,188.72414588928223,256.93410873413086,247.6944637298584,238.00403594970703,218.12433242797852,274.4700622558594,56.692317724227905,282.75465965270996,218.2093048095703,,,,,,,,0,107.4845421042747,0.7292732076827573,0.3266553608733921,0.7112686661317031,0,0,136.81105580483384,170.22605415984336,164.1579226366763,0,0,0,0,0
860,28.633333333333333,0,1,308.57521057128906,188.72414588928223,256.93410873413086,247.6944637298584,238.00403594970703,218.12433242797852,274.4700622558594,56.692317724227905,282.75465965270996,218.2093048095703,,,,,,,,0,107.4845421042747,0.7292732076827573,0.3266553608733921,0.7112686661317031,0,0,136.81105580483384,170.22605415984336,164.1579226366763,0,0,0,0,0
861,28.666666666666668,1,1,336.0687255859375,183.275728225708,293.1109428405762,248.33810806274414,267.9250717163086,231.07628345489502,297.41662979125977,51.966673135757446,314.58983421325684,215.80691814422607,,,,,,,,0,106.5291871928217,0.7318617312773655,0.2866216054607243,0.7813568975857768,0,0,138.5552652623747,176.41329554577848,162.7447159905525,0,0,0,0,0
862,28.7,0,1,336.0687255859375,183.275728225708,293.1109428405762,248.33810806274414,267.9250717163086,231.07628345489502,297.41662979125977,51.966673135757446,314.58983421325684,215.80691814422607,,,,,,,,0,106.5291871928217,0.7318617312773655,0.2866216054607243,0.7813568975857768,0,0,138.5552652623747,176.41329554577848,162.7447159905525,0,0,0,0,0
863,28.733333333333334,0,1,336.0687255859375,183.275728225708,293.1109428405762,248.33810806274414,267.9250717163086,231.07628345489502,297.41662979125977,51.966673135757446,314.58983421325684,215.80691814422607,,,,,,,,0,106.5291871928217,0.7318617312773655,0.2866216054607243,0.7813568975857768,0,0,138.5552652623747,176.41329554577848,162.7447159905525,0,0,0,0,0
864,28.766666666666666,1,1,350.5768585205078,173.345046043396,310.3786277770996,247.18806266784668,288.3407974243164,239.71062183380127,310.9922409057617,50.07625222206116,330.4777431488037,210.26655435562134,,,,,,,,0,107.58649727461204,0.7814688378881338,0.2163080957629308,0.8456633665416567,0,0,152.7246173167992,174.78763030024066,168.82754051638983,0,0,0,0,0
865,28.8,0,1,350.5768585205078,173.345046043396,310.3786277770996,247.18806266784668,288.3407974243164,239.71062183380127,310.9922409057617,50.07625222206116,330.4777431488037,210.26655435562134,,,,,,,,0,107.58649727461204,0.7814688378881338,0.2163080957629308,0.8456633665416567,0,0,152.7246173167992,174.78763030024066,168.82754051638983,0,0,0,0,0
866,28.833333333333332,0,1,350.5768585205078,173.345046043396,310.3786277770996,247.18806266784668,288.3407974243164,239.71062183380127,310.9922409057617,50.07625222206116,330.4777431488037,210.26655435562134,,,,,,,,0,107.58649727461204,0.7814688378881338,0.2163080957629308,0.8456633665416567,0,0,152.7246173167992,174.78763030024066,168.82754051638983,0,0,0,0,0
867,28.866666666666667,1,1,360.4042434692383,160.8660078048706,316.5772819519043,239.68882083892822,296.60837173461914,238.34110736846924,313.0226707458496,40.87921500205994,338.4907627105713,200.2774143218994,,,,,,,,0,109.93198788542394,0.8203962920697897,0.18206108992907685,0.9129360098655198,0,0,158.69014031386234,171.21425320466037,177.6616687941362,0,0,0,0,0
868,28.9,0,1,360.4042434692383,160.8660078048706,316.5772819519043,239.68882083892822,296.60837173461914,238.34110736846924,313.0226707458496,40.87921500205994,338.4907627105713,200.2774143218994,,,,,,,,0,109.93198788542394,0.8203962920697897,0.18206108992907685,0.9129360098655198,0,0,158.69014031386234,171.21425320466037,177.6616687941362,0,0,0,0,0
869,28.933333333333334,0,1,360.4042434692383,160.8660078048706,316.5772819519043,239.68882083892822,296.60837173461914,238.34110736846924,313.0226707458496,40.87921500205994,338.4907627105713,200.2774143218994,,,,,,,,0,109.93198788542394,0.8203962920697897,0.18206108992907685,0.9129360098655198,0,0,158.69014031386234,171.21425320466037,177.6616687941362,0,0,0,0,0
870,28.966666666666665,1,1,350.6612014770508,148.7188196182251,315.1374626159668,214.7825574874878,295.2262496948242,222.43201732635498,304.7117042541504,20.417484641075134,332.8993320465088,181.75068855285645,,,,,,,,0,111.86736496075805,0.6705174713803373,0.19067259425503014,0.8244728691720652,0,0,155.49768770613397,173.31492988815964,173.63612986200977,0,0,0,0,0
871,29.0,0,1,350.6612014770508,148.7188196182251,315.1374626159668,214.7825574874878,295.2262496948242,222.43201732635498,304.7117042541504,20.417484641075134,332.8993320465088,181.75068855285645,,,,,,,,0,111.86736496075805,0.6705174713803373,0.19067259425503014,0.8244728691720652,0,0,155.49768770613397,173.31492988815964,173.63612986200977,0,0,0,0,0
872,29.033333333333335,0,1,350.6612014770508,148.7188196182251,315.1374626159668,214.7825574874878,295.2262496948242,222.43201732635498,304.7117042541504,20.417484641075134,332.8993320465088,181.75068855285645,,,,,,,,0,111.86736496075805,0.6705174713803373,0.19067259425503014,0.8244728691720652,0,0,155.49768770613397,173.31492988815964,173.63612986200977,0,0,0,0,0
873,29.066666666666666,1,1,345.7562255859375,125.04836082458496,306.1594581604004,193.52735996246338,283.7917709350586,198.17142963409424,289.0840721130371,-4.3650121986866,325.95784187316895,159.28786039352417,,,,,,,,0,113.22408480492058,0.6986407001850196,0.20176547166230446,0.8465215858505832,0,0,151.92710026737728,171.55140595437894,172.78177649163734,0,0,0,0,0
874,29.1,0,1,345.7562255859375,125.04836082458496,306.1594581604004,193.52735996246338,283.7917709350586,198.17142963409424,289.0840721130371,-4.3650121986866,325.95784187316895,159.28786039352417,,,,,,,,0,113.22408480492058,0.6986407001850196,0.20176547166230446,0.8465215858505832,0,0,151.92710026737728,171.55140595437894,172.78177649163734,0,0,0,0,0
875,29.133333333333333,0,1,345.7562255859375,125.04836082458496,306.1594581604004,193.52735996246338,283.7917709350586,198.17142963409424,289.0840721130371,-4.3650121986866,325.95784187316895,159.28786039352417,,,,,,,,0,113.22408480492058,0.6986407001850196,0.20176547166230446,0.8465215858505832,0,0,151.92710026737728,171.55140595437894,172.78177649163734,0,0,0,0,0
876,29.166666666666668,1,1,335.8241653442383,116.71760559082031,305.1755905151367,180.4352617263794,282.1424674987793,188.53458881378174,286.98389053344727,-21.308655738830566,320.4998779296875,148.57643365859985,,,,,,,,0,109.54476947399172,0.6454488939465286,0.22288282561872855,0.8185029982637592,0,0,146.558525713733,171.6482110963509,174.8369195828447,0,0,0,0,0
877,29.2,0,1,335.8241653442383,116.71760559082031,305.1755905151367,180.4352617263794,282.1424674987793,188.53458881378174,286.98389053344727,-21.308655738830566,320.4998779296875,148.57643365859985,,,,,,,,0,109.54476947399172,0.6454488939465286,0.22288282561872855,0.8185029982637592,0,0,146.558525713733,171.6482110963509,174.8369195828447,0,0,0,0,0
878,29.233333333333334,0,1,335.8241653442383,116.71760559082031,305.1755905151367,180.4352617263794,282.1424674987793,188.53458881378174,286.98389053344727,-21.308655738830566,320.4998779296875,148.57643365859985,,,,,,,,0,109.54476947399172,0.6454488939465286,0.22288282561872855,0.8185029982637592,0,0,146.558525713733,171.6482110963509,174.8369195828447,0,0,0,0,0
879,29.266666666666666,1,1,336.9441604614258,101.08879566192627,302.5182342529297,166.91335201263428,289.7846031188965,158.9805793762207,293.2782745361328,-38.074883222579956,319.73119735717773,134.00107383728027,109.96431974855004,0.0,0.0,0.0,0.0,0.0,0.0,3,109.96431974855004,0.6755223304807547,0.13643038592404705,0.6790307399411324,1,1,143.00461682344937,172.61520122480107,168.83545696850027,0,0,0,0,0
880,29.3,0,1,336.9441604614258,101.08879566192627,302.5182342529297,166.91335201263428,289.7846031188965,158.9805793762207,293.2782745361328,-38.074883222579956,319.73119735717773,134.00107383728027,109.96431974855004,0.0,0.0,0.0,0.0,0.0,0.0,3,109.96431974855004,0.6755223304807547,0.13643038592404705,0.6790307399411324,1,2,143.00461682344937,172.61520122480107,168.83545696850027,0,0,0,0,0
881,29.333333333333332,0,1,336.9441604614258,101.08879566192627,302.5182342529297,166.91335201263428,289.7846031188965,158.9805793762207,293.2782745361328,-38.074883222579956,319.73119735717773,134.00107383728027,109.96431974855004,0.0,0.0,0.0,0.0,0.0,0.0,3,109.96431974855004,0.6755223304807547,0.13643038592404705,0.6790307399411324,1,3,143.00461682344937,172.61520122480107,168.83545696850027,0,0,0,0,0
882,29.366666666666667,1,1,335.5122375488281,93.62749814987183,311.0210418701172,146.37097835540771,286.3019371032715,155.64205169677734,291.60104751586914,-47.66064405441284,323.26663970947266,119.99923825263977,,,,,,,,0,111.55845774562403,0.5212722566353803,0.23665180374390432,0.7096484075524458,0,0,151.215050076863,175.32948780553326,162.06056556578432,0,0,0,0,0
883,29.4,0,1,335.5122375488281,93.62749814987183,311.0210418701172,146.37097835540771,286.3019371032715,155.64205169677734,291.60104751586914,-47.66064405441284,323.26663970947266,119.99923825263977,,,,,,,,0,111.55845774562403,0.5212722566353803,0.23665180374390432,0.7096484075524458,0,0,151.215050076863,175.32948780553326,162.06056556578432,0,0,0,0,0
884,29.433333333333334,0,1,335.5122375488281,93.62749814987183,311.0210418701172,146.37097835540771,286.3019371032715,155.64205169677734,291.60104751586914,-47.66064405441284,323.26663970947266,119.99923825263977,,,,,,,,0,111.55845774562403,0.5212722566353803,0.23665180374390432,0.7096484075524458,0,0,151.215050076863,175.32948780553326,162.06056556578432,0,0,0,0,0
885,29.466666666666665,1,1,316.47539138793945,110.46749353408813,304.82044219970703,181.1400604248047,274.20825958251953,176.06815338134766,276.1199188232422,-27.11131989955902,310.64791679382324,145.8037769794464,,,,,,,,0,108.73206251729765,0.6587491753974197,0.28537582033117437,0.7177108092152521,0,0,146.1326104813132,177.8657663307368,157.75413156900595,0,0,0,0,0
886,29.5,0,1,316.47539138793945,110.46749353408813,304.82044219970703,181.1400604248047,274.20825958251953,176.06815338134766,276.1199188232422,-27.11131989955902,310.64791679382324,145.8037769794464,,,,,,,,0,108.73206251729765,0.6587491753974197,0.28537582033117437,0.7177108092152521,0,0,146.1326104813132,177.8657663307368,157.75413156900595,0,0,0,0,0
887,29.533333333333335,0,1,316.47539138793945,110.46749353408813,304.82044219970703,181.1400604248047,274.20825958251953,176.06815338134766,276.1199188232422,-27.11131989955902,310.64791679382324,145.8037769794464,,,,,,,,0,108.73206251729765,0.6587491753974197,0.28537582033117437,0.7177108092152521,0,0,146.1326104813132,177.8657663307368,157.75413156900595,0,0,0,0,0
888,29.566666666666666,1,1,314.19878005981445,132.06069946289062,312.52885818481445,222.0336627960205,272.8581237792969,211.68685913085938,260.62536239624023,2.4102479964494705,313.36381912231445,177.04718112945557,,,,,,,,0,118.86793322832939,0.7570457115679229,0.3449025028544434,0.7547730296308476,0,0,151.81026124078755,179.05684666773982,159.752558714138,0,0,0,0,0
889,29.6,0,1,314.19878005981445,132.06069946289062,312.52885818481445,222.0336627960205,272.8581237792969,211.68685913085938,260.62536239624023,2.4102479964494705,313.36381912231445,177.04718112945557,,,,,,,,0,118.86793322832939,0.7570457115679229,0.3449025028544434,0.7547730296308476,0,0,151.81026124078755,179.05684666773982,159.752558714138,0,0,0,0,0
890,29.633333333333333,0,1,314.19878005981445,132.06069946289062,312.52885818481445,222.0336627960205,272.8581237792969,211.68685913085938,260.62536239624023,2.4102479964494705,313.36381912231445,177.04718112945557,,,,,,,,0,118.86793322832939,0.7570457115679229,0.3449025028544434,0.7547730296308476,0,0,151.81026124078755,179.05684666773982,159.752558714138,0,0,0,0,0
891,29.666666666666668,1,1,305.22579193115234,161.74738883972168,315.5379295349121,242.71960258483887,273.6908149719238,232.40801811218262,255.12832641601562,33.70513916015625,310.3818607330322,202.23349571228027,105.05132668885317,24.514015197753906,59.23744583129883,64.10937474138842,0.23335274261086558,0.5638905066544431,0.6102671595121414,108,120.80672766869918,0.6756761008620294,0.3567585851664795,0.6405119919268137,1,1,165.0436418256218,173.58442351738654,155.90478303176945,0,0,0,0,0
892,29.7,0,1,305.22579193115234,161.74738883972168,315.5379295349121,242.71960258483887,273.6908149719238,232.40801811218262,255.12832641601562,33.70513916015625,310.3818607330322,202.23349571228027,105.05132668885317,24.514015197753906,59.23744583129883,64.10937474138842,0.23335274261086558,0.5638905066544431,0.6102671595121414,108,120.80672766869918,0.6756761008620294,0.3567585851664795,0.6405119919268137,1,2,165.0436418256218,173.58442351738654,155.90478303176945,0,0,0,0,0
893,29.733333333333334,0,1,305.22579193115234,161.74738883972168,315.5379295349121,242.71960258483887,273.6908149719238,232.40801811218262,255.12832641601562,33.70513916015625,310.3818607330322,202.23349571228027,105.05132668885317,24.514015197753906,59.23744583129883,64.10937474138842,0.23335274261086558,0.5638905066544431,0.6102671595121414,108,120.80672766869918,0.6756761008620294,0.3567585851664795,0.6405119919268137,1,3,165.0436418256218,173.58442351738654,155.90478303176945,0,0,0,0,0
894,29.766666666666666,1,1,297.7577209472656,165.1938772201538,312.6837158203125,245.85883140563965,273.9892768859863,231.57372951507568,250.65401077270508,50.73136925697327,305.22071838378906,205.52635431289673,105.05132668885317,24.514015197753906,59.23744583129883,64.10937474138842,0.23335274261086558,0.5638905066544431,0.6102671595121414,108,117.5348082281256,0.6979571696842191,0.3509352375294409,0.599881061340009,1,4,167.86764502682624,177.78282690598414,132.0850880815355,-1,1,0,0,0
895,29.8,0,1,297.7577209472656,165.1938772201538,312.6837158203125,245.85883140563965,273.9892768859863,231.57372951507568,250.65401077270508,50.73136925697327,305.22071838378906,205.52635431289673,105.05132668885317,24.514015197753906,59.23744583129883,64.10937474138842,0.23335274261086558,0.5638905066544431,0.6102671595121414,108,117.5348082281256,0.6979571696842191,0.3509352375294409,0.599881061340009,1,5,167.86764502682624,177.78282690598414,132.0850880815355,0,0,0,0,0
896,29.833333333333332,0,1,297.7577209472656,165.1938772201538,312.6837158203125,245.85883140563965,273.9892768859863,231.57372951507568,250.65401077270508,50.73136925697327,305.22071838378906,205.52635431289673,105.05132668885317,24.514015197753906,59.23744583129883,64.10937474138842,0.23335274261086558,0.5638905066544431,0.6102671595121414,108,117.5348082281256,0.6979571696842191,0.3509352375294409,0.599881061340009,1,6,167.86764502682624,177.78282690598414,132.0850880815355,0,0,0,0,0
897,29.866666666666667,1,1,291.68996810913086,163.26725006103516,299.20726776123047,234.19228076934814,263.81547927856445,225.80304622650146,240.5931282043457,40.44313430786133,295.44861793518066,198.72976541519165,105.05132668885317,24.514015197753906,59.23744583129883,64.10937474138842,0.23335274261086558,0.5638905066544431,0.6102671595121414,108,121.10356455927825,0.5889363813232457,0.3003420173849935,0.5653580465421487,1,7,174.78285836125028,170.68056733011073,137.30969533693965,-1,-1,0,1,1
898,29.9,0,1,291.68996810913086,163.26725006103516,299.20726776123047,234.19228076934814,263.81547927856445,225.80304622650146,240.5931282043457,40.44313430786133,295.44861793518066,198.72976541519165,105.05132668885317,24.514015197753906,59.23744583129883,64.10937474138842,0.23335274261086558,0.5638905066544431,0.6102671595121414,108,121.10356455927825,0.5889363813232457,0.3003420173849935,0.5653580465421487,1,8,174.78285836125028,170.68056733011073,137.30969533693965,0,0,0,1,1
899,29.933333333333334,0,1,291.68996810913086,163.26725006103516,299.20726776123047,234.19228076934814,263.81547927856445,225.80304622650146,240.5931282043457,40.44313430786133,295.44861793518066,198.72976541519165,105.05132668885317,24.514015197753906,59.23744583129883,64.10937474138842,0.23335274261086558,0.5638905066544431,0.6102671595121414,108,121.10356455927825,0.5889363813232457,0.3003420173849935,0.5653580465421487,1,9,174.78285836125028,170.68056733011073,137.30969533693965,0,0,0,1,1
900,29.966666666666665,1,1,287.0893669128418,143.7135887145996,298.16511154174805,199.00371551513672,262.59084701538086,200.49342155456543,234.47879791259766,19.74131941795349,292.6272392272949,171.35865211486816,105.05132668885317,24.514015197753906,59.23744583129883,64.10937474138842,0.23335274261086558,0.5638905066544431,0.6102671595121414,108,119.3753300341653,0.4723636348339208,0.29826466054536405,0.5180260052400663,1,10,176.19290790399384,169.1357008297994,141.3561921796103,-1,-1,0,1,1
901,30.0,0,1,287.0893669128418,143.7135887145996,298.16511154174805,199.00371551513672,262.59084701538086,200.49342155456543,234.47879791259766,19.74131941795349,292.6272392272949,171.35865211486816,105.05132668885317,24.514015197753906,59.23744583129883,64.10937474138842,0.23335274261086558,0.5638905066544431,0.6102671595121414,108,119.3753300341653,0.4723636348339208,0.29826466054536405,0.5180260052400663,1,11,176.19290790399384,169.1357008297994,141.3561921796103,0,0,0,1,1
902,30.033333333333335,0,1,287.0893669128418,143.7135887145996,298.16511154174805,199.00371551513672,262.59084701538086,200.49342155456543,234.47879791259766,19.74131941795349,292.6272392272949,171.35865211486816,105.05132668885317,24.514015197753906,59.23744583129883,64.10937474138842,0.23335274261086558,0.5638905066544431,0.6102671595121414,108,119.3753300341653,0.4723636348339208,0.29826466054536405,0.5180260052400663,1,12,176.19290790399384,169.1357008297994,141.3561921796103,0,0,0,1,1
903,30.066666666666666,1,1,272.64787673950195,115.30341625213623,295.9182929992676,176.46051406860352,263.0926322937012,167.01460361480713,229.21293258666992,-4.829514026641846,284.28308486938477,145.88196516036987,105.05132668885317,24.514015197753906,59.23744583129883,64.10937474138842,0.23335274261086558,0.5638905066544431,0.6102671595121414,108,118.14469137034538,0.5538524124084073,0.28911761219849685,0.44510329485148586,1,13,168.2613526391004,171.3897431973258,117.90707155759833,-1,-1,0,1,1
904,30.1,0,1,272.64787673950195,115.30341625213623,295.9182929992676,176.46051406860352,263.0926322937012,167.01460361480713,229.21293258666992,-4.829514026641846,284.28308486938477,145.88196516036987,105.05132668885317,24.514015197753906,59.23744583129883,64.10937474138842,0.23335274261086558,0.5638905066544431,0.6102671595121414,108,118.14469137034538,0.5538524124084073,0.28911761219849685,0.44510329485148586,1,14,168.2613526391004,171.3897431973258,117.90707155759833,0,0,0,1,1
905,30.133333333333333,0,1,272.64787673950195,115.30341625213623,295.9182929992676,176.46051406860352,263.0926322937012,167.01460361480713,229.21293258666992,-4.829514026641846,284.28308486938477,145.88196516036987,105.05132668885317,24.514015197753906,59.23744583129883,64.10937474138842,0.23335274261086558,0.5638905066544431,0.6102671595121414,108,118.14469137034538,0.5538524124084073,0.28911761219849685,0.44510329485148586,1,15,168.2613526391004,171.3897431973258,117.90707155759833,0,0,0,1,1
906,30.166666666666668,1,1,263.6174964904785,112.29392051696777,289.9280548095703,164.125657081604,256.3088607788086,151.99174404144287,224.97413635253906,-12.7022784948349,276.7727756500244,138.2097887992859,105.05132668885317,24.514015197753906,59.23744583129883,64.10937474138842,0.23335274261086558,0.5638905066544431,0.6102671595121414,108,116.23785556123208,0.5000713893918797,0.3074891631890495,0.3472620974937045,1,16,171.11785215744973,179.30002497051004,102.04065473230668,-1,-1,0,1,1
907,30.2,0,1,263.6174964904785,112.29392051696777,289.9280548095703,164.125657081604,256.3088607788086,151.99174404144287,224.97413635253906,-12.7022784948349,276.7727756500244,138.2097887992859,105.05132668885317,24.514015197753906,59.23744583129883,64.10937474138842,0.23335274261086558,0.5638905066544431,0.6102671595121414,108,116.23785556123208,0.5000713893918797,0.3074891631890495,0.3472620974937045,1,17,171.11785215744973,179.30002497051004,102.04065473230668,0,0,0,1,1
908,30.233333333333334,0,1,263.6174964904785,112.29392051696777,289.9280548095703,164.125657081604,256.3088607788086,151.99174404144287,224.97413635253906,-12.7022784948349,276.7727756500244,138.2097887992859,105.05132668885317,24.514015197753906,59.23744583129883,64.10937474138842,0.23335274261086558,0.5638905066544431,0.6102671595121414,108,116.23785556123208,0.5000713893918797,0.3074891631890495,0.3472620974937045,1,18,171.11785215744973,179.30002497051004,102.04065473230668,0,0,0,1,1
909,30.266666666666666,1,1,265.65393447875977,123.37394714355469,288.4599494934082,173.05222034454346,258.41297149658203,170.76011180877686,217.72310256958008,-12.521378695964813,277.056941986084,148.21308374404907,105.05132668885317,24.514015197753906,59.23744583129883,64.10937474138842,0.23335274261086558,0.5638905066544431,0.6102671595121414,108,113.78157280473334,0.48042062616530135,0.2648432098755738,0.4213002857761693,1,19,177.21898843121332,170.50412731190116,133.83327003601806,0,1,0,2,2
910,30.3,0,1,265.65393447875977,123.37394714355469,288.4599494934082,173.05222034454346,258.41297149658203,170.76011180877686,217.72310256958008,-12.521378695964813,277.056941986084,148.21308374404907,105.05132668885317,24.514015197753906,59.23744583129883,64.10937474138842,0.23335274261086558,0.5638905066544431,0.6102671595121414,108,113.78157280473334,0.48042062616530135,0.2648432098755738,0.4213002857761693,1,20,177.21898843121332,170.50412731190116,133.83327003601806,0,0,0,2,2
911,30.333333333333332,0,1,265.65393447875977,123.37394714355469,288.4599494934082,173.05222034454346,258.41297149658203,170.76011180877686,217.72310256958008,-12.521378695964813,277.056941986084,148.21308374404907,105.05132668885317,24.514015197753906,59.23744583129883,64.10937474138842,0.23335274261086558,0.5638905066544431,0.6102671595121414,108,113.78157280473334,0.48042062616530135,0.2648432098755738,0.4213002857761693,1,21,177.21898843121332,170.50412731190116,133.83327003601806,0,0,0,2,2
912,30.366666666666667,1,1,279.8970603942871,119.27845001220703,304.50185775756836,175.8835744857788,275.0162887573242,179.74276542663574,209.3326759338379,4.937699139118195,292.19945907592773,147.58101224899292,105.05132668885317,24.514015197753906,59.23744583129883,64.10937474138842,0.23335274261086558,0.5638905066544431,0.6102671595121414,108,114.69078027457186,0.5381552027804132,0.25928021225639836,0.5289090114580284,1,22,177.41434139888096,175.97736995676325,144.21503677252892,1,0,1,2,2
913,30.4,0,1,279.8970603942871,119.27845001220703,304.50185775756836,175.8835744857788,275.0162887573242,179.74276542663574,209.3326759338379,4.937699139118195,292.19945907592773,147.58101224899292,105.05132668885317,24.514015197753906,59.23744583129883,64.10937474138842,0.23335274261086558,0.5638905066544431,0.6102671595121414,108,114.69078027457186,0.5381552027804132,0.25928021225639836,0.5289090114580284,1,23,177.41434139888096,175.97736995676325,144.21503677252892,0,0,1,2,2
914,30.433333333333334,0,1,279.8970603942871,119.27845001220703,304.50185775756836,175.8835744857788,275.0162887573242,179.74276542663574,209.3326759338379,4.937699139118195,292.19945907592773,147.58101224899292,105.05132668885317,24.514015197753906,59.23744583129883,64.10937474138842,0.23335274261086558,0.5638905066544431,0.6102671595121414,108,114.69078027457186,0.5381552027804132,0.25928021225639836,0.5289090114580284,1,24,177.41434139888096,175.97736995676325,144.21503677252892,0,0,1,2,2
915,30.466666666666665,1,1,283.9073371887207,125.86405277252197,309.67132568359375,161.4030361175537,285.2623748779297,173.2467555999756,204.25636291503906,18.777583837509155,296.7893314361572,143.63354444503784,105.05132668885317,24.514015197753906,59.23744583129883,64.10937474138842,0.23335274261086558,0.5638905066544431,0.6102671595121414,108,111.51363310552992,0.39363221000707815,0.2432942034027216,0.42507873743991964,1,25,178.18921897606737,166.98737439680315,121.74094953433782,1,-1,1,3,3
916,30.5,0,1,283.9073371887207,125.86405277252197,309.67132568359375,161.4030361175537,285.2623748779297,173.2467555999756,204.25636291503906,18.777583837509155,296.7893314361572,143.63354444503784,105.05132668885317,24.514015197753906,59.23744583129883,64.10937474138842,0.23335274261086558,0.5638905066544431,0.6102671595121414,108,111.51363310552992,0.39363221000707815,0.2432942034027216,0.42507873743991964,1,26,178.18921897606737,166.98737439680315,121.74094953433782,0,0,1,3,3
917,30.533333333333335,0,1,283.9073371887207,125.86405277252197,309.67132568359375,161.4030361175537,285.2623748779297,173.2467555999756,204.25636291503906,18.777583837509155,296.7893314361572,143.63354444503784,105.05132668885317,24.514015197753906,59.23744583129883,64.10937474138842,0.23335274261086558,0.5638905066544431,0.6102671595121414,108,111.51363310552992,0.39363221000707815,0.2432942034027216,0.42507873743991964,1,27,178.18921897606737,166.98737439680315,121.74094953433782,0,0,1,3,3
918,30.566666666666666,1,1,280.56949615478516,129.2510747909546,302.5185203552246,169.58072662353516,281.0173797607422,180.64842224121094,196.45463943481445,20.06003737449646,291.5440082550049,149.41590070724487,105.05132668885317,24.514015197753906,59.23744583129883,64.10937474138842,0.23335274261086558,0.5638905066544431,0.6102671595121414,108,113.35133873864747,0.4050731155072967,0.21334103818115177,0.4534511850064377,1,28,176.66674855034773,178.78775401769371,137.3951171710595,-1,1,2,4,4
919,30.6,0,1,280.56949615478516,129.2510747909546,302.5185203552246,169.58072662353516,281.0173797607422,180.64842224121094,196.45463943481445,20.06003737449646,291.5440082550049,149.41590070724487,105.05132668885317,24.514015197753906,59.23744583129883,64.10937474138842,0.23335274261086558,0.5638905066544431,0.6102671595121414,108,113.35133873864747,0.4050731155072967,0.21334103818115177,0.4534511850064377,1,29,176.66674855034773,178.78775401769371,137.3951171710595,0,0,2,4,4
920,30.633333333333333,0,1,280.56949615478516,129.2510747909546,302.5185203552246,169.58072662353516,281.0173797607422,180.64842224121094,196.45463943481445,20.06003737449646,291.5440082550049,149.41590070724487,105.05132668885317,24.514015197753906,59.23744583129883,64.10937474138842,0.23335274261086558,0.5638905066544431,0.6102671595121414,108,113.35133873864747,0.4050731155072967,0.21334103818115177,0.4534511850064377,1,30,176.66674855034773,178.78775401769371,137.3951171710595,0,0,2,4,4
921,30.666666666666668,1,1,274.51011657714844,135.99982738494873,295.82664489746094,159.88650798797607,274.6762275695801,186.58305644989014,194.33448791503906,28.751161694526672,285.1683807373047,147.9431676864624,105.05132668885317,24.514015197753906,59.23744583129883,64.10937474138842,0.23335274261086558,0.5638905066544431,0.6102671595121414,108,114.03864347798464,0.2807392190113911,0.29866582792052954,0.4435645695935363,1,31,179.46258788180634,144.1274839138417,122.5506435927937,-1,0,2,4,4
922,30.7,0,1,274.51011657714844,135.99982738494873,295.82664489746094,159.88650798797607,274.6762275695801,186.58305644989014,194.33448791503906,28.751161694526672,285.1683807373047,147.9431676864624,105.05132668885317,24.514015197753906,59.23744583129883,64.10937474138842,0.23335274261086558,0.5638905066544431,0.6102671595121414,108,114.03864347798464,0.2807392190113911,0.29866582792052954,0.4435645695935363,1,32,179.46258788180634,144.1274839138417,122.5506435927937,0,0,2,4,4
923,30.733333333333334,0,1,274.51011657714844,135.99982738494873,295.82664489746094,159.88650798797607,274.6762275695801,186.58305644989014,194.33448791503906,28.751161694526672,285.1683807373047,147.9431676864624,105.05132668885317,24.514015197753906,59.23744583129883,64.10937474138842,0.23335274261086558,0.5638905066544431,0.6102671595121414,108,114.03864347798464,0.2807392190113911,0.29866582792052954,0.4435645695935363,1,33,179.46258788180634,144.1274839138417,122.5506435927937,0,0,2,4,4
924,30.766666666666666,1,1,273.2799530029297,153.39383125305176,286.2264633178711,185.00651836395264,262.73094177246094,201.70632362365723,198.02019119262695,47.76744246482849,279.7532081604004,169.2001748085022,105.05132668885317,24.514015197753906,59.23744583129883,64.10937474138842,0.23335274261086558,0.5638905066544431,0.6102671595121414,108,109.79038301336503,0.31114749682291354,0.26255246344129757,0.45041075243654777,1,34,177.85269281592034,154.3740951276582,112.5428261763424,-1,1,2,4,4
925,30.8,0,1,273.2799530029297,153.39383125305176,286.2264633178711,185.00651836395264,262.73094177246094,201.70632362365723,198.02019119262695,47.76744246482849,279.7532081604004,169.2001748085022,105.05132668885317,24.514015197753906,59.23744583129883,64.10937474138842,0.23335274261086558,0.5638905066544431,0.6102671595121414,108,109.79038301336503,0.31114749682291354,0.26255246344129757,0.45041075243654777,1,35,177.85269281592034,154.3740951276582,112.5428261763424,0,0,2,4,4
926,30.833333333333332,0,1,273.2799530029297,153.39383125305176,286.2264633178711,185.00651836395264,262.73094177246094,201.70632362365723,198.02019119262695,47.76744246482849,279.7532081604004,169.2001748085022,105.05132668885317,24.514015197753906,59.23744583129883,64.10937474138842,0.23335274261086558,0.5638905066544431,0.6102671595121414,108,109.79038301336503,0.31114749682291354,0.26255246344129757,0.45041075243654777,1,36,177.85269281592034,154.3740951276582,112.5428261763424,0,0,2,4,4
927,30.866666666666667,1,1,268.0474090576172,180.72399616241455,286.8218803405762,204.5256471633911,262.45378494262695,225.76831340789795,204.4243049621582,70.61722040176392,277.4346446990967,192.62482166290283,105.05132668885317,24.514015197753906,59.23744583129883,64.10937474138842,0.23335274261086558,0.5638905066544431,0.6102671595121414,108,105.26321124778474,0.2879923755474231,0.30710928502981893,0.4312076118466041,1,37,172.15087028915758,131.79738780251355,114.94072312282323,-1,1,2,4,4
928,30.9,0,1,268.0474090576172,180.72399616241455,286.8218803405762,204.5256471633911,262.45378494262695,225.76831340789795,204.4243049621582,70.61722040176392,277.4346446990967,192.62482166290283,105.05132668885317,24.514015197753906,59.23744583129883,64.10937474138842,0.23335274261086558,0.5638905066544431,0.6102671595121414,108,105.26321124778474,0.2879923755474231,0.30710928502981893,0.4312076118466041,1,38,172.15087028915758,131.79738780251355,114.94072312282323,0,0,2,4,4
929,30.933333333333334,0,1,268.0474090576172,180.72399616241455,286.8218803405762,204.5256471633911,262.45378494262695,225.76831340789795,204.4243049621582,70.61722040176392,277.4346446990967,192.62482166290283,105.05132668885317,24.514015197753906,59.23744583129883,64.10937474138842,0.23335274261086558,0.5638905066544431,0.6102671595121414,108,105.26321124778474,0.2879923755474231,0.30710928502981893,0.4312076118466041,1,39,172.15087028915758,131.79738780251355,114.94072312282323,0,0,2,4,4
930,30.966666666666665,1,1,285.939998626709,219.13105487823486,288.23429107666016,238.70040893554688,262.0002746582031,248.16450119018555,207.44976043701172,85.85466384887695,287.08714485168457,228.91573190689087,105.05132668885317,24.514015197753906,59.23744583129883,64.10937474138842,0.23335274261086558,0.5638905066544431,0.6102671595121414,108,104.86721903182874,0.18788889014112836,0.2659452078151701,0.3588390976878329,1,40,177.3503330605129,147.92158414427584,123.27122550656209,1,1,3,4,4
931,31.0,0,1,285.939998626709,219.13105487823486,288.23429107666016,238.70040893554688,262.0002746582031,248.16450119018555,207.44976043701172,85.85466384887695,287.08714485168457,228.91573190689087,105.05132668885317,24.514015197753906,59.23744583129883,64.10937474138842,0.23335274261086558,0.5638905066544431,0.6102671595121414,108,104.86721903182874,0.18788889014112836,0.2659452078151701,0.3588390976878329,1,41,177.3503330605129,147.92158414427584,123.27122550656209,0,0,3,4,4
932,31.033333333333335,0,1,285.939998626709,219.13105487823486,288.23429107666016,238.70040893554688,262.0002746582031,248.16450119018555,207.44976043701172,85.85466384887695,287.08714485168457,228.91573190689087,105.05132668885317,24.514015197753906,59.23744583129883,64.10937474138842,0.23335274261086558,0.5638905066544431,0.6102671595121414,108,104.86721903182874,0.18788889014112836,0.2659452078151701,0.3588390976878329,1,42,177.3503330605129,147.92158414427584,123.27122550656209,0,0,3,4,4
933,31.066666666666666,1,1,294.5743751525879,228.6767864227295,296.23069763183594,259.80268478393555,266.0993003845215,250.50453186035156,212.4459457397461,93.99430990219116,295.4025363922119,244.23973560333252,105.05132668885317,24.514015197753906,59.23744583129883,64.10937474138842,0.23335274261086558,0.5638905066544431,0.6102671595121414,108,106.6256586035852,0.2923305430721128,0.2957395351541003,0.33649207781762314,1,43,172.4453946328139,162.58169016704468,112.88411870019101,1,1,3,4,4
934,31.1,0,1,294.5743751525879,228.6767864227295,296.23069763183594,259.80268478393555,266.0993003845215,250.50453186035156,212.4459457397461,93.99430990219116,295.4025363922119,244.23973560333252,105.05132668885317,24.514015197753906,59.23744583129883,64.10937474138842,0.23335274261086558,0.5638905066544431,0.6102671595121414,108,106.6256586035852,0.2923305430721128,0.2957395351541003,0.33649207781762314,1,44,172.4453946328139,162.58169016704468,112.88411870019101,0,0,3,4,4
935,31.133333333333333,0,1,294.5743751525879,228.6767864227295,296.23069763183594,259.80268478393555,266.0993003845215,250.50453186035156,212.4459457397461,93.99430990219116,295.4025363922119,244.23973560333252,105.05132668885317,24.514015197753906,59.23744583129883,64.10937474138842,0.23335274261086558,0.5638905066544431,0.6102671595121414,108,106.6256586035852,0.2923305430721128,0.2957395351541003,0.33649207781762314,1,45,172.4453946328139,162.58169016704468,112.88411870019101,0,0,3,4,4
936,31.166666666666668,1,1,284.0326690673828,208.58210563659668,289.9977493286133,244.78177070617676,265.0173568725586,234.51613426208496,218.6821174621582,89.05609130859375,287.01520919799805,226.68193817138672,105.05132668885317,24.514015197753906,59.23744583129883,64.10937474138842,0.23335274261086558,0.5638905066544431,0.6102671595121414,108,104.832675413115,0.3499657368296441,0.25762451791242175,0.3067583164657278,1,46,174.68702628291211,168.12474203558327,89.17475462816991,-1,-1,4,5,5
937,31.2,0,1,284.0326690673828,208.58210563659668,289.9977493286133,244.78177070617676,265.0173568725586,234.51613426208496,218.6821174621582,89.05609130859375,287.01520919799805,226.68193817138672,105.05132668885317,24.514015197753906,59.23744583129883,64.10937474138842,0.23335274261086558,0.5638905066544431,0.6102671595121414,108,104.832675413115,0.3499657368296441,0.25762451791242175,0.3067583164657278,1,47,174.68702628291211,168.12474203558327,89.17475462816991,0,0,4,5,5
938,31.233333333333334,0,1,284.0326690673828,208.58210563659668,289.9977493286133,244.78177070617676,265.0173568725586,234.51613426208496,218.6821174621582,89.05609130859375,287.01520919799805,226.68193817138672,105.05132668885317,24.514015197753906,59.23744583129883,64.10937474138842,0.23335274261086558,0.5638905066544431,0.6102671595121414,108,104.832675413115,0.3499657368296441,0.25762451791242175,0.3067583164657278,1,48,174.68702628291211,168.12474203558327,89.17475462816991,0,0,4,5,5
939,31.266666666666666,1,1,288.04370880126953,189.79541301727295,289.6920967102051,211.87268257141113,261.1122131347656,208.33276748657227,225.5788230895996,68.16806316375732,288.8679027557373,200.83404779434204,105.05132668885317,24.514015197753906,59.23744583129883,64.10937474138842,0.23335274261086558,0.5638905066544431,0.6102671595121414,108,109.30626567558171,0.2025384538153203,0.26346409856650743,0.2991103201573338,1,49,176.21265834100686,144.96736857789267,63.55012057704378,0,-1,4,5,5
940,31.3,0,1,288.04370880126953,189.79541301727295,289.6920967102051,211.87268257141113,261.1122131347656,208.33276748657227,225.5788230895996,68.16806316375732,288.8679027557373,200.83404779434204,105.05132668885317,24.514015197753906,59.23744583129883,64.10937474138842,0.23335274261086558,0.5638905066544431,0.6102671595121414,108,109.30626567558171,0.2025384538153203,0.26346409856650743,0.2991103201573338,1,50,176.21265834100686,144.96736857789267,63.55012057704378,0,0,4,5,5
941,31.333333333333332,0,1,288.04370880126953,189.79541301727295,289.6920967102051,211.87268257141113,261.1122131347656,208.33276748657227,225.5788230895996,68.16806316375732,288.8679027557373,200.83404779434204,105.05132668885317,24.514015197753906,59.23744583129883,64.10937474138842,0.23335274261086558,0.5638905066544431,0.6102671595121414,108,109.30626567558171,0.2025384538153203,0.26346409856650743,0.2991103201573338,1,51,176.21265834100686,144.96736857789267,63.55012057704378,0,0,4,5,5
942,31.366666666666667,1,1,291.41252517700195,165.77414989471436,297.25624084472656,188.98223876953125,272.0878028869629,184.2493200302124,230.87791442871094,45.19684910774231,294.33438301086426,177.3781943321228,105.05132668885317,24.514015197753906,59.23744583129883,64.10937474138842,0.23335274261086558,0.5638905066544431,0.6102671595121414,108,103.3111240828892,0.2316545966410046,0.24788796130660487,0.25878442695156334,1,52,169.12253634662477,164.73042874510756,73.47177015374994,1,-1,5,5,5
943,31.4,0,1,291.41252517700195,165.77414989471436,297.25624084472656,188.98223876953125,272.0878028869629,184.2493200302124,230.87791442871094,45.19684910774231,294.33438301086426,177.3781943321228,105.05132668885317,24.514015197753906,59.23744583129883,64.10937474138842,0.23335274261086558,0.5638905066544431,0.6102671595121414,108,103.3111240828892,0.2316545966410046,0.24788796130660487,0.25878442695156334,1,53,169.12253634662477,164.73042874510756,73.47177015374994,0,0,5,5,5
944,31.433333333333334,0,1,291.41252517700195,165.77414989471436,297.25624084472656,188.98223876953125,272.0878028869629,184.2493200302124,230.87791442871094,45.19684910774231,294.33438301086426,177.3781943321228,105.05132668885317,24.514015197753906,59.23744583129883,64.10937474138842,0.23335274261086558,0.5638905066544431,0.6102671595121414,108,103.3111240828892,0.2316545966410046,0.24788796130660487,0.25878442695156334,1,54,169.12253634662477,164.73042874510756,73.47177015374994,0,0,5,5,5
945,31.466666666666665,1,1,297.50308990478516,141.71240329742432,302.25460052490234,186.76681995391846,279.9746322631836,168.4881591796875,236.26792907714844,21.71359419822693,299.87884521484375,164.2396116256714,105.05132668885317,24.514015197753906,59.23744583129883,64.10937474138842,0.23335274261086558,0.5638905066544431,0.6102671595121414,108,101.20628027891928,0.44764291955122243,0.28475019834689896,0.3162149244983778,1,55,165.97273901386856,171.2758875421303,104.84211012612744,1,-1,5,5,5
946,31.5,0,1,297.50308990478516,141.71240329742432,302.25460052490234,186.76681995391846,279.9746322631836,168.4881591796875,236.26792907714844,21.71359419822693,299.87884521484375,164.2396116256714,105.05132668885317,24.514015197753906,59.23744583129883,64.10937474138842,0.23335274261086558,0.5638905066544431,0.6102671595121414,108,101.20628027891928,0.44764291955122243,0.28475019834689896,0.3162149244983778,1,56,165.97273901386856,171.2758875421303,104.84211012612744,0,0,5,5,5
947,31.533333333333335,0,1,297.50308990478516,141.71240329742432,302.25460052490234,186.76681995391846,279.9746322631836,168.4881591796875,236.26792907714844,21.71359419822693,299.87884521484375,164.2396116256714,105.05132668885317,24.514015197753906,59.23744583129883,64.10937474138842,0.23335274261086558,0.5638905066544431,0.6102671595121414,108,101.20628027891928,0.44764291955122243,0.28475019834689896,0.3162149244983778,1,57,165.97273901386856,171.2758875421303,104.84211012612744,0,0,5,5,5
948,31.566666666666666,1,1,290.9050941467285,127.55062580108643,303.4783744812012,132.60179042816162,276.16479873657227,129.63902950286865,234.65618133544922,2.8503944724798203,297.19173431396484,130.07620811462402,105.05132668885317,24.514015197753906,59.23744583129883,64.10937474138842,0.23335274261086558,0.5638905066544431,0.6102671595121414,108,105.2354343458776,0.1287586110192783,0.26106980460454116,0.14146853543207547,1,58,160.83880960880407,67.56435394015769,51.47305117236487,-1,-1,6,5,6
949,31.6,0,1,290.9050941467285,127.55062580108643,303.4783744812012,132.60179042816162,276.16479873657227,129.63902950286865,234.65618133544922,2.8503944724798203,297.19173431396484,130.07620811462402,105.05132668885317,24.514015197753906,59.23744583129883,64.10937474138842,0.23335274261086558,0.5638905066544431,0.6102671595121414,108,105.2354343458776,0.1287586110192783,0.26106980460454116,0.14146853543207547,1,59,160.83880960880407,67.56435394015769,51.47305117236487,0,0,6,5,6
950,31.633333333333333,0,1,290.9050941467285,127.55062580108643,303.4783744812012,132.60179042816162,276.16479873657227,129.63902950286865,234.65618133544922,2.8503944724798203,297.19173431396484,130.07620811462402,105.05132668885317,24.514015197753906,59.23744583129883,64.10937474138842,0.23335274261086558,0.5638905066544431,0.6102671595121414,108,105.2354343458776,0.1287586110192783,0.26106980460454116,0.14146853543207547,1,60,160.83880960880407,67.56435394015769,51.47305117236487,0,0,6,5,6
951,31.666666666666668,1,1,294.17091369628906,118.73988389968872,305.42545318603516,138.30053329467773,277.696475982666,127.5873327255249,238.5281753540039,-8.839258253574371,299.7981834411621,128.52020859718323,105.05132668885317,24.514015197753906,59.23744583129883,64.10937474138842,0.23335274261086558,0.5638905066544431,0.6102671595121414,108,107.05669339153575,0.2107977870884217,0.27767126955510435,0.17467241866601618,1,61,166.40109438742343,148.6606639076685,70.68654554226536,1,0,7,5,7
952,31.7,0,1,294.17091369628906,118.73988389968872,305.42545318603516,138.30053329467773,277.696475982666,127.5873327255249,238.5281753540039,-8.839258253574371,299.7981834411621,128.52020859718323,105.05132668885317,24.514015197753906,59.23744583129883,64.10937474138842,0.23335274261086558,0.5638905066544431,0.6102671595121414,108,107.05669339153575,0.2107977870884217,0.27767126955510435,0.17467241866601618,1,62,166.40109438742343,148.6606639076685,70.68654554226536,0,0,7,5,7
953,31.733333333333334,0,1,294.17091369628906,118.73988389968872,305.42545318603516,138.30053329467773,277.696475982666,127.5873327255249,238.5281753540039,-8.839258253574371,299.7981834411621,128.52020859718323,105.05132668885317,24.514015197753906,59.23744583129883,64.10937474138842,0.23335274261086558,0.5638905066544431,0.6102671595121414,108,107.05669339153575,0.2107977870884217,0.27767126955510435,0.17467241866601618,1,63,166.40109438742343,148.6606639076685,70.68654554226536,0,0,7,5,7
954,31.766666666666666,1,1,287.6370048522949,102.32616662979126,300.75117111206055,111.97352170944214,271.7953300476074,105.86102485656738,233.3922004699707,-21.23876452445984,294.19408798217773,107.1498441696167,105.05132668885317,24.514015197753906,59.23744583129883,64.10937474138842,0.23335274261086558,0.5638905066544431,0.6102671595121414,108,107.0818933174997,0.152037307742714,0.2763676842899895,0.15157803085675076,1,64,162.14070214445505,78.36570912665209,44.15645018166899,-1,-1,8,5,8
955,31.8,0,1,287.6370048522949,102.32616662979126,300.75117111206055,111.97352170944214,271.7953300476074,105.86102485656738,233.3922004699707,-21.23876452445984,294.19408798217773,107.1498441696167,105.05132668885317,24.514015197753906,59.23744583129883,64.10937474138842,0.23335274261086558,0.5638905066544431,0.6102671595121414,108,107.0818933174997,0.152037307742714,0.2763676842899895,0.15157803085675076,1,65,162.14070214445505,78.36570912665209,44.15645018166899,0,0,8,5,8
956,31.833333333333332,0,1,287.6370048522949,102.32616662979126,300.75117111206055,111.97352170944214,271.7953300476074,105.86102485656738,233.3922004699707,-21.23876452445984,294.19408798217773,107.1498441696167,105.05132668885317,24.514015197753906,59.23744583129883,64.10937474138842,0.23335274261086558,0.5638905066544431,0.6102671595121414,108,107.0818933174997,0.152037307742714,0.2763676842899895,0.15157803085675076,1,66,162.14070214445505,78.36570912665209,44.15645018166899,0,0,8,5,8
957,31.866666666666667,1,1,275.75340270996094,67.90889739990234,286.9086456298828,82.83006191253662,258.72974395751953,83.66869926452637,215.20612716674805,-42.57373809814453,281.3310241699219,75.36947965621948,105.05132668885317,24.514015197753906,59.23744583129883,64.10937474138842,0.23335274261086558,0.5638905066544431,0.6102671595121414,108,103.42806736162294,0.18012614605883145,0.272569903390719,0.22429721416834253,1,67,165.80913501718175,97.29278908814884,67.03431350803919,-1,-1,8,5,8
958,31.9,0,1,275.75340270996094,67.90889739990234,286.9086456298828,82.83006191253662,258.72974395751953,83.66869926452637,215.20612716674805,-42.57373809814453,281.3310241699219,75.36947965621948,105.05132668885317,24.514015197753906,59.23744583129883,64.10937474138842,0.23335274261086558,0.5638905066544431,0.6102671595121414,108,103.42806736162294,0.18012614605883145,0.272569903390719,0.22429721416834253,1,68,165.80913501718175,97.29278908814884,67.03431350803919,0,0,8,5,8
959,31.933333333333334,0,1,275.75340270996094,67.90889739990234,286.9086456298828,82.83006191253662,258.72974395751953,83.66869926452637,215.20612716674805,-42.57373809814453,281.3310241699219,75.36947965621948,105.05132668885317,24.514015197753906,59.23744583129883,64.10937474138842,0.23335274261086558,0.5638905066544431,0.6102671595121414,108,103.42806736162294,0.18012614605883145,0.272569903390719,0.22429721416834253,1,69,165.80913501718175,97.29278908814884,67.03431350803919,0,0,8,5,8
960,31.966666666666665,1,1,262.8107452392578,30.256834030151367,260.7185363769531,62.40318059921265,224.9721908569336,51.849117279052734,185.1194190979004,-64.87689256668091,261.76464080810547,46.33000731468201,105.05132668885317,24.514015197753906,59.23744583129883,64.10937474138842,0.23335274261086558,0.5638905066544431,0.6102671595121414,108,97.3015858538912,0.33107743178753396,0.3830547242021903,0.4477403437170366,1,70,171.46668387690224,136.84856271897718,73.42185067463446,-1,-1,8,5,8
961,32.0,0,1,262.8107452392578,30.256834030151367,260.7185363769531,62.40318059921265,224.9721908569336,51.849117279052734,185.1194190979004,-64.87689256668091,261.76464080810547,46.33000731468201,105.05132668885317,24.514015197753906,59.23744583129883,64.10937474138842,0.23335274261086558,0.5638905066544431,0.6102671595121414,108,97.3015858538912,0.33107743178753396,0.3830547242021903,0.4477403437170366,1,71,171.46668387690224,136.84856271897718,73.42185067463446,0,0,8,5,8
962,32.03333333333333,0,1,262.8107452392578,30.256834030151367,260.7185363769531,62.40318059921265,224.9721908569336,51.849117279052734,185.1194190979004,-64.87689256668091,261.76464080810547,46.33000731468201,105.05132668885317,24.514015197753906,59.23744583129883,64.10937474138842,0.23335274261086558,0.5638905066544431,0.6102671595121414,108,97.3015858538912,0.33107743178753396,0.3830547242021903,0.4477403437170366,1,72,171.46668387690224,136.84856271897718,73.42185067463446,0,0,8,5,8
963,32.06666666666667,1,1,229.0711784362793,7.582729160785675,232.32122421264648,37.75891900062561,207.91650772094727,37.20620512962341,171.82340621948242,-78.37469816207886,230.6962013244629,22.670824080705643,105.05132668885317,24.514015197753906,59.23744583129883,64.10937474138842,0.23335274261086558,0.5638905066544431,0.6102671595121414,108,95.04753591395136,0.31932131293061766,0.2568291154472838,0.3829822246090989,1,73,176.94860209049742,126.88319803586138,101.1878026071389,-1,-1,8,5,8
964,32.1,0,1,229.0711784362793,7.582729160785675,232.32122421264648,37.75891900062561,207.91650772094727,37.20620512962341,171.82340621948242,-78.37469816207886,230.6962013244629,22.670824080705643,105.05132668885317,24.514015197753906,59.23744583129883,64.10937474138842,0.23335274261086558,0.5638905066544431,0.6102671595121414,108,95.04753591395136,0.31932131293061766,0.2568291154472838,0.3829822246090989,1,74,176.94860209049742,126.88319803586138,101.1878026071389,0,0,8,5,8
965,32.13333333333333,0,1,229.0711784362793,7.582729160785675,232.32122421264648,37.75891900062561,207.91650772094727,37.20620512962341,171.82340621948242,-78.37469816207886,230.6962013244629,22.670824080705643,105.05132668885317,24.514015197753906,59.23744583129883,64.10937474138842,0.23335274261086558,0.5638905066544431,0.6102671595121414,108,95.04753591395136,0.31932131293061766,0.2568291154472838,0.3829822246090989,1,75,176.94860209049742,126.88319803586138,101.1878026071389,0,0,8,5,8
966,32.166666666666664,1,1,228.9309310913086,40.926125049591064,228.5478401184082,60.9453821182251,205.81584930419922,47.684175968170166,166.12567901611328,-66.6502332687378,228.7393856048584,50.93575358390808,105.05132668885317,24.514015197753906,59.23744583129883,64.10937474138842,0.23335274261086558,0.5638905066544431,0.6102671595121414,108,89.34600282979906,0.22410540524497705,0.2945554446829672,0.26954465786866294,1,76,174.02299049277892,142.60419090142264,112.56005999920289,-1,1,8,6,8
967,32.2,0,1,228.9309310913086,40.926125049591064,228.5478401184082,60.9453821182251,205.81584930419922,47.684175968170166,166.12567901611328,-66.6502332687378,228.7393856048584,50.93575358390808,105.05132668885317,24.514015197753906,59.23744583129883,64.10937474138842,0.23335274261086558,0.5638905066544431,0.6102671595121414,108,89.34600282979906,0.22410540524497705,0.2945554446829672,0.26954465786866294,1,77,174.02299049277892,142.60419090142264,112.56005999920289,0,0,8,6,8
968,32.233333333333334,0,1,228.9309310913086,40.926125049591064,228.5478401184082,60.9453821182251,205.81584930419922,47.684175968170166,166.12567901611328,-66.6502332687378,228.7393856048584,50.93575358390808,105.05132668885317,24.514015197753906,59.23744583129883,64.10937474138842,0.23335274261086558,0.5638905066544431,0.6102671595121414,108,89.34600282979906,0.22410540524497705,0.2945554446829672,0.26954465786866294,1,78,174.02299049277892,142.60419090142264,112.56005999920289,0,0,8,6,8
969,32.266666666666666,1,1,238.70553970336914,57.82007575035095,237.48401641845703,78.17894697189331,217.49399185180664,67.79189586639404,183.06867599487305,-54.1725218296051,238.0947780609131,67.99951136112213,105.05132668885317,24.514015197753906,59.23744583129883,64.10937474138842,0.23335274261086558,0.5638905066544431,0.6102671595121414,108,90.63489669154126,0.22502903929688847,0.2485530626791879,0.258604348686166,1,79,177.9173769834817,135.82330667917077,123.83869044696009,1,1,9,6,9
970,32.3,0,1,238.70553970336914,57.82007575035095,237.48401641845703,78.17894697189331,217.49399185180664,67.79189586639404,183.06867599487305,-54.1725218296051,238.0947780609131,67.99951136112213,105.05132668885317,24.514015197753906,59.23744583129883,64.10937474138842,0.23335274261086558,0.5638905066544431,0.6102671595121414,108,90.63489669154126,0.22502903929688847,0.2485530626791879,0.258604348686166,1,80,177.9173769834817,135.82330667917077,123.83869044696009,0,0,9,6,9
971,32.333333333333336,0,1,238.70553970336914,57.82007575035095,237.48401641845703,78.17894697189331,217.49399185180664,67.79189586639404,183.06867599487305,-54.1725218296051,238.0947780609131,67.99951136112213,105.05132668885317,24.514015197753906,59.23744583129883,64.10937474138842,0.23335274261086558,0.5638905066544431,0.6102671595121414,108,90.63489669154126,0.22502903929688847,0.2485530626791879,0.258604348686166,1,81,177.9173769834817,135.82330667917077,123.83869044696009,0,0,9,6,9
972,32.36666666666667,1,1,247.01753616333008,69.48599338531494,239.84603881835938,84.00845289230347,225.85657119750977,65.92186689376831,194.37583923339844,-41.80153012275696,243.43178749084473,76.7472231388092,105.05132668885317,24.514015197753906,59.23744583129883,64.10937474138842,0.23335274261086558,0.5638905066544431,0.6102671595121414,108,87.58263303775774,0.18493018614275258,0.2610731252999287,0.24501452908881394,1,82,172.95073570417426,114.15600927928581,103.04062479171748,1,1,9,6,9
973,32.4,0,1,247.01753616333008,69.48599338531494,239.84603881835938,84.00845289230347,225.85657119750977,65.92186689376831,194.37583923339844,-41.80153012275696,243.43178749084473,76.7472231388092,105.05132668885317,24.514015197753906,59.23744583129883,64.10937474138842,0.23335274261086558,0.5638905066544431,0.6102671595121414,108,87.58263303775774,0.18493018614275258,0.2610731252999287,0.24501452908881394,1,83,172.95073570417426,114.15600927928581,103.04062479171748,0,0,9,6,9
974,32.43333333333333,0,1,247.01753616333008,69.48599338531494,239.84603881835938,84.00845289230347,225.85657119750977,65.92186689376831,194.37583923339844,-41.80153012275696,243.43178749084473,76.7472231388092,105.05132668885317,24.514015197753906,59.23744583129883,64.10937474138842,0.23335274261086558,0.5638905066544431,0.6102671595121414,108,87.58263303775774,0.18493018614275258,0.2610731252999287,0.24501452908881394,1,84,172.95073570417426,114.15600927928581,103.04062479171748,0,0,9,6,9
975,32.46666666666667,1,1,255.90538024902344,72.38316535949707,235.95087051391602,83.00459861755371,223.7238311767578,74.70401287078857,195.18644332885742,-38.2867956161499,245.92812538146973,77.69388198852539,105.05132668885317,24.514015197753906,59.23744583129883,64.10937474138842,0.23335274261086558,0.5638905066544431,0.6102671595121414,108,87.19638791231581,0.2592452508972163,0.16948373870841438,0.3700282544065356,1,85,166.60306506655724,98.15454076016945,104.2217591927229,1,0,9,6,9
976,32.5,0,1,255.90538024902344,72.38316535949707,235.95087051391602,83.00459861755371,223.7238311767578,74.70401287078857,195.18644332885742,-38.2867956161499,245.92812538146973,77.69388198852539,105.05132668885317,24.514015197753906,59.23744583129883,64.10937474138842,0.23335274261086558,0.5638905066544431,0.6102671595121414,108,87.19638791231581,0.2592452508972163,0.16948373870841438,0.3700282544065356,1,86,166.60306506655724,98.15454076016945,104.2217591927229,0,0,9,6,9
977,32.53333333333333,0,1,255.90538024902344,72.38316535949707,235.95087051391602,83.00459861755371,223.7238311767578,74.70401287078857,195.18644332885742,-38.2867956161499,245.92812538146973,77.69388198852539,105.05132668885317,24.514015197753906,59.23744583129883,64.10937474138842,0.23335274261086558,0.5638905066544431,0.6102671595121414,108,87.19638791231581,0.2592452508972163,0.16948373870841438,0.3700282544065356,1,87,166.60306506655724,98.15454076016945,104.2217591927229,0,0,9,6,9
978,32.56666666666667,1,1,252.7618408203125,69.8491644859314,239.8438262939453,88.18551778793335,220.51801681518555,83.51689338684082,195.6041145324707,-43.22311520576477,246.3028335571289,79.01734113693237,105.05132668885317,24.514015197753906,59.23744583129883,64.10937474138842,0.23335274261086558,0.5638905066544431,0.6102671595121414,108,89.66454997185849,0.25015262806375044,0.22173450291780478,0.3905780822946074,1,88,164.55487593659942,127.72241646957629,117.49118850774221,0,0,9,6,9
979,32.6,0,1,252.7618408203125,69.8491644859314,239.8438262939453,88.18551778793335,220.51801681518555,83.51689338684082,195.6041145324707,-43.22311520576477,246.3028335571289,79.01734113693237,105.05132668885317,24.514015197753906,59.23744583129883,64.10937474138842,0.23335274261086558,0.5638905066544431,0.6102671595121414,108,89.66454997185849,0.25015262806375044,0.22173450291780478,0.3905780822946074,1,89,164.55487593659942,127.72241646957629,117.49118850774221,0,0,9,6,9
980,32.63333333333333,0,1,252.7618408203125,69.8491644859314,239.8438262939453,88.18551778793335,220.51801681518555,83.51689338684082,195.6041145324707,-43.22311520576477,246.3028335571289,79.01734113693237,105.05132668885317,24.514015197753906,59.23744583129883,64.10937474138842,0.23335274261086558,0.5638905066544431,0.6102671595121414,108,89.66454997185849,0.25015262806375044,0.22173450291780478,0.3905780822946074,1,90,164.55487593659942,127.72241646957629,117.49118850774221,0,0,9,6,9
981,32.666666666666664,1,1,250.66747665405273,70.93560218811035,245.21900177001953,84.3480634689331,226.69233322143555,81.01706027984619,195.68927764892578,-44.782819747924805,247.94323921203613,77.64183282852173,105.05132668885317,24.514015197753906,59.23744583129883,64.10937474138842,0.23335274261086558,0.5638905066544431,0.6102671595121414,108,89.1776832309877,0.16233745327039298,0.21108123832792863,0.2916483435994115,1,91,164.1622767373406,133.61631417564817,118.92558157924708,0,0,9,6,9
982,32.7,0,1,250.66747665405273,70.93560218811035,245.21900177001953,84.3480634689331,226.69233322143555,81.01706027984619,195.68927764892578,-44.782819747924805,247.94323921203613,77.64183282852173,105.05132668885317,24.514015197753906,59.23744583129883,64.10937474138842,0.23335274261086558,0.5638905066544431,0.6102671595121414,108,89.1776832309877,0.16233745327039298,0.21108123832792863,0.2916483435994115,1,92,164.1622767373406,133.61631417564817,118.92558157924708,0,0,9,6,9
983,32.733333333333334,0,1,250.66747665405273,70.93560218811035,245.21900177001953,84.3480634689331,226.69233322143555,81.01706027984619,195.68927764892578,-44.782819747924805,247.94323921203613,77.64183282852173,105.05132668885317,24.514015197753906,59.23744583129883,64.10937474138842,0.23335274261086558,0.5638905066544431,0.6102671595121414,108,89.1776832309877,0.16233745327039298,0.21108123832792863,0.2916483435994115,1,93,164.1622767373406,133.61631417564817,118.92558157924708,0,0,9,6,9
984,32.766666666666666,1,1,255.59364318847656,69.26573753356934,251.1943817138672,84.89426136016846,230.36890029907227,79.50403690338135,197.97420501708984,-45.07461905479431,253.39401245117188,77.0799994468689,105.05132668885317,24.514015197753906,59.23744583129883,64.10937474138842,0.23335274261086558,0.5638905066544431,0.6102671595121414,108,92.79914978808915,0.17495735873582646,0.2318097265068101,0.2933576815945624,1,94,161.59406325544677,135.21921275583153,118.586870350981,1,0,9,6,9
985,32.8,0,1,255.59364318847656,69.26573753356934,251.1943817138672,84.89426136016846,230.36890029907227,79.50403690338135,197.97420501708984,-45.07461905479431,253.39401245117188,77.0799994468689,105.05132668885317,24.514015197753906,59.23744583129883,64.10937474138842,0.23335274261086558,0.5638905066544431,0.6102671595121414,108,92.79914978808915,0.17495735873582646,0.2318097265068101,0.2933576815945624,1,95,161.59406325544677,135.21921275583153,118.586870350981,0,0,9,6,9
986,32.833333333333336,0,1,255.59364318847656,69.26573753356934,251.1943817138672,84.89426136016846,230.36890029907227,79.50403690338135,197.97420501708984,-45.07461905479431,253.39401245117188,77.0799994468689,105.05132668885317,24.514015197753906,59.23744583129883,64.10937474138842,0.23335274261086558,0.5638905066544431,0.6102671595121414,108,92.79914978808915,0.17495735873582646,0.2318097265068101,0.2933576815945624,1,96,161.59406325544677,135.21921275583153,118.586870350981,0,0,9,6,9
987,32.86666666666667,1,1,256.6790580749512,70.55065155029297,253.58022689819336,82.01440572738647,231.84247970581055,77.24175453186035,200.52995681762695,-44.912434816360474,255.12964248657227,76.28252863883972,105.05132668885317,24.514015197753906,59.23744583129883,64.10937474138842,0.23335274261086558,0.5638905066544431,0.6102671595121414,108,92.42823838970764,0.128480233618216,0.24078694176829282,0.27829266826392696,1,97,163.68756059805693,133.04533100677588,112.48351987629152,0,0,9,6,9
988,32.9,0,1,256.6790580749512,70.55065155029297,253.58022689819336,82.01440572738647,231.84247970581055,77.24175453186035,200.52995681762695,-44.912434816360474,255.12964248657227,76.28252863883972,105.05132668885317,24.514015197753906,59.23744583129883,64.10937474138842,0.23335274261086558,0.5638905066544431,0.6102671595121414,108,92.42823838970764,0.128480233618216,0.24078694176829282,0.27829266826392696,1,98,163.68756059805693,133.04533100677588,112.48351987629152,0,0,9,6,9
989,32.93333333333333,0,1,256.6790580749512,70.55065155029297,253.58022689819336,82.01440572738647,231.84247970581055,77.24175453186035,200.52995681762695,-44.912434816360474,255.12964248657227,76.28252863883972,105.05132668885317,24.514015197753906,59.23744583129883,64.10937474138842,0.23335274261086558,0.5638905066544431,0.6102671595121414,108,92.42823838970764,0.128480233618216,0.24078694176829282,0.27829266826392696,1,99,163.68756059805693,133.04533100677588,112.48351987629152,0,0,9,6,9
990,32.96666666666667,1,1,254.9728012084961,71.25511407852173,252.20783233642578,82.29175329208374,231.5691375732422,73.55691432952881,203.3202362060547,-49.263142347335815,253.59031677246094,76.77343368530273,105.05132668885317,24.514015197753906,59.23744583129883,64.10937474138842,0.23335274261086558,0.5638905066544431,0.6102671595121414,108,90.72988299928329,0.12540209722581305,0.2470079756977076,0.2591933762340164,1,100,168.00434410058872,133.9343895210968,112.98986630072659,0,0,9,6,9
991,33.0,0,1,254.9728012084961,71.25511407852173,252.20783233642578,82.29175329208374,231.5691375732422,73.55691432952881,203.3202362060547,-49.263142347335815,253.59031677246094,76.77343368530273,105.05132668885317,24.514015197753906,59.23744583129883,64.10937474138842,0.23335274261086558,0.5638905066544431,0.6102671595121414,108,90.72988299928329,0.12540209722581305,0.2470079756977076,0.2591933762340164,1,101,168.00434410058872,133.9343895210968,112.98986630072659,0,0,9,6,9
992,33.03333333333333,0,1,254.9728012084961,71.25511407852173,252.20783233642578,82.29175329208374,231.5691375732422,73.55691432952881,203.3202362060547,-49.263142347335815,253.59031677246094,76.77343368530273,105.05132668885317,24.514015197753906,59.23744583129883,64.10937474138842,0.23335274261086558,0.5638905066544431,0.6102671595121414,108,90.72988299928329,0.12540209722581305,0.2470079756977076,0.2591933762340164,1,102,168.00434410058872,133.9343895210968,112.98986630072659,0,0,9,6,9
993,33.06666666666667,1,1,241.8153953552246,64.40325736999512,238.05946350097656,76.72782182693481,221.97242736816406,70.77765941619873,195.7223892211914,-57.545260190963745,239.9374294281006,70.56553959846497,105.05132668885317,24.514015197753906,59.23744583129883,64.10937474138842,0.23335274261086558,0.5638905066544431,0.6102671595121414,108,87.55030977307068,0.14716307691440447,0.1959122327116167,0.23805396189908734,1,103,168.69810148426882,134.17197501514866,120.7519489837608,-1,-1,10,7,10
994,33.1,0,1,241.8153953552246,64.40325736999512,238.05946350097656,76.72782182693481,221.97242736816406,70.77765941619873,195.7223892211914,-57.545260190963745,239.9374294281006,70.56553959846497,105.05132668885317,24.514015197753906,59.23744583129883,64.10937474138842,0.23335274261086558,0.5638905066544431,0.6102671595121414,108,87.55030977307068,0.14716307691440447,0.1959122327116167,0.23805396189908734,1,104,168.69810148426882,134.17197501514866,120.7519489837608,0,0,10,7,10
995,33.13333333333333,0,1,241.8153953552246,64.40325736999512,238.05946350097656,76.72782182693481,221.97242736816406,70.77765941619873,195.7223892211914,-57.545260190963745,239.9374294281006,70.56553959846497,105.05132668885317,24.514015197753906,59.23744583129883,64.10937474138842,0.23335274261086558,0.5638905066544431,0.6102671595121414,108,87.55030977307068,0.14716307691440447,0.1959122327116167,0.23805396189908734,1,105,168.69810148426882,134.17197501514866,120.7519489837608,0,0,10,7,10
996,33.166666666666664,1,1,227.84992218017578,44.96450901031494,221.7324447631836,60.516722202301025,209.0865135192871,52.42594242095947,186.74882888793945,-74.61436986923218,224.7911834716797,52.74061560630798,105.05132668885317,24.514015197753906,59.23744583129883,64.10937474138842,0.23335274261086558,0.5638905066544431,0.6102671595121414,108,81.62570950311732,0.20474085206385498,0.1839208654068952,0.24737960260452396,1,106,174.6319880672217,139.29798106452037,123.86034876175103,-1,-1,10,7,10
997,33.2,0,1,227.84992218017578,44.96450901031494,221.7324447631836,60.516722202301025,209.0865135192871,52.42594242095947,186.74882888793945,-74.61436986923218,224.7911834716797,52.74061560630798,105.05132668885317,24.514015197753906,59.23744583129883,64.10937474138842,0.23335274261086558,0.5638905066544431,0.6102671595121414,108,81.62570950311732,0.20474085206385498,0.1839208654068952,0.24737960260452396,1,107,174.6319880672217,139.29798106452037,123.86034876175103,0,0,10,7,10
998,33.233333333333334,0,1,227.84992218017578,44.96450901031494,221.7324447631836,60.516722202301025,209.0865135192871,52.42594242095947,186.74882888793945,-74.61436986923218,224.7911834716797,52.74061560630798,105.05132668885317,24.514015197753906,59.23744583129883,64.10937474138842,0.23335274261086558,0.5638905066544431,0.6102671595121414,108,81.62570950311732,0.20474085206385498,0.1839208654068952,0.24737960260452396,1,108,174.6319880672217,139.29798106452037,123.86034876175103,0,0,10,7,10
999,33.266666666666666,1,0,,,,,,,,,,,,,,,,,,0,,,,,0,108,,,,0,0,10,7,10
1000,33.3,0,0,,,,,,,,,,,,,,,,,,0,,,,,0,108,,,,0,0,10,7,10
1001,33.333333333333336,0,0,,,,,,,,,,,,,,,,,,0,,,,,0,108,,,,0,0,10,7,10
1002,33.36666666666667,1,0,,,,,,,,,,,,,,,,,,0,,,,,0,108,,,,0,0,10,7,10
1003,33.4,0,0,,,,,,,,,,,,,,,,,,0,,,,,0,108,,,,0,0,10,7,10
1004,33.43333333333333,0,0,,,,,,,,,,,,,,,,,,0,,,,,0,108,,,,0,0,10,7,10
1005,33.46666666666667,1,0,,,,,,,,,,,,,,,,,,0,,,,,0,108,,,,0,0,10,7,10
1006,33.5,0,0,,,,,,,,,,,,,,,,,,0,,,,,0,108,,,,0,0,10,7,10
1007,33.53333333333333,0,0,,,,,,,,,,,,,,,,,,0,,,,,0,108,,,,0,0,10,7,10
1008,33.56666666666667,1,0,,,,,,,,,,,,,,,,,,0,,,,,0,108,,,,0,0,10,7,10
1009,33.6,0,0,,,,,,,,,,,,,,,,,,0,,,,,0,108,,,,0,0,10,7,10
1010,33.63333333333333,0,0,,,,,,,,,,,,,,,,,,0,,,,,0,108,,,,0,0,10,7,10
1011,33.666666666666664,1,0,,,,,,,,,,,,,,,,,,0,,,,,0,108,,,,0,0,10,7,10
1012,33.7,0,0,,,,,,,,,,,,,,,,,,0,,,,,0,108,,,,0,0,10,7,10
1013,33.733333333333334,0,0,,,,,,,,,,,,,,,,,,0,,,,,0,108,,,,0,0,10,7,10
1014,33.766666666666666,1,0,,,,,,,,,,,,,,,,,,0,,,,,0,108,,,,0,0,10,7,10
1015,33.8,0,0,,,,,,,,,,,,,,,,,,0,,,,,0,108,,,,0,0,10,7,10
1016,33.833333333333336,0,0,,,,,,,,,,,,,,,,,,0,,,,,0,108,,,,0,0,10,7,10
1017,33.86666666666667,1,0,,,,,,,,,,,,,,,,,,0,,,,,0,108,,,,0,0,10,7,10
1018,33.9,0,0,,,,,,,,,,,,,,,,,,0,,,,,0,108,,,,0,0,10,7,10
1019,33.93333333333333,0,0,,,,,,,,,,,,,,,,,,0,,,,,0,108,,,,0,0,10,7,10
1020,33.96666666666667,1,1,590.3602981567383,146.96913242340088,555.9449005126953,230.41893482208252,533.3042144775391,247.31120109558105,502.7320098876953,41.89025044441223,573.1525993347168,188.6940336227417,,,,,,,,0,92.95920844328948,0.9710482234852542,0.30387518662143725,1.2417201031531035,0,0,166.77490502216017,177.5853219646071,179.75371165197757,0,0,0,0,0
1021,34.0,0,1,590.3602981567383,146.96913242340088,555.9449005126953,230.41893482208252,533.3042144775391,247.31120109558105,502.7320098876953,41.89025044441223,573.1525993347168,188.6940336227417,,,,,,,,0,92.95920844328948,0.9710482234852542,0.30387518662143725,1.2417201031531035,0,0,166.77490502216017,177.5853219646071,179.75371165197757,0,0,0,0,0
1022,34.03333333333333,0,1,590.3602981567383,146.96913242340088,555.9449005126953,230.41893482208252,533.3042144775391,247.31120109558105,502.7320098876953,41.89025044441223,573.1525993347168,188.6940336227417,,,,,,,,0,92.95920844328948,0.9710482234852542,0.30387518662143725,1.2417201031531035,0,0,166.77490502216017,177.5853219646071,179.75371165197757,0,0,0,0,0
1023,34.06666666666667,1,1,617.729606628418,209.55243587493896,575.4526138305664,261.20924949645996,552.8691101074219,272.61929512023926,516.6085052490234,82.18356370925903,596.5911102294922,235.38084268569946,,,,,,,,0,105.89248208364893,0.6303710784971316,0.23894282246898124,0.8543306356947513,0,0,161.38274448822702,179.39219297432584,178.83651597358406,0,0,0,0,0
1024,34.1,0,1,617.729606628418,209.55243587493896,575.4526138305664,261.20924949645996,552.8691101074219,272.61929512023926,516.6085052490234,82.18356370925903,596.5911102294922,235.38084268569946,,,,,,,,0,105.89248208364893,0.6303710784971316,0.23894282246898124,0.8543306356947513,0,0,161.38274448822702,179.39219297432584,178.83651597358406,0,0,0,0,0
1025,34.13333333333333,0,1,617.729606628418,209.55243587493896,575.4526138305664,261.20924949645996,552.8691101074219,272.61929512023926,516.6085052490234,82.18356370925903,596.5911102294922,235.38084268569946,,,,,,,,0,105.89248208364893,0.6303710784971316,0.23894282246898124,0.8543306356947513,0,0,161.38274448822702,179.39219297432584,178.83651597358406,0,0,0,0,0
1026,34.166666666666664,1,1,634.034423828125,241.39117240905762,587.9667282104492,299.8674488067627,564.3968200683594,313.15893173217773,526.197509765625,122.64528751373291,611.0005760192871,270.62931060791016,,,,,,,,0,105.50494646144779,0.705584411690357,0.25647394572274407,0.9478231972266002,0,0,159.5773566491681,178.22976929072067,179.00830220483215,0,0,0,0,0
1027,34.2,0,1,634.034423828125,241.39117240905762,587.9667282104492,299.8674488067627,564.3968200683594,313.15893173217773,526.197509765625,122.64528751373291,611.0005760192871,270.62931060791016,,,,,,,,0,105.50494646144779,0.705584411690357,0.25647394572274407,0.9478231972266002,0,0,159.5773566491681,178.22976929072067,179.00830220483215,0,0,0,0,0
1028,34.233333333333334,0,1,634.034423828125,241.39117240905762,587.9667282104492,299.8674488067627,564.3968200683594,313.15893173217773,526.197509765625,122.64528751373291,611.0005760192871,270.62931060791016,,,,,,,,0,105.50494646144779,0.705584411690357,0.25647394572274407,0.9478231972266002,0,0,159.5773566491681,178.22976929072067,179.00830220483215,0,0,0,0,0
1029,34.266666666666666,1,1,645.8615112304688,255.25726318359375,586.6955184936523,346.45108222961426,562.5175476074219,362.10545539855957,532.7360916137695,153.67109298706055,616.2785148620605,300.854172706604,,,,,,,,0,103.66516317872143,1.0486231632906355,0.2778499675512907,1.3071819854467086,0,0,152.48261452761642,174.74368266327596,178.19008379543433,0,0,0,0,0
1030,34.3,0,1,645.8615112304688,255.25726318359375,586.6955184936523,346.45108222961426,562.5175476074219,362.10545539855957,532.7360916137695,153.67109298706055,616.2785148620605,300.854172706604,,,,,,,,0,103.66516317872143,1.0486231632906355,0.2778499675512907,1.3071819854467086,0,0,152.48261452761642,174.74368266327596,178.19008379543433,0,0,0,0,0
1031,34.333333333333336,0,1,645.8615112304688,255.25726318359375,586.6955184936523,346.45108222961426,562.5175476074219,362.10545539855957,532.7360916137695,153.67109298706055,616.2785148620605,300.854172706604,,,,,,,,0,103.66516317872143,1.0486231632906355,0.2778499675512907,1.3071819854467086,0,0,152.48261452761642,174.74368266327596,178.19008379543433,0,0,0,0,0
1032,34.36666666666667,1,1,641.007080078125,259.41295623779297,568.1686401367188,353.0972671508789,546.8508529663086,366.92487716674805,527.7716064453125,165.6031894683838,604.5878601074219,306.25511169433594,,,,,,,,0,93.24477016449316,1.2726547213470647,0.27250494040517703,1.532668148606891,0,0,156.09924907239588,170.72146316563976,177.06995678346271,0,0,0,0,0
1033,34.4,0,1,641.007080078125,259.41295623779297,568.1686401367188,353.0972671508789,546.8508529663086,366.92487716674805,527.7716064453125,165.6031894683838,604.5878601074219,306.25511169433594,,,,,,,,0,93.24477016449316,1.2726547213470647,0.27250494040517703,1.532668148606891,0,0,156.09924907239588,170.72146316563976,177.06995678346271,0,0,0,0,0
1034,34.43333333333333,0,1,641.007080078125,259.41295623779297,568.1686401367188,353.0972671508789,546.8508529663086,366.92487716674805,527.7716064453125,165.6031894683838,604.5878601074219,306.25511169433594,,,,,,,,0,93.24477016449316,1.2726547213470647,0.27250494040517703,1.532668148606891,0,0,156.09924907239588,170.72146316563976,177.06995678346271,0,0,0,0,0
1035,34.46666666666667,1,1,642.3081970214844,260.69000244140625,564.3761444091797,357.167272567749,541.7251205444336,371.66693687438965,527.6011276245117,167.51302242279053,603.342170715332,308.92863750457764,,,,,,,,0,95.30238693702232,1.3013445519986486,0.2822007740011689,1.571586557116619,0,0,161.4451471438331,174.25519226616214,177.19362387714378,0,0,0,0,0
1036,34.5,0,1,642.3081970214844,260.69000244140625,564.3761444091797,357.167272567749,541.7251205444336,371.66693687438965,527.6011276245117,167.51302242279053,603.342170715332,308.92863750457764,,,,,,,,0,95.30238693702232,1.3013445519986486,0.2822007740011689,1.571586557116619,0,0,161.4451471438331,174.25519226616214,177.19362387714378,0,0,0,0,0
1037,34.53333333333333,0,1,642.3081970214844,260.69000244140625,564.3761444091797,357.167272567749,541.7251205444336,371.66693687438965,527.6011276245117,167.51302242279053,603.342170715332,308.92863750457764,,,,,,,,0,95.30238693702232,1.3013445519986486,0.2822007740011689,1.571586557116619,0,0,161.4451471438331,174.25519226616214,177.19362387714378,0,0,0,0,0
1038,34.56666666666667,1,1,641.2312316894531,264.0823745727539,565.2812957763672,356.82872772216797,543.3040237426758,372.60437965393066,525.1229095458984,167.28042125701904,603.2562637329102,310.45555114746094,,,,,,,,0,95.15417609347799,1.259809107399808,0.28430835198463217,1.536177924217105,0,0,161.29622509212254,174.56382740307652,177.67745819671245,0,0,0,0,0
1039,34.6,0,1,641.2312316894531,264.0823745727539,565.2812957763672,356.82872772216797,543.3040237426758,372.60437965393066,525.1229095458984,167.28042125701904,603.2562637329102,310.45555114746094,,,,,,,,0,95.15417609347799,1.259809107399808,0.28430835198463217,1.536177924217105,0,0,161.29622509212254,174.56382740307652,177.67745819671245,0,0,0,0,0
1040,34.63333333333333,0,1,641.2312316894531,264.0823745727539,565.2812957763672,356.82872772216797,543.3040237426758,372.60437965393066,525.1229095458984,167.28042125701904,603.2562637329102,310.45555114746094,,,,,,,,0,95.15417609347799,1.259809107399808,0.28430835198463217,1.536177924217105,0,0,161.29622509212254,174.56382740307652,177.67745819671245,0,0,0,0,0
1041,34.666666666666664,1,1,641.1501312255859,263.624210357666,564.8297882080078,357.8855895996094,543.1246948242188,373.12408447265625,525.0885772705078,166.9640350341797,602.9899597167969,310.7548999786377,,,,,,,,0,93.10278978459517,1.302697791279075,0.2848489710840009,1.5785423028535293,0,0,161.61015330122873,175.19628986463786,178.0522747238587,0,0,0,0,0
1042,34.7,0,1,641.1501312255859,263.624210357666,564.8297882080078,357.8855895996094,543.1246948242188,373.12408447265625,525.0885772705078,166.9640350341797,602.9899597167969,310.7548999786377,,,,,,,,0,93.10278978459517,1.302697791279075,0.2848489710840009,1.5785423028535293,0,0,161.61015330122873,175.19628986463786,178.0522747238587,0,0,0,0,0
1043,34.733333333333334,0,1,641.1501312255859,263.624210357666,564.8297882080078,357.8855895996094,543.1246948242188,373.12408447265625,525.0885772705078,166.9640350341797,602.9899597167969,310.7548999786377,,,,,,,,0,93.10278978459517,1.302697791279075,0.2848489710840009,1.5785423028535293,0,0,161.61015330122873,175.19628986463786,178.0522747238587,0,0,0,0,0
1044,34.766666666666666,1,1,639.580078125,261.4968681335449,565.0005340576172,357.6511573791504,544.2100143432617,373.07101249694824,524.290885925293,167.07726001739502,602.2903060913086,309.57401275634766,,,,,,,,0,94.1589452543219,1.292358596107955,0.274904300605059,1.5588487952631704,0,0,162.15895139903645,174.51888027446236,177.60837126028002,0,0,0,0,0
1045,34.8,0,1,639.580078125,261.4968681335449,565.0005340576172,357.6511573791504,544.2100143432617,373.07101249694824,524.290885925293,167.07726001739502,602.2903060913086,309.57401275634766,,,,,,,,0,94.1589452543219,1.292358596107955,0.274904300605059,1.5588487952631704,0,0,162.15895139903645,174.51888027446236,177.60837126028002,0,0,0,0,0
1046,34.833333333333336,0,1,639.580078125,261.4968681335449,565.0005340576172,357.6511573791504,544.2100143432617,373.07101249694824,524.290885925293,167.07726001739502,602.2903060913086,309.57401275634766,,,,,,,,0,94.1589452543219,1.292358596107955,0.274904300605059,1.5588487952631704,0,0,162.15895139903645,174.51888027446236,177.60837126028002,0,0,0,0,0
1047,34.86666666666667,1,1,637.9744720458984,262.99976348876953,565.413703918457,357.8763484954834,543.9218139648438,372.8863048553467,524.2750549316406,167.74303436279297,601.6940879821777,310.43805599212646,,,,,,,,0,95.53756871927378,1.2502202708789647,0.2743894628611336,1.513967534086318,0,0,160.2625629404772,173.72267700865495,176.90946158819432,0,0,0,0,0
1048,34.9,0,1,637.9744720458984,262.99976348876953,565.413703918457,357.8763484954834,543.9218139648438,372.8863048553467,524.2750549316406,167.74303436279297,601.6940879821777,310.43805599212646,,,,,,,,0,95.53756871927378,1.2502202708789647,0.2743894628611336,1.513967534086318,0,0,160.2625629404772,173.72267700865495,176.90946158819432,0,0,0,0,0
1049,34.93333333333333,0,1,637.9744720458984,262.99976348876953,565.413703918457,357.8763484954834,543.9218139648438,372.8863048553467,524.2750549316406,167.74303436279297,601.6940879821777,310.43805599212646,,,,,,,,0,95.53756871927378,1.2502202708789647,0.2743894628611336,1.513967534086318,0,0,160.2625629404772,173.72267700865495,176.90946158819432,0,0,0,0,0
1050,34.96666666666667,1,1,638.7972259521484,265.00614166259766,565.861701965332,357.8934860229492,544.5928955078125,373.3875274658203,524.4380187988281,167.53143310546875,602.3294639587402,311.44981384277344,,,,,,,,0,95.78168326263406,1.2330141086621222,0.2747291058124226,1.4992435615579118,0,0,160.21127565511253,175.16559805336516,177.39405733837424,0,0,0,0,0
1051,35.0,0,1,638.7972259521484,265.00614166259766,565.861701965332,357.8934860229492,544.5928955078125,373.3875274658203,524.4380187988281,167.53143310546875,602.3294639587402,311.44981384277344,,,,,,,,0,95.78168326263406,1.2330141086621222,0.2747291058124226,1.4992435615579118,0,0,160.21127565511253,175.16559805336516,177.39405733837424,0,0,0,0,0
1052,35.03333333333333,0,1,638.7972259521484,265.00614166259766,565.861701965332,357.8934860229492,544.5928955078125,373.3875274658203,524.4380187988281,167.53143310546875,602.3294639587402,311.44981384277344,,,,,,,,0,95.78168326263406,1.2330141086621222,0.2747291058124226,1.4992435615579118,0,0,160.21127565511253,175.16559805336516,177.39405733837424,0,0,0,0,0
1053,35.06666666666667,1,1,635.5999374389648,264.5479202270508,566.7228698730469,357.46862411499023,544.9250793457031,373.4934997558594,524.5967864990234,167.52737045288086,601.1614036560059,311.0082721710205,,,,,,,,0,94.08035512348863,1.2294238710471312,0.2875668929798407,1.506616004590494,0,0,162.7764049313467,175.29301513871343,178.12007276984446,0,0,0,0,0
1054,35.1,0,1,635.5999374389648,264.5479202270508,566.7228698730469,357.46862411499023,544.9250793457031,373.4934997558594,524.5967864990234,167.52737045288086,601.1614036560059,311.0082721710205,,,,,,,,0,94.08035512348863,1.2294238710471312,0.2875668929798407,1.506616004590494,0,0,162.7764049313467,175.29301513871343,178.12007276984446,0,0,0,0,0
1055,35.13333333333333,0,1,635.5999374389648,264.5479202270508,566.7228698730469,357.46862411499023,544.9250793457031,373.4934997558594,524.5967864990234,167.52737045288086,601.1614036560059,311.0082721710205,,,,,,,,0,94.08035512348863,1.2294238710471312,0.2875668929798407,1.506616004590494,0,0,162.7764049313467,175.29301513871343,178.12007276984446,0,0,0,0,0
1056,35.166666666666664,1,1,638.8375473022461,264.406099319458,566.3137817382812,357.93110847473145,544.727897644043,374.0049076080322,524.6774291992188,167.78324604034424,602.5756645202637,311.1686038970947,,,,,,,,0,96.45760552426611,1.2269595832623916,0.2790152786767627,1.4976467886139884,0,0,161.41707093891304,175.4085437200518,177.91841096030126,0,0,0,0,0
1057,35.2,0,1,638.8375473022461,264.406099319458,566.3137817382812,357.93110847473145,544.727897644043,374.0049076080322,524.6774291992188,167.78324604034424,602.5756645202637,311.1686038970947,,,,,,,,0,96.45760552426611,1.2269595832623916,0.2790152786767627,1.4976467886139884,0,0,161.41707093891304,175.4085437200518,177.91841096030126,0,0,0,0,0
1058,35.233333333333334,0,1,638.8375473022461,264.406099319458,566.3137817382812,357.93110847473145,544.727897644043,374.0049076080322,524.6774291992188,167.78324604034424,602.5756645202637,311.1686038970947,,,,,,,,0,96.45760552426611,1.2269595832623916,0.2790152786767627,1.4976467886139884,0,0,161.41707093891304,175.4085437200518,177.91841096030126,0,0,0,0,0
1059,35.266666666666666,1,1,638.3558654785156,265.11640548706055,566.4504623413086,357.4477958679199,544.9756622314453,374.00264739990234,524.408073425293,166.36507987976074,602.4031639099121,311.28210067749023,,,,,,,,0,97.06400972999954,1.2056750792999342,0.2793530553045955,1.4778251388415453,0,0,160.76589188899445,175.63421347055933,177.6109915272471,0,0,0,0,0
1060,35.3,0,1,638.3558654785156,265.11640548706055,566.4504623413086,357.4477958679199,544.9756622314453,374.00264739990234,524.408073425293,166.36507987976074,602.4031639099121,311.28210067749023,,,,,,,,0,97.06400972999954,1.2056750792999342,0.2793530553045955,1.4778251388415453,0,0,160.76589188899445,175.63421347055933,177.6109915272471,0,0,0,0,0
1061,35.333333333333336,0,1,638.3558654785156,265.11640548706055,566.4504623413086,357.4477958679199,544.9756622314453,374.00264739990234,524.408073425293,166.36507987976074,602.4031639099121,311.28210067749023,,,,,,,,0,97.06400972999954,1.2056750792999342,0.2793530553045955,1.4778251388415453,0,0,160.76589188899445,175.63421347055933,177.6109915272471,0,0,0,0,0
1062,35.36666666666667,1,1,638.0616760253906,262.9716396331787,565.8206558227539,358.04534912109375,544.5783233642578,373.79940032958984,523.782958984375,166.26359939575195,601.9411659240723,310.50849437713623,,,,,,,,0,98.62663492412274,1.2106864073025339,0.26814945867761514,1.4700837426963982,0,0,160.77071299333673,175.28864737145287,177.5647398963511,0,0,0,0,0
1063,35.4,0,1,638.0616760253906,262.9716396331787,565.8206558227539,358.04534912109375,544.5783233642578,373.79940032958984,523.782958984375,166.26359939575195,601.9411659240723,310.50849437713623,,,,,,,,0,98.62663492412274,1.2106864073025339,0.26814945867761514,1.4700837426963982,0,0,160.77071299333673,175.28864737145287,177.5647398963511,0,0,0,0,0
1064,35.43333333333333,0,1,638.0616760253906,262.9716396331787,565.8206558227539,358.04534912109375,544.5783233642578,373.79940032958984,523.782958984375,166.26359939575195,601.9411659240723,310.50849437713623,,,,,,,,0,98.62663492412274,1.2106864073025339,0.26814945867761514,1.4700837426963982,0,0,160.77071299333673,175.28864737145287,177.5647398963511,0,0,0,0,0
1065,35.46666666666667,1,1,637.5264739990234,263.6381721496582,566.3778305053711,358.03221702575684,545.0202941894531,373.43971252441406,523.4984970092773,166.09514236450195,601.9521522521973,310.8351945877075,,,,,,,,0,98.60048467146373,1.1988253398420492,0.2670885239146911,1.4561284252305808,0,0,161.83155701019308,174.66240932849982,177.2095724865939,0,0,0,0,0
1066,35.5,0,1,637.5264739990234,263.6381721496582,566.3778305053711,358.03221702575684,545.0202941894531,373.43971252441406,523.4984970092773,166.09514236450195,601.9521522521973,310.8351945877075,,,,,,,,0,98.60048467146373,1.1988253398420492,0.2670885239146911,1.4561284252305808,0,0,161.83155701019308,174.66240932849982,177.2095724865939,0,0,0,0,0
1067,35.53333333333333,0,1,637.5264739990234,263.6381721496582,566.3778305053711,358.03221702575684,545.0202941894531,373.43971252441406,523.4984970092773,166.09514236450195,601.9521522521973,310.8351945877075,,,,,,,,0,98.60048467146373,1.1988253398420492,0.2670885239146911,1.4561284252305808,0,0,161.83155701019308,174.66240932849982,177.2095724865939,0,0,0,0,0
1068,35.56666666666667,1,1,637.4799728393555,265.0044250488281,567.035026550293,357.53883361816406,545.0441741943359,373.6387538909912,523.310661315918,166.75349235534668,602.2574996948242,311.2716293334961,,,,,,,,0,97.22533927244648,1.1961644502362943,0.28032249361504064,1.4670937167306675,0,0,164.16859726323483,174.3289486600955,177.03574920498826,0,0,0,0,0
1069,35.6,0,1,637.4799728393555,265.0044250488281,567.035026550293,357.53883361816406,545.0441741943359,373.6387538909912,523.310661315918,166.75349235534668,602.2574996948242,311.2716293334961,,,,,,,,0,97.22533927244648,1.1961644502362943,0.28032249361504064,1.4670937167306675,0,0,164.16859726323483,174.3289486600955,177.03574920498826,0,0,0,0,0
1070,35.63333333333333,0,1,637.4799728393555,265.0044250488281,567.035026550293,357.53883361816406,545.0441741943359,373.6387538909912,523.310661315918,166.75349235534668,602.2574996948242,311.2716293334961,,,,,,,,0,97.22533927244648,1.1961644502362943,0.28032249361504064,1.4670937167306675,0,0,164.16859726323483,174.3289486600955,177.03574920498826,0,0,0,0,0
1071,35.666666666666664,1,1,635.2795028686523,263.6019802093506,566.3640594482422,358.835391998291,545.1836776733398,373.6315441131592,523.3481979370117,166.8340301513672,600.8217811584473,311.2186861038208,,,,,,,,0,98.062453100454,1.1987579111568885,0.2634718169947893,1.4502010879927902,0,0,163.65079631254412,174.93697220923247,177.6973471137949,0,0,0,0,0
1072,35.7,0,1,635.2795028686523,263.6019802093506,566.3640594482422,358.835391998291,545.1836776733398,373.6315441131592,523.3481979370117,166.8340301513672,600.8217811584473,311.2186861038208,,,,,,,,0,98.062453100454,1.1987579111568885,0.2634718169947893,1.4502010879927902,0,0,163.65079631254412,174.93697220923247,177.6973471137949,0,0,0,0,0
1073,35.733333333333334,0,1,635.2795028686523,263.6019802093506,566.3640594482422,358.835391998291,545.1836776733398,373.6315441131592,523.3481979370117,166.8340301513672,600.8217811584473,311.2186861038208,,,,,,,,0,98.062453100454,1.1987579111568885,0.2634718169947893,1.4502010879927902,0,0,163.65079631254412,174.93697220923247,177.6973471137949,0,0,0,0,0
1074,35.766666666666666,1,1,635.864143371582,264.3604373931885,566.4292907714844,357.7012825012207,545.2386474609375,373.83121490478516,523.1752777099609,166.28901958465576,601.1467170715332,311.0308599472046,,,,,,,,0,97.82653931684833,1.189191446540825,0.27222826164396674,1.4527300907543284,0,0,162.85284065264167,174.7821448233708,177.5048739572781,0,0,0,0,0
1075,35.8,0,1,635.864143371582,264.3604373931885,566.4292907714844,357.7012825012207,545.2386474609375,373.83121490478516,523.1752777099609,166.28901958465576,601.1467170715332,311.0308599472046,,,,,,,,0,97.82653931684833,1.189191446540825,0.27222826164396674,1.4527300907543284,0,0,162.85284065264167,174.7821448233708,177.5048739572781,0,0,0,0,0
1076,35.833333333333336,0,1,635.864143371582,264.3604373931885,566.4292907714844,357.7012825012207,545.2386474609375,373.83121490478516,523.1752777099609,166.28901958465576,601.1467170715332,311.0308599472046,,,,,,,,0,97.82653931684833,1.189191446540825,0.27222826164396674,1.4527300907543284,0,0,162.85284065264167,174.7821448233708,177.5048739572781,0,0,0,0,0
1077,35.86666666666667,1,1,637.0331573486328,263.6612892150879,565.8182907104492,358.94845962524414,545.4432678222656,373.83705139160156,523.4046173095703,166.6786766052246,601.425724029541,311.304874420166,,,,,,,,0,99.1625022428128,1.199635168881631,0.2544825732343293,1.4448393580944852,0,0,162.44980072628186,174.2676586515579,177.16282312589266,0,0,0,0,0
1078,35.9,0,1,637.0331573486328,263.6612892150879,565.8182907104492,358.94845962524414,545.4432678222656,373.83705139160156,523.4046173095703,166.6786766052246,601.425724029541,311.304874420166,,,,,,,,0,99.1625022428128,1.199635168881631,0.2544825732343293,1.4448393580944852,0,0,162.44980072628186,174.2676586515579,177.16282312589266,0,0,0,0,0
1079,35.93333333333333,0,1,637.0331573486328,263.6612892150879,565.8182907104492,358.94845962524414,545.4432678222656,373.83705139160156,523.4046173095703,166.6786766052246,601.425724029541,311.304874420166,,,,,,,,0,99.1625022428128,1.199635168881631,0.2544825732343293,1.4448393580944852,0,0,162.44980072628186,174.2676586515579,177.16282312589266,0,0,0,0,0
1080,35.96666666666667,1,1,636.6349792480469,265.3825092315674,565.3033065795898,359.0346622467041,544.5832443237305,374.15574073791504,523.3982467651367,167.17422008514404,600.9691429138184,312.20858573913574,,,,,,,,0,97.71199231422386,1.204805755830453,0.2625152369932021,1.4583276228195352,0,0,162.6522077247985,174.98424824944232,177.1413777265289,0,0,0,0,0
1081,36.0,0,1,636.6349792480469,265.3825092315674,565.3033065795898,359.0346622467041,544.5832443237305,374.15574073791504,523.3982467651367,167.17422008514404,600.9691429138184,312.20858573913574,,,,,,,,0,97.71199231422386,1.204805755830453,0.2625152369932021,1.4583276228195352,0,0,162.6522077247985,174.98424824944232,177.1413777265289,0,0,0,0,0
1082,36.03333333333333,0,1,636.6349792480469,265.3825092315674,565.3033065795898,359.0346622467041,544.5832443237305,374.15574073791504,523.3982467651367,167.17422008514404,600.9691429138184,312.20858573913574,,,,,,,,0,97.71199231422386,1.204805755830453,0.2625152369932021,1.4583276228195352,0,0,162.6522077247985,174.98424824944232,177.1413777265289,0,0,0,0,0
1083,36.06666666666667,1,1,638.1844711303711,265.19007682800293,566.026496887207,358.84449005126953,544.8037719726562,374.19270515441895,524.2733383178711,166.75100326538086,602.1054840087891,312.01728343963623,,,,,,,,0,98.10563106736143,1.205111903585797,0.266967984468932,1.4630385858088542,0,0,161.47242608346514,174.23441799816604,177.07899002898276,0,0,0,0,0
1084,36.1,0,1,638.1844711303711,265.19007682800293,566.026496887207,358.84449005126953,544.8037719726562,374.19270515441895,524.2733383178711,166.75100326538086,602.1054840087891,312.01728343963623,,,,,,,,0,98.10563106736143,1.205111903585797,0.266967984468932,1.4630385858088542,0,0,161.47242608346514,174.23441799816604,177.07899002898276,0,0,0,0,0
1085,36.13333333333333,0,1,638.1844711303711,265.19007682800293,566.026496887207,358.84449005126953,544.8037719726562,374.19270515441895,524.2733383178711,166.75100326538086,602.1054840087891,312.01728343963623,,,,,,,,0,98.10563106736143,1.205111903585797,0.266967984468932,1.4630385858088542,0,0,161.47242608346514,174.23441799816604,177.07899002898276,0,0,0,0,0
1086,36.166666666666664,1,1,637.431640625,265.8956050872803,566.0979843139648,358.61921310424805,545.0485610961914,374.6362781524658,524.0133666992188,167.0100975036621,601.7648124694824,312.25740909576416,,,,,,,,0,98.33141003460372,1.189730260722721,0.26899255871869987,1.451067915080173,0,0,162.35429557457013,174.48900002844942,177.26884676875397,0,0,0,0,0
1087,36.2,0,1,637.431640625,265.8956050872803,566.0979843139648,358.61921310424805,545.0485610961914,374.6362781524658,524.0133666992188,167.0100975036621,601.7648124694824,312.25740909576416,,,,,,,,0,98.33141003460372,1.189730260722721,0.26899255871869987,1.451067915080173,0,0,162.35429557457013,174.48900002844942,177.26884676875397,0,0,0,0,0
1088,36.233333333333334,0,1,637.431640625,265.8956050872803,566.0979843139648,358.61921310424805,545.0485610961914,374.6362781524658,524.0133666992188,167.0100975036621,601.7648124694824,312.25740909576416,,,,,,,,0,98.33141003460372,1.189730260722721,0.26899255871869987,1.451067915080173,0,0,162.35429557457013,174.48900002844942,177.26884676875397,0,0,0,0,0
1089,36.266666666666666,1,1,638.1836318969727,265.7505798339844,566.2609100341797,357.8770065307617,544.8483657836914,374.37366485595703,524.5133209228516,166.3617467880249,602.2222709655762,311.81379318237305,,,,,,,,0,96.92770517171333,1.2058128438555369,0.2788706678959419,1.4775412921784137,0,0,162.53496451045376,174.7435335531973,177.50950656226894,0,0,0,0,0
1090,36.3,0,1,638.1836318969727,265.7505798339844,566.2609100341797,357.8770065307617,544.8483657836914,374.37366485595703,524.5133209228516,166.3617467880249,602.2222709655762,311.81379318237305,,,,,,,,0,96.92770517171333,1.2058128438555369,0.2788706678959419,1.4775412921784137,0,0,162.53496451045376,174.7435335531973,177.50950656226894,0,0,0,0,0
1091,36.333333333333336,0,1,638.1836318969727,265.7505798339844,566.2609100341797,357.8770065307617,544.8483657836914,374.37366485595703,524.5133209228516,166.3617467880249,602.2222709655762,311.81379318237305,,,,,,,,0,96.92770517171333,1.2058128438555369,0.2788706678959419,1.4775412921784137,0,0,162.53496451045376,174.7435335531973,177.50950656226894,0,0,0,0,0
1092,36.36666666666667,1,1,635.4785919189453,264.96554374694824,566.7055892944336,358.2322883605957,545.1268005371094,374.8220443725586,524.1377639770508,167.37386226654053,601.0920906066895,311.598916053772,,,,,,,,0,96.88997262954808,1.1960063571877153,0.28092503947860326,1.4680453398880866,0,0,164.35690040622856,174.57479709904328,177.29969607542574,0,0,0,0,0
1093,36.4,0,1,635.4785919189453,264.96554374694824,566.7055892944336,358.2322883605957,545.1268005371094,374.8220443725586,524.1377639770508,167.37386226654053,601.0920906066895,311.598916053772,,,,,,,,0,96.88997262954808,1.1960063571877153,0.28092503947860326,1.4680453398880866,0,0,164.35690040622856,174.57479709904328,177.29969607542574,0,0,0,0,0
1094,36.43333333333333,0,1,635.4785919189453,264.96554374694824,566.7055892944336,358.2322883605957,545.1268005371094,374.8220443725586,524.1377639770508,167.37386226654053,601.0920906066895,311.598916053772,,,,,,,,0,96.88997262954808,1.1960063571877153,0.28092503947860326,1.4680453398880866,0,0,164.35690040622856,174.57479709904328,177.29969607542574,0,0,0,0,0
1095,36.46666666666667,1,1,637.5918960571289,265.33936500549316,565.548210144043,360.1601028442383,544.4043350219727,375.11152267456055,524.9985122680664,168.5057258605957,601.5700531005859,312.7497339248657,,,,,,,,0,99.06965166845016,1.2020342721564068,0.2613929450132759,1.4534474040616052,0,0,162.44378790298308,174.49750547168858,177.00552495486983,0,0,0,0,0
1096,36.5,0,1,637.5918960571289,265.33936500549316,565.548210144043,360.1601028442383,544.4043350219727,375.11152267456055,524.9985122680664,168.5057258605957,601.5700531005859,312.7497339248657,,,,,,,,0,99.06965166845016,1.2020342721564068,0.2613929450132759,1.4534474040616052,0,0,162.44378790298308,174.49750547168858,177.00552495486983,0,0,0,0,0
1097,36.53333333333333,0,1,637.5918960571289,265.33936500549316,565.548210144043,360.1601028442383,544.4043350219727,375.11152267456055,524.9985122680664,168.5057258605957,601.5700531005859,312.7497339248657,,,,,,,,0,99.06965166845016,1.2020342721564068,0.2613929450132759,1.4534474040616052,0,0,162.44378790298308,174.49750547168858,177.00552495486983,0,0,0,0,0
1098,36.56666666666667,1,1,638.8586044311523,267.12615966796875,566.2346267700195,359.29369926452637,544.0095520019531,374.3569278717041,524.7336578369141,167.44967937469482,602.5466156005859,313.20992946624756,,,,,,,,0,97.40234675204285,1.2047122231567229,0.27564776663192175,1.4697795956595567,0,0,162.60100377554826,174.6435724845171,177.01416672837155,0,0,0,0,0
1099,36.6,0,1,638.8586044311523,267.12615966796875,566.2346267700195,359.29369926452637,544.0095520019531,374.3569278717041,524.7336578369141,167.44967937469482,602.5466156005859,313.20992946624756,,,,,,,,0,97.40234675204285,1.2047122231567229,0.27564776663192175,1.4697795956595567,0,0,162.60100377554826,174.6435724845171,177.01416672837155,0,0,0,0,0
1100,36.63333333333333,0,1,638.8586044311523,267.12615966796875,566.2346267700195,359.29369926452637,544.0095520019531,374.3569278717041,524.7336578369141,167.44967937469482,602.5466156005859,313.20992946624756,,,,,,,,0,97.40234675204285,1.2047122231567229,0.27564776663192175,1.4697795956595567,0,0,162.60100377554826,174.6435724845171,177.01416672837155,0,0,0,0,0
1101,36.666666666666664,1,1,636.7729187011719,266.3550281524658,566.0129547119141,359.04587745666504,544.5841598510742,374.2385673522949,523.6505508422852,167.61501789093018,601.392936706543,312.70045280456543,,,,,,,,0,95.94989817613718,1.215351886089689,0.27376852283574477,1.4789708338118506,0,0,164.16183877216412,175.24807469972117,177.56642831665943,0,0,0,0,0
1102,36.7,0,1,636.7729187011719,266.3550281524658,566.0129547119141,359.04587745666504,544.5841598510742,374.2385673522949,523.6505508422852,167.61501789093018,601.392936706543,312.70045280456543,,,,,,,,0,95.94989817613718,1.215351886089689,0.27376852283574477,1.4789708338118506,0,0,164.16183877216412,175.24807469972117,177.56642831665943,0,0,0,0,0
1103,36.733333333333334,0,1,636.7729187011719,266.3550281524658,566.0129547119141,359.04587745666504,544.5841598510742,374.2385673522949,523.6505508422852,167.61501789093018,601.392936706543,312.70045280456543,,,,,,,,0,95.94989817613718,1.215351886089689,0.27376852283574477,1.4789708338118506,0,0,164.16183877216412,175.24807469972117,177.56642831665943,0,0,0,0,0
1104,36.766666666666666,1,1,635.7891845703125,263.9996910095215,566.1014175415039,358.3398628234863,545.0775527954102,373.69136810302734,525.9145355224609,167.79194355010986,600.9453010559082,311.1697769165039,,,,,,,,0,97.24809803346183,1.2060688934905601,0.2676877686437857,1.4636858225981193,0,0,161.31739758777235,174.27885015883513,177.60763482697817,0,0,0,0,0
1105,36.8,0,1,635.7891845703125,263.9996910095215,566.1014175415039,358.3398628234863,545.0775527954102,373.69136810302734,525.9145355224609,167.79194355010986,600.9453010559082,311.1697769165039,,,,,,,,0,97.24809803346183,1.2060688934905601,0.2676877686437857,1.4636858225981193,0,0,161.31739758777235,174.27885015883513,177.60763482697817,0,0,0,0,0
1106,36.833333333333336,0,1,635.7891845703125,263.9996910095215,566.1014175415039,358.3398628234863,545.0775527954102,373.69136810302734,525.9145355224609,167.79194355010986,600.9453010559082,311.1697769165039,,,,,,,,0,97.24809803346183,1.2060688934905601,0.2676877686437857,1.4636858225981193,0,0,161.31739758777235,174.27885015883513,177.60763482697817,0,0,0,0,0
1107,36.86666666666667,1,1,639.5101547241211,265.19731521606445,565.877685546875,357.4756908416748,544.4749450683594,373.9361572265625,529.4470596313477,167.41467475891113,602.693920135498,311.33650302886963,,,,,,,,0,97.43975719237446,1.2115715494735608,0.2770988959226823,1.4821000197140157,0,0,157.59120551380732,174.73921119420822,177.97657620918125,0,0,0,0,0
1108,36.9,0,1,639.5101547241211,265.19731521606445,565.877685546875,357.4756908416748,544.4749450683594,373.9361572265625,529.4470596313477,167.41467475891113,602.693920135498,311.33650302886963,,,,,,,,0,97.43975719237446,1.2115715494735608,0.2770988959226823,1.4821000197140157,0,0,157.59120551380732,174.73921119420822,177.97657620918125,0,0,0,0,0
1109,36.93333333333333,0,1,639.5101547241211,265.19731521606445,565.877685546875,357.4756908416748,544.4749450683594,373.9361572265625,529.4470596313477,167.41467475891113,602.693920135498,311.33650302886963,,,,,,,,0,97.43975719237446,1.2115715494735608,0.2770988959226823,1.4821000197140157,0,0,157.59120551380732,174.73921119420822,177.97657620918125,0,0,0,0,0
1110,36.96666666666667,1,1,641.5931701660156,258.5526466369629,563.9404678344727,349.7314453125,541.4188766479492,361.7845630645752,532.4984359741211,159.5630121231079,602.7668190002441,304.14204597473145,,,,,,,,0,95.70642023564227,1.2513728588358815,0.2669003181695351,1.5029938358741877,0,0,164.47545402947202,172.92218631636732,177.92594629146905,0,0,0,0,0
1111,37.0,0,1,641.5931701660156,258.5526466369629,563.9404678344727,349.7314453125,541.4188766479492,361.7845630645752,532.4984359741211,159.5630121231079,602.7668190002441,304.14204597473145,,,,,,,,0,95.70642023564227,1.2513728588358815,0.2669003181695351,1.5029938358741877,0,0,164.47545402947202,172.92218631636732,177.92594629146905,0,0,0,0,0
1112,37.03333333333333,0,1,641.5931701660156,258.5526466369629,563.9404678344727,349.7314453125,541.4188766479492,361.7845630645752,532.4984359741211,159.5630121231079,602.7668190002441,304.14204597473145,,,,,,,,0,95.70642023564227,1.2513728588358815,0.2669003181695351,1.5029938358741877,0,0,164.47545402947202,172.92218631636732,177.92594629146905,0,0,0,0,0
1113,37.06666666666667,1,1,651.5841674804688,207.74784564971924,579.4207000732422,310.2084159851074,555.8718872070312,324.3036460876465,537.932243347168,119.45544004440308,615.5024337768555,258.97813081741333,,,,,,,,0,97.26149136560417,1.2885112099925917,0.28217634393637797,1.550645423661526,0,0,164.0973987839782,174.85040917864865,176.49635958214722,0,0,0,0,0
1114,37.1,0,1,651.5841674804688,207.74784564971924,579.4207000732422,310.2084159851074,555.8718872070312,324.3036460876465,537.932243347168,119.45544004440308,615.5024337768555,258.97813081741333,,,,,,,,0,97.26149136560417,1.2885112099925917,0.28217634393637797,1.550645423661526,0,0,164.0973987839782,174.85040917864865,176.49635958214722,0,0,0,0,0
1115,37.13333333333333,0,1,651.5841674804688,207.74784564971924,579.4207000732422,310.2084159851074,555.8718872070312,324.3036460876465,537.932243347168,119.45544004440308,615.5024337768555,258.97813081741333,,,,,,,,0,97.26149136560417,1.2885112099925917,0.28217634393637797,1.550645423661526,0,0,164.0973987839782,174.85040917864865,176.49635958214722,0,0,0,0,0
1116,37.166666666666664,1,1,650.5519866943359,129.5996904373169,590.698127746582,236.23088836669922,567.1150970458984,248.79595756530762,533.7904739379883,74.68163967132568,620.625057220459,182.91528940200806,,,,,,,,0,88.18946283529995,1.386574044386402,0.30300142075315584,1.6498263681959222,0,0,178.76663012146764,172.64782098996653,175.46797151928777,0,0,0,0,0
1117,37.2,0,1,650.5519866943359,129.5996904373169,590.698127746582,236.23088836669922,567.1150970458984,248.79595756530762,533.7904739379883,74.68163967132568,620.625057220459,182.91528940200806,,,,,,,,0,88.18946283529995,1.386574044386402,0.30300142075315584,1.6498263681959222,0,0,178.76663012146764,172.64782098996653,175.46797151928777,0,0,0,0,0
1118,37.233333333333334,0,1,650.5519866943359,129.5996904373169,590.698127746582,236.23088836669922,567.1150970458984,248.79595756530762,533.7904739379883,74.68163967132568,620.625057220459,182.91528940200806,,,,,,,,0,88.18946283529995,1.386574044386402,0.30300142075315584,1.6498263681959222,0,0,178.76663012146764,172.64782098996653,175.46797151928777,0,0,0,0,0
1119,37.266666666666666,1,1,596.8688583374023,49.22719717025757,553.6389923095703,18.357930779457092,528.3389282226562,14.90633636713028,544.9689102172852,188.65751266479492,575.2539253234863,33.79256397485733,,,,,,,,0,52.9580048760646,1.0030586732633686,0.4821636094741617,1.447256272918107,0,0,173.888939615256,176.6294832340433,178.51443761433532,0,0,0,0,0
1120,37.3,0,1,596.8688583374023,49.22719717025757,553.6389923095703,18.357930779457092,528.3389282226562,14.90633636713028,544.9689102172852,188.65751266479492,575.2539253234863,33.79256397485733,,,,,,,,0,52.9580048760646,1.0030586732633686,0.4821636094741617,1.447256272918107,0,0,173.888939615256,176.6294832340433,178.51443761433532,0,0,0,0,0
1121,37.333333333333336,0,1,596.8688583374023,49.22719717025757,553.6389923095703,18.357930779457092,528.3389282226562,14.90633636713028,544.9689102172852,188.65751266479492,575.2539253234863,33.79256397485733,,,,,,,,0,52.9580048760646,1.0030586732633686,0.4821636094741617,1.447256272918107,0,0,173.888939615256,176.6294832340433,178.51443761433532,0,0,0,0,0
1122,37.36666666666667,1,0,,,,,,,,,,,,,,,,,,0,,,,,0,0,,,,0,0,0,0,0
1123,37.4,0,0,,,,,,,,,,,,,,,,,,0,,,,,0,0,,,,0,0,0,0,0
1124,37.43333333333333,0,0,,,,,,,,,,,,,,,,,,0,,,,,0,0,,,,0,0,0,0,0
1125,37.46666666666667,1,0,,,,,,,,,,,,,,,,,,0,,,,,0,0,,,,0,0,0,0,0
1126,37.5,0,0,,,,,,,,,,,,,,,,,,0,,,,,0,0,,,,0,0,0,0,0
1127,37.53333333333333,0,0,,,,,,,,,,,,,,,,,,0,,,,,0,0,,,,0,0,0,0,0
1128,37.56666666666667,1,0,,,,,,,,,,,,,,,,,,0,,,,,0,0,,,,0,0,0,0,0
1129,37.6,0,0,,,,,,,,,,,,,,,,,,0,,,,,0,0,,,,0,0,0,0,0
1130,37.63333333333333,0,0,,,,,,,,,,,,,,,,,,0,,,,,0,0,,,,0,0,0,0,0
1131,37.666666666666664,1,0,,,,,,,,,,,,,,,,,,0,,,,,0,0,,,,0,0,0,0,0
1132,37.7,0,0,,,,,,,,,,,,,,,,,,0,,,,,0,0,,,,0,0,0,0,0
1133,37.733333333333334,0,0,,,,,,,,,,,,,,,,,,0,,,,,0,0,,,,0,0,0,0,0
1134,37.766666666666666,1,0,,,,,,,,,,,,,,,,,,0,,,,,0,0,,,,0,0,0,0,0
1135,37.8,0,0,,,,,,,,,,,,,,,,,,0,,,,,0,0,,,,0,0,0,0,0
1136,37.833333333333336,0,0,,,,,,,,,,,,,,,,,,0,,,,,0,0,,,,0,0,0,0,0
1137,37.86666666666667,1,0,,,,,,,,,,,,,,,,,,0,,,,,0,0,,,,0,0,0,0,0
1138,37.9,0,0,,,,,,,,,,,,,,,,,,0,,,,,0,0,,,,0,0,0,0,0
1139,37.93333333333333,0,0,,,,,,,,,,,,,,,,,,0,,,,,0,0,,,,0,0,0,0,0
1140,37.96666666666667,1,0,,,,,,,,,,,,,,,,,,0,,,,,0,0,,,,0,0,0,0,0
1141,38.0,0,0,,,,,,,,,,,,,,,,,,0,,,,,0,0,,,,0,0,0,0,0
1142,38.03333333333333,0,0,,,,,,,,,,,,,,,,,,0,,,,,0,0,,,,0,0,0,0,0
1143,38.06666666666667,1,0,,,,,,,,,,,,,,,,,,0,,,,,0,0,,,,0,0,0,0,0
1144,38.1,0,0,,,,,,,,,,,,,,,,,,0,,,,,0,0,,,,0,0,0,0,0
1145,38.13333333333333,0,0,,,,,,,,,,,,,,,,,,0,,,,,0,0,,,,0,0,0,0,0
1146,38.166666666666664,1,0,,,,,,,,,,,,,,,,,,0,,,,,0,0,,,,0,0,0,0,0
1147,38.2,0,0,,,,,,,,,,,,,,,,,,0,,,,,0,0,,,,0,0,0,0,0
1148,38.233333333333334,0,0,,,,,,,,,,,,,,,,,,0,,,,,0,0,,,,0,0,0,0,0
1149,38.266666666666666,1,0,,,,,,,,,,,,,,,,,,0,,,,,0,0,,,,0,0,0,0,0
1150,38.3,0,0,,,,,,,,,,,,,,,,,,0,,,,,0,0,,,,0,0,0,0,0
1151,38.333333333333336,0,0,,,,,,,,,,,,,,,,,,0,,,,,0,0,,,,0,0,0,0,0
1152,38.36666666666667,1,0,,,,,,,,,,,,,,,,,,0,,,,,0,0,,,,0,0,0,0,0
1153,38.4,0,0,,,,,,,,,,,,,,,,,,0,,,,,0,0,,,,0,0,0,0,0
1154,38.43333333333333,0,0,,,,,,,,,,,,,,,,,,0,,,,,0,0,,,,0,0,0,0,0
1155,38.46666666666667,1,0,,,,,,,,,,,,,,,,,,0,,,,,0,0,,,,0,0,0,0,0
1156,38.5,0,0,,,,,,,,,,,,,,,,,,0,,,,,0,0,,,,0,0,0,0,0
1157,38.53333333333333,0,0,,,,,,,,,,,,,,,,,,0,,,,,0,0,,,,0,0,0,0,0
1158,38.56666666666667,1,0,,,,,,,,,,,,,,,,,,0,,,,,0,0,,,,0,0,0,0,0
1159,38.6,0,0,,,,,,,,,,,,,,,,,,0,,,,,0,0,,,,0,0,0,0,0
1160,38.63333333333333,0,0,,,,,,,,,,,,,,,,,,0,,,,,0,0,,,,0,0,0,0,0
1161,38.666666666666664,1,0,,,,,,,,,,,,,,,,,,0,,,,,0,0,,,,0,0,0,0,0
1162,38.7,0,0,,,,,,,,,,,,,,,,,,0,,,,,0,0,,,,0,0,0,0,0
1163,38.733333333333334,0,0,,,,,,,,,,,,,,,,,,0,,,,,0,0,,,,0,0,0,0,0
1164,38.766666666666666,1,0,,,,,,,,,,,,,,,,,,0,,,,,0,0,,,,0,0,0,0,0
1165,38.8,0,0,,,,,,,,,,,,,,,,,,0,,,,,0,0,,,,0,0,0,0,0
1166,38.833333333333336,0,0,,,,,,,,,,,,,,,,,,0,,,,,0,0,,,,0,0,0,0,0
1167,38.86666666666667,1,0,,,,,,,,,,,,,,,,,,0,,,,,0,0,,,,0,0,0,0,0
1168,38.9,0,0,,,,,,,,,,,,,,,,,,0,,,,,0,0,,,,0,0,0,0,0
1169,38.93333333333333,0,0,,,,,,,,,,,,,,,,,,0,,,,,0,0,,,,0,0,0,0,0
1170,38.96666666666667,1,0,,,,,,,,,,,,,,,,,,0,,,,,0,0,,,,0,0,0,0,0
1171,39.0,0,0,,,,,,,,,,,,,,,,,,0,,,,,0,0,,,,0,0,0,0,0
1172,39.03333333333333,0,0,,,,,,,,,,,,,,,,,,0,,,,,0,0,,,,0,0,0,0,0
1173,39.06666666666667,1,0,,,,,,,,,,,,,,,,,,0,,,,,0,0,,,,0,0,0,0,0
1174,39.1,0,0,,,,,,,,,,,,,,,,,,0,,,,,0,0,,,,0,0,0,0,0
1175,39.13333333333333,0,0,,,,,,,,,,,,,,,,,,0,,,,,0,0,,,,0,0,0,0,0
1176,39.166666666666664,1,0,,,,,,,,,,,,,,,,,,0,,,,,0,0,,,,0,0,0,0,0
1177,39.2,0,0,,,,,,,,,,,,,,,,,,0,,,,,0,0,,,,0,0,0,0,0
1178,39.233333333333334,0,0,,,,,,,,,,,,,,,,,,0,,,,,0,0,,,,0,0,0,0,0
1179,39.266666666666666,1,0,,,,,,,,,,,,,,,,,,0,,,,,0,0,,,,0,0,0,0,0
1180,39.3,0,0,,,,,,,,,,,,,,,,,,0,,,,,0,0,,,,0,0,0,0,0
1181,39.333333333333336,0,0,,,,,,,,,,,,,,,,,,0,,,,,0,0,,,,0,0,0,0,0
1182,39.36666666666667,1,0,,,,,,,,,,,,,,,,,,0,,,,,0,0,,,,0,0,0,0,0
1183,39.4,0,0,,,,,,,,,,,,,,,,,,0,,,,,0,0,,,,0,0,0,0,0
1184,39.43333333333333,0,0,,,,,,,,,,,,,,,,,,0,,,,,0,0,,,,0,0,0,0,0
1185,39.46666666666667,1,0,,,,,,,,,,,,,,,,,,0,,,,,0,0,,,,0,0,0,0,0
1186,39.5,0,0,,,,,,,,,,,,,,,,,,0,,,,,0,0,,,,0,0,0,0,0
1187,39.53333333333333,0,0,,,,,,,,,,,,,,,,,,0,,,,,0,0,,,,0,0,0,0,0
1188,39.56666666666667,1,0,,,,,,,,,,,,,,,,,,0,,,,,0,0,,,,0,0,0,0,0
1189,39.6,0,0,,,,,,,,,,,,,,,,,,0,,,,,0,0,,,,0,0,0,0,0
1190,39.63333333333333,0,0,,,,,,,,,,,,,,,,,,0,,,,,0,0,,,,0,0,0,0,0
1191,39.666666666666664,1,0,,,,,,,,,,,,,,,,,,0,,,,,0,0,,,,0,0,0,0,0
1192,39.7,0,0,,,,,,,,,,,,,,,,,,0,,,,,0,0,,,,0,0,0,0,0
1193,39.733333333333334,0,0,,,,,,,,,,,,,,,,,,0,,,,,0,0,,,,0,0,0,0,0
1194,39.766666666666666,1,0,,,,,,,,,,,,,,,,,,0,,,,,0,0,,,,0,0,0,0,0
1195,39.8,0,0,,,,,,,,,,,,,,,,,,0,,,,,0,0,,,,0,0,0,0,0
1196,39.833333333333336,0,0,,,,,,,,,,,,,,,,,,0,,,,,0,0,,,,0,0,0,0,0
1197,39.86666666666667,1,0,,,,,,,,,,,,,,,,,,0,,,,,0,0,,,,0,0,0,0,0
1198,39.9,0,0,,,,,,,,,,,,,,,,,,0,,,,,0,0,,,,0,0,0,0,0
1199,39.93333333333333,0,0,,,,,,,,,,,,,,,,,,0,,,,,0,0,,,,0,0,0,0,0
1200,39.96666666666667,1,0,,,,,,,,,,,,,,,,,,0,,,,,0,0,,,,0,0,0,0,0
1201,40.0,0,0,,,,,,,,,,,,,,,,,,0,,,,,0,0,,,,0,0,0,0,0
1202,40.03333333333333,0,0,,,,,,,,,,,,,,,,,,0,,,,,0,0,,,,0,0,0,0,0
1203,40.06666666666667,1,0,,,,,,,,,,,,,,,,,,0,,,,,0,0,,,,0,0,0,0,0
1204,40.1,0,0,,,,,,,,,,,,,,,,,,0,,,,,0,0,,,,0,0,0,0,0
1205,40.13333333333333,0,0,,,,,,,,,,,,,,,,,,0,,,,,0,0,,,,0,0,0,0,0
1206,40.166666666666664,1,0,,,,,,,,,,,,,,,,,,0,,,,,0,0,,,,0,0,0,0,0
1207,40.2,0,0,,,,,,,,,,,,,,,,,,0,,,,,0,0,,,,0,0,0,0,0
1208,40.233333333333334,0,0,,,,,,,,,,,,,,,,,,0,,,,,0,0,,,,0,0,0,0,0
1209,40.266666666666666,1,0,,,,,,,,,,,,,,,,,,0,,,,,0,0,,,,0,0,0,0,0
1210,40.3,0,0,,,,,,,,,,,,,,,,,,0,,,,,0,0,,,,0,0,0,0,0
1211,40.333333333333336,0,0,,,,,,,,,,,,,,,,,,0,,,,,0,0,,,,0,0,0,0,0
1212,40.36666666666667,1,0,,,,,,,,,,,,,,,,,,0,,,,,0,0,,,,0,0,0,0,0
1213,40.4,0,0,,,,,,,,,,,,,,,,,,0,,,,,0,0,,,,0,0,0,0,0
1214,40.43333333333333,0,0,,,,,,,,,,,,,,,,,,0,,,,,0,0,,,,0,0,0,0,0
1215,40.46666666666667,1,0,,,,,,,,,,,,,,,,,,0,,,,,0,0,,,,0,0,0,0,0
1216,40.5,0,0,,,,,,,,,,,,,,,,,,0,,,,,0,0,,,,0,0,0,0,0
1217,40.53333333333333,0,0,,,,,,,,,,,,,,,,,,0,,,,,0,0,,,,0,0,0,0,0
1218,40.56666666666667,1,0,,,,,,,,,,,,,,,,,,0,,,,,0,0,,,,0,0,0,0,0
1219,40.6,0,0,,,,,,,,,,,,,,,,,,0,,,,,0,0,,,,0,0,0,0,0
1220,40.63333333333333,0,0,,,,,,,,,,,,,,,,,,0,,,,,0,0,,,,0,0,0,0,0
1221,40.666666666666664,1,0,,,,,,,,,,,,,,,,,,0,,,,,0,0,,,,0,0,0,0,0
1222,40.7,0,0,,,,,,,,,,,,,,,,,,0,,,,,0,0,,,,0,0,0,0,0
1223,40.733333333333334,0,0,,,,,,,,,,,,,,,,,,0,,,,,0,0,,,,0,0,0,0,0
1224,40.766666666666666,1,0,,,,,,,,,,,,,,,,,,0,,,,,0,0,,,,0,0,0,0,0
1225,40.8,0,0,,,,,,,,,,,,,,,,,,0,,,,,0,0,,,,0,0,0,0,0
1226,40.833333333333336,0,0,,,,,,,,,,,,,,,,,,0,,,,,0,0,,,,0,0,0,0,0
1227,40.86666666666667,1,0,,,,,,,,,,,,,,,,,,0,,,,,0,0,,,,0,0,0,0,0
1228,40.9,0,0,,,,,,,,,,,,,,,,,,0,,,,,0,0,,,,0,0,0,0,0
1229,40.93333333333333,0,0,,,,,,,,,,,,,,,,,,0,,,,,0,0,,,,0,0,0,0,0
1230,40.96666666666667,1,0,,,,,,,,,,,,,,,,,,0,,,,,0,0,,,,0,0,0,0,0
1231,41.0,0,0,,,,,,,,,,,,,,,,,,0,,,,,0,0,,,,0,0,0,0,0
1232,41.03333333333333,0,0,,,,,,,,,,,,,,,,,,0,,,,,0,0,,,,0,0,0,0,0
1233,41.06666666666667,1,0,,,,,,,,,,,,,,,,,,0,,,,,0,0,,,,0,0,0,0,0
1234,41.1,0,0,,,,,,,,,,,,,,,,,,0,,,,,0,0,,,,0,0,0,0,0
1235,41.13333333333333,0,0,,,,,,,,,,,,,,,,,,0,,,,,0,0,,,,0,0,0,0,0
1236,41.166666666666664,1,0,,,,,,,,,,,,,,,,,,0,,,,,0,0,,,,0,0,0,0,0
1237,41.2,0,0,,,,,,,,,,,,,,,,,,0,,,,,0,0,,,,0,0,0,0,0
1238,41.233333333333334,0,0,,,,,,,,,,,,,,,,,,0,,,,,0,0,,,,0,0,0,0,0
1239,41.266666666666666,1,0,,,,,,,,,,,,,,,,,,0,,,,,0,0,,,,0,0,0,0,0
1240,41.3,0,0,,,,,,,,,,,,,,,,,,0,,,,,0,0,,,,0,0,0,0,0
1241,41.333333333333336,0,0,,,,,,,,,,,,,,,,,,0,,,,,0,0,,,,0,0,0,0,0
1242,41.36666666666667,1,0,,,,,,,,,,,,,,,,,,0,,,,,0,0,,,,0,0,0,0,0
1243,41.4,0,0,,,,,,,,,,,,,,,,,,0,,,,,0,0,,,,0,0,0,0,0
1244,41.43333333333333,0,0,,,,,,,,,,,,,,,,,,0,,,,,0,0,,,,0,0,0,0,0
1245,41.46666666666667,1,0,,,,,,,,,,,,,,,,,,0,,,,,0,0,,,,0,0,0,0,0
1246,41.5,0,0,,,,,,,,,,,,,,,,,,0,,,,,0,0,,,,0,0,0,0,0
1247,41.53333333333333,0,0,,,,,,,,,,,,,,,,,,0,,,,,0,0,,,,0,0,0,0,0
1248,41.56666666666667,1,0,,,,,,,,,,,,,,,,,,0,,,,,0,0,,,,0,0,0,0,0
1249,41.6,0,0,,,,,,,,,,,,,,,,,,0,,,,,0,0,,,,0,0,0,0,0
1250,41.63333333333333,0,0,,,,,,,,,,,,,,,,,,0,,,,,0,0,,,,0,0,0,0,0
1251,41.666666666666664,1,0,,,,,,,,,,,,,,,,,,0,,,,,0,0,,,,0,0,0,0,0
1252,41.7,0,0,,,,,,,,,,,,,,,,,,0,,,,,0,0,,,,0,0,0,0,0
1253,41.733333333333334,0,0,,,,,,,,,,,,,,,,,,0,,,,,0,0,,,,0,0,0,0,0
1254,41.766666666666666,1,0,,,,,,,,,,,,,,,,,,0,,,,,0,0,,,,0,0,0,0,0
1255,41.8,0,0,,,,,,,,,,,,,,,,,,0,,,,,0,0,,,,0,0,0,0,0
1256,41.833333333333336,0,0,,,,,,,,,,,,,,,,,,0,,,,,0,0,,,,0,0,0,0,0
1257,41.86666666666667,1,0,,,,,,,,,,,,,,,,,,0,,,,,0,0,,,,0,0,0,0,0
1258,41.9,0,0,,,,,,,,,,,,,,,,,,0,,,,,0,0,,,,0,0,0,0,0
1259,41.93333333333333,0,0,,,,,,,,,,,,,,,,,,0,,,,,0,0,,,,0,0,0,0,0
1260,41.96666666666667,1,0,,,,,,,,,,,,,,,,,,0,,,,,0,0,,,,0,0,0,0,0
1261,42.0,0,0,,,,,,,,,,,,,,,,,,0,,,,,0,0,,,,0,0,0,0,0
1262,42.03333333333333,0,0,,,,,,,,,,,,,,,,,,0,,,,,0,0,,,,0,0,0,0,0
1263,42.06666666666667,1,0,,,,,,,,,,,,,,,,,,0,,,,,0,0,,,,0,0,0,0,0
1264,42.1,0,0,,,,,,,,,,,,,,,,,,0,,,,,0,0,,,,0,0,0,0,0
1265,42.13333333333333,0,0,,,,,,,,,,,,,,,,,,0,,,,,0,0,,,,0,0,0,0,0
1266,42.166666666666664,1,0,,,,,,,,,,,,,,,,,,0,,,,,0,0,,,,0,0,0,0,0
1267,42.2,0,0,,,,,,,,,,,,,,,,,,0,,,,,0,0,,,,0,0,0,0,0
1268,42.233333333333334,0,0,,,,,,,,,,,,,,,,,,0,,,,,0,0,,,,0,0,0,0,0
1269,42.266666666666666,1,0,,,,,,,,,,,,,,,,,,0,,,,,0,0,,,,0,0,0,0,0
1270,42.3,0,0,,,,,,,,,,,,,,,,,,0,,,,,0,0,,,,0,0,0,0,0
1271,42.333333333333336,0,0,,,,,,,,,,,,,,,,,,0,,,,,0,0,,,,0,0,0,0,0
1272,42.36666666666667,1,0,,,,,,,,,,,,,,,,,,0,,,,,0,0,,,,0,0,0,0,0
1273,42.4,0,0,,,,,,,,,,,,,,,,,,0,,,,,0,0,,,,0,0,0,0,0
1274,42.43333333333333,0,0,,,,,,,,,,,,,,,,,,0,,,,,0,0,,,,0,0,0,0,0
1275,42.46666666666667,1,0,,,,,,,,,,,,,,,,,,0,,,,,0,0,,,,0,0,0,0,0
1276,42.5,0,0,,,,,,,,,,,,,,,,,,0,,,,,0,0,,,,0,0,0,0,0
1277,42.53333333333333,0,0,,,,,,,,,,,,,,,,,,0,,,,,0,0,,,,0,0,0,0,0
1278,42.56666666666667,1,0,,,,,,,,,,,,,,,,,,0,,,,,0,0,,,,0,0,0,0,0
1279,42.6,0,0,,,,,,,,,,,,,,,,,,0,,,,,0,0,,,,0,0,0,0,0
1280,42.63333333333333,0,0,,,,,,,,,,,,,,,,,,0,,,,,0,0,,,,0,0,0,0,0
1281,42.666666666666664,1,0,,,,,,,,,,,,,,,,,,0,,,,,0,0,,,,0,0,0,0,0
1282,42.7,0,0,,,,,,,,,,,,,,,,,,0,,,,,0,0,,,,0,0,0,0,0
1283,42.733333333333334,0,0,,,,,,,,,,,,,,,,,,0,,,,,0,0,,,,0,0,0,0,0
1284,42.766666666666666,1,0,,,,,,,,,,,,,,,,,,0,,,,,0,0,,,,0,0,0,0,0
1285,42.8,0,0,,,,,,,,,,,,,,,,,,0,,,,,0,0,,,,0,0,0,0,0
1286,42.833333333333336,0,0,,,,,,,,,,,,,,,,,,0,,,,,0,0,,,,0,0,0,0,0
1287,42.86666666666667,1,0,,,,,,,,,,,,,,,,,,0,,,,,0,0,,,,0,0,0,0,0
1288,42.9,0,0,,,,,,,,,,,,,,,,,,0,,,,,0,0,,,,0,0,0,0,0
1289,42.93333333333333,0,0,,,,,,,,,,,,,,,,,,0,,,,,0,0,,,,0,0,0,0,0
1290,42.96666666666667,1,0,,,,,,,,,,,,,,,,,,0,,,,,0,0,,,,0,0,0,0,0
1291,43.0,0,0,,,,,,,,,,,,,,,,,,0,,,,,0,0,,,,0,0,0,0,0
1292,43.03333333333333,0,0,,,,,,,,,,,,,,,,,,0,,,,,0,0,,,,0,0,0,0,0
1293,43.06666666666667,1,0,,,,,,,,,,,,,,,,,,0,,,,,0,0,,,,0,0,0,0,0
1294,43.1,0,0,,,,,,,,,,,,,,,,,,0,,,,,0,0,,,,0,0,0,0,0
1295,43.13333333333333,0,0,,,,,,,,,,,,,,,,,,0,,,,,0,0,,,,0,0,0,0,0
1296,43.166666666666664,1,0,,,,,,,,,,,,,,,,,,0,,,,,0,0,,,,0,0,0,0,0
1297,43.2,0,0,,,,,,,,,,,,,,,,,,0,,,,,0,0,,,,0,0,0,0,0
1298,43.233333333333334,0,0,,,,,,,,,,,,,,,,,,0,,,,,0,0,,,,0,0,0,0,0
1299,43.266666666666666,1,0,,,,,,,,,,,,,,,,,,0,,,,,0,0,,,,0,0,0,0,0
1300,43.3,0,0,,,,,,,,,,,,,,,,,,0,,,,,0,0,,,,0,0,0,0,0
1301,43.333333333333336,0,0,,,,,,,,,,,,,,,,,,0,,,,,0,0,,,,0,0,0,0,0
1302,43.36666666666667,1,0,,,,,,,,,,,,,,,,,,0,,,,,0,0,,,,0,0,0,0,0
1303,43.4,0,0,,,,,,,,,,,,,,,,,,0,,,,,0,0,,,,0,0,0,0,0
1304,43.43333333333333,0,0,,,,,,,,,,,,,,,,,,0,,,,,0,0,,,,0,0,0,0,0
1305,43.46666666666667,1,0,,,,,,,,,,,,,,,,,,0,,,,,0,0,,,,0,0,0,0,0
1306,43.5,0,0,,,,,,,,,,,,,,,,,,0,,,,,0,0,,,,0,0,0,0,0
1307,43.53333333333333,0,0,,,,,,,,,,,,,,,,,,0,,,,,0,0,,,,0,0,0,0,0
1308,43.56666666666667,1,0,,,,,,,,,,,,,,,,,,0,,,,,0,0,,,,0,0,0,0,0
1309,43.6,0,0,,,,,,,,,,,,,,,,,,0,,,,,0,0,,,,0,0,0,0,0
1310,43.63333333333333,0,0,,,,,,,,,,,,,,,,,,0,,,,,0,0,,,,0,0,0,0,0
1311,43.666666666666664,1,0,,,,,,,,,,,,,,,,,,0,,,,,0,0,,,,0,0,0,0,0
1312,43.7,0,0,,,,,,,,,,,,,,,,,,0,,,,,0,0,,,,0,0,0,0,0
1313,43.733333333333334,0,0,,,,,,,,,,,,,,,,,,0,,,,,0,0,,,,0,0,0,0,0
1314,43.766666666666666,1,0,,,,,,,,,,,,,,,,,,0,,,,,0,0,,,,0,0,0,0,0
1315,43.8,0,0,,,,,,,,,,,,,,,,,,0,,,,,0,0,,,,0,0,0,0,0
1316,43.833333333333336,0,0,,,,,,,,,,,,,,,,,,0,,,,,0,0,,,,0,0,0,0,0
1317,43.86666666666667,1,0,,,,,,,,,,,,,,,,,,0,,,,,0,0,,,,0,0,0,0,0
1318,43.9,0,0,,,,,,,,,,,,,,,,,,0,,,,,0,0,,,,0,0,0,0,0
1319,43.93333333333333,0,0,,,,,,,,,,,,,,,,,,0,,,,,0,0,,,,0,0,0,0,0
1320,43.96666666666667,1,0,,,,,,,,,,,,,,,,,,0,,,,,0,0,,,,0,0,0,0,0
1321,44.0,0,0,,,,,,,,,,,,,,,,,,0,,,,,0,0,,,,0,0,0,0,0
1322,44.03333333333333,0,0,,,,,,,,,,,,,,,,,,0,,,,,0,0,,,,0,0,0,0,0
1323,44.06666666666667,1,0,,,,,,,,,,,,,,,,,,0,,,,,0,0,,,,0,0,0,0,0
1324,44.1,0,0,,,,,,,,,,,,,,,,,,0,,,,,0,0,,,,0,0,0,0,0
1325,44.13333333333333,0,0,,,,,,,,,,,,,,,,,,0,,,,,0,0,,,,0,0,0,0,0
1326,44.166666666666664,1,0,,,,,,,,,,,,,,,,,,0,,,,,0,0,,,,0,0,0,0,0
1327,44.2,0,0,,,,,,,,,,,,,,,,,,0,,,,,0,0,,,,0,0,0,0,0
1328,44.233333333333334,0,0,,,,,,,,,,,,,,,,,,0,,,,,0,0,,,,0,0,0,0,0
1329,44.266666666666666,1,0,,,,,,,,,,,,,,,,,,0,,,,,0,0,,,,0,0,0,0,0
1330,44.3,0,0,,,,,,,,,,,,,,,,,,0,,,,,0,0,,,,0,0,0,0,0
1331,44.333333333333336,0,0,,,,,,,,,,,,,,,,,,0,,,,,0,0,,,,0,0,0,0,0
1332,44.36666666666667,1,0,,,,,,,,,,,,,,,,,,0,,,,,0,0,,,,0,0,0,0,0
1333,44.4,0,0,,,,,,,,,,,,,,,,,,0,,,,,0,0,,,,0,0,0,0,0
1334,44.43333333333333,0,0,,,,,,,,,,,,,,,,,,0,,,,,0,0,,,,0,0,0,0,0
1335,44.46666666666667,1,0,,,,,,,,,,,,,,,,,,0,,,,,0,0,,,,0,0,0,0,0
1336,44.5,0,0,,,,,,,,,,,,,,,,,,0,,,,,0,0,,,,0,0,0,0,0
1337,44.53333333333333,0,0,,,,,,,,,,,,,,,,,,0,,,,,0,0,,,,0,0,0,0,0
1338,44.56666666666667,1,0,,,,,,,,,,,,,,,,,,0,,,,,0,0,,,,0,0,0,0,0
1339,44.6,0,0,,,,,,,,,,,,,,,,,,0,,,,,0,0,,,,0,0,0,0,0
1340,44.63333333333333,0,0,,,,,,,,,,,,,,,,,,0,,,,,0,0,,,,0,0,0,0,0
1341,44.666666666666664,1,0,,,,,,,,,,,,,,,,,,0,,,,,0,0,,,,0,0,0,0,0
1342,44.7,0,0,,,,,,,,,,,,,,,,,,0,,,,,0,0,,,,0,0,0,0,0
1343,44.733333333333334,0,0,,,,,,,,,,,,,,,,,,0,,,,,0,0,,,,0,0,0,0,0
1344,44.766666666666666,1,0,,,,,,,,,,,,,,,,,,0,,,,,0,0,,,,0,0,0,0,0
1345,44.8,0,0,,,,,,,,,,,,,,,,,,0,,,,,0,0,,,,0,0,0,0,0
1346,44.833333333333336,0,0,,,,,,,,,,,,,,,,,,0,,,,,0,0,,,,0,0,0,0,0
1347,44.86666666666667,1,0,,,,,,,,,,,,,,,,,,0,,,,,0,0,,,,0,0,0,0,0
1348,44.9,0,0,,,,,,,,,,,,,,,,,,0,,,,,0,0,,,,0,0,0,0,0
1349,44.93333333333333,0,0,,,,,,,,,,,,,,,,,,0,,,,,0,0,,,,0,0,0,0,0
1350,44.96666666666667,1,0,,,,,,,,,,,,,,,,,,0,,,,,0,0,,,,0,0,0,0,0
1351,45.0,0,0,,,,,,,,,,,,,,,,,,0,,,,,0,0,,,,0,0,0,0,0
1352,45.03333333333333,0,0,,,,,,,,,,,,,,,,,,0,,,,,0,0,,,,0,0,0,0,0
1353,45.06666666666667,1,0,,,,,,,,,,,,,,,,,,0,,,,,0,0,,,,0,0,0,0,0
1354,45.1,0,0,,,,,,,,,,,,,,,,,,0,,,,,0,0,,,,0,0,0,0,0
1355,45.13333333333333,0,0,,,,,,,,,,,,,,,,,,0,,,,,0,0,,,,0,0,0,0,0
1356,45.166666666666664,1,0,,,,,,,,,,,,,,,,,,0,,,,,0,0,,,,0,0,0,0,0
1357,45.2,0,0,,,,,,,,,,,,,,,,,,0,,,,,0,0,,,,0,0,0,0,0
1358,45.233333333333334,0,0,,,,,,,,,,,,,,,,,,0,,,,,0,0,,,,0,0,0,0,0
1359,45.266666666666666,1,0,,,,,,,,,,,,,,,,,,0,,,,,0,0,,,,0,0,0,0,0
1360,45.3,0,0,,,,,,,,,,,,,,,,,,0,,,,,0,0,,,,0,0,0,0,0
1361,45.333333333333336,0,0,,,,,,,,,,,,,,,,,,0,,,,,0,0,,,,0,0,0,0,0
1362,45.36666666666667,1,0,,,,,,,,,,,,,,,,,,0,,,,,0,0,,,,0,0,0,0,0
1363,45.4,0,0,,,,,,,,,,,,,,,,,,0,,,,,0,0,,,,0,0,0,0,0
1364,45.43333333333333,0,0,,,,,,,,,,,,,,,,,,0,,,,,0,0,,,,0,0,0,0,0
1365,45.46666666666667,1,0,,,,,,,,,,,,,,,,,,0,,,,,0,0,,,,0,0,0,0,0
1366,45.5,0,0,,,,,,,,,,,,,,,,,,0,,,,,0,0,,,,0,0,0,0,0
1367,45.53333333333333,0,0,,,,,,,,,,,,,,,,,,0,,,,,0,0,,,,0,0,0,0,0
1368,45.56666666666667,1,0,,,,,,,,,,,,,,,,,,0,,,,,0,0,,,,0,0,0,0,0
1369,45.6,0,0,,,,,,,,,,,,,,,,,,0,,,,,0,0,,,,0,0,0,0,0
1370,45.63333333333333,0,0,,,,,,,,,,,,,,,,,,0,,,,,0,0,,,,0,0,0,0,0
1371,45.666666666666664,1,0,,,,,,,,,,,,,,,,,,0,,,,,0,0,,,,0,0,0,0,0
1372,45.7,0,0,,,,,,,,,,,,,,,,,,0,,,,,0,0,,,,0,0,0,0,0
1373,45.733333333333334,0,0,,,,,,,,,,,,,,,,,,0,,,,,0,0,,,,0,0,0,0,0
1374,45.766666666666666,1,0,,,,,,,,,,,,,,,,,,0,,,,,0,0,,,,0,0,0,0,0
1375,45.8,0,0,,,,,,,,,,,,,,,,,,0,,,,,0,0,,,,0,0,0,0,0
1376,45.833333333333336,0,0,,,,,,,,,,,,,,,,,,0,,,,,0,0,,,,0,0,0,0,0
1377,45.86666666666667,1,0,,,,,,,,,,,,,,,,,,0,,,,,0,0,,,,0,0,0,0,0
1378,45.9,0,0,,,,,,,,,,,,,,,,,,0,,,,,0,0,,,,0,0,0,0,0
1379,45.93333333333333,0,0,,,,,,,,,,,,,,,,,,0,,,,,0,0,,,,0,0,0,0,0
1380,45.96666666666667,1,0,,,,,,,,,,,,,,,,,,0,,,,,0,0,,,,0,0,0,0,0
1381,46.0,0,0,,,,,,,,,,,,,,,,,,0,,,,,0,0,,,,0,0,0,0,0
1382,46.03333333333333,0,0,,,,,,,,,,,,,,,,,,0,,,,,0,0,,,,0,0,0,0,0
1383,46.06666666666667,1,0,,,,,,,,,,,,,,,,,,0,,,,,0,0,,,,0,0,0,0,0
1384,46.1,0,0,,,,,,,,,,,,,,,,,,0,,,,,0,0,,,,0,0,0,0,0
1385,46.13333333333333,0,0,,,,,,,,,,,,,,,,,,0,,,,,0,0,,,,0,0,0,0,0
1386,46.166666666666664,1,0,,,,,,,,,,,,,,,,,,0,,,,,0,0,,,,0,0,0,0,0
1387,46.2,0,0,,,,,,,,,,,,,,,,,,0,,,,,0,0,,,,0,0,0,0,0
1388,46.233333333333334,0,0,,,,,,,,,,,,,,,,,,0,,,,,0,0,,,,0,0,0,0,0
1389,46.266666666666666,1,0,,,,,,,,,,,,,,,,,,0,,,,,0,0,,,,0,0,0,0,0
1390,46.3,0,0,,,,,,,,,,,,,,,,,,0,,,,,0,0,,,,0,0,0,0,0
1391,46.333333333333336,0,0,,,,,,,,,,,,,,,,,,0,,,,,0,0,,,,0,0,0,0,0
1392,46.36666666666667,1,0,,,,,,,,,,,,,,,,,,0,,,,,0,0,,,,0,0,0,0,0
1393,46.4,0,0,,,,,,,,,,,,,,,,,,0,,,,,0,0,,,,0,0,0,0,0
1394,46.43333333333333,0,0,,,,,,,,,,,,,,,,,,0,,,,,0,0,,,,0,0,0,0,0
1395,46.46666666666667,1,0,,,,,,,,,,,,,,,,,,0,,,,,0,0,,,,0,0,0,0,0
1396,46.5,0,0,,,,,,,,,,,,,,,,,,0,,,,,0,0,,,,0,0,0,0,0
1397,46.53333333333333,0,0,,,,,,,,,,,,,,,,,,0,,,,,0,0,,,,0,0,0,0,0
1398,46.56666666666667,1,0,,,,,,,,,,,,,,,,,,0,,,,,0,0,,,,0,0,0,0,0
1399,46.6,0,0,,,,,,,,,,,,,,,,,,0,,,,,0,0,,,,0,0,0,0,0
1400,46.63333333333333,0,0,,,,,,,,,,,,,,,,,,0,,,,,0,0,,,,0,0,0,0,0
1401,46.666666666666664,1,0,,,,,,,,,,,,,,,,,,0,,,,,0,0,,,,0,0,0,0,0
1402,46.7,0,0,,,,,,,,,,,,,,,,,,0,,,,,0,0,,,,0,0,0,0,0
1403,46.733333333333334,0,0,,,,,,,,,,,,,,,,,,0,,,,,0,0,,,,0,0,0,0,0
1404,46.766666666666666,1,0,,,,,,,,,,,,,,,,,,0,,,,,0,0,,,,0,0,0,0,0
1405,46.8,0,0,,,,,,,,,,,,,,,,,,0,,,,,0,0,,,,0,0,0,0,0
1406,46.833333333333336,0,0,,,,,,,,,,,,,,,,,,0,,,,,0,0,,,,0,0,0,0,0
1407,46.86666666666667,1,0,,,,,,,,,,,,,,,,,,0,,,,,0,0,,,,0,0,0,0,0
1408,46.9,0,0,,,,,,,,,,,,,,,,,,0,,,,,0,0,,,,0,0,0,0,0
1409,46.93333333333333,0,0,,,,,,,,,,,,,,,,,,0,,,,,0,0,,,,0,0,0,0,0
1410,46.96666666666667,1,0,,,,,,,,,,,,,,,,,,0,,,,,0,0,,,,0,0,0,0,0
1411,47.0,0,0,,,,,,,,,,,,,,,,,,0,,,,,0,0,,,,0,0,0,0,0
1412,47.03333333333333,0,0,,,,,,,,,,,,,,,,,,0,,,,,0,0,,,,0,0,0,0,0
1413,47.06666666666667,1,0,,,,,,,,,,,,,,,,,,0,,,,,0,0,,,,0,0,0,0,0
1414,47.1,0,0,,,,,,,,,,,,,,,,,,0,,,,,0,0,,,,0,0,0,0,0
1415,47.13333333333333,0,0,,,,,,,,,,,,,,,,,,0,,,,,0,0,,,,0,0,0,0,0
1416,47.166666666666664,1,0,,,,,,,,,,,,,,,,,,0,,,,,0,0,,,,0,0,0,0,0
1417,47.2,0,0,,,,,,,,,,,,,,,,,,0,,,,,0,0,,,,0,0,0,0,0
1418,47.233333333333334,0,0,,,,,,,,,,,,,,,,,,0,,,,,0,0,,,,0,0,0,0,0
1419,47.266666666666666,1,0,,,,,,,,,,,,,,,,,,0,,,,,0,0,,,,0,0,0,0,0
1420,47.3,0,0,,,,,,,,,,,,,,,,,,0,,,,,0,0,,,,0,0,0,0,0
1421,47.333333333333336,0,0,,,,,,,,,,,,,,,,,,0,,,,,0,0,,,,0,0,0,0,0
1422,47.36666666666667,1,0,,,,,,,,,,,,,,,,,,0,,,,,0,0,,,,0,0,0,0,0
1423,47.4,0,0,,,,,,,,,,,,,,,,,,0,,,,,0,0,,,,0,0,0,0,0
1424,47.43333333333333,0,0,,,,,,,,,,,,,,,,,,0,,,,,0,0,,,,0,0,0,0,0
1425,47.46666666666667,1,0,,,,,,,,,,,,,,,,,,0,,,,,0,0,,,,0,0,0,0,0
1426,47.5,0,0,,,,,,,,,,,,,,,,,,0,,,,,0,0,,,,0,0,0,0,0
1427,47.53333333333333,0,0,,,,,,,,,,,,,,,,,,0,,,,,0,0,,,,0,0,0,0,0
1428,47.56666666666667,1,0,,,,,,,,,,,,,,,,,,0,,,,,0,0,,,,0,0,0,0,0
1429,47.6,0,0,,,,,,,,,,,,,,,,,,0,,,,,0,0,,,,0,0,0,0,0
1430,47.63333333333333,0,0,,,,,,,,,,,,,,,,,,0,,,,,0,0,,,,0,0,0,0,0
1431,47.666666666666664,1,0,,,,,,,,,,,,,,,,,,0,,,,,0,0,,,,0,0,0,0,0
1432,47.7,0,0,,,,,,,,,,,,,,,,,,0,,,,,0,0,,,,0,0,0,0,0
1433,47.733333333333334,0,0,,,,,,,,,,,,,,,,,,0,,,,,0,0,,,,0,0,0,0,0
1434,47.766666666666666,1,0,,,,,,,,,,,,,,,,,,0,,,,,0,0,,,,0,0,0,0,0
1435,47.8,0,0,,,,,,,,,,,,,,,,,,0,,,,,0,0,,,,0,0,0,0,0
1436,47.833333333333336,0,0,,,,,,,,,,,,,,,,,,0,,,,,0,0,,,,0,0,0,0,0
1437,47.86666666666667,1,0,,,,,,,,,,,,,,,,,,0,,,,,0,0,,,,0,0,0,0,0
1438,47.9,0,0,,,,,,,,,,,,,,,,,,0,,,,,0,0,,,,0,0,0,0,0
1439,47.93333333333333,0,0,,,,,,,,,,,,,,,,,,0,,,,,0,0,,,,0,0,0,0,0
1440,47.96666666666667,1,0,,,,,,,,,,,,,,,,,,0,,,,,0,0,,,,0,0,0,0,0
1441,48.0,0,0,,,,,,,,,,,,,,,,,,0,,,,,0,0,,,,0,0,0,0,0
1442,48.03333333333333,0,0,,,,,,,,,,,,,,,,,,0,,,,,0,0,,,,0,0,0,0,0
1443,48.06666666666667,1,0,,,,,,,,,,,,,,,,,,0,,,,,0,0,,,,0,0,0,0,0
1444,48.1,0,0,,,,,,,,,,,,,,,,,,0,,,,,0,0,,,,0,0,0,0,0
1445,48.13333333333333,0,0,,,,,,,,,,,,,,,,,,0,,,,,0,0,,,,0,0,0,0,0
1446,48.166666666666664,1,0,,,,,,,,,,,,,,,,,,0,,,,,0,0,,,,0,0,0,0,0
1447,48.2,0,0,,,,,,,,,,,,,,,,,,0,,,,,0,0,,,,0,0,0,0,0
1448,48.233333333333334,0,0,,,,,,,,,,,,,,,,,,0,,,,,0,0,,,,0,0,0,0,0
1449,48.266666666666666,1,0,,,,,,,,,,,,,,,,,,0,,,,,0,0,,,,0,0,0,0,0
1450,48.3,0,0,,,,,,,,,,,,,,,,,,0,,,,,0,0,,,,0,0,0,0,0
1451,48.333333333333336,0,0,,,,,,,,,,,,,,,,,,0,,,,,0,0,,,,0,0,0,0,0
1452,48.36666666666667,1,0,,,,,,,,,,,,,,,,,,0,,,,,0,0,,,,0,0,0,0,0
1453,48.4,0,0,,,,,,,,,,,,,,,,,,0,,,,,0,0,,,,0,0,0,0,0
1454,48.43333333333333,0,0,,,,,,,,,,,,,,,,,,0,,,,,0,0,,,,0,0,0,0,0
1455,48.46666666666667,1,0,,,,,,,,,,,,,,,,,,0,,,,,0,0,,,,0,0,0,0,0
1456,48.5,0,0,,,,,,,,,,,,,,,,,,0,,,,,0,0,,,,0,0,0,0,0
1457,48.53333333333333,0,0,,,,,,,,,,,,,,,,,,0,,,,,0,0,,,,0,0,0,0,0
1458,48.56666666666667,1,0,,,,,,,,,,,,,,,,,,0,,,,,0,0,,,,0,0,0,0,0
1459,48.6,0,0,,,,,,,,,,,,,,,,,,0,,,,,0,0,,,,0,0,0,0,0
1460,48.63333333333333,0,0,,,,,,,,,,,,,,,,,,0,,,,,0,0,,,,0,0,0,0,0
1461,48.666666666666664,1,0,,,,,,,,,,,,,,,,,,0,,,,,0,0,,,,0,0,0,0,0
1462,48.7,0,0,,,,,,,,,,,,,,,,,,0,,,,,0,0,,,,0,0,0,0,0
1463,48.733333333333334,0,0,,,,,,,,,,,,,,,,,,0,,,,,0,0,,,,0,0,0,0,0
1464,48.766666666666666,1,0,,,,,,,,,,,,,,,,,,0,,,,,0,0,,,,0,0,0,0,0
1465,48.8,0,0,,,,,,,,,,,,,,,,,,0,,,,,0,0,,,,0,0,0,0,0
1466,48.833333333333336,0,0,,,,,,,,,,,,,,,,,,0,,,,,0,0,,,,0,0,0,0,0
1467,48.86666666666667,1,0,,,,,,,,,,,,,,,,,,0,,,,,0,0,,,,0,0,0,0,0
1468,48.9,0,0,,,,,,,,,,,,,,,,,,0,,,,,0,0,,,,0,0,0,0,0
1469,48.93333333333333,0,0,,,,,,,,,,,,,,,,,,0,,,,,0,0,,,,0,0,0,0,0
1470,48.96666666666667,1,0,,,,,,,,,,,,,,,,,,0,,,,,0,0,,,,0,0,0,0,0
1471,49.0,0,0,,,,,,,,,,,,,,,,,,0,,,,,0,0,,,,0,0,0,0,0
1472,49.03333333333333,0,0,,,,,,,,,,,,,,,,,,0,,,,,0,0,,,,0,0,0,0,0
1473,49.06666666666667,1,0,,,,,,,,,,,,,,,,,,0,,,,,0,0,,,,0,0,0,0,0
1474,49.1,0,0,,,,,,,,,,,,,,,,,,0,,,,,0,0,,,,0,0,0,0,0
1475,49.13333333333333,0,0,,,,,,,,,,,,,,,,,,0,,,,,0,0,,,,0,0,0,0,0
1476,49.166666666666664,1,0,,,,,,,,,,,,,,,,,,0,,,,,0,0,,,,0,0,0,0,0
1477,49.2,0,0,,,,,,,,,,,,,,,,,,0,,,,,0,0,,,,0,0,0,0,0
1478,49.233333333333334,0,0,,,,,,,,,,,,,,,,,,0,,,,,0,0,,,,0,0,0,0,0
1479,49.266666666666666,1,0,,,,,,,,,,,,,,,,,,0,,,,,0,0,,,,0,0,0,0,0
1480,49.3,0,0,,,,,,,,,,,,,,,,,,0,,,,,0,0,,,,0,0,0,0,0
1481,49.333333333333336,0,0,,,,,,,,,,,,,,,,,,0,,,,,0,0,,,,0,0,0,0,0
1482,49.36666666666667,1,0,,,,,,,,,,,,,,,,,,0,,,,,0,0,,,,0,0,0,0,0
1483,49.4,0,0,,,,,,,,,,,,,,,,,,0,,,,,0,0,,,,0,0,0,0,0
1484,49.43333333333333,0,0,,,,,,,,,,,,,,,,,,0,,,,,0,0,,,,0,0,0,0,0
1485,49.46666666666667,1,0,,,,,,,,,,,,,,,,,,0,,,,,0,0,,,,0,0,0,0,0
1486,49.5,0,0,,,,,,,,,,,,,,,,,,0,,,,,0,0,,,,0,0,0,0,0
1487,49.53333333333333,0,0,,,,,,,,,,,,,,,,,,0,,,,,0,0,,,,0,0,0,0,0
1488,49.56666666666667,1,0,,,,,,,,,,,,,,,,,,0,,,,,0,0,,,,0,0,0,0,0
1489,49.6,0,0,,,,,,,,,,,,,,,,,,0,,,,,0,0,,,,0,0,0,0,0
1490,49.63333333333333,0,0,,,,,,,,,,,,,,,,,,0,,,,,0,0,,,,0,0,0,0,0
1491,49.666666666666664,1,0,,,,,,,,,,,,,,,,,,0,,,,,0,0,,,,0,0,0,0,0
1492,49.7,0,0,,,,,,,,,,,,,,,,,,0,,,,,0,0,,,,0,0,0,0,0
1493,49.733333333333334,0,0,,,,,,,,,,,,,,,,,,0,,,,,0,0,,,,0,0,0,0,0
1494,49.766666666666666,1,0,,,,,,,,,,,,,,,,,,0,,,,,0,0,,,,0,0,0,0,0
1495,49.8,0,0,,,,,,,,,,,,,,,,,,0,,,,,0,0,,,,0,0,0,0,0
1496,49.833333333333336,0,0,,,,,,,,,,,,,,,,,,0,,,,,0,0,,,,0,0,0,0,0
1497,49.86666666666667,1,0,,,,,,,,,,,,,,,,,,0,,,,,0,0,,,,0,0,0,0,0
1498,49.9,0,0,,,,,,,,,,,,,,,,,,0,,,,,0,0,,,,0,0,0,0,0
1499,49.93333333333333,0,0,,,,,,,,,,,,,,,,,,0,,,,,0,0,,,,0,0,0,0,0
1500,49.96666666666667,1,0,,,,,,,,,,,,,,,,,,0,,,,,0,0,,,,0,0,0,0,0
1501,50.0,0,0,,,,,,,,,,,,,,,,,,0,,,,,0,0,,,,0,0,0,0,0
1502,50.03333333333333,0,0,,,,,,,,,,,,,,,,,,0,,,,,0,0,,,,0,0,0,0,0
1503,50.06666666666667,1,0,,,,,,,,,,,,,,,,,,0,,,,,0,0,,,,0,0,0,0,0
1504,50.1,0,0,,,,,,,,,,,,,,,,,,0,,,,,0,0,,,,0,0,0,0,0
1505,50.13333333333333,0,0,,,,,,,,,,,,,,,,,,0,,,,,0,0,,,,0,0,0,0,0
1506,50.166666666666664,1,0,,,,,,,,,,,,,,,,,,0,,,,,0,0,,,,0,0,0,0,0
1507,50.2,0,0,,,,,,,,,,,,,,,,,,0,,,,,0,0,,,,0,0,0,0,0
1508,50.233333333333334,0,0,,,,,,,,,,,,,,,,,,0,,,,,0,0,,,,0,0,0,0,0
1509,50.266666666666666,1,0,,,,,,,,,,,,,,,,,,0,,,,,0,0,,,,0,0,0,0,0
1510,50.3,0,0,,,,,,,,,,,,,,,,,,0,,,,,0,0,,,,0,0,0,0,0
1511,50.333333333333336,0,0,,,,,,,,,,,,,,,,,,0,,,,,0,0,,,,0,0,0,0,0
1512,50.36666666666667,1,0,,,,,,,,,,,,,,,,,,0,,,,,0,0,,,,0,0,0,0,0
1513,50.4,0,0,,,,,,,,,,,,,,,,,,0,,,,,0,0,,,,0,0,0,0,0
1514,50.43333333333333,0,0,,,,,,,,,,,,,,,,,,0,,,,,0,0,,,,0,0,0,0,0
1515,50.46666666666667,1,0,,,,,,,,,,,,,,,,,,0,,,,,0,0,,,,0,0,0,0,0
1516,50.5,0,0,,,,,,,,,,,,,,,,,,0,,,,,0,0,,,,0,0,0,0,0
1517,50.53333333333333,0,0,,,,,,,,,,,,,,,,,,0,,,,,0,0,,,,0,0,0,0,0
1518,50.56666666666667,1,0,,,,,,,,,,,,,,,,,,0,,,,,0,0,,,,0,0,0,0,0
1519,50.6,0,0,,,,,,,,,,,,,,,,,,0,,,,,0,0,,,,0,0,0,0,0
1520,50.63333333333333,0,0,,,,,,,,,,,,,,,,,,0,,,,,0,0,,,,0,0,0,0,0
1521,50.666666666666664,1,0,,,,,,,,,,,,,,,,,,0,,,,,0,0,,,,0,0,0,0,0
1522,50.7,0,0,,,,,,,,,,,,,,,,,,0,,,,,0,0,,,,0,0,0,0,0
1523,50.733333333333334,0,0,,,,,,,,,,,,,,,,,,0,,,,,0,0,,,,0,0,0,0,0
1524,50.766666666666666,1,0,,,,,,,,,,,,,,,,,,0,,,,,0,0,,,,0,0,0,0,0
1525,50.8,0,0,,,,,,,,,,,,,,,,,,0,,,,,0,0,,,,0,0,0,0,0
1526,50.833333333333336,0,0,,,,,,,,,,,,,,,,,,0,,,,,0,0,,,,0,0,0,0,0
1527,50.86666666666667,1,0,,,,,,,,,,,,,,,,,,0,,,,,0,0,,,,0,0,0,0,0
1528,50.9,0,0,,,,,,,,,,,,,,,,,,0,,,,,0,0,,,,0,0,0,0,0
1529,50.93333333333333,0,0,,,,,,,,,,,,,,,,,,0,,,,,0,0,,,,0,0,0,0,0
1530,50.96666666666667,1,0,,,,,,,,,,,,,,,,,,0,,,,,0,0,,,,0,0,0,0,0
1531,51.0,0,0,,,,,,,,,,,,,,,,,,0,,,,,0,0,,,,0,0,0,0,0
1532,51.03333333333333,0,0,,,,,,,,,,,,,,,,,,0,,,,,0,0,,,,0,0,0,0,0
1533,51.06666666666667,1,0,,,,,,,,,,,,,,,,,,0,,,,,0,0,,,,0,0,0,0,0
1534,51.1,0,0,,,,,,,,,,,,,,,,,,0,,,,,0,0,,,,0,0,0,0,0
1535,51.13333333333333,0,0,,,,,,,,,,,,,,,,,,0,,,,,0,0,,,,0,0,0,0,0
1536,51.166666666666664,1,0,,,,,,,,,,,,,,,,,,0,,,,,0,0,,,,0,0,0,0,0
1537,51.2,0,0,,,,,,,,,,,,,,,,,,0,,,,,0,0,,,,0,0,0,0,0
1538,51.233333333333334,0,0,,,,,,,,,,,,,,,,,,0,,,,,0,0,,,,0,0,0,0,0
1539,51.266666666666666,1,0,,,,,,,,,,,,,,,,,,0,,,,,0,0,,,,0,0,0,0,0
1540,51.3,0,0,,,,,,,,,,,,,,,,,,0,,,,,0,0,,,,0,0,0,0,0
1541,51.333333333333336,0,0,,,,,,,,,,,,,,,,,,0,,,,,0,0,,,,0,0,0,0,0
1542,51.36666666666667,1,0,,,,,,,,,,,,,,,,,,0,,,,,0,0,,,,0,0,0,0,0
1543,51.4,0,0,,,,,,,,,,,,,,,,,,0,,,,,0,0,,,,0,0,0,0,0
1544,51.43333333333333,0,0,,,,,,,,,,,,,,,,,,0,,,,,0,0,,,,0,0,0,0,0
1545,51.46666666666667,1,0,,,,,,,,,,,,,,,,,,0,,,,,0,0,,,,0,0,0,0,0
1546,51.5,0,0,,,,,,,,,,,,,,,,,,0,,,,,0,0,,,,0,0,0,0,0
1547,51.53333333333333,0,0,,,,,,,,,,,,,,,,,,0,,,,,0,0,,,,0,0,0,0,0
1548,51.56666666666667,1,0,,,,,,,,,,,,,,,,,,0,,,,,0,0,,,,0,0,0,0,0
1549,51.6,0,0,,,,,,,,,,,,,,,,,,0,,,,,0,0,,,,0,0,0,0,0
1550,51.63333333333333,0,0,,,,,,,,,,,,,,,,,,0,,,,,0,0,,,,0,0,0,0,0
1551,51.666666666666664,1,0,,,,,,,,,,,,,,,,,,0,,,,,0,0,,,,0,0,0,0,0
1552,51.7,0,0,,,,,,,,,,,,,,,,,,0,,,,,0,0,,,,0,0,0,0,0
1553,51.733333333333334,0,0,,,,,,,,,,,,,,,,,,0,,,,,0,0,,,,0,0,0,0,0
1554,51.766666666666666,1,0,,,,,,,,,,,,,,,,,,0,,,,,0,0,,,,0,0,0,0,0
1555,51.8,0,0,,,,,,,,,,,,,,,,,,0,,,,,0,0,,,,0,0,0,0,0
1556,51.833333333333336,0,0,,,,,,,,,,,,,,,,,,0,,,,,0,0,,,,0,0,0,0,0
1557,51.86666666666667,1,0,,,,,,,,,,,,,,,,,,0,,,,,0,0,,,,0,0,0,0,0
1558,51.9,0,0,,,,,,,,,,,,,,,,,,0,,,,,0,0,,,,0,0,0,0,0
1559,51.93333333333333,0,0,,,,,,,,,,,,,,,,,,0,,,,,0,0,,,,0,0,0,0,0
1560,51.96666666666667,1,0,,,,,,,,,,,,,,,,,,0,,,,,0,0,,,,0,0,0,0,0
1561,52.0,0,0,,,,,,,,,,,,,,,,,,0,,,,,0,0,,,,0,0,0,0,0
1562,52.03333333333333,0,0,,,,,,,,,,,,,,,,,,0,,,,,0,0,,,,0,0,0,0,0
1563,52.06666666666667,1,0,,,,,,,,,,,,,,,,,,0,,,,,0,0,,,,0,0,0,0,0
1564,52.1,0,0,,,,,,,,,,,,,,,,,,0,,,,,0,0,,,,0,0,0,0,0
1565,52.13333333333333,0,0,,,,,,,,,,,,,,,,,,0,,,,,0,0,,,,0,0,0,0,0
1566,52.166666666666664,1,0,,,,,,,,,,,,,,,,,,0,,,,,0,0,,,,0,0,0,0,0
1567,52.2,0,0,,,,,,,,,,,,,,,,,,0,,,,,0,0,,,,0,0,0,0,0
1568,52.233333333333334,0,0,,,,,,,,,,,,,,,,,,0,,,,,0,0,,,,0,0,0,0,0
1569,52.266666666666666,1,0,,,,,,,,,,,,,,,,,,0,,,,,0,0,,,,0,0,0,0,0
1570,52.3,0,0,,,,,,,,,,,,,,,,,,0,,,,,0,0,,,,0,0,0,0,0
1571,52.333333333333336,0,0,,,,,,,,,,,,,,,,,,0,,,,,0,0,,,,0,0,0,0,0
1572,52.36666666666667,1,0,,,,,,,,,,,,,,,,,,0,,,,,0,0,,,,0,0,0,0,0
1573,52.4,0,0,,,,,,,,,,,,,,,,,,0,,,,,0,0,,,,0,0,0,0,0
1574,52.43333333333333,0,0,,,,,,,,,,,,,,,,,,0,,,,,0,0,,,,0,0,0,0,0
1575,52.46666666666667,1,0,,,,,,,,,,,,,,,,,,0,,,,,0,0,,,,0,0,0,0,0
1576,52.5,0,0,,,,,,,,,,,,,,,,,,0,,,,,0,0,,,,0,0,0,0,0
1577,52.53333333333333,0,0,,,,,,,,,,,,,,,,,,0,,,,,0,0,,,,0,0,0,0,0
1578,52.56666666666667,1,0,,,,,,,,,,,,,,,,,,0,,,,,0,0,,,,0,0,0,0,0
1579,52.6,0,0,,,,,,,,,,,,,,,,,,0,,,,,0,0,,,,0,0,0,0,0
1580,52.63333333333333,0,0,,,,,,,,,,,,,,,,,,0,,,,,0,0,,,,0,0,0,0,0
1581,52.666666666666664,1,0,,,,,,,,,,,,,,,,,,0,,,,,0,0,,,,0,0,0,0,0
1582,52.7,0,0,,,,,,,,,,,,,,,,,,0,,,,,0,0,,,,0,0,0,0,0
1583,52.733333333333334,0,0,,,,,,,,,,,,,,,,,,0,,,,,0,0,,,,0,0,0,0,0
1584,52.766666666666666,1,0,,,,,,,,,,,,,,,,,,0,,,,,0,0,,,,0,0,0,0,0
1585,52.8,0,0,,,,,,,,,,,,,,,,,,0,,,,,0,0,,,,0,0,0,0,0
1586,52.833333333333336,0,0,,,,,,,,,,,,,,,,,,0,,,,,0,0,,,,0,0,0,0,0
1587,52.86666666666667,1,0,,,,,,,,,,,,,,,,,,0,,,,,0,0,,,,0,0,0,0,0
1588,52.9,0,0,,,,,,,,,,,,,,,,,,0,,,,,0,0,,,,0,0,0,0,0
1589,52.93333333333333,0,0,,,,,,,,,,,,,,,,,,0,,,,,0,0,,,,0,0,0,0,0
1590,52.96666666666667,1,0,,,,,,,,,,,,,,,,,,0,,,,,0,0,,,,0,0,0,0,0
1591,53.0,0,0,,,,,,,,,,,,,,,,,,0,,,,,0,0,,,,0,0,0,0,0
1592,53.03333333333333,0,0,,,,,,,,,,,,,,,,,,0,,,,,0,0,,,,0,0,0,0,0
1593,53.06666666666667,1,0,,,,,,,,,,,,,,,,,,0,,,,,0,0,,,,0,0,0,0,0
1594,53.1,0,0,,,,,,,,,,,,,,,,,,0,,,,,0,0,,,,0,0,0,0,0
1595,53.13333333333333,0,0,,,,,,,,,,,,,,,,,,0,,,,,0,0,,,,0,0,0,0,0
1596,53.166666666666664,1,0,,,,,,,,,,,,,,,,,,0,,,,,0,0,,,,0,0,0,0,0
1597,53.2,0,0,,,,,,,,,,,,,,,,,,0,,,,,0,0,,,,0,0,0,0,0
1598,53.233333333333334,0,0,,,,,,,,,,,,,,,,,,0,,,,,0,0,,,,0,0,0,0,0
1599,53.266666666666666,1,0,,,,,,,,,,,,,,,,,,0,,,,,0,0,,,,0,0,0,0,0
1600,53.3,0,0,,,,,,,,,,,,,,,,,,0,,,,,0,0,,,,0,0,0,0,0
1601,53.333333333333336,0,0,,,,,,,,,,,,,,,,,,0,,,,,0,0,,,,0,0,0,0,0
1602,53.36666666666667,1,0,,,,,,,,,,,,,,,,,,0,,,,,0,0,,,,0,0,0,0,0
1603,53.4,0,0,,,,,,,,,,,,,,,,,,0,,,,,0,0,,,,0,0,0,0,0
1604,53.43333333333333,0,0,,,,,,,,,,,,,,,,,,0,,,,,0,0,,,,0,0,0,0,0
1605,53.46666666666667,1,0,,,,,,,,,,,,,,,,,,0,,,,,0,0,,,,0,0,0,0,0
1606,53.5,0,0,,,,,,,,,,,,,,,,,,0,,,,,0,0,,,,0,0,0,0,0
1607,53.53333333333333,0,0,,,,,,,,,,,,,,,,,,0,,,,,0,0,,,,0,0,0,0,0
1608,53.56666666666667,1,0,,,,,,,,,,,,,,,,,,0,,,,,0,0,,,,0,0,0,0,0
1609,53.6,0,0,,,,,,,,,,,,,,,,,,0,,,,,0,0,,,,0,0,0,0,0
1610,53.63333333333333,0,0,,,,,,,,,,,,,,,,,,0,,,,,0,0,,,,0,0,0,0,0
1611,53.666666666666664,1,0,,,,,,,,,,,,,,,,,,0,,,,,0,0,,,,0,0,0,0,0
1612,53.7,0,0,,,,,,,,,,,,,,,,,,0,,,,,0,0,,,,0,0,0,0,0
1613,53.733333333333334,0,0,,,,,,,,,,,,,,,,,,0,,,,,0,0,,,,0,0,0,0,0
1614,53.766666666666666,1,0,,,,,,,,,,,,,,,,,,0,,,,,0,0,,,,0,0,0,0,0
1615,53.8,0,0,,,,,,,,,,,,,,,,,,0,,,,,0,0,,,,0,0,0,0,0
1616,53.833333333333336,0,0,,,,,,,,,,,,,,,,,,0,,,,,0,0,,,,0,0,0,0,0
1617,53.86666666666667,1,0,,,,,,,,,,,,,,,,,,0,,,,,0,0,,,,0,0,0,0,0
1618,53.9,0,0,,,,,,,,,,,,,,,,,,0,,,,,0,0,,,,0,0,0,0,0
1619,53.93333333333333,0,0,,,,,,,,,,,,,,,,,,0,,,,,0,0,,,,0,0,0,0,0
1620,53.96666666666667,1,0,,,,,,,,,,,,,,,,,,0,,,,,0,0,,,,0,0,0,0,0
1621,54.0,0,0,,,,,,,,,,,,,,,,,,0,,,,,0,0,,,,0,0,0,0,0
1622,54.03333333333333,0,0,,,,,,,,,,,,,,,,,,0,,,,,0,0,,,,0,0,0,0,0
1623,54.06666666666667,1,0,,,,,,,,,,,,,,,,,,0,,,,,0,0,,,,0,0,0,0,0
1624,54.1,0,0,,,,,,,,,,,,,,,,,,0,,,,,0,0,,,,0,0,0,0,0
1625,54.13333333333333,0,0,,,,,,,,,,,,,,,,,,0,,,,,0,0,,,,0,0,0,0,0
1626,54.166666666666664,1,0,,,,,,,,,,,,,,,,,,0,,,,,0,0,,,,0,0,0,0,0
1627,54.2,0,0,,,,,,,,,,,,,,,,,,0,,,,,0,0,,,,0,0,0,0,0
1628,54.233333333333334,0,0,,,,,,,,,,,,,,,,,,0,,,,,0,0,,,,0,0,0,0,0
1629,54.266666666666666,1,0,,,,,,,,,,,,,,,,,,0,,,,,0,0,,,,0,0,0,0,0
1630,54.3,0,0,,,,,,,,,,,,,,,,,,0,,,,,0,0,,,,0,0,0,0,0
1631,54.333333333333336,0,0,,,,,,,,,,,,,,,,,,0,,,,,0,0,,,,0,0,0,0,0
1632,54.36666666666667,1,0,,,,,,,,,,,,,,,,,,0,,,,,0,0,,,,0,0,0,0,0
1633,54.4,0,0,,,,,,,,,,,,,,,,,,0,,,,,0,0,,,,0,0,0,0,0
1634,54.43333333333333,0,0,,,,,,,,,,,,,,,,,,0,,,,,0,0,,,,0,0,0,0,0
1635,54.46666666666667,1,0,,,,,,,,,,,,,,,,,,0,,,,,0,0,,,,0,0,0,0,0
1636,54.5,0,0,,,,,,,,,,,,,,,,,,0,,,,,0,0,,,,0,0,0,0,0
1637,54.53333333333333,0,0,,,,,,,,,,,,,,,,,,0,,,,,0,0,,,,0,0,0,0,0
1638,54.56666666666667,1,0,,,,,,,,,,,,,,,,,,0,,,,,0,0,,,,0,0,0,0,0
1639,54.6,0,0,,,,,,,,,,,,,,,,,,0,,,,,0,0,,,,0,0,0,0,0
1640,54.63333333333333,0,0,,,,,,,,,,,,,,,,,,0,,,,,0,0,,,,0,0,0,0,0
1641,54.666666666666664,1,0,,,,,,,,,,,,,,,,,,0,,,,,0,0,,,,0,0,0,0,0
1642,54.7,0,0,,,,,,,,,,,,,,,,,,0,,,,,0,0,,,,0,0,0,0,0
1643,54.733333333333334,0,0,,,,,,,,,,,,,,,,,,0,,,,,0,0,,,,0,0,0,0,0
1644,54.766666666666666,1,0,,,,,,,,,,,,,,,,,,0,,,,,0,0,,,,0,0,0,0,0
1645,54.8,0,0,,,,,,,,,,,,,,,,,,0,,,,,0,0,,,,0,0,0,0,0
1646,54.833333333333336,0,0,,,,,,,,,,,,,,,,,,0,,,,,0,0,,,,0,0,0,0,0
1647,54.86666666666667,1,0,,,,,,,,,,,,,,,,,,0,,,,,0,0,,,,0,0,0,0,0
1648,54.9,0,0,,,,,,,,,,,,,,,,,,0,,,,,0,0,,,,0,0,0,0,0
1649,54.93333333333333,0,0,,,,,,,,,,,,,,,,,,0,,,,,0,0,,,,0,0,0,0,0
1650,54.96666666666667,1,0,,,,,,,,,,,,,,,,,,0,,,,,0,0,,,,0,0,0,0,0
1651,55.0,0,0,,,,,,,,,,,,,,,,,,0,,,,,0,0,,,,0,0,0,0,0
1652,55.03333333333333,0,0,,,,,,,,,,,,,,,,,,0,,,,,0,0,,,,0,0,0,0,0
1653,55.06666666666667,1,0,,,,,,,,,,,,,,,,,,0,,,,,0,0,,,,0,0,0,0,0
1654,55.1,0,0,,,,,,,,,,,,,,,,,,0,,,,,0,0,,,,0,0,0,0,0
1655,55.13333333333333,0,0,,,,,,,,,,,,,,,,,,0,,,,,0,0,,,,0,0,0,0,0
1656,55.166666666666664,1,0,,,,,,,,,,,,,,,,,,0,,,,,0,0,,,,0,0,0,0,0
1657,55.2,0,0,,,,,,,,,,,,,,,,,,0,,,,,0,0,,,,0,0,0,0,0
1658,55.233333333333334,0,0,,,,,,,,,,,,,,,,,,0,,,,,0,0,,,,0,0,0,0,0
1659,55.266666666666666,1,0,,,,,,,,,,,,,,,,,,0,,,,,0,0,,,,0,0,0,0,0
1660,55.3,0,0,,,,,,,,,,,,,,,,,,0,,,,,0,0,,,,0,0,0,0,0
1661,55.333333333333336,0,0,,,,,,,,,,,,,,,,,,0,,,,,0,0,,,,0,0,0,0,0
1662,55.36666666666667,1,0,,,,,,,,,,,,,,,,,,0,,,,,0,0,,,,0,0,0,0,0
1663,55.4,0,0,,,,,,,,,,,,,,,,,,0,,,,,0,0,,,,0,0,0,0,0
1664,55.43333333333333,0,0,,,,,,,,,,,,,,,,,,0,,,,,0,0,,,,0,0,0,0,0
1665,55.46666666666667,1,0,,,,,,,,,,,,,,,,,,0,,,,,0,0,,,,0,0,0,0,0
1666,55.5,0,0,,,,,,,,,,,,,,,,,,0,,,,,0,0,,,,0,0,0,0,0
1667,55.53333333333333,0,0,,,,,,,,,,,,,,,,,,0,,,,,0,0,,,,0,0,0,0,0
1668,55.56666666666667,1,0,,,,,,,,,,,,,,,,,,0,,,,,0,0,,,,0,0,0,0,0
1669,55.6,0,0,,,,,,,,,,,,,,,,,,0,,,,,0,0,,,,0,0,0,0,0
1670,55.63333333333333,0,0,,,,,,,,,,,,,,,,,,0,,,,,0,0,,,,0,0,0,0,0
1671,55.666666666666664,1,0,,,,,,,,,,,,,,,,,,0,,,,,0,0,,,,0,0,0,0,0
1672,55.7,0,0,,,,,,,,,,,,,,,,,,0,,,,,0,0,,,,0,0,0,0,0
1673,55.733333333333334,0,0,,,,,,,,,,,,,,,,,,0,,,,,0,0,,,,0,0,0,0,0
1674,55.766666666666666,1,0,,,,,,,,,,,,,,,,,,0,,,,,0,0,,,,0,0,0,0,0
1675,55.8,0,0,,,,,,,,,,,,,,,,,,0,,,,,0,0,,,,0,0,0,0,0
1676,55.833333333333336,0,0,,,,,,,,,,,,,,,,,,0,,,,,0,0,,,,0,0,0,0,0
1677,55.86666666666667,1,0,,,,,,,,,,,,,,,,,,0,,,,,0,0,,,,0,0,0,0,0
1678,55.9,0,0,,,,,,,,,,,,,,,,,,0,,,,,0,0,,,,0,0,0,0,0
1679,55.93333333333333,0,0,,,,,,,,,,,,,,,,,,0,,,,,0,0,,,,0,0,0,0,0
1680,55.96666666666667,1,0,,,,,,,,,,,,,,,,,,0,,,,,0,0,,,,0,0,0,0,0
1681,56.0,0,0,,,,,,,,,,,,,,,,,,0,,,,,0,0,,,,0,0,0,0,0
1682,56.03333333333333,0,0,,,,,,,,,,,,,,,,,,0,,,,,0,0,,,,0,0,0,0,0
1683,56.06666666666667,1,0,,,,,,,,,,,,,,,,,,0,,,,,0,0,,,,0,0,0,0,0
1684,56.1,0,0,,,,,,,,,,,,,,,,,,0,,,,,0,0,,,,0,0,0,0,0
1685,56.13333333333333,0,0,,,,,,,,,,,,,,,,,,0,,,,,0,0,,,,0,0,0,0,0
1686,56.166666666666664,1,0,,,,,,,,,,,,,,,,,,0,,,,,0,0,,,,0,0,0,0,0
1687,56.2,0,0,,,,,,,,,,,,,,,,,,0,,,,,0,0,,,,0,0,0,0,0
1688,56.233333333333334,0,0,,,,,,,,,,,,,,,,,,0,,,,,0,0,,,,0,0,0,0,0
1689,56.266666666666666,1,0,,,,,,,,,,,,,,,,,,0,,,,,0,0,,,,0,0,0,0,0
1690,56.3,0,0,,,,,,,,,,,,,,,,,,0,,,,,0,0,,,,0,0,0,0,0
1691,56.333333333333336,0,0,,,,,,,,,,,,,,,,,,0,,,,,0,0,,,,0,0,0,0,0
1692,56.36666666666667,1,0,,,,,,,,,,,,,,,,,,0,,,,,0,0,,,,0,0,0,0,0
1693,56.4,0,0,,,,,,,,,,,,,,,,,,0,,,,,0,0,,,,0,0,0,0,0
1694,56.43333333333333,0,0,,,,,,,,,,,,,,,,,,0,,,,,0,0,,,,0,0,0,0,0
1695,56.46666666666667,1,0,,,,,,,,,,,,,,,,,,0,,,,,0,0,,,,0,0,0,0,0
1696,56.5,0,0,,,,,,,,,,,,,,,,,,0,,,,,0,0,,,,0,0,0,0,0
1697,56.53333333333333,0,0,,,,,,,,,,,,,,,,,,0,,,,,0,0,,,,0,0,0,0,0
1698,56.56666666666667,1,0,,,,,,,,,,,,,,,,,,0,,,,,0,0,,,,0,0,0,0,0
1699,56.6,0,0,,,,,,,,,,,,,,,,,,0,,,,,0,0,,,,0,0,0,0,0
1700,56.63333333333333,0,0,,,,,,,,,,,,,,,,,,0,,,,,0,0,,,,0,0,0,0,0
1701,56.666666666666664,1,0,,,,,,,,,,,,,,,,,,0,,,,,0,0,,,,0,0,0,0,0
1702,56.7,0,0,,,,,,,,,,,,,,,,,,0,,,,,0,0,,,,0,0,0,0,0
1703,56.733333333333334,0,0,,,,,,,,,,,,,,,,,,0,,,,,0,0,,,,0,0,0,0,0
1704,56.766666666666666,1,0,,,,,,,,,,,,,,,,,,0,,,,,0,0,,,,0,0,0,0,0
1705,56.8,0,0,,,,,,,,,,,,,,,,,,0,,,,,0,0,,,,0,0,0,0,0
1706,56.833333333333336,0,0,,,,,,,,,,,,,,,,,,0,,,,,0,0,,,,0,0,0,0,0
1707,56.86666666666667,1,0,,,,,,,,,,,,,,,,,,0,,,,,0,0,,,,0,0,0,0,0
1708,56.9,0,0,,,,,,,,,,,,,,,,,,0,,,,,0,0,,,,0,0,0,0,0
1709,56.93333333333333,0,0,,,,,,,,,,,,,,,,,,0,,,,,0,0,,,,0,0,0,0,0
1710,56.96666666666667,1,0,,,,,,,,,,,,,,,,,,0,,,,,0,0,,,,0,0,0,0,0
1711,57.0,0,0,,,,,,,,,,,,,,,,,,0,,,,,0,0,,,,0,0,0,0,0
1712,57.03333333333333,0,0,,,,,,,,,,,,,,,,,,0,,,,,0,0,,,,0,0,0,0,0
1713,57.06666666666667,1,0,,,,,,,,,,,,,,,,,,0,,,,,0,0,,,,0,0,0,0,0
1714,57.1,0,0,,,,,,,,,,,,,,,,,,0,,,,,0,0,,,,0,0,0,0,0
1715,57.13333333333333,0,0,,,,,,,,,,,,,,,,,,0,,,,,0,0,,,,0,0,0,0,0
1716,57.166666666666664,1,0,,,,,,,,,,,,,,,,,,0,,,,,0,0,,,,0,0,0,0,0
1717,57.2,0,0,,,,,,,,,,,,,,,,,,0,,,,,0,0,,,,0,0,0,0,0
1718,57.233333333333334,0,0,,,,,,,,,,,,,,,,,,0,,,,,0,0,,,,0,0,0,0,0
1719,57.266666666666666,1,0,,,,,,,,,,,,,,,,,,0,,,,,0,0,,,,0,0,0,0,0
1720,57.3,0,0,,,,,,,,,,,,,,,,,,0,,,,,0,0,,,,0,0,0,0,0
1721,57.333333333333336,0,0,,,,,,,,,,,,,,,,,,0,,,,,0,0,,,,0,0,0,0,0
1722,57.36666666666667,1,0,,,,,,,,,,,,,,,,,,0,,,,,0,0,,,,0,0,0,0,0
1723,57.4,0,0,,,,,,,,,,,,,,,,,,0,,,,,0,0,,,,0,0,0,0,0
1724,57.43333333333333,0,0,,,,,,,,,,,,,,,,,,0,,,,,0,0,,,,0,0,0,0,0
1725,57.46666666666667,1,0,,,,,,,,,,,,,,,,,,0,,,,,0,0,,,,0,0,0,0,0
1726,57.5,0,0,,,,,,,,,,,,,,,,,,0,,,,,0,0,,,,0,0,0,0,0
1727,57.53333333333333,0,0,,,,,,,,,,,,,,,,,,0,,,,,0,0,,,,0,0,0,0,0
1728,57.56666666666667,1,0,,,,,,,,,,,,,,,,,,0,,,,,0,0,,,,0,0,0,0,0
1729,57.6,0,0,,,,,,,,,,,,,,,,,,0,,,,,0,0,,,,0,0,0,0,0
1730,57.63333333333333,0,0,,,,,,,,,,,,,,,,,,0,,,,,0,0,,,,0,0,0,0,0
1731,57.666666666666664,1,0,,,,,,,,,,,,,,,,,,0,,,,,0,0,,,,0,0,0,0,0
1732,57.7,0,0,,,,,,,,,,,,,,,,,,0,,,,,0,0,,,,0,0,0,0,0
1733,57.733333333333334,0,0,,,,,,,,,,,,,,,,,,0,,,,,0,0,,,,0,0,0,0,0
1734,57.766666666666666,1,0,,,,,,,,,,,,,,,,,,0,,,,,0,0,,,,0,0,0,0,0
1735,57.8,0,0,,,,,,,,,,,,,,,,,,0,,,,,0,0,,,,0,0,0,0,0
1736,57.833333333333336,0,0,,,,,,,,,,,,,,,,,,0,,,,,0,0,,,,0,0,0,0,0
1737,57.86666666666667,1,0,,,,,,,,,,,,,,,,,,0,,,,,0,0,,,,0,0,0,0,0
1738,57.9,0,0,,,,,,,,,,,,,,,,,,0,,,,,0,0,,,,0,0,0,0,0
1739,57.93333333333333,0,0,,,,,,,,,,,,,,,,,,0,,,,,0,0,,,,0,0,0,0,0
1740,57.96666666666667,1,0,,,,,,,,,,,,,,,,,,0,,,,,0,0,,,,0,0,0,0,0
1741,58.0,0,0,,,,,,,,,,,,,,,,,,0,,,,,0,0,,,,0,0,0,0,0
1742,58.03333333333333,0,0,,,,,,,,,,,,,,,,,,0,,,,,0,0,,,,0,0,0,0,0
1743,58.06666666666667,1,0,,,,,,,,,,,,,,,,,,0,,,,,0,0,,,,0,0,0,0,0
1744,58.1,0,0,,,,,,,,,,,,,,,,,,0,,,,,0,0,,,,0,0,0,0,0
1745,58.13333333333333,0,0,,,,,,,,,,,,,,,,,,0,,,,,0,0,,,,0,0,0,0,0
1746,58.166666666666664,1,0,,,,,,,,,,,,,,,,,,0,,,,,0,0,,,,0,0,0,0,0
1747,58.2,0,0,,,,,,,,,,,,,,,,,,0,,,,,0,0,,,,0,0,0,0,0
1748,58.233333333333334,0,0,,,,,,,,,,,,,,,,,,0,,,,,0,0,,,,0,0,0,0,0
1749,58.266666666666666,1,0,,,,,,,,,,,,,,,,,,0,,,,,0,0,,,,0,0,0,0,0
1750,58.3,0,0,,,,,,,,,,,,,,,,,,0,,,,,0,0,,,,0,0,0,0,0
1751,58.333333333333336,0,0,,,,,,,,,,,,,,,,,,0,,,,,0,0,,,,0,0,0,0,0
1752,58.36666666666667,1,0,,,,,,,,,,,,,,,,,,0,,,,,0,0,,,,0,0,0,0,0
1753,58.4,0,0,,,,,,,,,,,,,,,,,,0,,,,,0,0,,,,0,0,0,0,0
1754,58.43333333333333,0,0,,,,,,,,,,,,,,,,,,0,,,,,0,0,,,,0,0,0,0,0
1755,58.46666666666667,1,0,,,,,,,,,,,,,,,,,,0,,,,,0,0,,,,0,0,0,0,0
1756,58.5,0,0,,,,,,,,,,,,,,,,,,0,,,,,0,0,,,,0,0,0,0,0
1757,58.53333333333333,0,0,,,,,,,,,,,,,,,,,,0,,,,,0,0,,,,0,0,0,0,0
1758,58.56666666666667,1,0,,,,,,,,,,,,,,,,,,0,,,,,0,0,,,,0,0,0,0,0
1759,58.6,0,0,,,,,,,,,,,,,,,,,,0,,,,,0,0,,,,0,0,0,0,0
1760,58.63333333333333,0,0,,,,,,,,,,,,,,,,,,0,,,,,0,0,,,,0,0,0,0,0
1761,58.666666666666664,1,0,,,,,,,,,,,,,,,,,,0,,,,,0,0,,,,0,0,0,0,0
1762,58.7,0,0,,,,,,,,,,,,,,,,,,0,,,,,0,0,,,,0,0,0,0,0
1763,58.733333333333334,0,0,,,,,,,,,,,,,,,,,,0,,,,,0,0,,,,0,0,0,0,0
1764,58.766666666666666,1,0,,,,,,,,,,,,,,,,,,0,,,,,0,0,,,,0,0,0,0,0
1765,58.8,0,0,,,,,,,,,,,,,,,,,,0,,,,,0,0,,,,0,0,0,0,0
1766,58.833333333333336,0,0,,,,,,,,,,,,,,,,,,0,,,,,0,0,,,,0,0,0,0,0
1767,58.86666666666667,1,0,,,,,,,,,,,,,,,,,,0,,,,,0,0,,,,0,0,0,0,0
1768,58.9,0,0,,,,,,,,,,,,,,,,,,0,,,,,0,0,,,,0,0,0,0,0
1769,58.93333333333333,0,0,,,,,,,,,,,,,,,,,,0,,,,,0,0,,,,0,0,0,0,0
1770,58.96666666666667,1,0,,,,,,,,,,,,,,,,,,0,,,,,0,0,,,,0,0,0,0,0
1771,59.0,0,0,,,,,,,,,,,,,,,,,,0,,,,,0,0,,,,0,0,0,0,0
1772,59.03333333333333,0,0,,,,,,,,,,,,,,,,,,0,,,,,0,0,,,,0,0,0,0,0
1773,59.06666666666667,1,0,,,,,,,,,,,,,,,,,,0,,,,,0,0,,,,0,0,0,0,0
1774,59.1,0,0,,,,,,,,,,,,,,,,,,0,,,,,0,0,,,,0,0,0,0,0
1775,59.13333333333333,0,0,,,,,,,,,,,,,,,,,,0,,,,,0,0,,,,0,0,0,0,0
1776,59.166666666666664,1,0,,,,,,,,,,,,,,,,,,0,,,,,0,0,,,,0,0,0,0,0
1777,59.2,0,0,,,,,,,,,,,,,,,,,,0,,,,,0,0,,,,0,0,0,0,0
1778,59.233333333333334,0,0,,,,,,,,,,,,,,,,,,0,,,,,0,0,,,,0,0,0,0,0
1779,59.266666666666666,1,0,,,,,,,,,,,,,,,,,,0,,,,,0,0,,,,0,0,0,0,0
1780,59.3,0,0,,,,,,,,,,,,,,,,,,0,,,,,0,0,,,,0,0,0,0,0
1781,59.333333333333336,0,0,,,,,,,,,,,,,,,,,,0,,,,,0,0,,,,0,0,0,0,0
1782,59.36666666666667,1,0,,,,,,,,,,,,,,,,,,0,,,,,0,0,,,,0,0,0,0,0
1783,59.4,0,0,,,,,,,,,,,,,,,,,,0,,,,,0,0,,,,0,0,0,0,0
1784,59.43333333333333,0,0,,,,,,,,,,,,,,,,,,0,,,,,0,0,,,,0,0,0,0,0
1785,59.46666666666667,1,0,,,,,,,,,,,,,,,,,,0,,,,,0,0,,,,0,0,0,0,0
1786,59.5,0,0,,,,,,,,,,,,,,,,,,0,,,,,0,0,,,,0,0,0,0,0
1787,59.53333333333333,0,0,,,,,,,,,,,,,,,,,,0,,,,,0,0,,,,0,0,0,0,0
1788,59.56666666666667,1,0,,,,,,,,,,,,,,,,,,0,,,,,0,0,,,,0,0,0,0,0
1789,59.6,0,0,,,,,,,,,,,,,,,,,,0,,,,,0,0,,,,0,0,0,0,0
1790,59.63333333333333,0,0,,,,,,,,,,,,,,,,,,0,,,,,0,0,,,,0,0,0,0,0
1791,59.666666666666664,1,0,,,,,,,,,,,,,,,,,,0,,,,,0,0,,,,0,0,0,0,0
1792,59.7,0,0,,,,,,,,,,,,,,,,,,0,,,,,0,0,,,,0,0,0,0,0
