frame,time_sec,mediapipe_processed,hand_detected,thumb_x,thumb_y,index_x,index_y,middle_x,middle_y,wrist_x,wrist_y,active_x,active_y,active_std_reference_distance,active_x_std_px,active_y_std_px,active_std_total_px,active_x_std_norm,active_y_std_norm,active_std_total_norm,active_std_valid_frames,reference_distance,thumb_index_ratio,index_middle_ratio,thumb_middle_ratio,pinch_detected,pinch_detected_frame_count,thumb_ip_angle,index_pip_angle,middle_pip_angle,direction_sign_x,direction_sign_y,rolling_direction_change_count_x,rolling_direction_change_count_y,rolling_repetition_count
1,0.0,0,0,,,,,,,,,,,,,,,,,,0,,,,,0,0,,,,0,0,0,0,0
2,0.03333333333333333,0,0,,,,,,,,,,,,,,,,,,0,,,,,0,0,,,,0,0,0,0,0
3,0.06666666666666667,1,0,,,,,,,,,,,,,,,,,,0,,,,,0,0,,,,0,0,0,0,0
4,0.1,0,0,,,,,,,,,,,,,,,,,,0,,,,,0,0,,,,0,0,0,0,0
5,0.13333333333333333,0,0,,,,,,,,,,,,,,,,,,0,,,,,0,0,,,,0,0,0,0,0
6,0.16666666666666666,1,0,,,,,,,,,,,,,,,,,,0,,,,,0,0,,,,0,0,0,0,0
7,0.2,0,0,,,,,,,,,,,,,,,,,,0,,,,,0,0,,,,0,0,0,0,0
8,0.23333333333333334,0,0,,,,,,,,,,,,,,,,,,0,,,,,0,0,,,,0,0,0,0,0
9,0.26666666666666666,1,0,,,,,,,,,,,,,,,,,,0,,,,,0,0,,,,0,0,0,0,0
10,0.3,0,0,,,,,,,,,,,,,,,,,,0,,,,,0,0,,,,0,0,0,0,0
11,0.3333333333333333,0,0,,,,,,,,,,,,,,,,,,0,,,,,0,0,,,,0,0,0,0,0
12,0.36666666666666664,1,0,,,,,,,,,,,,,,,,,,0,,,,,0,0,,,,0,0,0,0,0
13,0.4,0,0,,,,,,,,,,,,,,,,,,0,,,,,0,0,,,,0,0,0,0,0
14,0.43333333333333335,0,0,,,,,,,,,,,,,,,,,,0,,,,,0,0,,,,0,0,0,0,0
15,0.4666666666666667,1,0,,,,,,,,,,,,,,,,,,0,,,,,0,0,,,,0,0,0,0,0
16,0.5,0,0,,,,,,,,,,,,,,,,,,0,,,,,0,0,,,,0,0,0,0,0
17,0.5333333333333333,0,0,,,,,,,,,,,,,,,,,,0,,,,,0,0,,,,0,0,0,0,0
18,0.5666666666666667,1,0,,,,,,,,,,,,,,,,,,0,,,,,0,0,,,,0,0,0,0,0
19,0.6,0,0,,,,,,,,,,,,,,,,,,0,,,,,0,0,,,,0,0,0,0,0
20,0.6333333333333333,0,0,,,,,,,,,,,,,,,,,,0,,,,,0,0,,,,0,0,0,0,0
21,0.6666666666666666,1,0,,,,,,,,,,,,,,,,,,0,,,,,0,0,,,,0,0,0,0,0
22,0.7,0,0,,,,,,,,,,,,,,,,,,0,,,,,0,0,,,,0,0,0,0,0
23,0.7333333333333333,0,0,,,,,,,,,,,,,,,,,,0,,,,,0,0,,,,0,0,0,0,0
24,0.7666666666666667,1,0,,,,,,,,,,,,,,,,,,0,,,,,0,0,,,,0,0,0,0,0
25,0.8,0,0,,,,,,,,,,,,,,,,,,0,,,,,0,0,,,,0,0,0,0,0
26,0.8333333333333334,0,0,,,,,,,,,,,,,,,,,,0,,,,,0,0,,,,0,0,0,0,0
27,0.8666666666666667,1,0,,,,,,,,,,,,,,,,,,0,,,,,0,0,,,,0,0,0,0,0
28,0.9,0,0,,,,,,,,,,,,,,,,,,0,,,,,0,0,,,,0,0,0,0,0
29,0.9333333333333333,0,0,,,,,,,,,,,,,,,,,,0,,,,,0,0,,,,0,0,0,0,0
30,0.9666666666666667,1,0,,,,,,,,,,,,,,,,,,0,,,,,0,0,,,,0,0,0,0,0
31,1.0,0,0,,,,,,,,,,,,,,,,,,0,,,,,0,0,,,,0,0,0,0,0
32,1.0333333333333334,0,0,,,,,,,,,,,,,,,,,,0,,,,,0,0,,,,0,0,0,0,0
33,1.0666666666666667,1,0,,,,,,,,,,,,,,,,,,0,,,,,0,0,,,,0,0,0,0,0
34,1.1,0,0,,,,,,,,,,,,,,,,,,0,,,,,0,0,,,,0,0,0,0,0
35,1.1333333333333333,0,0,,,,,,,,,,,,,,,,,,0,,,,,0,0,,,,0,0,0,0,0
36,1.1666666666666667,1,0,,,,,,,,,,,,,,,,,,0,,,,,0,0,,,,0,0,0,0,0
37,1.2,0,0,,,,,,,,,,,,,,,,,,0,,,,,0,0,,,,0,0,0,0,0
38,1.2333333333333334,0,0,,,,,,,,,,,,,,,,,,0,,,,,0,0,,,,0,0,0,0,0
39,1.2666666666666666,1,0,,,,,,,,,,,,,,,,,,0,,,,,0,0,,,,0,0,0,0,0
40,1.3,0,0,,,,,,,,,,,,,,,,,,0,,,,,0,0,,,,0,0,0,0,0
41,1.3333333333333333,0,0,,,,,,,,,,,,,,,,,,0,,,,,0,0,,,,0,0,0,0,0
42,1.3666666666666667,1,0,,,,,,,,,,,,,,,,,,0,,,,,0,0,,,,0,0,0,0,0
43,1.4,0,0,,,,,,,,,,,,,,,,,,0,,,,,0,0,,,,0,0,0,0,0
44,1.4333333333333333,0,0,,,,,,,,,,,,,,,,,,0,,,,,0,0,,,,0,0,0,0,0
45,1.4666666666666666,1,0,,,,,,,,,,,,,,,,,,0,,,,,0,0,,,,0,0,0,0,0
46,1.5,0,0,,,,,,,,,,,,,,,,,,0,,,,,0,0,,,,0,0,0,0,0
47,1.5333333333333334,0,0,,,,,,,,,,,,,,,,,,0,,,,,0,0,,,,0,0,0,0,0
48,1.5666666666666667,1,0,,,,,,,,,,,,,,,,,,0,,,,,0,0,,,,0,0,0,0,0
49,1.6,0,0,,,,,,,,,,,,,,,,,,0,,,,,0,0,,,,0,0,0,0,0
50,1.6333333333333333,0,0,,,,,,,,,,,,,,,,,,0,,,,,0,0,,,,0,0,0,0,0
51,1.6666666666666667,1,0,,,,,,,,,,,,,,,,,,0,,,,,0,0,,,,0,0,0,0,0
52,1.7,0,0,,,,,,,,,,,,,,,,,,0,,,,,0,0,,,,0,0,0,0,0
53,1.7333333333333334,0,0,,,,,,,,,,,,,,,,,,0,,,,,0,0,,,,0,0,0,0,0
54,1.7666666666666666,1,0,,,,,,,,,,,,,,,,,,0,,,,,0,0,,,,0,0,0,0,0
55,1.8,0,0,,,,,,,,,,,,,,,,,,0,,,,,0,0,,,,0,0,0,0,0
56,1.8333333333333333,0,0,,,,,,,,,,,,,,,,,,0,,,,,0,0,,,,0,0,0,0,0
57,1.8666666666666667,1,0,,,,,,,,,,,,,,,,,,0,,,,,0,0,,,,0,0,0,0,0
58,1.9,0,0,,,,,,,,,,,,,,,,,,0,,,,,0,0,,,,0,0,0,0,0
59,1.9333333333333333,0,0,,,,,,,,,,,,,,,,,,0,,,,,0,0,,,,0,0,0,0,0
60,1.9666666666666666,1,0,,,,,,,,,,,,,,,,,,0,,,,,0,0,,,,0,0,0,0,0
61,2.0,0,0,,,,,,,,,,,,,,,,,,0,,,,,0,0,,,,0,0,0,0,0
62,2.033333333333333,0,0,,,,,,,,,,,,,,,,,,0,,,,,0,0,,,,0,0,0,0,0
63,2.066666666666667,1,0,,,,,,,,,,,,,,,,,,0,,,,,0,0,,,,0,0,0,0,0
64,2.1,0,0,,,,,,,,,,,,,,,,,,0,,,,,0,0,,,,0,0,0,0,0
65,2.1333333333333333,0,0,,,,,,,,,,,,,,,,,,0,,,,,0,0,,,,0,0,0,0,0
66,2.1666666666666665,1,1,636.8060684204102,159.94970798492432,638.0512619018555,230.84399700164795,615.5593872070312,239.25856590270996,591.5068817138672,27.89114534854889,637.4286651611328,195.39685249328613,,,,,,,,0,91.54288848543669,0.7745574199164655,0.2623290409722058,0.8969076824180685,0,0,166.85424009593248,174.7487549181123,175.50254957091914,0,0,0,0,0
67,2.2,0,1,636.8060684204102,159.94970798492432,638.0512619018555,230.84399700164795,615.5593872070312,239.25856590270996,591.5068817138672,27.89114534854889,637.4286651611328,195.39685249328613,,,,,,,,0,91.54288848543669,0.7745574199164655,0.2623290409722058,0.8969076824180685,0,0,166.85424009593248,174.7487549181123,175.50254957091914,0,0,0,0,0
68,2.2333333333333334,0,1,636.8060684204102,159.94970798492432,638.0512619018555,230.84399700164795,615.5593872070312,239.25856590270996,591.5068817138672,27.89114534854889,637.4286651611328,195.39685249328613,,,,,,,,0,91.54288848543669,0.7745574199164655,0.2623290409722058,0.8969076824180685,0,0,166.85424009593248,174.7487549181123,175.50254957091914,0,0,0,0,0
69,2.2666666666666666,1,1,618.2931518554688,228.75981330871582,594.7739791870117,270.5444526672363,567.6760864257812,279.17481422424316,550.4974746704102,76.87838315963745,606.5335655212402,249.65213298797607,,,,,,,,0,96.35519420905906,0.497627662847818,0.29514795874230615,0.741429693518162,0,0,165.62379118301226,178.10204529456027,175.2647171871914,0,0,0,0,0
70,2.3,0,1,618.2931518554688,228.75981330871582,594.7739791870117,270.5444526672363,567.6760864257812,279.17481422424316,550.4974746704102,76.87838315963745,606.5335655212402,249.65213298797607,,,,,,,,0,96.35519420905906,0.497627662847818,0.29514795874230615,0.741429693518162,0,0,165.62379118301226,178.10204529456027,175.2647171871914,0,0,0,0,0
71,2.3333333333333335,0,1,618.2931518554688,228.75981330871582,594.7739791870117,270.5444526672363,567.6760864257812,279.17481422424316,550.4974746704102,76.87838315963745,606.5335655212402,249.65213298797607,,,,,,,,0,96.35519420905906,0.497627662847818,0.29514795874230615,0.741429693518162,0,0,165.62379118301226,178.10204529456027,175.2647171871914,0,0,0,0,0
72,2.3666666666666667,1,1,597.5765609741211,269.02127265930176,571.3199615478516,308.5172653198242,546.8974304199219,316.3448238372803,529.5711517333984,124.70352172851562,584.4482612609863,288.769268989563,100.15070994508112,0.0,0.0,0.0,0.0,0.0,0.0,3,100.15070994508112,0.4735586321156599,0.25607667615513047,0.6923462659835349,1,1,173.8682509097515,178.61788997918632,178.42120025837417,0,0,0,0,0
73,2.4,0,1,597.5765609741211,269.02127265930176,571.3199615478516,308.5172653198242,546.8974304199219,316.3448238372803,529.5711517333984,124.70352172851562,584.4482612609863,288.769268989563,100.15070994508112,0.0,0.0,0.0,0.0,0.0,0.0,3,100.15070994508112,0.4735586321156599,0.25607667615513047,0.6923462659835349,1,2,173.8682509097515,178.61788997918632,178.42120025837417,0,0,0,0,0
74,2.433333333333333,0,1,597.5765609741211,269.02127265930176,571.3199615478516,308.5172653198242,546.8974304199219,316.3448238372803,529.5711517333984,124.70352172851562,584.4482612609863,288.769268989563,100.15070994508112,0.0,0.0,0.0,0.0,0.0,0.0,3,100.15070994508112,0.4735586321156599,0.25607667615513047,0.6923462659835349,1,3,173.8682509097515,178.61788997918632,178.42120025837417,0,0,0,0,0
75,2.466666666666667,1,1,595.9404373168945,287.4202251434326,572.1171188354492,346.85720443725586,549.1889190673828,358.361177444458,530.9859466552734,159.28954124450684,584.0287780761719,317.13871479034424,,,,,,,,0,98.67155330526901,0.6489572923619198,0.25997729209671994,0.8610456876086878,0,0,175.9936139453568,179.28618448531148,178.54693498886394,0,0,0,0,0
76,2.5,0,1,595.9404373168945,287.4202251434326,572.1171188354492,346.85720443725586,549.1889190673828,358.361177444458,530.9859466552734,159.28954124450684,584.0287780761719,317.13871479034424,,,,,,,,0,98.67155330526901,0.6489572923619198,0.25997729209671994,0.8610456876086878,0,0,175.9936139453568,179.28618448531148,178.54693498886394,0,0,0,0,0
77,2.533333333333333,0,1,595.9404373168945,287.4202251434326,572.1171188354492,346.85720443725586,549.1889190673828,358.361177444458,530.9859466552734,159.28954124450684,584.0287780761719,317.13871479034424,,,,,,,,0,98.67155330526901,0.6489572923619198,0.25997729209671994,0.8610456876086878,0,0,175.9936139453568,179.28618448531148,178.54693498886394,0,0,0,0,0
78,2.566666666666667,1,1,594.8303985595703,300.2309989929199,569.919319152832,381.62830352783203,548.8552856445312,395.9753894805908,535.1161956787109,181.64803504943848,582.3748588562012,340.929651260376,,,,,,,,0,94.204121981661,0.9036114968643882,0.2705393846627954,1.1274521148407852,0,0,178.33657723226037,179.70260587188181,178.22535273884114,0,0,0,0,0
79,2.6,0,1,594.8303985595703,300.2309989929199,569.919319152832,381.62830352783203,548.8552856445312,395.9753894805908,535.1161956787109,181.64803504943848,582.3748588562012,340.929651260376,,,,,,,,0,94.204121981661,0.9036114968643882,0.2705393846627954,1.1274521148407852,0,0,178.33657723226037,179.70260587188181,178.22535273884114,0,0,0,0,0
80,2.6333333333333333,0,1,594.8303985595703,300.2309989929199,569.919319152832,381.62830352783203,548.8552856445312,395.9753894805908,535.1161956787109,181.64803504943848,582.3748588562012,340.929651260376,,,,,,,,0,94.204121981661,0.9036114968643882,0.2705393846627954,1.1274521148407852,0,0,178.33657723226037,179.70260587188181,178.22535273884114,0,0,0,0,0
81,2.6666666666666665,1,1,595.9163665771484,301.39904022216797,565.4179382324219,382.92466163635254,545.2313232421875,395.13110160827637,534.4326400756836,184.13296222686768,580.6671524047852,342.16185092926025,,,,,,,,0,94.01391204973211,0.9258582758066537,0.25092222713608875,1.1334312701400804,0,0,179.72163751522703,177.8227327283118,179.13159423771205,0,0,0,0,0
82,2.7,0,1,595.9163665771484,301.39904022216797,565.4179382324219,382.92466163635254,545.2313232421875,395.13110160827637,534.4326400756836,184.13296222686768,580.6671524047852,342.16185092926025,,,,,,,,0,94.01391204973211,0.9258582758066537,0.25092222713608875,1.1334312701400804,0,0,179.72163751522703,177.8227327283118,179.13159423771205,0,0,0,0,0
83,2.7333333333333334,0,1,595.9163665771484,301.39904022216797,565.4179382324219,382.92466163635254,545.2313232421875,395.13110160827637,534.4326400756836,184.13296222686768,580.6671524047852,342.16185092926025,,,,,,,,0,94.01391204973211,0.9258582758066537,0.25092222713608875,1.1334312701400804,0,0,179.72163751522703,177.8227327283118,179.13159423771205,0,0,0,0,0
84,2.7666666666666666,1,1,594.1581344604492,303.001070022583,566.8331527709961,383.4235095977783,545.0186157226562,396.144962310791,533.9112854003906,184.94008541107178,580.4956436157227,343.21228981018066,,,,,,,,0,91.72420800282651,0.9260124871890779,0.2753134533544347,1.1481302028651232,0,0,175.31520760321652,178.34921352758462,179.14590799345802,0,0,0,0,0
85,2.8,0,1,594.1581344604492,303.001070022583,566.8331527709961,383.4235095977783,545.0186157226562,396.144962310791,533.9112854003906,184.94008541107178,580.4956436157227,343.21228981018066,,,,,,,,0,91.72420800282651,0.9260124871890779,0.2753134533544347,1.1481302028651232,0,0,175.31520760321652,178.34921352758462,179.14590799345802,0,0,0,0,0
86,2.8333333333333335,0,1,594.1581344604492,303.001070022583,566.8331527709961,383.4235095977783,545.0186157226562,396.144962310791,533.9112854003906,184.94008541107178,580.4956436157227,343.21228981018066,,,,,,,,0,91.72420800282651,0.9260124871890779,0.2753134533544347,1.1481302028651232,0,0,175.31520760321652,178.34921352758462,179.14590799345802,0,0,0,0,0
87,2.8666666666666667,1,1,593.1421279907227,301.1919593811035,568.051643371582,382.33351707458496,545.3495025634766,395.50429344177246,535.1374816894531,184.6402931213379,580.5968856811523,341.76273822784424,,,,,,,,0,94.04750633719377,0.9030780277522124,0.2790725434631349,1.1242250274534777,0,0,174.57129449920873,178.69854053870222,178.09905733060305,0,0,0,0,0
88,2.9,0,1,593.1421279907227,301.1919593811035,568.051643371582,382.33351707458496,545.3495025634766,395.50429344177246,535.1374816894531,184.6402931213379,580.5968856811523,341.76273822784424,,,,,,,,0,94.04750633719377,0.9030780277522124,0.2790725434631349,1.1242250274534777,0,0,174.57129449920873,178.69854053870222,178.09905733060305,0,0,0,0,0
89,2.933333333333333,0,1,593.1421279907227,301.1919593811035,568.051643371582,382.33351707458496,545.3495025634766,395.50429344177246,535.1374816894531,184.6402931213379,580.5968856811523,341.76273822784424,,,,,,,,0,94.04750633719377,0.9030780277522124,0.2790725434631349,1.1242250274534777,0,0,174.57129449920873,178.69854053870222,178.09905733060305,0,0,0,0,0
90,2.966666666666667,1,1,593.8357543945312,301.1326789855957,567.5805282592773,382.73926734924316,545.1309204101562,395.64133644104004,533.8191223144531,184.1147518157959,580.7081413269043,341.93597316741943,,,,,,,,0,94.11363437173422,0.9108791398553433,0.27512502528060956,1.1297034005910274,0,0,175.86715124036107,178.66045519829808,179.4061975004426,0,0,0,0,0
91,3.0,0,1,593.8357543945312,301.1326789855957,567.5805282592773,382.73926734924316,545.1309204101562,395.64133644104004,533.8191223144531,184.1147518157959,580.7081413269043,341.93597316741943,,,,,,,,0,94.11363437173422,0.9108791398553433,0.27512502528060956,1.1297034005910274,0,0,175.86715124036107,178.66045519829808,179.4061975004426,0,0,0,0,0
92,3.033333333333333,0,1,593.8357543945312,301.1326789855957,567.5805282592773,382.73926734924316,545.1309204101562,395.64133644104004,533.8191223144531,184.1147518157959,580.7081413269043,341.93597316741943,,,,,,,,0,94.11363437173422,0.9108791398553433,0.27512502528060956,1.1297034005910274,0,0,175.86715124036107,178.66045519829808,179.4061975004426,0,0,0,0,0
93,3.066666666666667,1,1,593.690071105957,301.3299751281738,568.0683135986328,382.15564727783203,545.6609725952148,395.70384979248047,533.9046478271484,183.59275817871094,580.8791923522949,341.74281120300293,,,,,,,,0,94.48262348005876,0.8974086766078687,0.27713858263237934,1.1207616878535311,0,0,177.24352087841513,178.48366802908834,179.27503241993998,0,0,0,0,0
94,3.1,0,1,593.690071105957,301.3299751281738,568.0683135986328,382.15564727783203,545.6609725952148,395.70384979248047,533.9046478271484,183.59275817871094,580.8791923522949,341.74281120300293,,,,,,,,0,94.48262348005876,0.8974086766078687,0.27713858263237934,1.1207616878535311,0,0,177.24352087841513,178.48366802908834,179.27503241993998,0,0,0,0,0
95,3.1333333333333333,0,1,593.690071105957,301.3299751281738,568.0683135986328,382.15564727783203,545.6609725952148,395.70384979248047,533.9046478271484,183.59275817871094,580.8791923522949,341.74281120300293,,,,,,,,0,94.48262348005876,0.8974086766078687,0.27713858263237934,1.1207616878535311,0,0,177.24352087841513,178.48366802908834,179.27503241993998,0,0,0,0,0
96,3.1666666666666665,1,1,593.6104583740234,301.43611907958984,567.8082656860352,382.54420280456543,544.7430038452148,395.13742446899414,533.305778503418,183.69526863098145,580.7093620300293,341.99016094207764,,,,,,,,0,94.82050355150083,0.8976255143057833,0.27714664520607135,1.1145119281133018,0,0,176.33376497428108,178.03019367329836,178.94519484127446,0,0,0,0,0
97,3.2,0,1,593.6104583740234,301.43611907958984,567.8082656860352,382.54420280456543,544.7430038452148,395.13742446899414,533.305778503418,183.69526863098145,580.7093620300293,341.99016094207764,,,,,,,,0,94.82050355150083,0.8976255143057833,0.27714664520607135,1.1145119281133018,0,0,176.33376497428108,178.03019367329836,178.94519484127446,0,0,0,0,0
98,3.2333333333333334,0,1,593.6104583740234,301.43611907958984,567.8082656860352,382.54420280456543,544.7430038452148,395.13742446899414,533.305778503418,183.69526863098145,580.7093620300293,341.99016094207764,,,,,,,,0,94.82050355150083,0.8976255143057833,0.27714664520607135,1.1145119281133018,0,0,176.33376497428108,178.03019367329836,178.94519484127446,0,0,0,0,0
99,3.2666666666666666,1,1,594.3706130981445,301.7364978790283,568.1626892089844,381.7818260192871,546.0921478271484,395.62846183776855,534.471435546875,184.66094970703125,581.2666511535645,341.7591619491577,,,,,,,,0,93.27679036487704,0.9029742386240575,0.27932481348932253,1.1318682633410542,0,0,179.15930115419047,177.78344491200312,179.43698244165563,0,0,0,0,0
100,3.3,0,1,594.3706130981445,301.7364978790283,568.1626892089844,381.7818260192871,546.0921478271484,395.62846183776855,534.471435546875,184.66094970703125,581.2666511535645,341.7591619491577,,,,,,,,0,93.27679036487704,0.9029742386240575,0.27932481348932253,1.1318682633410542,0,0,179.15930115419047,177.78344491200312,179.43698244165563,0,0,0,0,0
101,3.3333333333333335,0,1,594.3706130981445,301.7364978790283,568.1626892089844,381.7818260192871,546.0921478271484,395.62846183776855,534.471435546875,184.66094970703125,581.2666511535645,341.7591619491577,,,,,,,,0,93.27679036487704,0.9029742386240575,0.27932481348932253,1.1318682633410542,0,0,179.15930115419047,177.78344491200312,179.43698244165563,0,0,0,0,0
102,3.3666666666666667,1,1,594.4306945800781,301.78759574890137,568.6758422851562,381.80837631225586,546.1210250854492,396.17199897766113,534.3786239624023,184.6816349029541,581.5532684326172,341.7979860305786,,,,,,,,0,93.01427791474575,0.9037676570766265,0.28748391865428685,1.1399263750205448,0,0,175.92868951326068,178.45553636885285,179.33412136391175,0,0,0,0,0
103,3.4,0,1,594.4306945800781,301.78759574890137,568.6758422851562,381.80837631225586,546.1210250854492,396.17199897766113,534.3786239624023,184.6816349029541,581.5532684326172,341.7979860305786,,,,,,,,0,93.01427791474575,0.9037676570766265,0.28748391865428685,1.1399263750205448,0,0,175.92868951326068,178.45553636885285,179.33412136391175,0,0,0,0,0
104,3.433333333333333,0,1,594.4306945800781,301.78759574890137,568.6758422851562,381.80837631225586,546.1210250854492,396.17199897766113,534.3786239624023,184.6816349029541,581.5532684326172,341.7979860305786,,,,,,,,0,93.01427791474575,0.9037676570766265,0.28748391865428685,1.1399263750205448,0,0,175.92868951326068,178.45553636885285,179.33412136391175,0,0,0,0,0
105,3.466666666666667,1,1,594.6287155151367,302.2123432159424,568.4336471557617,382.6330089569092,545.3603363037109,395.95662117004395,533.7308883666992,184.50735569000244,581.5311813354492,342.4226760864258,,,,,,,,0,93.58817770999869,0.9037395963768218,0.2846927910746363,1.1315810688267054,0,0,174.43690083621954,178.5493611633258,179.23076889096302,0,0,0,0,0
106,3.5,0,1,594.6287155151367,302.2123432159424,568.4336471557617,382.6330089569092,545.3603363037109,395.95662117004395,533.7308883666992,184.50735569000244,581.5311813354492,342.4226760864258,,,,,,,,0,93.58817770999869,0.9037395963768218,0.2846927910746363,1.1315810688267054,0,0,174.43690083621954,178.5493611633258,179.23076889096302,0,0,0,0,0
107,3.533333333333333,0,1,594.6287155151367,302.2123432159424,568.4336471557617,382.6330089569092,545.3603363037109,395.95662117004395,533.7308883666992,184.50735569000244,581.5311813354492,342.4226760864258,,,,,,,,0,93.58817770999869,0.9037395963768218,0.2846927910746363,1.1315810688267054,0,0,174.43690083621954,178.5493611633258,179.23076889096302,0,0,0,0,0
108,3.566666666666667,1,1,594.545783996582,301.8647003173828,567.6718902587891,382.1512699127197,545.0109481811523,395.59000968933105,534.8036956787109,184.31184768676758,581.1088371276855,342.00798511505127,,,,,,,,0,93.3193113305826,0.907259860009389,0.2823222686990798,1.135992776297838,0,0,178.37393808670487,178.20823217001808,179.65907680674061,0,0,0,0,0
109,3.6,0,1,594.545783996582,301.8647003173828,567.6718902587891,382.1512699127197,545.0109481811523,395.59000968933105,534.8036956787109,184.31184768676758,581.1088371276855,342.00798511505127,,,,,,,,0,93.3193113305826,0.907259860009389,0.2823222686990798,1.135992776297838,0,0,178.37393808670487,178.20823217001808,179.65907680674061,0,0,0,0,0
110,3.6333333333333333,0,1,594.545783996582,301.8647003173828,567.6718902587891,382.1512699127197,545.0109481811523,395.59000968933105,534.8036956787109,184.31184768676758,581.1088371276855,342.00798511505127,,,,,,,,0,93.3193113305826,0.907259860009389,0.2823222686990798,1.135992776297838,0,0,178.37393808670487,178.20823217001808,179.65907680674061,0,0,0,0,0
111,3.6666666666666665,1,1,595.3384399414062,303.1735324859619,569.0509414672852,382.1752452850342,546.3837432861328,396.19460105895996,534.5959854125977,184.1295289993286,582.1946907043457,342.67438888549805,,,,,,,,0,93.32903046508446,0.8921174214567786,0.2855733446860783,1.1263002895469456,0,0,175.80044746993423,178.2913103461983,178.73668954505953,0,0,0,0,0
112,3.7,0,1,595.3384399414062,303.1735324859619,569.0509414672852,382.1752452850342,546.3837432861328,396.19460105895996,534.5959854125977,184.1295289993286,582.1946907043457,342.67438888549805,,,,,,,,0,93.32903046508446,0.8921174214567786,0.2855733446860783,1.1263002895469456,0,0,175.80044746993423,178.2913103461983,178.73668954505953,0,0,0,0,0
113,3.7333333333333334,0,1,595.3384399414062,303.1735324859619,569.0509414672852,382.1752452850342,546.3837432861328,396.19460105895996,534.5959854125977,184.1295289993286,582.1946907043457,342.67438888549805,,,,,,,,0,93.32903046508446,0.8921174214567786,0.2855733446860783,1.1263002895469456,0,0,175.80044746993423,178.2913103461983,178.73668954505953,0,0,0,0,0
114,3.7666666666666666,1,1,594.7830200195312,303.04590225219727,568.0595779418945,381.677942276001,545.3693771362305,394.92161750793457,533.2764053344727,183.93323421478271,581.4212989807129,342.3619222640991,,,,,,,,0,92.19513921623908,0.9007961029633907,0.2849653680721574,1.131523036411903,0,0,175.79657855013696,178.0704459255759,179.4016019038301,0,0,0,0,0
115,3.8,0,1,594.7830200195312,303.04590225219727,568.0595779418945,381.677942276001,545.3693771362305,394.92161750793457,533.2764053344727,183.93323421478271,581.4212989807129,342.3619222640991,,,,,,,,0,92.19513921623908,0.9007961029633907,0.2849653680721574,1.131523036411903,0,0,175.79657855013696,178.0704459255759,179.4016019038301,0,0,0,0,0
116,3.8333333333333335,0,1,594.7830200195312,303.04590225219727,568.0595779418945,381.677942276001,545.3693771362305,394.92161750793457,533.2764053344727,183.93323421478271,581.4212989807129,342.3619222640991,,,,,,,,0,92.19513921623908,0.9007961029633907,0.2849653680721574,1.131523036411903,0,0,175.79657855013696,178.0704459255759,179.4016019038301,0,0,0,0,0
117,3.8666666666666667,1,1,602.2884750366211,296.84746742248535,572.4616241455078,378.01405906677246,547.7589797973633,392.067289352417,530.4610824584961,180.29841899871826,587.3750495910645,337.4307632446289,,,,,,,,0,94.38536956717252,0.9161742446666206,0.30110925399922017,1.1625552957172347,0,0,174.31703799824,178.1600568808439,179.5050444490231,0,0,0,0,0
118,3.9,0,1,602.2884750366211,296.84746742248535,572.4616241455078,378.01405906677246,547.7589797973633,392.067289352417,530.4610824584961,180.29841899871826,587.3750495910645,337.4307632446289,,,,,,,,0,94.38536956717252,0.9161742446666206,0.30110925399922017,1.1625552957172347,0,0,174.31703799824,178.1600568808439,179.5050444490231,0,0,0,0,0
119,3.933333333333333,0,1,602.2884750366211,296.84746742248535,572.4616241455078,378.01405906677246,547.7589797973633,392.067289352417,530.4610824584961,180.29841899871826,587.3750495910645,337.4307632446289,,,,,,,,0,94.38536956717252,0.9161742446666206,0.30110925399922017,1.1625552957172347,0,0,174.31703799824,178.1600568808439,179.5050444490231,0,0,0,0,0
120,3.966666666666667,1,1,609.9292755126953,282.94973373413086,588.6936569213867,363.9685821533203,554.1582489013672,378.5598850250244,525.0993728637695,169.18212890625,599.311466217041,323.4591579437256,,,,,,,,0,93.34253390087609,0.8972932803967733,0.4016533276719286,1.185819916735113,0,0,172.49370777862097,179.40586806473405,179.4185178101408,0,0,0,0,0
121,4.0,0,1,609.9292755126953,282.94973373413086,588.6936569213867,363.9685821533203,554.1582489013672,378.5598850250244,525.0993728637695,169.18212890625,599.311466217041,323.4591579437256,,,,,,,,0,93.34253390087609,0.8972932803967733,0.4016533276719286,1.185819916735113,0,0,172.49370777862097,179.40586806473405,179.4185178101408,0,0,0,0,0
122,4.033333333333333,0,1,609.9292755126953,282.94973373413086,588.6936569213867,363.9685821533203,554.1582489013672,378.5598850250244,525.0993728637695,169.18212890625,599.311466217041,323.4591579437256,,,,,,,,0,93.34253390087609,0.8972932803967733,0.4016533276719286,1.185819916735113,0,0,172.49370777862097,179.40586806473405,179.4185178101408,0,0,0,0,0
123,4.066666666666666,1,1,621.0784912109375,250.50358772277832,609.8022842407227,318.0973148345947,580.4356384277344,331.0341453552246,525.2353286743164,138.72031688690186,615.4403877258301,284.3004512786865,,,,,,,,0,85.9440401810314,0.7973541780207712,0.3733812912743698,1.0495828303658263,0,0,175.10951502029204,175.0616775243343,176.9066124441251,0,0,0,0,0
124,4.1,0,1,621.0784912109375,250.50358772277832,609.8022842407227,318.0973148345947,580.4356384277344,331.0341453552246,525.2353286743164,138.72031688690186,615.4403877258301,284.3004512786865,,,,,,,,0,85.9440401810314,0.7973541780207712,0.3733812912743698,1.0495828303658263,0,0,175.10951502029204,175.0616775243343,176.9066124441251,0,0,0,0,0
125,4.133333333333334,0,1,621.0784912109375,250.50358772277832,609.8022842407227,318.0973148345947,580.4356384277344,331.0341453552246,525.2353286743164,138.72031688690186,615.4403877258301,284.3004512786865,,,,,,,,0,85.9440401810314,0.7973541780207712,0.3733812912743698,1.0495828303658263,0,0,175.10951502029204,175.0616775243343,176.9066124441251,0,0,0,0,0
126,4.166666666666667,1,1,624.3832397460938,204.19743061065674,616.1825942993164,244.1938304901123,585.1984786987305,251.78309440612793,521.9342803955078,97.00302600860596,620.2829170227051,224.19563055038452,,,,,,,,0,66.00565931661268,0.6185598871761718,0.48329244956725165,0.9339024889719842,0,0,162.53032249443615,173.72033493443863,176.7888015852585,0,0,0,0,0
127,4.2,0,1,624.3832397460938,204.19743061065674,616.1825942993164,244.1938304901123,585.1984786987305,251.78309440612793,521.9342803955078,97.00302600860596,620.2829170227051,224.19563055038452,,,,,,,,0,66.00565931661268,0.6185598871761718,0.48329244956725165,0.9339024889719842,0,0,162.53032249443615,173.72033493443863,176.7888015852585,0,0,0,0,0
128,4.233333333333333,0,1,624.3832397460938,204.19743061065674,616.1825942993164,244.1938304901123,585.1984786987305,251.78309440612793,521.9342803955078,97.00302600860596,620.2829170227051,224.19563055038452,,,,,,,,0,66.00565931661268,0.6185598871761718,0.48329244956725165,0.9339024889719842,0,0,162.53032249443615,173.72033493443863,176.7888015852585,0,0,0,0,0
129,4.266666666666667,1,1,526.580696105957,98.30277442932129,499.2008590698242,96.32246017456055,472.81848907470703,98.34845781326294,555.1739501953125,187.86317825317383,512.8907775878906,97.31261730194092,,,,,,,,0,36.7392478218343,0.7471943712694558,0.7202120090994327,1.463345866557899,0,0,155.51436789939996,159.99300091721108,173.1052222146156,0,0,0,0,0
130,4.3,0,1,526.580696105957,98.30277442932129,499.2008590698242,96.32246017456055,472.81848907470703,98.34845781326294,555.1739501953125,187.86317825317383,512.8907775878906,97.31261730194092,,,,,,,,0,36.7392478218343,0.7471943712694558,0.7202120090994327,1.463345866557899,0,0,155.51436789939996,159.99300091721108,173.1052222146156,0,0,0,0,0
131,4.333333333333333,0,1,526.580696105957,98.30277442932129,499.2008590698242,96.32246017456055,472.81848907470703,98.34845781326294,555.1739501953125,187.86317825317383,512.8907775878906,97.31261730194092,,,,,,,,0,36.7392478218343,0.7471943712694558,0.7202120090994327,1.463345866557899,0,0,155.51436789939996,159.99300091721108,173.1052222146156,0,0,0,0,0
132,4.366666666666666,1,0,,,,,,,,,,,,,,,,,,0,,,,,0,0,,,,0,0,0,0,0
133,4.4,0,0,,,,,,,,,,,,,,,,,,0,,,,,0,0,,,,0,0,0,0,0
134,4.433333333333334,0,0,,,,,,,,,,,,,,,,,,0,,,,,0,0,,,,0,0,0,0,0
135,4.466666666666667,1,1,379.1101837158203,125.1703691482544,354.53834533691406,173.4042263031006,362.5971984863281,125.17674922943115,362.44102478027344,12.156214714050293,366.8242645263672,149.2872977256775,,,,,,,,0,55.15269741543422,0.9814943834977226,0.8865597567837382,0.29940487475412464,0,0,150.0699792419306,173.33626191731977,109.2892251319001,0,0,0,0,0
136,4.5,0,1,379.1101837158203,125.1703691482544,354.53834533691406,173.4042263031006,362.5971984863281,125.17674922943115,362.44102478027344,12.156214714050293,366.8242645263672,149.2872977256775,,,,,,,,0,55.15269741543422,0.9814943834977226,0.8865597567837382,0.29940487475412464,0,0,150.0699792419306,173.33626191731977,109.2892251319001,0,0,0,0,0
137,4.533333333333333,0,1,379.1101837158203,125.1703691482544,354.53834533691406,173.4042263031006,362.5971984863281,125.17674922943115,362.44102478027344,12.156214714050293,366.8242645263672,149.2872977256775,,,,,,,,0,55.15269741543422,0.9814943834977226,0.8865597567837382,0.29940487475412464,0,0,150.0699792419306,173.33626191731977,109.2892251319001,0,0,0,0,0
138,4.566666666666666,1,1,352.42931365966797,146.18854522705078,333.0944061279297,213.57886791229248,337.99285888671875,162.77428150177002,340.6717300415039,22.603079080581665,342.7618598937988,179.88370656967163,,,,,,,,0,69.16501502585237,1.013650607012018,0.7379480573811402,0.3179148458233307,0,0,158.7802166269738,175.709330165881,121.99160424400623,0,0,0,0,0
139,4.6,0,1,352.42931365966797,146.18854522705078,333.0944061279297,213.57886791229248,337.99285888671875,162.77428150177002,340.6717300415039,22.603079080581665,342.7618598937988,179.88370656967163,,,,,,,,0,69.16501502585237,1.013650607012018,0.7379480573811402,0.3179148458233307,0,0,158.7802166269738,175.709330165881,121.99160424400623,0,0,0,0,0
140,4.633333333333334,0,1,352.42931365966797,146.18854522705078,333.0944061279297,213.57886791229248,337.99285888671875,162.77428150177002,340.6717300415039,22.603079080581665,342.7618598937988,179.88370656967163,,,,,,,,0,69.16501502585237,1.013650607012018,0.7379480573811402,0.3179148458233307,0,0,158.7802166269738,175.709330165881,121.99160424400623,0,0,0,0,0
141,4.666666666666667,1,1,360.2292251586914,176.4087438583374,342.0956802368164,250.6768798828125,336.31690979003906,193.38656902313232,339.189453125,41.49059772491455,351.1624526977539,213.54281187057495,,,,,,,,0,79.29962005110468,0.9640634151213685,0.7261197509887026,0.36981930281460274,0,0,167.77462860490823,176.58900695990894,125.37797657397036,0,0,0,0,0
142,4.7,0,1,360.2292251586914,176.4087438583374,342.0956802368164,250.6768798828125,336.31690979003906,193.38656902313232,339.189453125,41.49059772491455,351.1624526977539,213.54281187057495,,,,,,,,0,79.29962005110468,0.9640634151213685,0.7261197509887026,0.36981930281460274,0,0,167.77462860490823,176.58900695990894,125.37797657397036,0,0,0,0,0
143,4.733333333333333,0,1,360.2292251586914,176.4087438583374,342.0956802368164,250.6768798828125,336.31690979003906,193.38656902313232,339.189453125,41.49059772491455,351.1624526977539,213.54281187057495,,,,,,,,0,79.29962005110468,0.9640634151213685,0.7261197509887026,0.36981930281460274,0,0,167.77462860490823,176.58900695990894,125.37797657397036,0,0,0,0,0
144,4.766666666666667,1,1,366.5884780883789,207.77255058288574,342.26734161376953,283.68404388427734,342.92301177978516,206.26308917999268,340.98628997802734,62.4853777885437,354.4279098510742,245.72829723358154,,,,,,,,0,91.5136982182722,0.871043765173539,0.8460343376322389,0.25912576061073367,0,0,165.01495411527395,176.7242768212984,86.83667192251336,0,0,0,0,0
145,4.8,0,1,366.5884780883789,207.77255058288574,342.26734161376953,283.68404388427734,342.92301177978516,206.26308917999268,340.98628997802734,62.4853777885437,354.4279098510742,245.72829723358154,,,,,,,,0,91.5136982182722,0.871043765173539,0.8460343376322389,0.25912576061073367,0,0,165.01495411527395,176.7242768212984,86.83667192251336,0,0,0,0,0
146,4.833333333333333,0,1,366.5884780883789,207.77255058288574,342.26734161376953,283.68404388427734,342.92301177978516,206.26308917999268,340.98628997802734,62.4853777885437,354.4279098510742,245.72829723358154,,,,,,,,0,91.5136982182722,0.871043765173539,0.8460343376322389,0.25912576061073367,0,0,165.01495411527395,176.7242768212984,86.83667192251336,0,0,0,0,0
147,4.866666666666666,1,1,362.3149108886719,231.58796310424805,345.7865905761719,305.282678604126,341.3022994995117,209.76160526275635,346.0331726074219,78.30855131149292,354.0507507324219,268.435320854187,,,,,,,,0,98.47140333908577,0.7669787006283576,0.9711070520432754,0.3076750119595675,0,0,165.3918627327123,175.62923656735475,57.02128493438471,0,0,0,0,0
148,4.9,0,1,362.3149108886719,231.58796310424805,345.7865905761719,305.282678604126,341.3022994995117,209.76160526275635,346.0331726074219,78.30855131149292,354.0507507324219,268.435320854187,,,,,,,,0,98.47140333908577,0.7669787006283576,0.9711070520432754,0.3076750119595675,0,0,165.3918627327123,175.62923656735475,57.02128493438471,0,0,0,0,0
149,4.933333333333334,0,1,362.3149108886719,231.58796310424805,345.7865905761719,305.282678604126,341.3022994995117,209.76160526275635,346.0331726074219,78.30855131149292,354.0507507324219,268.435320854187,,,,,,,,0,98.47140333908577,0.7669787006283576,0.9711070520432754,0.3076750119595675,0,0,165.3918627327123,175.62923656735475,57.02128493438471,0,0,0,0,0
150,4.966666666666667,1,1,360.5126953125,238.76542568206787,346.35852813720703,315.8170795440674,341.9249725341797,219.1000270843506,347.48790740966797,85.67414045333862,353.4356117248535,277.2912526130676,,,,,,,,0,100.48903084665207,0.7795966085961947,0.9634744853550944,0.2692808681615611,0,0,165.2916446105239,176.974696414709,58.750435447201255,0,0,0,0,0
151,5.0,0,1,360.5126953125,238.76542568206787,346.35852813720703,315.8170795440674,341.9249725341797,219.1000270843506,347.48790740966797,85.67414045333862,353.4356117248535,277.2912526130676,,,,,,,,0,100.48903084665207,0.7795966085961947,0.9634744853550944,0.2692808681615611,0,0,165.2916446105239,176.974696414709,58.750435447201255,0,0,0,0,0
152,5.033333333333333,0,1,360.5126953125,238.76542568206787,346.35852813720703,315.8170795440674,341.9249725341797,219.1000270843506,347.48790740966797,85.67414045333862,353.4356117248535,277.2912526130676,,,,,,,,0,100.48903084665207,0.7795966085961947,0.9634744853550944,0.2692808681615611,0,0,165.2916446105239,176.974696414709,58.750435447201255,0,0,0,0,0
153,5.066666666666666,1,1,352.6709747314453,241.38628005981445,347.5440216064453,319.3483257293701,339.9061584472656,223.6256504058838,349.57183837890625,89.21504974365234,350.1074981689453,280.3673028945923,,,,,,,,0,101.88026145427946,0.7668849928375224,0.9425467607642716,0.21468251954896178,0,0,162.11241692810862,176.44702683238106,56.323192903796546,0,0,0,0,0
154,5.1,0,1,352.6709747314453,241.38628005981445,347.5440216064453,319.3483257293701,339.9061584472656,223.6256504058838,349.57183837890625,89.21504974365234,350.1074981689453,280.3673028945923,,,,,,,,0,101.88026145427946,0.7668849928375224,0.9425467607642716,0.21468251954896178,0,0,162.11241692810862,176.44702683238106,56.323192903796546,0,0,0,0,0
155,5.133333333333334,0,1,352.6709747314453,241.38628005981445,347.5440216064453,319.3483257293701,339.9061584472656,223.6256504058838,349.57183837890625,89.21504974365234,350.1074981689453,280.3673028945923,,,,,,,,0,101.88026145427946,0.7668849928375224,0.9425467607642716,0.21468251954896178,0,0,162.11241692810862,176.44702683238106,56.323192903796546,0,0,0,0,0
156,5.166666666666667,1,1,354.35325622558594,237.84582138061523,348.21136474609375,309.484806060791,336.99867248535156,223.17219257354736,351.18080139160156,88.38500261306763,351.28231048583984,273.6653137207031,,,,,,,,0,101.53933385216203,0.7081175752794989,0.8571838308522735,0.2238203520958853,0,0,161.53259816458998,177.45239604602543,54.19407231533517,0,0,0,0,0
157,5.2,0,1,354.35325622558594,237.84582138061523,348.21136474609375,309.484806060791,336.99867248535156,223.17219257354736,351.18080139160156,88.38500261306763,351.28231048583984,273.6653137207031,,,,,,,,0,101.53933385216203,0.7081175752794989,0.8571838308522735,0.2238203520958853,0,0,161.53259816458998,177.45239604602543,54.19407231533517,0,0,0,0,0
158,5.233333333333333,0,1,354.35325622558594,237.84582138061523,348.21136474609375,309.484806060791,336.99867248535156,223.17219257354736,351.18080139160156,88.38500261306763,351.28231048583984,273.6653137207031,,,,,,,,0,101.53933385216203,0.7081175752794989,0.8571838308522735,0.2238203520958853,0,0,161.53259816458998,177.45239604602543,54.19407231533517,0,0,0,0,0
159,5.266666666666667,1,1,364.9997329711914,232.57317066192627,353.15460205078125,279.7665309906006,344.09976959228516,214.02538776397705,353.2752227783203,75.35865068435669,359.0771675109863,256.1698508262634,91.7023187849705,4.92132568359375,12.776741027832031,13.691769709438068,0.05366631671695883,0.13932844007785403,0.14930669028711704,6,96.06288933402922,0.5065137257779518,0.6908161515045166,0.2908856146696837,1,1,164.8299196024495,169.8833146088025,71.06399825211074,0,0,0,0,0
160,5.3,0,1,364.9997329711914,232.57317066192627,353.15460205078125,279.7665309906006,344.09976959228516,214.02538776397705,353.2752227783203,75.35865068435669,359.0771675109863,256.1698508262634,91.7023187849705,4.92132568359375,12.776741027832031,13.691769709438068,0.05366631671695883,0.13932844007785403,0.14930669028711704,6,96.06288933402922,0.5065137257779518,0.6908161515045166,0.2908856146696837,1,2,164.8299196024495,169.8833146088025,71.06399825211074,0,0,0,0,0
161,5.333333333333333,0,1,364.9997329711914,232.57317066192627,353.15460205078125,279.7665309906006,344.09976959228516,214.02538776397705,353.2752227783203,75.35865068435669,359.0771675109863,256.1698508262634,91.7023187849705,4.92132568359375,12.776741027832031,13.691769709438068,0.05366631671695883,0.13932844007785403,0.14930669028711704,6,96.06288933402922,0.5065137257779518,0.6908161515045166,0.2908856146696837,1,3,164.8299196024495,169.8833146088025,71.06399825211074,0,0,0,0,0
162,5.366666666666666,1,1,375.6825256347656,208.13019275665283,362.1571350097656,253.10256958007812,357.71240234375,199.55467700958252,363.2981872558594,59.89899516105652,368.9198303222656,230.61638116836548,91.7023187849705,4.92132568359375,12.776741027832031,13.691769709438068,0.05366631671695883,0.13932844007785403,0.14930669028711704,6,87.34174823591178,0.5376836284458355,0.6151931247803449,0.22797143742316342,1,4,162.13339858686848,170.97609113093824,90.00504895596566,1,-1,0,0,0
163,5.4,0,1,375.6825256347656,208.13019275665283,362.1571350097656,253.10256958007812,357.71240234375,199.55467700958252,363.2981872558594,59.89899516105652,368.9198303222656,230.61638116836548,91.7023187849705,4.92132568359375,12.776741027832031,13.691769709438068,0.05366631671695883,0.13932844007785403,0.14930669028711704,6,87.34174823591178,0.5376836284458355,0.6151931247803449,0.22797143742316342,1,5,162.13339858686848,170.97609113093824,90.00504895596566,0,0,0,0,0
164,5.433333333333334,0,1,375.6825256347656,208.13019275665283,362.1571350097656,253.10256958007812,357.71240234375,199.55467700958252,363.2981872558594,59.89899516105652,368.9198303222656,230.61638116836548,91.7023187849705,4.92132568359375,12.776741027832031,13.691769709438068,0.05366631671695883,0.13932844007785403,0.14930669028711704,6,87.34174823591178,0.5376836284458355,0.6151931247803449,0.22797143742316342,1,6,162.13339858686848,170.97609113093824,90.00504895596566,0,0,0,0,0
165,5.466666666666667,1,1,400.7835006713867,174.2081880569458,387.33734130859375,221.1444854736328,380.1477813720703,167.0218276977539,382.42042541503906,41.071869134902954,394.06042098999023,197.6763367652893,,,,,,,,0,73.160789559736,0.667356523437682,0.7462753508003327,0.2986741949534307,0,0,150.8015243799705,166.59247143627059,84.06724713347928,0,0,0,0,0
166,5.5,0,1,400.7835006713867,174.2081880569458,387.33734130859375,221.1444854736328,380.1477813720703,167.0218276977539,382.42042541503906,41.071869134902954,394.06042098999023,197.6763367652893,,,,,,,,0,73.160789559736,0.667356523437682,0.7462753508003327,0.2986741949534307,0,0,150.8015243799705,166.59247143627059,84.06724713347928,0,0,0,0,0
167,5.533333333333333,0,1,400.7835006713867,174.2081880569458,387.33734130859375,221.1444854736328,380.1477813720703,167.0218276977539,382.42042541503906,41.071869134902954,394.06042098999023,197.6763367652893,,,,,,,,0,73.160789559736,0.667356523437682,0.7462753508003327,0.2986741949534307,0,0,150.8015243799705,166.59247143627059,84.06724713347928,0,0,0,0,0
168,5.566666666666666,1,1,439.4530487060547,146.93538665771484,426.6556167602539,191.85566425323486,409.2094039916992,114.42981719970703,411.5110778808594,30.15384078025818,433.0543327331543,169.39552545547485,,,,,,,,0,76.18184550621996,0.6131075031160359,1.0418108351306752,0.5828056860391834,0,0,142.7158027063415,173.3928888969003,17.63078199978594,0,0,0,0,0
169,5.6,0,1,439.4530487060547,146.93538665771484,426.6556167602539,191.85566425323486,409.2094039916992,114.42981719970703,411.5110778808594,30.15384078025818,433.0543327331543,169.39552545547485,,,,,,,,0,76.18184550621996,0.6131075031160359,1.0418108351306752,0.5828056860391834,0,0,142.7158027063415,173.3928888969003,17.63078199978594,0,0,0,0,0
170,5.633333333333334,0,1,439.4530487060547,146.93538665771484,426.6556167602539,191.85566425323486,409.2094039916992,114.42981719970703,411.5110778808594,30.15384078025818,433.0543327331543,169.39552545547485,,,,,,,,0,76.18184550621996,0.6131075031160359,1.0418108351306752,0.5828056860391834,0,0,142.7158027063415,173.3928888969003,17.63078199978594,0,0,0,0,0
171,5.666666666666667,1,1,485.09937286376953,147.95917510986328,486.63394927978516,164.92032051086426,465.80867767333984,121.6830825805664,438.8667297363281,27.94231116771698,485.86666107177734,156.43974781036377,,,,,,,,0,62.99506479126195,0.27034538542317665,0.7618239980227708,0.5174531245231938,0,0,163.7900317162626,145.3434974764497,64.32701644798145,0,0,0,0,0
172,5.7,0,1,485.09937286376953,147.95917510986328,486.63394927978516,164.92032051086426,465.80867767333984,121.6830825805664,438.8667297363281,27.94231116771698,485.86666107177734,156.43974781036377,,,,,,,,0,62.99506479126195,0.27034538542317665,0.7618239980227708,0.5174531245231938,0,0,163.7900317162626,145.3434974764497,64.32701644798145,0,0,0,0,0
173,5.733333333333333,0,1,485.09937286376953,147.95917510986328,486.63394927978516,164.92032051086426,465.80867767333984,121.6830825805664,438.8667297363281,27.94231116771698,485.86666107177734,156.43974781036377,,,,,,,,0,62.99506479126195,0.27034538542317665,0.7618239980227708,0.5174531245231938,0,0,163.7900317162626,145.3434974764497,64.32701644798145,0,0,0,0,0
174,5.766666666666667,1,1,523.7809371948242,176.96592807769775,528.61083984375,223.82875442504883,513.0391311645508,216.3168239593506,476.2329864501953,53.17918539047241,526.1958885192871,200.3973412513733,72.68984572351226,0.0,0.0,0.0,0.0,0.0,0.0,3,72.68984572351226,0.6481106763936038,0.23784523145112482,0.5611606063164335,1,1,176.2339157236763,178.87987534287456,165.99137764150376,0,0,0,0,0
175,5.8,0,1,523.7809371948242,176.96592807769775,528.61083984375,223.82875442504883,513.0391311645508,216.3168239593506,476.2329864501953,53.17918539047241,526.1958885192871,200.3973412513733,72.68984572351226,0.0,0.0,0.0,0.0,0.0,0.0,3,72.68984572351226,0.6481106763936038,0.23784523145112482,0.5611606063164335,1,2,176.2339157236763,178.87987534287456,165.99137764150376,0,0,0,0,0
176,5.833333333333333,0,1,523.7809371948242,176.96592807769775,528.61083984375,223.82875442504883,513.0391311645508,216.3168239593506,476.2329864501953,53.17918539047241,526.1958885192871,200.3973412513733,72.68984572351226,0.0,0.0,0.0,0.0,0.0,0.0,3,72.68984572351226,0.6481106763936038,0.23784523145112482,0.5611606063164335,1,3,176.2339157236763,178.87987534287456,165.99137764150376,0,0,0,0,0
177,5.866666666666666,1,1,576.5855407714844,216.6097354888916,555.159797668457,254.89239692687988,529.3755340576172,264.94837760925293,512.4123382568359,84.35095310211182,565.8726692199707,235.75106620788574,,,,,,,,0,81.79986502912328,0.5363156042317245,0.33833576271683097,0.826013719868872,0,0,168.35212544257445,173.07816398110464,175.7272151031079,0,0,0,0,0
178,5.9,0,1,576.5855407714844,216.6097354888916,555.159797668457,254.89239692687988,529.3755340576172,264.94837760925293,512.4123382568359,84.35095310211182,565.8726692199707,235.75106620788574,,,,,,,,0,81.79986502912328,0.5363156042317245,0.33833576271683097,0.826013719868872,0,0,168.35212544257445,173.07816398110464,175.7272151031079,0,0,0,0,0
179,5.933333333333334,0,1,576.5855407714844,216.6097354888916,555.159797668457,254.89239692687988,529.3755340576172,264.94837760925293,512.4123382568359,84.35095310211182,565.8726692199707,235.75106620788574,,,,,,,,0,81.79986502912328,0.5363156042317245,0.33833576271683097,0.826013719868872,0,0,168.35212544257445,173.07816398110464,175.7272151031079,0,0,0,0,0
180,5.966666666666667,1,1,588.0567169189453,255.45398712158203,573.1700897216797,287.2565174102783,551.0931396484375,297.65344619750977,527.2416305541992,117.23745346069336,580.6134033203125,271.3552522659302,88.98774528178359,0.0,0.0,0.0,0.0,0.0,0.0,3,88.98774528178359,0.3945967960548638,0.2742244981637468,0.6304129057990489,1,1,170.3354127289759,178.41785709507832,177.75310109376173,0,0,0,0,0
181,6.0,0,1,588.0567169189453,255.45398712158203,573.1700897216797,287.2565174102783,551.0931396484375,297.65344619750977,527.2416305541992,117.23745346069336,580.6134033203125,271.3552522659302,88.98774528178359,0.0,0.0,0.0,0.0,0.0,0.0,3,88.98774528178359,0.3945967960548638,0.2742244981637468,0.6304129057990489,1,2,170.3354127289759,178.41785709507832,177.75310109376173,0,0,0,0,0
182,6.033333333333333,0,1,588.0567169189453,255.45398712158203,573.1700897216797,287.2565174102783,551.0931396484375,297.65344619750977,527.2416305541992,117.23745346069336,580.6134033203125,271.3552522659302,88.98774528178359,0.0,0.0,0.0,0.0,0.0,0.0,3,88.98774528178359,0.3945967960548638,0.2742244981637468,0.6304129057990489,1,3,170.3354127289759,178.41785709507832,177.75310109376173,0,0,0,0,0
183,6.066666666666666,1,1,594.9971008300781,275.85662841796875,574.0769195556641,321.5903377532959,550.438117980957,332.90648460388184,535.6710052490234,143.1670045852661,584.5370101928711,298.7234830856323,,,,,,,,0,94.61638702405688,0.5315296209416558,0.27698994017608836,0.765080471955485,0,0,174.73496680615796,178.96864477810956,178.26156186624917,0,0,0,0,0
184,6.1,0,1,594.9971008300781,275.85662841796875,574.0769195556641,321.5903377532959,550.438117980957,332.90648460388184,535.6710052490234,143.1670045852661,584.5370101928711,298.7234830856323,,,,,,,,0,94.61638702405688,0.5315296209416558,0.27698994017608836,0.765080471955485,0,0,174.73496680615796,178.96864477810956,178.26156186624917,0,0,0,0,0
185,6.133333333333334,0,1,594.9971008300781,275.85662841796875,574.0769195556641,321.5903377532959,550.438117980957,332.90648460388184,535.6710052490234,143.1670045852661,584.5370101928711,298.7234830856323,,,,,,,,0,94.61638702405688,0.5315296209416558,0.27698994017608836,0.765080471955485,0,0,174.73496680615796,178.96864477810956,178.26156186624917,0,0,0,0,0
186,6.166666666666667,1,1,594.1407775878906,282.2864055633545,575.2069091796875,357.579402923584,553.4227752685547,371.28793716430664,537.0871734619141,159.79957580566406,584.6738433837891,319.93290424346924,,,,,,,,0,94.32797472186961,0.823055394868035,0.2728622054908368,1.0375875520153606,0,0,172.37946772413676,177.1277148223889,177.8188708213985,0,0,0,0,0
187,6.2,0,1,594.1407775878906,282.2864055633545,575.2069091796875,357.579402923584,553.4227752685547,371.28793716430664,537.0871734619141,159.79957580566406,584.6738433837891,319.93290424346924,,,,,,,,0,94.32797472186961,0.823055394868035,0.2728622054908368,1.0375875520153606,0,0,172.37946772413676,177.1277148223889,177.8188708213985,0,0,0,0,0
188,6.233333333333333,0,1,594.1407775878906,282.2864055633545,575.2069091796875,357.579402923584,553.4227752685547,371.28793716430664,537.0871734619141,159.79957580566406,584.6738433837891,319.93290424346924,,,,,,,,0,94.32797472186961,0.823055394868035,0.2728622054908368,1.0375875520153606,0,0,172.37946772413676,177.1277148223889,177.8188708213985,0,0,0,0,0
189,6.266666666666667,1,1,597.9862976074219,282.14595794677734,573.7576675415039,359.8520565032959,552.7704620361328,370.6245803833008,538.4455108642578,160.41307926177979,585.8719825744629,320.9990072250366,,,,,,,,0,93.26532411148312,0.8727330025774301,0.2529392975555087,1.06537624798297,0,0,173.05231158114194,179.19594405479623,179.2922409549212,0,0,0,0,0
190,6.3,0,1,597.9862976074219,282.14595794677734,573.7576675415039,359.8520565032959,552.7704620361328,370.6245803833008,538.4455108642578,160.41307926177979,585.8719825744629,320.9990072250366,,,,,,,,0,93.26532411148312,0.8727330025774301,0.2529392975555087,1.06537624798297,0,0,173.05231158114194,179.19594405479623,179.2922409549212,0,0,0,0,0
191,6.333333333333333,0,1,597.9862976074219,282.14595794677734,573.7576675415039,359.8520565032959,552.7704620361328,370.6245803833008,538.4455108642578,160.41307926177979,585.8719825744629,320.9990072250366,,,,,,,,0,93.26532411148312,0.8727330025774301,0.2529392975555087,1.06537624798297,0,0,173.05231158114194,179.19594405479623,179.2922409549212,0,0,0,0,0
192,6.366666666666666,1,1,600.7856369018555,281.7820644378662,572.9740142822266,362.6763439178467,551.0577011108398,372.6184558868408,539.7355270385742,162.43278980255127,586.879825592041,322.22920417785645,,,,,,,,0,93.9004409825456,0.9109822180332031,0.256292287425746,1.102841631981393,0,0,174.82475213781947,178.61605056563607,179.820863210972,0,0,0,0,0
193,6.4,0,1,600.7856369018555,281.7820644378662,572.9740142822266,362.6763439178467,551.0577011108398,372.6184558868408,539.7355270385742,162.43278980255127,586.879825592041,322.22920417785645,,,,,,,,0,93.9004409825456,0.9109822180332031,0.256292287425746,1.102841631981393,0,0,174.82475213781947,178.61605056563607,179.820863210972,0,0,0,0,0
194,6.433333333333334,0,1,600.7856369018555,281.7820644378662,572.9740142822266,362.6763439178467,551.0577011108398,372.6184558868408,539.7355270385742,162.43278980255127,586.879825592041,322.22920417785645,,,,,,,,0,93.9004409825456,0.9109822180332031,0.256292287425746,1.102841631981393,0,0,174.82475213781947,178.61605056563607,179.820863210972,0,0,0,0,0
195,6.466666666666667,1,1,601.4897537231445,280.87334632873535,573.8559341430664,360.6496810913086,552.049560546875,372.84250259399414,539.8344039916992,162.2921848297119,587.6728439331055,320.761513710022,,,,,,,,0,94.97153072925171,0.8889699986256707,0.2630646360518049,1.0994431169451053,0,0,179.72660234958232,178.6983901874706,179.46624133013069,0,0,0,0,0
196,6.5,0,1,601.4897537231445,280.87334632873535,573.8559341430664,360.6496810913086,552.049560546875,372.84250259399414,539.8344039916992,162.2921848297119,587.6728439331055,320.761513710022,,,,,,,,0,94.97153072925171,0.8889699986256707,0.2630646360518049,1.0994431169451053,0,0,179.72660234958232,178.6983901874706,179.46624133013069,0,0,0,0,0
197,6.533333333333333,0,1,601.4897537231445,280.87334632873535,573.8559341430664,360.6496810913086,552.049560546875,372.84250259399414,539.8344039916992,162.2921848297119,587.6728439331055,320.761513710022,,,,,,,,0,94.97153072925171,0.8889699986256707,0.2630646360518049,1.0994431169451053,0,0,179.72660234958232,178.6983901874706,179.46624133013069,0,0,0,0,0
198,6.566666666666666,1,1,602.498893737793,281.72773361206055,573.3425521850586,360.92782974243164,552.073974609375,372.9579448699951,539.7934722900391,163.40786933898926,587.9207229614258,321.3277816772461,,,,,,,,0,93.36332708102292,0.9039563379588865,0.2617209633255165,1.1164801721706443,0,0,178.7682177362534,178.50825917168436,179.67796639712645,0,0,0,0,0
199,6.6,0,1,602.498893737793,281.72773361206055,573.3425521850586,360.92782974243164,552.073974609375,372.9579448699951,539.7934722900391,163.40786933898926,587.9207229614258,321.3277816772461,,,,,,,,0,93.36332708102292,0.9039563379588865,0.2617209633255165,1.1164801721706443,0,0,178.7682177362534,178.50825917168436,179.67796639712645,0,0,0,0,0
200,6.633333333333334,0,1,602.498893737793,281.72773361206055,573.3425521850586,360.92782974243164,552.073974609375,372.9579448699951,539.7934722900391,163.40786933898926,587.9207229614258,321.3277816772461,,,,,,,,0,93.36332708102292,0.9039563379588865,0.2617209633255165,1.1164801721706443,0,0,178.7682177362534,178.50825917168436,179.67796639712645,0,0,0,0,0
201,6.666666666666667,1,1,602.2162246704102,282.6468086242676,573.3746719360352,360.9626770019531,552.0503234863281,372.650842666626,540.5438613891602,163.65149974822998,587.7954483032227,321.80474281311035,,,,,,,,0,94.21293995854985,0.8858426042225105,0.2581121562772797,1.0936979134473142,0,0,179.72875795348895,178.43602007529728,179.88465010218255,0,0,0,0,0
202,6.7,0,1,602.2162246704102,282.6468086242676,573.3746719360352,360.9626770019531,552.0503234863281,372.650842666626,540.5438613891602,163.65149974822998,587.7954483032227,321.80474281311035,,,,,,,,0,94.21293995854985,0.8858426042225105,0.2581121562772797,1.0936979134473142,0,0,179.72875795348895,178.43602007529728,179.88465010218255,0,0,0,0,0
203,6.733333333333333,0,1,602.2162246704102,282.6468086242676,573.3746719360352,360.9626770019531,552.0503234863281,372.650842666626,540.5438613891602,163.65149974822998,587.7954483032227,321.80474281311035,,,,,,,,0,94.21293995854985,0.8858426042225105,0.2581121562772797,1.0936979134473142,0,0,179.72875795348895,178.43602007529728,179.88465010218255,0,0,0,0,0
204,6.766666666666667,1,1,602.6667785644531,282.92667388916016,574.1555023193359,360.90806007385254,552.5072860717773,372.83446311950684,540.6684112548828,163.8072681427002,588.4111404418945,321.91736698150635,,,,,,,,0,93.41369393267986,0.8888423964265898,0.2645872764033721,1.1021223072252346,0,0,176.88479265039194,178.4650687966296,179.98021765897056,0,0,0,0,0
205,6.8,0,1,602.6667785644531,282.92667388916016,574.1555023193359,360.90806007385254,552.5072860717773,372.83446311950684,540.6684112548828,163.8072681427002,588.4111404418945,321.91736698150635,,,,,,,,0,93.41369393267986,0.8888423964265898,0.2645872764033721,1.1021223072252346,0,0,176.88479265039194,178.4650687966296,179.98021765897056,0,0,0,0,0
206,6.833333333333333,0,1,602.6667785644531,282.92667388916016,574.1555023193359,360.90806007385254,552.5072860717773,372.83446311950684,540.6684112548828,163.8072681427002,588.4111404418945,321.91736698150635,,,,,,,,0,93.41369393267986,0.8888423964265898,0.2645872764033721,1.1021223072252346,0,0,176.88479265039194,178.4650687966296,179.98021765897056,0,0,0,0,0
207,6.866666666666666,1,1,602.0148468017578,282.01735496520996,574.739875793457,359.9834632873535,552.2541046142578,372.9403781890869,540.0640487670898,162.35713005065918,588.3773612976074,321.00040912628174,,,,,,,,0,92.06889756917246,0.8971462049178475,0.2818727758719584,1.125777136714135,0,0,179.66897766185346,178.85516610081365,179.824170638779,0,0,0,0,0
208,6.9,0,1,602.0148468017578,282.01735496520996,574.739875793457,359.9834632873535,552.2541046142578,372.9403781890869,540.0640487670898,162.35713005065918,588.3773612976074,321.00040912628174,,,,,,,,0,92.06889756917246,0.8971462049178475,0.2818727758719584,1.125777136714135,0,0,179.66897766185346,178.85516610081365,179.824170638779,0,0,0,0,0
209,6.933333333333334,0,1,602.0148468017578,282.01735496520996,574.739875793457,359.9834632873535,552.2541046142578,372.9403781890869,540.0640487670898,162.35713005065918,588.3773612976074,321.00040912628174,,,,,,,,0,92.06889756917246,0.8971462049178475,0.2818727758719584,1.125777136714135,0,0,179.66897766185346,178.85516610081365,179.824170638779,0,0,0,0,0
210,6.966666666666667,1,1,602.9899597167969,281.60365104675293,574.5244979858398,360.8557319641113,552.3271179199219,373.049955368042,539.5689392089844,163.41630935668945,588.7572288513184,321.22969150543213,,,,,,,,0,93.71630755645292,0.898553474436344,0.27024459474865037,1.1155217093506276,0,0,178.82596794189547,178.62086652095672,179.68658838707333,0,0,0,0,0
211,7.0,0,1,602.9899597167969,281.60365104675293,574.5244979858398,360.8557319641113,552.3271179199219,373.049955368042,539.5689392089844,163.41630935668945,588.7572288513184,321.22969150543213,,,,,,,,0,93.71630755645292,0.898553474436344,0.27024459474865037,1.1155217093506276,0,0,178.82596794189547,178.62086652095672,179.68658838707333,0,0,0,0,0
212,7.033333333333333,0,1,602.9899597167969,281.60365104675293,574.5244979858398,360.8557319641113,552.3271179199219,373.049955368042,539.5689392089844,163.41630935668945,588.7572288513184,321.22969150543213,,,,,,,,0,93.71630755645292,0.898553474436344,0.27024459474865037,1.1155217093506276,0,0,178.82596794189547,178.62086652095672,179.68658838707333,0,0,0,0,0
213,7.066666666666666,1,1,602.2631072998047,280.9229278564453,574.4858551025391,360.1183891296387,552.2323226928711,372.8136920928955,540.1927185058594,161.70945167541504,588.3744812011719,320.520658493042,,,,,,,,0,92.60218169803031,0.9063020093800243,0.276668616829885,1.1298640248758347,0,0,176.65104432976312,179.3826104677439,178.90514201957748,0,0,0,0,0
214,7.1,0,1,602.2631072998047,280.9229278564453,574.4858551025391,360.1183891296387,552.2323226928711,372.8136920928955,540.1927185058594,161.70945167541504,588.3744812011719,320.520658493042,,,,,,,,0,92.60218169803031,0.9063020093800243,0.276668616829885,1.1298640248758347,0,0,176.65104432976312,179.3826104677439,178.90514201957748,0,0,0,0,0
215,7.133333333333334,0,1,602.2631072998047,280.9229278564453,574.4858551025391,360.1183891296387,552.2323226928711,372.8136920928955,540.1927185058594,161.70945167541504,588.3744812011719,320.520658493042,,,,,,,,0,92.60218169803031,0.9063020093800243,0.276668616829885,1.1298640248758347,0,0,176.65104432976312,179.3826104677439,178.90514201957748,0,0,0,0,0
216,7.166666666666667,1,1,602.5464630126953,280.1135730743408,574.398078918457,359.65001106262207,552.2434234619141,372.3860549926758,539.7907638549805,161.9250726699829,588.4722709655762,319.88179206848145,,,,,,,,0,93.36963357592283,0.9036178944837268,0.27369241730175814,1.1255621316640363,0,0,178.90836387398824,178.6688081211068,179.17528039701065,0,0,0,0,0
217,7.2,0,1,602.5464630126953,280.1135730743408,574.398078918457,359.65001106262207,552.2434234619141,372.3860549926758,539.7907638549805,161.9250726699829,588.4722709655762,319.88179206848145,,,,,,,,0,93.36963357592283,0.9036178944837268,0.27369241730175814,1.1255621316640363,0,0,178.90836387398824,178.6688081211068,179.17528039701065,0,0,0,0,0
218,7.233333333333333,0,1,602.5464630126953,280.1135730743408,574.398078918457,359.65001106262207,552.2434234619141,372.3860549926758,539.7907638549805,161.9250726699829,588.4722709655762,319.88179206848145,,,,,,,,0,93.36963357592283,0.9036178944837268,0.27369241730175814,1.1255621316640363,0,0,178.90836387398824,178.6688081211068,179.17528039701065,0,0,0,0,0
219,7.266666666666667,1,1,602.3881530761719,280.8772087097168,574.0658187866211,360.2336883544922,552.161750793457,373.4995937347412,539.672737121582,162.14601516723633,588.2269859313965,320.5554485321045,,,,,,,,0,93.23797651642228,0.9036999708605429,0.2746526164827633,1.1300558368216835,0,0,178.4996259996582,178.78985434367308,179.49332320228308,0,0,0,0,0
220,7.3,0,1,602.3881530761719,280.8772087097168,574.0658187866211,360.2336883544922,552.161750793457,373.4995937347412,539.672737121582,162.14601516723633,588.2269859313965,320.5554485321045,,,,,,,,0,93.23797651642228,0.9036999708605429,0.2746526164827633,1.1300558368216835,0,0,178.4996259996582,178.78985434367308,179.49332320228308,0,0,0,0,0
221,7.333333333333333,0,1,602.3881530761719,280.8772087097168,574.0658187866211,360.2336883544922,552.161750793457,373.4995937347412,539.672737121582,162.14601516723633,588.2269859313965,320.5554485321045,,,,,,,,0,93.23797651642228,0.9036999708605429,0.2746526164827633,1.1300558368216835,0,0,178.4996259996582,178.78985434367308,179.49332320228308,0,0,0,0,0
222,7.366666666666666,1,1,603.8416290283203,281.32164001464844,573.824577331543,360.70881843566895,551.850471496582,373.64696502685547,539.4721984863281,162.9275608062744,588.8331031799316,321.0152292251587,,,,,,,,0,93.72411945683584,0.9055570456926788,0.2720765658346784,1.1305281588084393,0,0,178.6534613393223,177.77577616916602,179.77014981494682,0,0,0,0,0
223,7.4,0,1,603.8416290283203,281.32164001464844,573.824577331543,360.70881843566895,551.850471496582,373.64696502685547,539.4721984863281,162.9275608062744,588.8331031799316,321.0152292251587,,,,,,,,0,93.72411945683584,0.9055570456926788,0.2720765658346784,1.1305281588084393,0,0,178.6534613393223,177.77577616916602,179.77014981494682,0,0,0,0,0
224,7.433333333333334,0,1,603.8416290283203,281.32164001464844,573.824577331543,360.70881843566895,551.850471496582,373.64696502685547,539.4721984863281,162.9275608062744,588.8331031799316,321.0152292251587,,,,,,,,0,93.72411945683584,0.9055570456926788,0.2720765658346784,1.1305281588084393,0,0,178.6534613393223,177.77577616916602,179.77014981494682,0,0,0,0,0
225,7.466666666666667,1,1,602.3111724853516,280.78989028930664,573.6690902709961,360.26862144470215,551.4478302001953,373.2231330871582,540.2380752563477,162.66074180603027,587.9901313781738,320.5292558670044,,,,,,,,0,93.46630476556558,0.9038783908161856,0.27519713798885753,1.1287862369519113,0,0,179.08549822380704,178.13334062396376,179.86152357977852,0,0,0,0,0
226,7.5,0,1,602.3111724853516,280.78989028930664,573.6690902709961,360.26862144470215,551.4478302001953,373.2231330871582,540.2380752563477,162.66074180603027,587.9901313781738,320.5292558670044,,,,,,,,0,93.46630476556558,0.9038783908161856,0.27519713798885753,1.1287862369519113,0,0,179.08549822380704,178.13334062396376,179.86152357977852,0,0,0,0,0
227,7.533333333333333,0,1,602.3111724853516,280.78989028930664,573.6690902709961,360.26862144470215,551.4478302001953,373.2231330871582,540.2380752563477,162.66074180603027,587.9901313781738,320.5292558670044,,,,,,,,0,93.46630476556558,0.9038783908161856,0.27519713798885753,1.1287862369519113,0,0,179.08549822380704,178.13334062396376,179.86152357977852,0,0,0,0,0
228,7.566666666666666,1,1,602.9051971435547,282.0458507537842,573.5750198364258,360.78457832336426,551.474494934082,373.7310791015625,539.5940399169922,162.85298824310303,588.2401084899902,321.4152145385742,,,,,,,,0,93.59579957066249,0.8977334812303551,0.27365947143808533,1.123182402894814,0,0,178.21622326888192,178.69283934714207,179.88985657019026,0,0,0,0,0
229,7.6,0,1,602.9051971435547,282.0458507537842,573.5750198364258,360.78457832336426,551.474494934082,373.7310791015625,539.5940399169922,162.85298824310303,588.2401084899902,321.4152145385742,,,,,,,,0,93.59579957066249,0.8977334812303551,0.27365947143808533,1.123182402894814,0,0,178.21622326888192,178.69283934714207,179.88985657019026,0,0,0,0,0
230,7.633333333333334,0,1,602.9051971435547,282.0458507537842,573.5750198364258,360.78457832336426,551.474494934082,373.7310791015625,539.5940399169922,162.85298824310303,588.2401084899902,321.4152145385742,,,,,,,,0,93.59579957066249,0.8977334812303551,0.27365947143808533,1.123182402894814,0,0,178.21622326888192,178.69283934714207,179.88985657019026,0,0,0,0,0
231,7.666666666666667,1,1,603.0620574951172,280.90367317199707,573.8970947265625,359.9315929412842,551.4646148681641,373.2916259765625,540.6876754760742,162.45491981506348,588.4795761108398,320.4176330566406,,,,,,,,0,93.30154634987814,0.9028553601439208,0.27984008169482216,1.1341698328674812,0,0,174.7599610275454,178.57220420594484,179.86152357977852,0,0,0,0,0
232,7.7,0,1,603.0620574951172,280.90367317199707,573.8970947265625,359.9315929412842,551.4646148681641,373.2916259765625,540.6876754760742,162.45491981506348,588.4795761108398,320.4176330566406,,,,,,,,0,93.30154634987814,0.9028553601439208,0.27984008169482216,1.1341698328674812,0,0,174.7599610275454,178.57220420594484,179.86152357977852,0,0,0,0,0
233,7.733333333333333,0,1,603.0620574951172,280.90367317199707,573.8970947265625,359.9315929412842,551.4646148681641,373.2916259765625,540.6876754760742,162.45491981506348,588.4795761108398,320.4176330566406,,,,,,,,0,93.30154634987814,0.9028553601439208,0.27984008169482216,1.1341698328674812,0,0,174.7599610275454,178.57220420594484,179.86152357977852,0,0,0,0,0
234,7.766666666666667,1,1,602.2308349609375,281.34793281555176,574.1721343994141,360.97835540771484,552.2282028198242,373.40749740600586,540.7945251464844,162.24969863891602,588.2014846801758,321.1631441116333,,,,,,,,0,93.8437646141902,0.8996786345167915,0.268738484473372,1.116352443687906,0,0,178.00757135210358,177.81967856174194,179.90308670604867,0,0,0,0,0
235,7.8,0,1,602.2308349609375,281.34793281555176,574.1721343994141,360.97835540771484,552.2282028198242,373.40749740600586,540.7945251464844,162.24969863891602,588.2014846801758,321.1631441116333,,,,,,,,0,93.8437646141902,0.8996786345167915,0.268738484473372,1.116352443687906,0,0,178.00757135210358,177.81967856174194,179.90308670604867,0,0,0,0,0
236,7.833333333333333,0,1,602.2308349609375,281.34793281555176,574.1721343994141,360.97835540771484,552.2282028198242,373.40749740600586,540.7945251464844,162.24969863891602,588.2014846801758,321.1631441116333,,,,,,,,0,93.8437646141902,0.8996786345167915,0.268738484473372,1.116352443687906,0,0,178.00757135210358,177.81967856174194,179.90308670604867,0,0,0,0,0
237,7.866666666666666,1,1,602.5370025634766,282.0453643798828,574.1570281982422,360.4423713684082,552.3733139038086,373.9016819000244,540.9653854370117,162.01940059661865,588.3470153808594,321.2438678741455,,,,,,,,0,93.58452234944724,0.8909137502983688,0.2736169617056876,1.1183607548271712,0,0,178.36565501824558,178.742745143072,179.54629696021442,0,0,0,0,0
238,7.9,0,1,602.5370025634766,282.0453643798828,574.1570281982422,360.4423713684082,552.3733139038086,373.9016819000244,540.9653854370117,162.01940059661865,588.3470153808594,321.2438678741455,,,,,,,,0,93.58452234944724,0.8909137502983688,0.2736169617056876,1.1183607548271712,0,0,178.36565501824558,178.742745143072,179.54629696021442,0,0,0,0,0
239,7.933333333333334,0,1,602.5370025634766,282.0453643798828,574.1570281982422,360.4423713684082,552.3733139038086,373.9016819000244,540.9653854370117,162.01940059661865,588.3470153808594,321.2438678741455,,,,,,,,0,93.58452234944724,0.8909137502983688,0.2736169617056876,1.1183607548271712,0,0,178.36565501824558,178.742745143072,179.54629696021442,0,0,0,0,0
240,7.966666666666667,1,1,602.4136734008789,281.8931579589844,574.0154266357422,360.75453758239746,551.9120407104492,373.5198211669922,540.5013656616211,161.82344913482666,588.2145500183105,321.3238477706909,,,,,,,,0,93.7088998954323,0.8944584650843547,0.2723832609687603,1.116462425119594,0,0,179.0689578863458,178.0988514371611,179.820863210972,0,0,0,0,0
241,8.0,0,1,602.4136734008789,281.8931579589844,574.0154266357422,360.75453758239746,551.9120407104492,373.5198211669922,540.5013656616211,161.82344913482666,588.2145500183105,321.3238477706909,,,,,,,,0,93.7088998954323,0.8944584650843547,0.2723832609687603,1.116462425119594,0,0,179.0689578863458,178.0988514371611,179.820863210972,0,0,0,0,0
242,8.033333333333333,0,1,602.4136734008789,281.8931579589844,574.0154266357422,360.75453758239746,551.9120407104492,373.5198211669922,540.5013656616211,161.82344913482666,588.2145500183105,321.3238477706909,,,,,,,,0,93.7088998954323,0.8944584650843547,0.2723832609687603,1.116462425119594,0,0,179.0689578863458,178.0988514371611,179.820863210972,0,0,0,0,0
243,8.066666666666666,1,1,602.7322769165039,282.14366912841797,574.4439697265625,360.33164978027344,552.2007369995117,373.3234119415283,541.0757446289062,163.40749740600586,588.5881233215332,321.2376594543457,,,,,,,,0,93.0069039632341,0.8939980675468597,0.27696235985419193,1.12083912671754,0,0,176.43322160058017,177.6219129300205,179.4411685371828,0,0,0,0,0
244,8.1,0,1,602.7322769165039,282.14366912841797,574.4439697265625,360.33164978027344,552.2007369995117,373.3234119415283,541.0757446289062,163.40749740600586,588.5881233215332,321.2376594543457,,,,,,,,0,93.0069039632341,0.8939980675468597,0.27696235985419193,1.12083912671754,0,0,176.43322160058017,177.6219129300205,179.4411685371828,0,0,0,0,0
245,8.133333333333333,0,1,602.7322769165039,282.14366912841797,574.4439697265625,360.33164978027344,552.2007369995117,373.3234119415283,541.0757446289062,163.40749740600586,588.5881233215332,321.2376594543457,,,,,,,,0,93.0069039632341,0.8939980675468597,0.27696235985419193,1.12083912671754,0,0,176.43322160058017,177.6219129300205,179.4411685371828,0,0,0,0,0
246,8.166666666666666,1,1,602.1126937866211,282.17811584472656,574.8084259033203,359.3542957305908,552.6154708862305,372.92003631591797,540.1747894287109,163.17767143249512,588.4605598449707,320.7662057876587,,,,,,,,0,92.30289957971675,0.8869041495263442,0.2817972261528085,1.1198324363436292,0,0,174.0891121912692,178.95544796057007,179.57525415473418,0,0,0,0,0
247,8.2,0,1,602.1126937866211,282.17811584472656,574.8084259033203,359.3542957305908,552.6154708862305,372.92003631591797,540.1747894287109,163.17767143249512,588.4605598449707,320.7662057876587,,,,,,,,0,92.30289957971675,0.8869041495263442,0.2817972261528085,1.1198324363436292,0,0,174.0891121912692,178.95544796057007,179.57525415473418,0,0,0,0,0
248,8.233333333333333,0,1,602.1126937866211,282.17811584472656,574.8084259033203,359.3542957305908,552.6154708862305,372.92003631591797,540.1747894287109,163.17767143249512,588.4605598449707,320.7662057876587,,,,,,,,0,92.30289957971675,0.8869041495263442,0.2817972261528085,1.1198324363436292,0,0,174.0891121912692,178.95544796057007,179.57525415473418,0,0,0,0,0
249,8.266666666666667,1,1,603.7766265869141,281.3438415527344,574.1619873046875,360.6177806854248,552.2224426269531,373.0349063873291,541.0393524169922,163.6318016052246,588.9693069458008,320.9808111190796,,,,,,,,0,92.75012865438872,0.9123972523907427,0.27180224510974527,1.1341300599716022,0,0,176.3741494648098,178.83315706306686,179.68658838707333,0,0,0,0,0
250,8.3,0,1,603.7766265869141,281.3438415527344,574.1619873046875,360.6177806854248,552.2224426269531,373.0349063873291,541.0393524169922,163.6318016052246,588.9693069458008,320.9808111190796,,,,,,,,0,92.75012865438872,0.9123972523907427,0.27180224510974527,1.1341300599716022,0,0,176.3741494648098,178.83315706306686,179.68658838707333,0,0,0,0,0
251,8.333333333333334,0,1,603.7766265869141,281.3438415527344,574.1619873046875,360.6177806854248,552.2224426269531,373.0349063873291,541.0393524169922,163.6318016052246,588.9693069458008,320.9808111190796,,,,,,,,0,92.75012865438872,0.9123972523907427,0.27180224510974527,1.1341300599716022,0,0,176.3741494648098,178.83315706306686,179.68658838707333,0,0,0,0,0
252,8.366666666666667,1,1,603.392219543457,281.6744899749756,574.2899703979492,360.4146194458008,552.2515106201172,373.16247940063477,540.6767272949219,163.3112668991089,588.8410949707031,321.0445547103882,,,,,,,,0,92.98621842172054,0.9027800948135389,0.2738019126443849,1.1271710660593872,0,0,176.22638420258414,178.4088533326168,179.9208706299866,0,0,0,0,0
253,8.4,0,1,603.392219543457,281.6744899749756,574.2899703979492,360.4146194458008,552.2515106201172,373.16247940063477,540.6767272949219,163.3112668991089,588.8410949707031,321.0445547103882,,,,,,,,0,92.98621842172054,0.9027800948135389,0.2738019126443849,1.1271710660593872,0,0,176.22638420258414,178.4088533326168,179.9208706299866,0,0,0,0,0
254,8.433333333333334,0,1,603.392219543457,281.6744899749756,574.2899703979492,360.4146194458008,552.2515106201172,373.16247940063477,540.6767272949219,163.3112668991089,588.8410949707031,321.0445547103882,,,,,,,,0,92.98621842172054,0.9027800948135389,0.2738019126443849,1.1271710660593872,0,0,176.22638420258414,178.4088533326168,179.9208706299866,0,0,0,0,0
255,8.466666666666667,1,1,602.3247146606445,282.37778663635254,574.43603515625,360.4514694213867,551.834831237793,372.8237056732178,540.3399658203125,162.07919597625732,588.3803749084473,321.41462802886963,,,,,,,,0,92.45208999545389,0.8967372982338112,0.2786956780957492,1.120409819749745,0,0,178.44530697736204,179.02421534262024,179.48148952701519,0,0,0,0,0
256,8.5,0,1,602.3247146606445,282.37778663635254,574.43603515625,360.4514694213867,551.834831237793,372.8237056732178,540.3399658203125,162.07919597625732,588.3803749084473,321.41462802886963,,,,,,,,0,92.45208999545389,0.8967372982338112,0.2786956780957492,1.120409819749745,0,0,178.44530697736204,179.02421534262024,179.48148952701519,0,0,0,0,0
257,8.533333333333333,0,1,602.3247146606445,282.37778663635254,574.43603515625,360.4514694213867,551.834831237793,372.8237056732178,540.3399658203125,162.07919597625732,588.3803749084473,321.41462802886963,,,,,,,,0,92.45208999545389,0.8967372982338112,0.2786956780957492,1.120409819749745,0,0,178.44530697736204,179.02421534262024,179.48148952701519,0,0,0,0,0
258,8.566666666666666,1,1,603.9849853515625,282.5723361968994,574.3296051025391,360.5639934539795,552.3857498168945,372.8790092468262,541.2510299682617,162.96978950500488,589.1572952270508,321.56816482543945,,,,,,,,0,94.33927346005098,0.8844613397041736,0.26673212141458696,1.1024946002138956,0,0,179.08016444849,179.4673422509002,179.1447632297029,0,0,0,0,0
259,8.6,0,1,603.9849853515625,282.5723361968994,574.3296051025391,360.5639934539795,552.3857498168945,372.8790092468262,541.2510299682617,162.96978950500488,589.1572952270508,321.56816482543945,,,,,,,,0,94.33927346005098,0.8844613397041736,0.26673212141458696,1.1024946002138956,0,0,179.08016444849,179.4673422509002,179.1447632297029,0,0,0,0,0
260,8.633333333333333,0,1,603.9849853515625,282.5723361968994,574.3296051025391,360.5639934539795,552.3857498168945,372.8790092468262,541.2510299682617,162.96978950500488,589.1572952270508,321.56816482543945,,,,,,,,0,94.33927346005098,0.8844613397041736,0.26673212141458696,1.1024946002138956,0,0,179.08016444849,179.4673422509002,179.1447632297029,0,0,0,0,0
261,8.666666666666666,1,1,603.7458419799805,282.73263931274414,574.7344970703125,360.6313991546631,551.9558715820312,373.1715774536133,541.5105819702148,162.598614692688,589.2401695251465,321.6820192337036,,,,,,,,0,93.82836105344218,0.8859331706095107,0.2771266905774337,1.1107308259971527,0,0,177.22328536170636,179.28755643491908,179.75691034254356,0,0,0,0,0
262,8.7,0,1,603.7458419799805,282.73263931274414,574.7344970703125,360.6313991546631,551.9558715820312,373.1715774536133,541.5105819702148,162.598614692688,589.2401695251465,321.6820192337036,,,,,,,,0,93.82836105344218,0.8859331706095107,0.2771266905774337,1.1107308259971527,0,0,177.22328536170636,179.28755643491908,179.75691034254356,0,0,0,0,0
263,8.733333333333333,0,1,603.7458419799805,282.73263931274414,574.7344970703125,360.6313991546631,551.9558715820312,373.1715774536133,541.5105819702148,162.598614692688,589.2401695251465,321.6820192337036,,,,,,,,0,93.82836105344218,0.8859331706095107,0.2771266905774337,1.1107308259971527,0,0,177.22328536170636,179.28755643491908,179.75691034254356,0,0,0,0,0
264,8.766666666666667,1,1,603.9208602905273,283.8925266265869,574.9388885498047,361.25518798828125,552.2838592529297,372.8134059906006,542.2355651855469,163.67351531982422,589.429874420166,322.5738573074341,,,,,,,,0,92.3060036673672,0.894992394180717,0.2755303288256144,1.1139748429648042,0,0,178.34826541507283,178.72558556121095,179.81232815172652,0,0,0,0,0
265,8.8,0,1,603.9208602905273,283.8925266265869,574.9388885498047,361.25518798828125,552.2838592529297,372.8134059906006,542.2355651855469,163.67351531982422,589.429874420166,322.5738573074341,,,,,,,,0,92.3060036673672,0.894992394180717,0.2755303288256144,1.1139748429648042,0,0,178.34826541507283,178.72558556121095,179.81232815172652,0,0,0,0,0
266,8.833333333333334,0,1,603.9208602905273,283.8925266265869,574.9388885498047,361.25518798828125,552.2838592529297,372.8134059906006,542.2355651855469,163.67351531982422,589.429874420166,322.5738573074341,,,,,,,,0,92.3060036673672,0.894992394180717,0.2755303288256144,1.1139748429648042,0,0,178.34826541507283,178.72558556121095,179.81232815172652,0,0,0,0,0
267,8.866666666666667,1,1,602.9470443725586,281.59412384033203,575.5819702148438,357.6394844055176,552.7436447143555,372.1246147155762,542.1549987792969,162.69856452941895,589.2645072937012,319.6168041229248,,,,,,,,0,91.7023893710849,0.8813206188288254,0.2949166110177195,1.1288565648328373,0,0,176.0330086561193,178.7691712879284,179.11706924158142,0,0,0,0,0
268,8.9,0,1,602.9470443725586,281.59412384033203,575.5819702148438,357.6394844055176,552.7436447143555,372.1246147155762,542.1549987792969,162.69856452941895,589.2645072937012,319.6168041229248,,,,,,,,0,91.7023893710849,0.8813206188288254,0.2949166110177195,1.1288565648328373,0,0,176.0330086561193,178.7691712879284,179.11706924158142,0,0,0,0,0
269,8.933333333333334,0,1,602.9470443725586,281.59412384033203,575.5819702148438,357.6394844055176,552.7436447143555,372.1246147155762,542.1549987792969,162.69856452941895,589.2645072937012,319.6168041229248,,,,,,,,0,91.7023893710849,0.8813206188288254,0.2949166110177195,1.1288565648328373,0,0,176.0330086561193,178.7691712879284,179.11706924158142,0,0,0,0,0
270,8.966666666666667,1,1,610.2678680419922,269.29083824157715,580.6711959838867,346.87488555908203,556.1550903320312,360.9542942047119,539.7014236450195,153.57622146606445,595.4695320129395,308.0828619003296,,,,,,,,0,92.07507541700936,0.901846954840485,0.30704671211407564,1.1560595092352899,0,0,174.27111302989755,178.49441786115588,178.60562626627862,0,0,0,0,0
271,9.0,0,1,610.2678680419922,269.29083824157715,580.6711959838867,346.87488555908203,556.1550903320312,360.9542942047119,539.7014236450195,153.57622146606445,595.4695320129395,308.0828619003296,,,,,,,,0,92.07507541700936,0.901846954840485,0.30704671211407564,1.1560595092352899,0,0,174.27111302989755,178.49441786115588,178.60562626627862,0,0,0,0,0
272,9.033333333333333,0,1,610.2678680419922,269.29083824157715,580.6711959838867,346.87488555908203,556.1550903320312,360.9542942047119,539.7014236450195,153.57622146606445,595.4695320129395,308.0828619003296,,,,,,,,0,92.07507541700936,0.901846954840485,0.30704671211407564,1.1560595092352899,0,0,174.27111302989755,178.49441786115588,178.60562626627862,0,0,0,0,0
273,9.066666666666666,1,1,623.9686965942383,243.69091987609863,593.4669494628906,323.09165954589844,564.9577331542969,338.3335876464844,533.9811325073242,131.39143466949463,608.7178230285645,283.39128971099854,,,,,,,,0,90.40231527251622,0.9408810754038965,0.35760012679383446,1.2337364735996108,0,0,173.42821411345614,177.57270986842613,178.6142135931417,0,0,0,0,0
274,9.1,0,1,623.9686965942383,243.69091987609863,593.4669494628906,323.09165954589844,564.9577331542969,338.3335876464844,533.9811325073242,131.39143466949463,608.7178230285645,283.39128971099854,,,,,,,,0,90.40231527251622,0.9408810754038965,0.35760012679383446,1.2337364735996108,0,0,173.42821411345614,177.57270986842613,178.6142135931417,0,0,0,0,0
275,9.133333333333333,0,1,623.9686965942383,243.69091987609863,593.4669494628906,323.09165954589844,564.9577331542969,338.3335876464844,533.9811325073242,131.39143466949463,608.7178230285645,283.39128971099854,,,,,,,,0,90.40231527251622,0.9408810754038965,0.35760012679383446,1.2337364735996108,0,0,173.42821411345614,177.57270986842613,178.6142135931417,0,0,0,0,0
276,9.166666666666666,1,1,620.8631896972656,206.20011806488037,599.6735763549805,273.49599838256836,573.0957412719727,290.6136131286621,527.7149200439453,98.0638861656189,610.268383026123,239.84805822372437,,,,,,,,0,81.88915676318761,0.8615678740953754,0.38604859941149366,1.184425232540706,0,0,174.19153919468388,175.54794127644493,177.87458804831783,0,0,0,0,0
277,9.2,0,1,620.8631896972656,206.20011806488037,599.6735763549805,273.49599838256836,573.0957412719727,290.6136131286621,527.7149200439453,98.0638861656189,610.268383026123,239.84805822372437,,,,,,,,0,81.88915676318761,0.8615678740953754,0.38604859941149366,1.184425232540706,0,0,174.19153919468388,175.54794127644493,177.87458804831783,0,0,0,0,0
278,9.233333333333333,0,1,620.8631896972656,206.20011806488037,599.6735763549805,273.49599838256836,573.0957412719727,290.6136131286621,527.7149200439453,98.0638861656189,610.268383026123,239.84805822372437,,,,,,,,0,81.88915676318761,0.8615678740953754,0.38604859941149366,1.184425232540706,0,0,174.19153919468388,175.54794127644493,177.87458804831783,0,0,0,0,0
279,9.266666666666667,1,1,584.9055862426758,160.1873016357422,564.7990036010742,210.08050918579102,542.4325942993164,221.7544984817505,495.0569534301758,64.5160460472107,574.852294921875,185.1339054107666,,,,,,,,0,67.00659534303097,0.8027904702018169,0.3765257786255836,1.1162516355333645,0,0,173.99224045942657,179.1790854172792,171.02372552737674,0,0,0,0,0
280,9.3,0,1,584.9055862426758,160.1873016357422,564.7990036010742,210.08050918579102,542.4325942993164,221.7544984817505,495.0569534301758,64.5160460472107,574.852294921875,185.1339054107666,,,,,,,,0,67.00659534303097,0.8027904702018169,0.3765257786255836,1.1162516355333645,0,0,173.99224045942657,179.1790854172792,171.02372552737674,0,0,0,0,0
281,9.333333333333334,0,1,584.9055862426758,160.1873016357422,564.7990036010742,210.08050918579102,542.4325942993164,221.7544984817505,495.0569534301758,64.5160460472107,574.852294921875,185.1339054107666,,,,,,,,0,67.00659534303097,0.8027904702018169,0.3765257786255836,1.1162516355333645,0,0,173.99224045942657,179.1790854172792,171.02372552737674,0,0,0,0,0
282,9.366666666666667,1,0,,,,,,,,,,,,,,,,,,0,,,,,0,0,,,,0,0,0,0,0
283,9.4,0,0,,,,,,,,,,,,,,,,,,0,,,,,0,0,,,,0,0,0,0,0
284,9.433333333333334,0,0,,,,,,,,,,,,,,,,,,0,,,,,0,0,,,,0,0,0,0,0
285,9.466666666666667,1,0,,,,,,,,,,,,,,,,,,0,,,,,0,0,,,,0,0,0,0,0
286,9.5,0,0,,,,,,,,,,,,,,,,,,0,,,,,0,0,,,,0,0,0,0,0
287,9.533333333333333,0,0,,,,,,,,,,,,,,,,,,0,,,,,0,0,,,,0,0,0,0,0
288,9.566666666666666,1,0,,,,,,,,,,,,,,,,,,0,,,,,0,0,,,,0,0,0,0,0
289,9.6,0,0,,,,,,,,,,,,,,,,,,0,,,,,0,0,,,,0,0,0,0,0
290,9.633333333333333,0,0,,,,,,,,,,,,,,,,,,0,,,,,0,0,,,,0,0,0,0,0
291,9.666666666666666,1,1,213.27085494995117,150.20207405090332,205.58921813964844,164.35184955596924,196.8406105041504,156.03269577026367,238.85583877563477,8.058485984802246,209.4300365447998,157.27696180343628,101.22204199081968,7.459639072418213,14.9182710647583,16.679359299815843,0.07369579713769027,0.14738164505821086,0.16477991326561636,111,85.0811598113712,0.18923608016412374,0.14189451208482182,0.2049118228186464,1,1,176.92731260715087,146.8878459103775,129.70580755833078,0,0,0,0,0
292,9.7,0,1,213.27085494995117,150.20207405090332,205.58921813964844,164.35184955596924,196.8406105041504,156.03269577026367,238.85583877563477,8.058485984802246,209.4300365447998,157.27696180343628,101.22204199081968,7.459639072418213,14.9182710647583,16.679359299815843,0.07369579713769027,0.14738164505821086,0.16477991326561636,111,85.0811598113712,0.18923608016412374,0.14189451208482182,0.2049118228186464,1,2,176.92731260715087,146.8878459103775,129.70580755833078,0,0,0,0,0
293,9.733333333333333,0,1,213.27085494995117,150.20207405090332,205.58921813964844,164.35184955596924,196.8406105041504,156.03269577026367,238.85583877563477,8.058485984802246,209.4300365447998,157.27696180343628,101.22204199081968,7.459639072418213,14.9182710647583,16.679359299815843,0.07369579713769027,0.14738164505821086,0.16477991326561636,111,85.0811598113712,0.18923608016412374,0.14189451208482182,0.2049118228186464,1,3,176.92731260715087,146.8878459103775,129.70580755833078,0,0,0,0,0
294,9.766666666666667,1,1,216.10307693481445,172.3124885559082,211.16313934326172,185.1262378692627,204.96335983276367,168.81267070770264,224.92292404174805,17.379561066627502,213.6331081390381,178.71936321258545,101.22204199081968,7.459639072418213,14.9182710647583,16.679359299815843,0.07369579713769027,0.14738164505821086,0.16477991326561636,111,101.85105184399139,0.13483410203446036,0.1713475335925843,0.11464347639221216,1,4,173.7658961371525,136.88823453178267,116.3878707008532,1,1,0,0,0
295,9.8,0,1,216.10307693481445,172.3124885559082,211.16313934326172,185.1262378692627,204.96335983276367,168.81267070770264,224.92292404174805,17.379561066627502,213.6331081390381,178.71936321258545,101.22204199081968,7.459639072418213,14.9182710647583,16.679359299815843,0.07369579713769027,0.14738164505821086,0.16477991326561636,111,101.85105184399139,0.13483410203446036,0.1713475335925843,0.11464347639221216,1,5,173.7658961371525,136.88823453178267,116.3878707008532,0,0,0,0,0
296,9.833333333333334,0,1,216.10307693481445,172.3124885559082,211.16313934326172,185.1262378692627,204.96335983276367,168.81267070770264,224.92292404174805,17.379561066627502,213.6331081390381,178.71936321258545,101.22204199081968,7.459639072418213,14.9182710647583,16.679359299815843,0.07369579713769027,0.14738164505821086,0.16477991326561636,111,101.85105184399139,0.13483410203446036,0.1713475335925843,0.11464347639221216,1,6,173.7658961371525,136.88823453178267,116.3878707008532,0,0,0,0,0
297,9.866666666666667,1,1,221.44813537597656,184.41497325897217,221.18972778320312,216.82313919067383,207.08929061889648,200.6239414215088,222.99076080322266,32.371569871902466,221.31893157958984,200.619056224823,101.22204199081968,7.459639072418213,14.9182710647583,16.679359299815843,0.07369579713769027,0.14738164505821086,0.16477991326561636,111,102.1235077798334,0.31735294674739584,0.21029843139402501,0.21203993748330333,1,7,165.38816653782564,149.83053111397473,126.26365110299712,1,1,0,0,0
298,9.9,0,1,221.44813537597656,184.41497325897217,221.18972778320312,216.82313919067383,207.08929061889648,200.6239414215088,222.99076080322266,32.371569871902466,221.31893157958984,200.619056224823,101.22204199081968,7.459639072418213,14.9182710647583,16.679359299815843,0.07369579713769027,0.14738164505821086,0.16477991326561636,111,102.1235077798334,0.31735294674739584,0.21029843139402501,0.21203993748330333,1,8,165.38816653782564,149.83053111397473,126.26365110299712,0,0,0,0,0
299,9.933333333333334,0,1,221.44813537597656,184.41497325897217,221.18972778320312,216.82313919067383,207.08929061889648,200.6239414215088,222.99076080322266,32.371569871902466,221.31893157958984,200.619056224823,101.22204199081968,7.459639072418213,14.9182710647583,16.679359299815843,0.07369579713769027,0.14738164505821086,0.16477991326561636,111,102.1235077798334,0.31735294674739584,0.21029843139402501,0.21203993748330333,1,9,165.38816653782564,149.83053111397473,126.26365110299712,0,0,0,0,0
300,9.966666666666667,1,1,228.9852523803711,190.43395042419434,225.25850296020508,236.40345096588135,208.39601516723633,218.56464385986328,226.30802154541016,44.0979266166687,227.1218776702881,213.41870069503784,101.22204199081968,7.459639072418213,14.9182710647583,16.679359299815843,0.07369579713769027,0.14738164505821086,0.16477991326561636,111,101.97592851033994,0.45226670338562447,0.24071593196476837,0.3418500214639027,1,10,167.4312498638339,159.62402310661162,136.31862889510813,1,1,0,0,0
301,10.0,0,1,228.9852523803711,190.43395042419434,225.25850296020508,236.40345096588135,208.39601516723633,218.56464385986328,226.30802154541016,44.0979266166687,227.1218776702881,213.41870069503784,101.22204199081968,7.459639072418213,14.9182710647583,16.679359299815843,0.07369579713769027,0.14738164505821086,0.16477991326561636,111,101.97592851033994,0.45226670338562447,0.24071593196476837,0.3418500214639027,1,11,167.4312498638339,159.62402310661162,136.31862889510813,0,0,0,0,0
302,10.033333333333333,0,1,228.9852523803711,190.43395042419434,225.25850296020508,236.40345096588135,208.39601516723633,218.56464385986328,226.30802154541016,44.0979266166687,227.1218776702881,213.41870069503784,101.22204199081968,7.459639072418213,14.9182710647583,16.679359299815843,0.07369579713769027,0.14738164505821086,0.16477991326561636,111,101.97592851033994,0.45226670338562447,0.24071593196476837,0.3418500214639027,1,12,167.4312498638339,159.62402310661162,136.31862889510813,0,0,0,0,0
303,10.066666666666666,1,1,231.43646240234375,191.55248165130615,226.06765747070312,235.5718231201172,206.2423324584961,212.6178789138794,225.49236297607422,46.60618185997009,228.75205993652344,213.56215238571167,101.22204199081968,7.459639072418213,14.9182710647583,16.679359299815843,0.07369579713769027,0.14738164505821086,0.16477991326561636,111,101.49012829235814,0.4369443207799235,0.2988497501081869,0.32358270098747066,1,13,165.63340878901926,159.8279669170785,132.61556108221404,0,0,0,0,0
304,10.1,0,1,231.43646240234375,191.55248165130615,226.06765747070312,235.5718231201172,206.2423324584961,212.6178789138794,225.49236297607422,46.60618185997009,228.75205993652344,213.56215238571167,101.22204199081968,7.459639072418213,14.9182710647583,16.679359299815843,0.07369579713769027,0.14738164505821086,0.16477991326561636,111,101.49012829235814,0.4369443207799235,0.2988497501081869,0.32358270098747066,1,14,165.63340878901926,159.8279669170785,132.61556108221404,0,0,0,0,0
305,10.133333333333333,0,1,231.43646240234375,191.55248165130615,226.06765747070312,235.5718231201172,206.2423324584961,212.6178789138794,225.49236297607422,46.60618185997009,228.75205993652344,213.56215238571167,101.22204199081968,7.459639072418213,14.9182710647583,16.679359299815843,0.07369579713769027,0.14738164505821086,0.16477991326561636,111,101.49012829235814,0.4369443207799235,0.2988497501081869,0.32358270098747066,1,15,165.63340878901926,159.8279669170785,132.61556108221404,0,0,0,0,0
306,10.166666666666666,1,1,232.36675262451172,195.2420711517334,226.67516708374023,234.4555950164795,209.12870407104492,211.89890384674072,227.35652923583984,50.52611231803894,229.52095985412598,214.84883308410645,101.22204199081968,7.459639072418213,14.9182710647583,16.679359299815843,0.07369579713769027,0.14738164505821086,0.16477991326561636,111,100.11563456914972,0.3957865263241942,0.2854465303321337,0.2855818139170936,1,16,166.8881292638094,156.1144682244134,127.79099758796855,0,0,0,0,0
307,10.2,0,1,232.36675262451172,195.2420711517334,226.67516708374023,234.4555950164795,209.12870407104492,211.89890384674072,227.35652923583984,50.52611231803894,229.52095985412598,214.84883308410645,101.22204199081968,7.459639072418213,14.9182710647583,16.679359299815843,0.07369579713769027,0.14738164505821086,0.16477991326561636,111,100.11563456914972,0.3957865263241942,0.2854465303321337,0.2855818139170936,1,17,166.8881292638094,156.1144682244134,127.79099758796855,0,0,0,0,0
308,10.233333333333333,0,1,232.36675262451172,195.2420711517334,226.67516708374023,234.4555950164795,209.12870407104492,211.89890384674072,227.35652923583984,50.52611231803894,229.52095985412598,214.84883308410645,101.22204199081968,7.459639072418213,14.9182710647583,16.679359299815843,0.07369579713769027,0.14738164505821086,0.16477991326561636,111,100.11563456914972,0.3957865263241942,0.2854465303321337,0.2855818139170936,1,18,166.8881292638094,156.1144682244134,127.79099758796855,0,0,0,0,0
309,10.266666666666667,1,1,232.5002098083496,197.50237941741943,229.57176208496094,222.91621685028076,213.04681777954102,210.93242168426514,226.30434036254883,50.259307622909546,231.03598594665527,210.2092981338501,101.22204199081968,7.459639072418213,14.9182710647583,16.679359299815843,0.07369579713769027,0.14738164505821086,0.16477991326561636,111,100.30471427591168,0.25504288995225016,0.20350854837192503,0.2356714894637956,1,19,164.37907981193797,149.67671195778544,127.9645771941688,0,-1,0,1,1
310,10.3,0,1,232.5002098083496,197.50237941741943,229.57176208496094,222.91621685028076,213.04681777954102,210.93242168426514,226.30434036254883,50.259307622909546,231.03598594665527,210.2092981338501,101.22204199081968,7.459639072418213,14.9182710647583,16.679359299815843,0.07369579713769027,0.14738164505821086,0.16477991326561636,111,100.30471427591168,0.25504288995225016,0.20350854837192503,0.2356714894637956,1,20,164.37907981193797,149.67671195778544,127.9645771941688,0,0,0,1,1
311,10.333333333333334,0,1,232.5002098083496,197.50237941741943,229.57176208496094,222.91621685028076,213.04681777954102,210.93242168426514,226.30434036254883,50.259307622909546,231.03598594665527,210.2092981338501,101.22204199081968,7.459639072418213,14.9182710647583,16.679359299815843,0.07369579713769027,0.14738164505821086,0.16477991326561636,111,100.30471427591168,0.25504288995225016,0.20350854837192503,0.2356714894637956,1,21,164.37907981193797,149.67671195778544,127.9645771941688,0,0,0,1,1
312,10.366666666666667,1,1,226.2807273864746,196.39429092407227,224.82000350952148,214.36965465545654,210.1164436340332,204.5680332183838,224.41152572631836,47.62040376663208,225.55036544799805,205.3819727897644,101.22204199081968,7.459639072418213,14.9182710647583,16.679359299815843,0.07369579713769027,0.14738164505821086,0.16477991326561636,111,101.08690392553606,0.17840705811899002,0.1748106033673056,0.17918610799689635,1,22,167.07127118904364,142.54907281610767,125.21025883546352,-1,-1,1,1,1
313,10.4,0,1,226.2807273864746,196.39429092407227,224.82000350952148,214.36965465545654,210.1164436340332,204.5680332183838,224.41152572631836,47.62040376663208,225.55036544799805,205.3819727897644,101.22204199081968,7.459639072418213,14.9182710647583,16.679359299815843,0.07369579713769027,0.14738164505821086,0.16477991326561636,111,101.08690392553606,0.17840705811899002,0.1748106033673056,0.17918610799689635,1,23,167.07127118904364,142.54907281610767,125.21025883546352,0,0,1,1,1
314,10.433333333333334,0,1,226.2807273864746,196.39429092407227,224.82000350952148,214.36965465545654,210.1164436340332,204.5680332183838,224.41152572631836,47.62040376663208,225.55036544799805,205.3819727897644,101.22204199081968,7.459639072418213,14.9182710647583,16.679359299815843,0.07369579713769027,0.14738164505821086,0.16477991326561636,111,101.08690392553606,0.17840705811899002,0.1748106033673056,0.17918610799689635,1,24,167.07127118904364,142.54907281610767,125.21025883546352,0,0,1,1,1
315,10.466666666666667,1,1,225.56964874267578,193.57340812683105,224.9155616760254,205.74942111968994,211.5646743774414,194.9701738357544,221.90542221069336,44.19298052787781,225.2426052093506,199.6614146232605,101.22204199081968,7.459639072418213,14.9182710647583,16.679359299815843,0.07369579713769027,0.14738164505821086,0.16477991326561636,111,101.20614278784306,0.12048249794771072,0.16954708389779863,0.13906719321681066,1,25,166.9504789261579,136.24673459705113,118.47851414010026,0,-1,1,1,1
316,10.5,0,1,225.56964874267578,193.57340812683105,224.9155616760254,205.74942111968994,211.5646743774414,194.9701738357544,221.90542221069336,44.19298052787781,225.2426052093506,199.6614146232605,101.22204199081968,7.459639072418213,14.9182710647583,16.679359299815843,0.07369579713769027,0.14738164505821086,0.16477991326561636,111,101.20614278784306,0.12048249794771072,0.16954708389779863,0.13906719321681066,1,26,166.9504789261579,136.24673459705113,118.47851414010026,0,0,1,1,1
317,10.533333333333333,0,1,225.56964874267578,193.57340812683105,224.9155616760254,205.74942111968994,211.5646743774414,194.9701738357544,221.90542221069336,44.19298052787781,225.2426052093506,199.6614146232605,101.22204199081968,7.459639072418213,14.9182710647583,16.679359299815843,0.07369579713769027,0.14738164505821086,0.16477991326561636,111,101.20614278784306,0.12048249794771072,0.16954708389779863,0.13906719321681066,1,27,166.9504789261579,136.24673459705113,118.47851414010026,0,0,1,1,1
318,10.566666666666666,1,1,225.14419555664062,195.02719402313232,224.7426414489746,204.35452938079834,211.26373291015625,196.0283088684082,222.1205711364746,44.36955213546753,224.94341850280762,199.69086170196533,101.22204199081968,7.459639072418213,14.9182710647583,16.679359299815843,0.07369579713769027,0.14738164505821086,0.16477991326561636,111,99.82484122480845,0.09352356546825535,0.15870997462172665,0.13940936808999582,1,28,174.54227710124184,130.52681216988083,116.71719049709112,0,0,1,1,1
319,10.6,0,1,225.14419555664062,195.02719402313232,224.7426414489746,204.35452938079834,211.26373291015625,196.0283088684082,222.1205711364746,44.36955213546753,224.94341850280762,199.69086170196533,101.22204199081968,7.459639072418213,14.9182710647583,16.679359299815843,0.07369579713769027,0.14738164505821086,0.16477991326561636,111,99.82484122480845,0.09352356546825535,0.15870997462172665,0.13940936808999582,1,29,174.54227710124184,130.52681216988083,116.71719049709112,0,0,1,1,1
320,10.633333333333333,0,1,225.14419555664062,195.02719402313232,224.7426414489746,204.35452938079834,211.26373291015625,196.0283088684082,222.1205711364746,44.36955213546753,224.94341850280762,199.69086170196533,101.22204199081968,7.459639072418213,14.9182710647583,16.679359299815843,0.07369579713769027,0.14738164505821086,0.16477991326561636,111,99.82484122480845,0.09352356546825535,0.15870997462172665,0.13940936808999582,1,30,174.54227710124184,130.52681216988083,116.71719049709112,0,0,1,1,1
321,10.666666666666666,1,1,227.94599533081055,197.19879627227783,224.36389923095703,202.01904773712158,212.5570297241211,190.84599494934082,221.10029220581055,44.06626224517822,226.1549472808838,199.6089220046997,101.22204199081968,7.459639072418213,14.9182710647583,16.679359299815843,0.07369579713769027,0.14738164505821086,0.16477991326561636,111,100.5825256004103,0.059707361180452466,0.161612946772785,0.16552252923342795,1,31,176.36013613239854,123.93554787324412,110.87683259148955,0,0,1,1,1
322,10.7,0,1,227.94599533081055,197.19879627227783,224.36389923095703,202.01904773712158,212.5570297241211,190.84599494934082,221.10029220581055,44.06626224517822,226.1549472808838,199.6089220046997,101.22204199081968,7.459639072418213,14.9182710647583,16.679359299815843,0.07369579713769027,0.14738164505821086,0.16477991326561636,111,100.5825256004103,0.059707361180452466,0.161612946772785,0.16552252923342795,1,32,176.36013613239854,123.93554787324412,110.87683259148955,0,0,1,1,1
323,10.733333333333333,0,1,227.94599533081055,197.19879627227783,224.36389923095703,202.01904773712158,212.5570297241211,190.84599494934082,221.10029220581055,44.06626224517822,226.1549472808838,199.6089220046997,101.22204199081968,7.459639072418213,14.9182710647583,16.679359299815843,0.07369579713769027,0.14738164505821086,0.16477991326561636,111,100.5825256004103,0.059707361180452466,0.161612946772785,0.16552252923342795,1,33,176.36013613239854,123.93554787324412,110.87683259148955,0,0,1,1,1
324,10.766666666666667,1,1,232.4149513244629,197.35332012176514,224.45819854736328,200.98862171173096,213.1102180480957,190.9181785583496,221.22112274169922,43.835792541503906,228.4365749359131,199.17097091674805,101.22204199081968,7.459639072418213,14.9182710647583,16.679359299815843,0.07369579713769027,0.14738164505821086,0.16477991326561636,111,100.44247040095229,0.08709339629677591,0.15105193738120898,0.20259406596785798,1,34,170.59763217183593,124.15592830047093,111.27740275446212,1,0,2,1,2
325,10.8,0,1,232.4149513244629,197.35332012176514,224.45819854736328,200.98862171173096,213.1102180480957,190.9181785583496,221.22112274169922,43.835792541503906,228.4365749359131,199.17097091674805,101.22204199081968,7.459639072418213,14.9182710647583,16.679359299815843,0.07369579713769027,0.14738164505821086,0.16477991326561636,111,100.44247040095229,0.08709339629677591,0.15105193738120898,0.20259406596785798,1,35,170.59763217183593,124.15592830047093,111.27740275446212,0,0,2,1,2
326,10.833333333333334,0,1,232.4149513244629,197.35332012176514,224.45819854736328,200.98862171173096,213.1102180480957,190.9181785583496,221.22112274169922,43.835792541503906,228.4365749359131,199.17097091674805,101.22204199081968,7.459639072418213,14.9182710647583,16.679359299815843,0.07369579713769027,0.14738164505821086,0.16477991326561636,111,100.44247040095229,0.08709339629677591,0.15105193738120898,0.20259406596785798,1,36,170.59763217183593,124.15592830047093,111.27740275446212,0,0,2,1,2
327,10.866666666666667,1,1,226.49356842041016,192.55086421966553,225.78536987304688,203.9774465560913,213.76855850219727,195.02317428588867,221.51832580566406,43.35201859474182,226.13946914672852,198.26415538787842,101.22204199081968,7.459639072418213,14.9182710647583,16.679359299815843,0.07369579713769027,0.14738164505821086,0.16477991326561636,111,101.2694610044952,0.11304995216727491,0.1479822740005936,0.12800457876085744,1,37,167.95871700174865,130.51895896610526,117.12603476476873,-1,0,3,1,3
328,10.9,0,1,226.49356842041016,192.55086421966553,225.78536987304688,203.9774465560913,213.76855850219727,195.02317428588867,221.51832580566406,43.35201859474182,226.13946914672852,198.26415538787842,101.22204199081968,7.459639072418213,14.9182710647583,16.679359299815843,0.07369579713769027,0.14738164505821086,0.16477991326561636,111,101.2694610044952,0.11304995216727491,0.1479822740005936,0.12800457876085744,1,38,167.95871700174865,130.51895896610526,117.12603476476873,0,0,3,1,3
329,10.933333333333334,0,1,226.49356842041016,192.55086421966553,225.78536987304688,203.9774465560913,213.76855850219727,195.02317428588867,221.51832580566406,43.35201859474182,226.13946914672852,198.26415538787842,101.22204199081968,7.459639072418213,14.9182710647583,16.679359299815843,0.07369579713769027,0.14738164505821086,0.16477991326561636,111,101.2694610044952,0.11304995216727491,0.1479822740005936,0.12800457876085744,1,39,167.95871700174865,130.51895896610526,117.12603476476873,0,0,3,1,3
330,10.966666666666667,1,1,225.4172706604004,192.06408977508545,224.7374153137207,207.628755569458,212.3563003540039,199.10765647888184,222.92179107666016,43.08007478713989,225.07734298706055,199.84642267227173,101.22204199081968,7.459639072418213,14.9182710647583,16.679359299815843,0.07369579713769027,0.14738164505821086,0.16477991326561636,111,101.45895045224464,0.1535547774573254,0.14813880716403455,0.1462578073639126,1,40,166.64642403394188,137.61111422249425,122.8358063792888,0,0,3,1,3
331,11.0,0,1,225.4172706604004,192.06408977508545,224.7374153137207,207.628755569458,212.3563003540039,199.10765647888184,222.92179107666016,43.08007478713989,225.07734298706055,199.84642267227173,101.22204199081968,7.459639072418213,14.9182710647583,16.679359299815843,0.07369579713769027,0.14738164505821086,0.16477991326561636,111,101.45895045224464,0.1535547774573254,0.14813880716403455,0.1462578073639126,1,41,166.64642403394188,137.61111422249425,122.8358063792888,0,0,3,1,3
332,11.033333333333333,0,1,225.4172706604004,192.06408977508545,224.7374153137207,207.628755569458,212.3563003540039,199.10765647888184,222.92179107666016,43.08007478713989,225.07734298706055,199.84642267227173,101.22204199081968,7.459639072418213,14.9182710647583,16.679359299815843,0.07369579713769027,0.14738164505821086,0.16477991326561636,111,101.45895045224464,0.1535547774573254,0.14813880716403455,0.1462578073639126,1,42,166.64642403394188,137.61111422249425,122.8358063792888,0,0,3,1,3
333,11.066666666666666,1,1,228.49422454833984,193.4280824661255,225.93360900878906,201.1142635345459,212.8298568725586,192.69370079040527,221.962890625,42.86532998085022,227.21391677856445,197.2711730003357,101.22204199081968,7.459639072418213,14.9182710647583,16.679359299815843,0.07369579713769027,0.14738164505821086,0.16477991326561636,111,100.2332914110859,0.0808263336362636,0.15539824638565347,0.15645074365267853,1,43,168.04348125977083,131.33862097002,116.50069990260977,1,-1,4,1,4
334,11.1,0,1,228.49422454833984,193.4280824661255,225.93360900878906,201.1142635345459,212.8298568725586,192.69370079040527,221.962890625,42.86532998085022,227.21391677856445,197.2711730003357,101.22204199081968,7.459639072418213,14.9182710647583,16.679359299815843,0.07369579713769027,0.14738164505821086,0.16477991326561636,111,100.2332914110859,0.0808263336362636,0.15539824638565347,0.15645074365267853,1,44,168.04348125977083,131.33862097002,116.50069990260977,0,0,4,1,4
335,11.133333333333333,0,1,228.49422454833984,193.4280824661255,225.93360900878906,201.1142635345459,212.8298568725586,192.69370079040527,221.962890625,42.86532998085022,227.21391677856445,197.2711730003357,101.22204199081968,7.459639072418213,14.9182710647583,16.679359299815843,0.07369579713769027,0.14738164505821086,0.16477991326561636,111,100.2332914110859,0.0808263336362636,0.15539824638565347,0.15645074365267853,1,45,168.04348125977083,131.33862097002,116.50069990260977,0,0,4,1,4
336,11.166666666666666,1,1,231.373291015625,193.6316728591919,226.43735885620117,200.0081205368042,211.4077377319336,191.3046169281006,222.47735977172852,42.41540551185608,228.9053249359131,196.81989669799805,101.22204199081968,7.459639072418213,14.9182710647583,16.679359299815843,0.07369579713769027,0.14738164505821086,0.16477991326561636,111,101.05354863942175,0.07979584908766761,0.17186729712581633,0.1989114622218523,1,46,165.99438296186074,130.63906807383785,114.5816015577475,0,0,4,1,4
337,11.2,0,1,231.373291015625,193.6316728591919,226.43735885620117,200.0081205368042,211.4077377319336,191.3046169281006,222.47735977172852,42.41540551185608,228.9053249359131,196.81989669799805,101.22204199081968,7.459639072418213,14.9182710647583,16.679359299815843,0.07369579713769027,0.14738164505821086,0.16477991326561636,111,101.05354863942175,0.07979584908766761,0.17186729712581633,0.1989114622218523,1,47,165.99438296186074,130.63906807383785,114.5816015577475,0,0,4,1,4
338,11.233333333333333,0,1,231.373291015625,193.6316728591919,226.43735885620117,200.0081205368042,211.4077377319336,191.3046169281006,222.47735977172852,42.41540551185608,228.9053249359131,196.81989669799805,101.22204199081968,7.459639072418213,14.9182710647583,16.679359299815843,0.07369579713769027,0.14738164505821086,0.16477991326561636,111,101.05354863942175,0.07979584908766761,0.17186729712581633,0.1989114622218523,1,48,165.99438296186074,130.63906807383785,114.5816015577475,0,0,4,1,4
339,11.266666666666667,1,1,226.23859405517578,191.4133358001709,224.60084915161133,203.50718021392822,211.45746231079102,195.09296894073486,223.3171844482422,43.72453808784485,225.41972160339355,197.46025800704956,101.22204199081968,7.459639072418213,14.9182710647583,16.679359299815843,0.07369579713769027,0.14738164505821086,0.16477991326561636,111,100.22536195589583,0.12176790244171426,0.15570919739609818,0.15198003278169156,1,49,167.08932533705106,135.1144510867569,119.42031387785056,-1,0,5,1,5
340,11.3,0,1,226.23859405517578,191.4133358001709,224.60084915161133,203.50718021392822,211.45746231079102,195.09296894073486,223.3171844482422,43.72453808784485,225.41972160339355,197.46025800704956,101.22204199081968,7.459639072418213,14.9182710647583,16.679359299815843,0.07369579713769027,0.14738164505821086,0.16477991326561636,111,100.22536195589583,0.12176790244171426,0.15570919739609818,0.15198003278169156,1,50,167.08932533705106,135.1144510867569,119.42031387785056,0,0,5,1,5
341,11.333333333333334,0,1,226.23859405517578,191.4133358001709,224.60084915161133,203.50718021392822,211.45746231079102,195.09296894073486,223.3171844482422,43.72453808784485,225.41972160339355,197.46025800704956,101.22204199081968,7.459639072418213,14.9182710647583,16.679359299815843,0.07369579713769027,0.14738164505821086,0.16477991326561636,111,100.22536195589583,0.12176790244171426,0.15570919739609818,0.15198003278169156,1,51,167.08932533705106,135.1144510867569,119.42031387785056,0,0,5,1,5
342,11.366666666666667,1,1,233.14674377441406,195.12418270111084,227.00023651123047,199.54087257385254,213.6871337890625,193.03261756896973,224.02191162109375,44.48247313499451,230.07349014282227,197.3325276374817,101.22204199081968,7.459639072418213,14.9182710647583,16.679359299815843,0.07369579713769027,0.14738164505821086,0.16477991326561636,111,100.08413650664194,0.07562435086201995,0.14806317306367686,0.19555237315922824,1,52,169.5809851703004,127.22485448543141,113.63225864091677,1,0,6,1,6
343,11.4,0,1,233.14674377441406,195.12418270111084,227.00023651123047,199.54087257385254,213.6871337890625,193.03261756896973,224.02191162109375,44.48247313499451,230.07349014282227,197.3325276374817,101.22204199081968,7.459639072418213,14.9182710647583,16.679359299815843,0.07369579713769027,0.14738164505821086,0.16477991326561636,111,100.08413650664194,0.07562435086201995,0.14806317306367686,0.19555237315922824,1,53,169.5809851703004,127.22485448543141,113.63225864091677,0,0,6,1,6
344,11.433333333333334,0,1,233.14674377441406,195.12418270111084,227.00023651123047,199.54087257385254,213.6871337890625,193.03261756896973,224.02191162109375,44.48247313499451,230.07349014282227,197.3325276374817,101.22204199081968,7.459639072418213,14.9182710647583,16.679359299815843,0.07369579713769027,0.14738164505821086,0.16477991326561636,111,100.08413650664194,0.07562435086201995,0.14806317306367686,0.19555237315922824,1,54,169.5809851703004,127.22485448543141,113.63225864091677,0,0,6,1,6
345,11.466666666666667,1,1,234.39743041992188,195.76196193695068,225.94375610351562,197.2313117980957,212.76508331298828,190.65218925476074,224.7686004638672,45.016247034072876,230.17059326171875,196.4966368675232,101.22204199081968,7.459639072418213,14.9182710647583,16.679359299815843,0.07369579713769027,0.14738164505821086,0.16477991326561636,111,101.22204199081968,0.08476829069833136,0.14551809938113078,0.2195929357096869,1,55,165.9275263369409,122.89983700806772,112.75331687443396,0,0,6,1,6
346,11.5,0,1,234.39743041992188,195.76196193695068,225.94375610351562,197.2313117980957,212.76508331298828,190.65218925476074,224.7686004638672,45.016247034072876,230.17059326171875,196.4966368675232,101.22204199081968,7.459639072418213,14.9182710647583,16.679359299815843,0.07369579713769027,0.14738164505821086,0.16477991326561636,111,101.22204199081968,0.08476829069833136,0.14551809938113078,0.2195929357096869,1,56,165.9275263369409,122.89983700806772,112.75331687443396,0,0,6,1,6
347,11.533333333333333,0,1,234.39743041992188,195.76196193695068,225.94375610351562,197.2313117980957,212.76508331298828,190.65218925476074,224.7686004638672,45.016247034072876,230.17059326171875,196.4966368675232,101.22204199081968,7.459639072418213,14.9182710647583,16.679359299815843,0.07369579713769027,0.14738164505821086,0.16477991326561636,111,101.22204199081968,0.08476829069833136,0.14551809938113078,0.2195929357096869,1,57,165.9275263369409,122.89983700806772,112.75331687443396,0,0,6,1,6
348,11.566666666666666,1,1,225.2103042602539,192.7712917327881,223.77866744995117,207.05208778381348,213.17718505859375,196.7750644683838,225.14461517333984,44.8852264881134,224.49448585510254,199.91168975830078,101.22204199081968,7.459639072418213,14.9182710647583,16.679359299815843,0.07369579713769027,0.14738164505821086,0.16477991326561636,111,102.03600193049489,0.14065992912699057,0.14470495969833588,0.124286770863602,1,58,164.9041186442319,136.73051482038895,120.54328449110614,-1,1,7,2,7
349,11.6,0,1,225.2103042602539,192.7712917327881,223.77866744995117,207.05208778381348,213.17718505859375,196.7750644683838,225.14461517333984,44.8852264881134,224.49448585510254,199.91168975830078,101.22204199081968,7.459639072418213,14.9182710647583,16.679359299815843,0.07369579713769027,0.14738164505821086,0.16477991326561636,111,102.03600193049489,0.14065992912699057,0.14470495969833588,0.124286770863602,1,59,164.9041186442319,136.73051482038895,120.54328449110614,0,0,7,2,7
350,11.633333333333333,0,1,225.2103042602539,192.7712917327881,223.77866744995117,207.05208778381348,213.17718505859375,196.7750644683838,225.14461517333984,44.8852264881134,224.49448585510254,199.91168975830078,101.22204199081968,7.459639072418213,14.9182710647583,16.679359299815843,0.07369579713769027,0.14738164505821086,0.16477991326561636,111,102.03600193049489,0.14065992912699057,0.14470495969833588,0.124286770863602,1,60,164.9041186442319,136.73051482038895,120.54328449110614,0,0,7,2,7
351,11.666666666666666,1,1,224.98838424682617,194.04919624328613,224.90076065063477,207.64935493469238,212.71455764770508,198.67391109466553,226.90235137939453,45.90362191200256,224.94457244873047,200.84927558898926,101.22204199081968,7.459639072418213,14.9182710647583,16.679359299815843,0.07369579713769027,0.14738164505821086,0.16477991326561636,111,101.55649693092941,0.13391994970021834,0.14902836639365702,0.12915179605694924,1,61,166.93480367357603,137.59407088551131,120.82418119154556,0,0,7,2,7
352,11.7,0,1,224.98838424682617,194.04919624328613,224.90076065063477,207.64935493469238,212.71455764770508,198.67391109466553,226.90235137939453,45.90362191200256,224.94457244873047,200.84927558898926,101.22204199081968,7.459639072418213,14.9182710647583,16.679359299815843,0.07369579713769027,0.14738164505821086,0.16477991326561636,111,101.55649693092941,0.13391994970021834,0.14902836639365702,0.12915179605694924,1,62,166.93480367357603,137.59407088551131,120.82418119154556,0,0,7,2,7
353,11.733333333333333,0,1,224.98838424682617,194.04919624328613,224.90076065063477,207.64935493469238,212.71455764770508,198.67391109466553,226.90235137939453,45.90362191200256,224.94457244873047,200.84927558898926,101.22204199081968,7.459639072418213,14.9182710647583,16.679359299815843,0.07369579713769027,0.14738164505821086,0.16477991326561636,111,101.55649693092941,0.13391994970021834,0.14902836639365702,0.12915179605694924,1,63,166.93480367357603,137.59407088551131,120.82418119154556,0,0,7,2,7
354,11.766666666666667,1,1,233.65928649902344,198.91815662384033,227.83281326293945,201.76443099975586,213.30476760864258,195.5432939529419,227.23304748535156,46.609182357788086,230.74604988098145,200.3412938117981,101.22204199081968,7.459639072418213,14.9182710647583,16.679359299815843,0.07369579713769027,0.14738164505821086,0.16477991326561636,111,100.77513976351257,0.06434647773163957,0.15682446734268446,0.20473705199554068,1,64,164.14984311430433,126.49775953940642,115.03876383826181,1,0,8,2,8
355,11.8,0,1,233.65928649902344,198.91815662384033,227.83281326293945,201.76443099975586,213.30476760864258,195.5432939529419,227.23304748535156,46.609182357788086,230.74604988098145,200.3412938117981,101.22204199081968,7.459639072418213,14.9182710647583,16.679359299815843,0.07369579713769027,0.14738164505821086,0.16477991326561636,111,100.77513976351257,0.06434647773163957,0.15682446734268446,0.20473705199554068,1,65,164.14984311430433,126.49775953940642,115.03876383826181,0,0,8,2,8
356,11.833333333333334,0,1,233.65928649902344,198.91815662384033,227.83281326293945,201.76443099975586,213.30476760864258,195.5432939529419,227.23304748535156,46.609182357788086,230.74604988098145,200.3412938117981,101.22204199081968,7.459639072418213,14.9182710647583,16.679359299815843,0.07369579713769027,0.14738164505821086,0.16477991326561636,111,100.77513976351257,0.06434647773163957,0.15682446734268446,0.20473705199554068,1,66,164.14984311430433,126.49775953940642,115.03876383826181,0,0,8,2,8
357,11.866666666666667,1,1,227.8732681274414,197.38107204437256,225.00600814819336,210.725998878479,212.51497268676758,200.3236484527588,227.6055145263672,46.01503014564514,226.43963813781738,204.05353546142578,101.22204199081968,7.459639072418213,14.9182710647583,16.679359299815843,0.07369579713769027,0.14738164505821086,0.16477991326561636,111,102.39819045024991,0.13329803998591697,0.15874599431223377,0.15271409236404535,1,67,163.79127958478287,140.8407967168062,121.58547941791736,-1,1,9,2,9
358,11.9,0,1,227.8732681274414,197.38107204437256,225.00600814819336,210.725998878479,212.51497268676758,200.3236484527588,227.6055145263672,46.01503014564514,226.43963813781738,204.05353546142578,101.22204199081968,7.459639072418213,14.9182710647583,16.679359299815843,0.07369579713769027,0.14738164505821086,0.16477991326561636,111,102.39819045024991,0.13329803998591697,0.15874599431223377,0.15271409236404535,1,68,163.79127958478287,140.8407967168062,121.58547941791736,0,0,9,2,9
359,11.933333333333334,0,1,227.8732681274414,197.38107204437256,225.00600814819336,210.725998878479,212.51497268676758,200.3236484527588,227.6055145263672,46.01503014564514,226.43963813781738,204.05353546142578,101.22204199081968,7.459639072418213,14.9182710647583,16.679359299815843,0.07369579713769027,0.14738164505821086,0.16477991326561636,111,102.39819045024991,0.13329803998591697,0.15874599431223377,0.15271409236404535,1,69,163.79127958478287,140.8407967168062,121.58547941791736,0,0,9,2,9
360,11.966666666666667,1,1,225.7407569885254,197.91420936584473,224.19757843017578,215.91406345367432,210.5938720703125,206.26423358917236,229.32153701782227,47.6086163520813,224.9691677093506,206.91413640975952,101.22204199081968,7.459639072418213,14.9182710647583,16.679359299815843,0.07369579713769027,0.14738164505821086,0.16477991326561636,111,100.7837445415405,0.17925394218162943,0.16549028156743725,0.1716148081122102,1,70,167.93841842694096,145.47170765009022,125.92894489691528,0,1,9,2,9
361,12.0,0,1,225.7407569885254,197.91420936584473,224.19757843017578,215.91406345367432,210.5938720703125,206.26423358917236,229.32153701782227,47.6086163520813,224.9691677093506,206.91413640975952,101.22204199081968,7.459639072418213,14.9182710647583,16.679359299815843,0.07369579713769027,0.14738164505821086,0.16477991326561636,111,100.7837445415405,0.17925394218162943,0.16549028156743725,0.1716148081122102,1,71,167.93841842694096,145.47170765009022,125.92894489691528,0,0,9,2,9
362,12.033333333333333,0,1,225.7407569885254,197.91420936584473,224.19757843017578,215.91406345367432,210.5938720703125,206.26423358917236,229.32153701782227,47.6086163520813,224.9691677093506,206.91413640975952,101.22204199081968,7.459639072418213,14.9182710647583,16.679359299815843,0.07369579713769027,0.14738164505821086,0.16477991326561636,111,100.7837445415405,0.17925394218162943,0.16549028156743725,0.1716148081122102,1,72,167.93841842694096,145.47170765009022,125.92894489691528,0,0,9,2,9
363,12.066666666666666,1,1,233.53233337402344,202.6301908493042,230.08378982543945,211.44202709197998,215.10848999023438,203.75786304473877,230.2848243713379,48.97214412689209,231.80806159973145,207.0361089706421,101.22204199081968,7.459639072418213,14.9182710647583,16.679359299815843,0.07369579713769027,0.14738164505821086,0.16477991326561636,111,99.88664322306124,0.09473344586307884,0.16850797283719474,0.18479269465126894,1,73,169.0599353618202,138.7884941893305,121.5157851678168,1,0,10,2,10
364,12.1,0,1,233.53233337402344,202.6301908493042,230.08378982543945,211.44202709197998,215.10848999023438,203.75786304473877,230.2848243713379,48.97214412689209,231.80806159973145,207.0361089706421,101.22204199081968,7.459639072418213,14.9182710647583,16.679359299815843,0.07369579713769027,0.14738164505821086,0.16477991326561636,111,99.88664322306124,0.09473344586307884,0.16850797283719474,0.18479269465126894,1,74,169.0599353618202,138.7884941893305,121.5157851678168,0,0,10,2,10
365,12.133333333333333,0,1,233.53233337402344,202.6301908493042,230.08378982543945,211.44202709197998,215.10848999023438,203.75786304473877,230.2848243713379,48.97214412689209,231.80806159973145,207.0361089706421,101.22204199081968,7.459639072418213,14.9182710647583,16.679359299815843,0.07369579713769027,0.14738164505821086,0.16477991326561636,111,99.88664322306124,0.09473344586307884,0.16850797283719474,0.18479269465126894,1,75,169.0599353618202,138.7884941893305,121.5157851678168,0,0,10,2,10
366,12.166666666666666,1,1,230.61752319335938,202.50194549560547,228.0106544494629,208.59463691711426,213.8728141784668,200.46046257019043,231.53873443603516,50.979881286621094,229.31408882141113,205.54829120635986,101.22204199081968,7.459639072418213,14.9182710647583,16.679359299815843,0.07369579713769027,0.14738164505821086,0.16477991326561636,111,100.8728105551392,0.06569623747321304,0.1616970355163162,0.16722738992613098,1,76,174.03964150060705,136.19068401481945,118.05610472378679,-1,0,11,2,11
367,12.2,0,1,230.61752319335938,202.50194549560547,228.0106544494629,208.59463691711426,213.8728141784668,200.46046257019043,231.53873443603516,50.979881286621094,229.31408882141113,205.54829120635986,101.22204199081968,7.459639072418213,14.9182710647583,16.679359299815843,0.07369579713769027,0.14738164505821086,0.16477991326561636,111,100.8728105551392,0.06569623747321304,0.1616970355163162,0.16722738992613098,1,77,174.03964150060705,136.19068401481945,118.05610472378679,0,0,11,2,11
368,12.233333333333333,0,1,230.61752319335938,202.50194549560547,228.0106544494629,208.59463691711426,213.8728141784668,200.46046257019043,231.53873443603516,50.979881286621094,229.31408882141113,205.54829120635986,101.22204199081968,7.459639072418213,14.9182710647583,16.679359299815843,0.07369579713769027,0.14738164505821086,0.16477991326561636,111,100.8728105551392,0.06569623747321304,0.1616970355163162,0.16722738992613098,1,78,174.03964150060705,136.19068401481945,118.05610472378679,0,0,11,2,11
369,12.266666666666667,1,1,226.06163024902344,204.99496936798096,226.4872932434082,207.95715808868408,213.21834564208984,200.63448429107666,232.77359008789062,51.04124307632446,226.27446174621582,206.47606372833252,101.22204199081968,7.459639072418213,14.9182710647583,16.679359299815843,0.07369579713769027,0.14738164505821086,0.16477991326561636,111,102.06567044091712,0.02932049598068635,0.14848687354768605,0.1328882190157953,1,79,179.8165460388909,135.5032994390583,119.81839233933091,-1,0,11,2,11
370,12.3,0,1,226.06163024902344,204.99496936798096,226.4872932434082,207.95715808868408,213.21834564208984,200.63448429107666,232.77359008789062,51.04124307632446,226.27446174621582,206.47606372833252,101.22204199081968,7.459639072418213,14.9182710647583,16.679359299815843,0.07369579713769027,0.14738164505821086,0.16477991326561636,111,102.06567044091712,0.02932049598068635,0.14848687354768605,0.1328882190157953,1,80,179.8165460388909,135.5032994390583,119.81839233933091,0,0,11,2,11
371,12.333333333333334,0,1,226.06163024902344,204.99496936798096,226.4872932434082,207.95715808868408,213.21834564208984,200.63448429107666,232.77359008789062,51.04124307632446,226.27446174621582,206.47606372833252,101.22204199081968,7.459639072418213,14.9182710647583,16.679359299815843,0.07369579713769027,0.14738164505821086,0.16477991326561636,111,102.06567044091712,0.02932049598068635,0.14848687354768605,0.1328882190157953,1,81,179.8165460388909,135.5032994390583,119.81839233933091,0,0,11,2,11
372,12.366666666666667,1,1,225.36014556884766,205.16077995300293,226.2206268310547,205.8577537536621,213.54494094848633,197.0730972290039,231.76824569702148,50.81469655036926,225.79038619995117,205.50926685333252,101.22204199081968,7.459639072418213,14.9182710647583,16.679359299815843,0.07369579713769027,0.14738164505821086,0.16477991326561636,111,102.01333967913989,0.010854848728242175,0.1511779342481103,0.14035575021355784,1,82,176.8350413344854,126.27783282505813,115.18920730955337,0,0,11,2,11
373,12.4,0,1,225.36014556884766,205.16077995300293,226.2206268310547,205.8577537536621,213.54494094848633,197.0730972290039,231.76824569702148,50.81469655036926,225.79038619995117,205.50926685333252,101.22204199081968,7.459639072418213,14.9182710647583,16.679359299815843,0.07369579713769027,0.14738164505821086,0.16477991326561636,111,102.01333967913989,0.010854848728242175,0.1511779342481103,0.14035575021355784,1,83,176.8350413344854,126.27783282505813,115.18920730955337,0,0,11,2,11
374,12.433333333333334,0,1,225.36014556884766,205.16077995300293,226.2206268310547,205.8577537536621,213.54494094848633,197.0730972290039,231.76824569702148,50.81469655036926,225.79038619995117,205.50926685333252,101.22204199081968,7.459639072418213,14.9182710647583,16.679359299815843,0.07369579713769027,0.14738164505821086,0.16477991326561636,111,102.01333967913989,0.010854848728242175,0.1511779342481103,0.14035575021355784,1,84,176.8350413344854,126.27783282505813,115.18920730955337,0,0,11,2,11
375,12.466666666666667,1,1,227.9194450378418,205.19888877868652,228.1683349609375,206.4380979537964,215.30269622802734,196.27434253692627,230.70770263671875,49.05371904373169,228.04388999938965,205.81849336624146,101.22204199081968,7.459639072418213,14.9182710647583,16.679359299815843,0.07369579713769027,0.14738164505821086,0.16477991326561636,111,102.32073596919967,0.012352885325756919,0.16024055910712803,0.1510360681965752,1,85,179.77014981494682,127.74734574049197,113.74100018125411,1,0,12,2,12
376,12.5,0,1,227.9194450378418,205.19888877868652,228.1683349609375,206.4380979537964,215.30269622802734,196.27434253692627,230.70770263671875,49.05371904373169,228.04388999938965,205.81849336624146,101.22204199081968,7.459639072418213,14.9182710647583,16.679359299815843,0.07369579713769027,0.14738164505821086,0.16477991326561636,111,102.32073596919967,0.012352885325756919,0.16024055910712803,0.1510360681965752,1,86,179.77014981494682,127.74734574049197,113.74100018125411,0,0,12,2,12
377,12.533333333333333,0,1,227.9194450378418,205.19888877868652,228.1683349609375,206.4380979537964,215.30269622802734,196.27434253692627,230.70770263671875,49.05371904373169,228.04388999938965,205.81849336624146,101.22204199081968,7.459639072418213,14.9182710647583,16.679359299815843,0.07369579713769027,0.14738164505821086,0.16477991326561636,111,102.32073596919967,0.012352885325756919,0.16024055910712803,0.1510360681965752,1,87,179.77014981494682,127.74734574049197,113.74100018125411,0,0,12,2,12
378,12.566666666666666,1,1,235.85512161254883,204.4480562210083,230.40386199951172,204.69846725463867,216.45343780517578,196.8763303756714,232.52994537353516,48.40932011604309,233.12949180603027,204.5732617378235,101.22204199081968,7.459639072418213,14.9182710647583,16.679359299815843,0.07369579713769027,0.14738164505821086,0.16477991326561636,111,103.7070842453082,0.052619433934882706,0.15422045576268398,0.20082348861406768,1,88,166.35692259096305,128.0494804859653,114.81876952468893,1,0,12,2,12
379,12.6,0,1,235.85512161254883,204.4480562210083,230.40386199951172,204.69846725463867,216.45343780517578,196.8763303756714,232.52994537353516,48.40932011604309,233.12949180603027,204.5732617378235,101.22204199081968,7.459639072418213,14.9182710647583,16.679359299815843,0.07369579713769027,0.14738164505821086,0.16477991326561636,111,103.7070842453082,0.052619433934882706,0.15422045576268398,0.20082348861406768,1,89,166.35692259096305,128.0494804859653,114.81876952468893,0,0,12,2,12
380,12.633333333333333,0,1,235.85512161254883,204.4480562210083,230.40386199951172,204.69846725463867,216.45343780517578,196.8763303756714,232.52994537353516,48.40932011604309,233.12949180603027,204.5732617378235,101.22204199081968,7.459639072418213,14.9182710647583,16.679359299815843,0.07369579713769027,0.14738164505821086,0.16477991326561636,111,103.7070842453082,0.052619433934882706,0.15422045576268398,0.20082348861406768,1,90,166.35692259096305,128.0494804859653,114.81876952468893,0,0,12,2,12
381,12.666666666666666,1,1,232.80475616455078,199.13713932037354,231.28034591674805,206.58592700958252,218.99831771850586,197.99673557281494,233.17991256713867,47.562206983566284,232.0425510406494,202.86153316497803,101.22204199081968,7.459639072418213,14.9182710647583,16.679359299815843,0.07369579713769027,0.14738164505821086,0.16477991326561636,111,103.56444312241115,0.07341491358566324,0.14471577763846089,0.13376653520054677,1,91,163.31332888896236,133.79808594423383,118.60675780878005,0,0,12,2,12
382,12.7,0,1,232.80475616455078,199.13713932037354,231.28034591674805,206.58592700958252,218.99831771850586,197.99673557281494,233.17991256713867,47.562206983566284,232.0425510406494,202.86153316497803,101.22204199081968,7.459639072418213,14.9182710647583,16.679359299815843,0.07369579713769027,0.14738164505821086,0.16477991326561636,111,103.56444312241115,0.07341491358566324,0.14471577763846089,0.13376653520054677,1,92,163.31332888896236,133.79808594423383,118.60675780878005,0,0,12,2,12
383,12.733333333333333,0,1,232.80475616455078,199.13713932037354,231.28034591674805,206.58592700958252,218.99831771850586,197.99673557281494,233.17991256713867,47.562206983566284,232.0425510406494,202.86153316497803,101.22204199081968,7.459639072418213,14.9182710647583,16.679359299815843,0.07369579713769027,0.14738164505821086,0.16477991326561636,111,103.56444312241115,0.07341491358566324,0.14471577763846089,0.13376653520054677,1,93,163.31332888896236,133.79808594423383,118.60675780878005,0,0,12,2,12
384,12.766666666666667,1,1,227.87870407104492,196.67319774627686,227.9955291748047,212.1064567565918,215.7195281982422,204.78723049163818,234.10606384277344,49.02150750160217,227.9371166229248,204.38982725143433,101.22204199081968,7.459639072418213,14.9182710647583,16.679359299815843,0.07369579713769027,0.14738164505821086,0.16477991326561636,111,102.06219535011913,0.15121858898283136,0.14003569206898103,0.143225440658373,1,94,165.62520797387168,138.6398236432572,124.01792877256128,-1,0,13,2,13
385,12.8,0,1,227.87870407104492,196.67319774627686,227.9955291748047,212.1064567565918,215.7195281982422,204.78723049163818,234.10606384277344,49.02150750160217,227.9371166229248,204.38982725143433,101.22204199081968,7.459639072418213,14.9182710647583,16.679359299815843,0.07369579713769027,0.14738164505821086,0.16477991326561636,111,102.06219535011913,0.15121858898283136,0.14003569206898103,0.143225440658373,1,95,165.62520797387168,138.6398236432572,124.01792877256128,0,0,13,2,13
386,12.833333333333334,0,1,227.87870407104492,196.67319774627686,227.9955291748047,212.1064567565918,215.7195281982422,204.78723049163818,234.10606384277344,49.02150750160217,227.9371166229248,204.38982725143433,101.22204199081968,7.459639072418213,14.9182710647583,16.679359299815843,0.07369579713769027,0.14738164505821086,0.16477991326561636,111,102.06219535011913,0.15121858898283136,0.14003569206898103,0.143225440658373,1,96,165.62520797387168,138.6398236432572,124.01792877256128,0,0,13,2,13
387,12.866666666666667,1,1,232.1009635925293,199.73612308502197,229.77727890014648,207.73414134979248,215.11600494384766,201.14915370941162,234.68965530395508,49.03006911277771,230.9391212463379,203.73513221740723,101.22204199081968,7.459639072418213,14.9182710647583,16.679359299815843,0.07369579713769027,0.14738164505821086,0.16477991326561636,111,101.68616133175811,0.08190626621201935,0.15805672305525778,0.16761016684797958,1,97,166.1111485430466,134.99388497961462,120.36610585625105,1,0,14,2,14
388,12.9,0,1,232.1009635925293,199.73612308502197,229.77727890014648,207.73414134979248,215.11600494384766,201.14915370941162,234.68965530395508,49.03006911277771,230.9391212463379,203.73513221740723,101.22204199081968,7.459639072418213,14.9182710647583,16.679359299815843,0.07369579713769027,0.14738164505821086,0.16477991326561636,111,101.68616133175811,0.08190626621201935,0.15805672305525778,0.16761016684797958,1,98,166.1111485430466,134.99388497961462,120.36610585625105,0,0,14,2,14
389,12.933333333333334,0,1,232.1009635925293,199.73612308502197,229.77727890014648,207.73414134979248,215.11600494384766,201.14915370941162,234.68965530395508,49.03006911277771,230.9391212463379,203.73513221740723,101.22204199081968,7.459639072418213,14.9182710647583,16.679359299815843,0.07369579713769027,0.14738164505821086,0.16477991326561636,111,101.68616133175811,0.08190626621201935,0.15805672305525778,0.16761016684797958,1,99,166.1111485430466,134.99388497961462,120.36610585625105,0,0,14,2,14
390,12.966666666666667,1,1,232.67187118530273,200.3851318359375,228.87287139892578,206.8498706817627,214.61576461791992,199.64056491851807,234.53195571899414,49.085108041763306,230.77237129211426,203.6175012588501,101.22204199081968,7.459639072418213,14.9182710647583,16.679359299815843,0.07369579713769027,0.14738164505821086,0.16477991326561636,111,101.91829867231903,0.07357216284234089,0.15675503807213406,0.17731312112134162,1,100,166.54910703473638,134.7618975617057,119.06713625568456,0,0,14,2,14
391,13.0,0,1,232.67187118530273,200.3851318359375,228.87287139892578,206.8498706817627,214.61576461791992,199.64056491851807,234.53195571899414,49.085108041763306,230.77237129211426,203.6175012588501,101.22204199081968,7.459639072418213,14.9182710647583,16.679359299815843,0.07369579713769027,0.14738164505821086,0.16477991326561636,111,101.91829867231903,0.07357216284234089,0.15675503807213406,0.17731312112134162,1,101,166.54910703473638,134.7618975617057,119.06713625568456,0,0,14,2,14
392,13.033333333333333,0,1,232.67187118530273,200.3851318359375,228.87287139892578,206.8498706817627,214.61576461791992,199.64056491851807,234.53195571899414,49.085108041763306,230.77237129211426,203.6175012588501,101.22204199081968,7.459639072418213,14.9182710647583,16.679359299815843,0.07369579713769027,0.14738164505821086,0.16477991326561636,111,101.91829867231903,0.07357216284234089,0.15675503807213406,0.17731312112134162,1,102,166.54910703473638,134.7618975617057,119.06713625568456,0,0,14,2,14
393,13.066666666666666,1,1,231.14355087280273,199.30100440979004,227.83004760742188,208.33673000335693,214.58547592163086,199.15768146514893,234.22090530395508,46.588300466537476,229.4867992401123,203.8188672065735,101.22204199081968,7.459639072418213,14.9182710647583,16.679359299815843,0.07369579713769027,0.14738164505821086,0.16477991326561636,111,102.28097990935557,0.09409489112011629,0.15755022532788907,0.16189417856276292,1,103,165.88459790691985,138.65631805663187,121.14465519907073,0,0,14,2,14
394,13.1,0,1,231.14355087280273,199.30100440979004,227.83004760742188,208.33673000335693,214.58547592163086,199.15768146514893,234.22090530395508,46.588300466537476,229.4867992401123,203.8188672065735,101.22204199081968,7.459639072418213,14.9182710647583,16.679359299815843,0.07369579713769027,0.14738164505821086,0.16477991326561636,111,102.28097990935557,0.09409489112011629,0.15755022532788907,0.16189417856276292,1,104,165.88459790691985,138.65631805663187,121.14465519907073,0,0,14,2,14
395,13.133333333333333,0,1,231.14355087280273,199.30100440979004,227.83004760742188,208.33673000335693,214.58547592163086,199.15768146514893,234.22090530395508,46.588300466537476,229.4867992401123,203.8188672065735,101.22204199081968,7.459639072418213,14.9182710647583,16.679359299815843,0.07369579713769027,0.14738164505821086,0.16477991326561636,111,102.28097990935557,0.09409489112011629,0.15755022532788907,0.16189417856276292,1,105,165.88459790691985,138.65631805663187,121.14465519907073,0,0,14,2,14
396,13.166666666666666,1,1,226.94940567016602,191.68745040893555,224.76131439208984,204.26217555999756,214.19361114501953,196.1674976348877,237.36854553222656,40.26960611343384,225.85536003112793,197.97481298446655,101.22204199081968,7.459639072418213,14.9182710647583,16.679359299815843,0.07369579713769027,0.14738164505821086,0.16477991326561636,111,98.0806140265618,0.13013455658238973,0.13572157224429263,0.1378422925656042,1,106,168.51543657807534,139.93324621641293,124.9792166813614,-1,-1,15,3,15
397,13.2,0,1,226.94940567016602,191.68745040893555,224.76131439208984,204.26217555999756,214.19361114501953,196.1674976348877,237.36854553222656,40.26960611343384,225.85536003112793,197.97481298446655,101.22204199081968,7.459639072418213,14.9182710647583,16.679359299815843,0.07369579713769027,0.14738164505821086,0.16477991326561636,111,98.0806140265618,0.13013455658238973,0.13572157224429263,0.1378422925656042,1,107,168.51543657807534,139.93324621641293,124.9792166813614,0,0,15,3,15
398,13.233333333333333,0,1,226.94940567016602,191.68745040893555,224.76131439208984,204.26217555999756,214.19361114501953,196.1674976348877,237.36854553222656,40.26960611343384,225.85536003112793,197.97481298446655,101.22204199081968,7.459639072418213,14.9182710647583,16.679359299815843,0.07369579713769027,0.14738164505821086,0.16477991326561636,111,98.0806140265618,0.13013455658238973,0.13572157224429263,0.1378422925656042,1,108,168.51543657807534,139.93324621641293,124.9792166813614,0,0,15,3,15
399,13.266666666666667,1,1,258.94012451171875,142.64202117919922,268.1822395324707,117.77689933776855,254.86907958984375,116.62176132202148,285.7707214355469,26.442382335662842,263.5611820220947,130.2094602584839,101.22204199081968,7.459639072418213,14.9182710647583,16.679359299815843,0.07369579713769027,0.14738164505821086,0.16477991326561636,111,87.47208671032318,0.3032644499305373,0.15277078888868523,0.30108811395121327,1,109,162.8376960684023,86.39218911827913,88.91544473394583,1,-1,16,3,16
400,13.3,0,1,258.94012451171875,142.64202117919922,268.1822395324707,117.77689933776855,254.86907958984375,116.62176132202148,285.7707214355469,26.442382335662842,263.5611820220947,130.2094602584839,101.22204199081968,7.459639072418213,14.9182710647583,16.679359299815843,0.07369579713769027,0.14738164505821086,0.16477991326561636,111,87.47208671032318,0.3032644499305373,0.15277078888868523,0.30108811395121327,1,110,162.8376960684023,86.39218911827913,88.91544473394583,0,0,16,3,16
401,13.333333333333334,0,1,258.94012451171875,142.64202117919922,268.1822395324707,117.77689933776855,254.86907958984375,116.62176132202148,285.7707214355469,26.442382335662842,263.5611820220947,130.2094602584839,101.22204199081968,7.459639072418213,14.9182710647583,16.679359299815843,0.07369579713769027,0.14738164505821086,0.16477991326561636,111,87.47208671032318,0.3032644499305373,0.15277078888868523,0.30108811395121327,1,111,162.8376960684023,86.39218911827913,88.91544473394583,0,0,16,3,16
402,13.366666666666667,1,0,,,,,,,,,,,,,,,,,,0,,,,,0,111,,,,0,0,16,3,16
403,13.4,0,0,,,,,,,,,,,,,,,,,,0,,,,,0,111,,,,0,0,16,3,16
404,13.433333333333334,0,0,,,,,,,,,,,,,,,,,,0,,,,,0,111,,,,0,0,16,3,16
405,13.466666666666667,1,0,,,,,,,,,,,,,,,,,,0,,,,,0,111,,,,0,0,16,3,16
406,13.5,0,0,,,,,,,,,,,,,,,,,,0,,,,,0,111,,,,0,0,16,3,16
407,13.533333333333333,0,0,,,,,,,,,,,,,,,,,,0,,,,,0,111,,,,0,0,16,3,16
408,13.566666666666666,1,0,,,,,,,,,,,,,,,,,,0,,,,,0,111,,,,0,0,16,3,16
409,13.6,0,0,,,,,,,,,,,,,,,,,,0,,,,,0,111,,,,0,0,16,3,16
410,13.633333333333333,0,0,,,,,,,,,,,,,,,,,,0,,,,,0,111,,,,0,0,16,3,16
411,13.666666666666666,1,0,,,,,,,,,,,,,,,,,,0,,,,,0,111,,,,0,0,16,3,16
412,13.7,0,0,,,,,,,,,,,,,,,,,,0,,,,,0,111,,,,0,0,16,3,16
413,13.733333333333333,0,0,,,,,,,,,,,,,,,,,,0,,,,,0,111,,,,0,0,16,3,16
414,13.766666666666667,1,0,,,,,,,,,,,,,,,,,,0,,,,,0,111,,,,0,0,16,3,16
415,13.8,0,0,,,,,,,,,,,,,,,,,,0,,,,,0,111,,,,0,0,16,3,16
416,13.833333333333334,0,0,,,,,,,,,,,,,,,,,,0,,,,,0,111,,,,0,0,16,3,16
417,13.866666666666667,1,0,,,,,,,,,,,,,,,,,,0,,,,,0,111,,,,0,0,16,3,16
418,13.9,0,0,,,,,,,,,,,,,,,,,,0,,,,,0,111,,,,0,0,16,3,16
419,13.933333333333334,0,0,,,,,,,,,,,,,,,,,,0,,,,,0,111,,,,0,0,16,3,16
420,13.966666666666667,1,0,,,,,,,,,,,,,,,,,,0,,,,,0,111,,,,0,0,16,3,16
421,14.0,0,0,,,,,,,,,,,,,,,,,,0,,,,,0,111,,,,0,0,16,3,16
422,14.033333333333333,0,0,,,,,,,,,,,,,,,,,,0,,,,,0,111,,,,0,0,16,3,16
423,14.066666666666666,1,0,,,,,,,,,,,,,,,,,,0,,,,,0,111,,,,0,0,16,3,16
424,14.1,0,0,,,,,,,,,,,,,,,,,,0,,,,,0,111,,,,0,0,16,3,16
425,14.133333333333333,0,0,,,,,,,,,,,,,,,,,,0,,,,,0,111,,,,0,0,16,3,16
426,14.166666666666666,1,0,,,,,,,,,,,,,,,,,,0,,,,,0,111,,,,0,0,16,3,16
427,14.2,0,0,,,,,,,,,,,,,,,,,,0,,,,,0,111,,,,0,0,16,3,16
428,14.233333333333333,0,0,,,,,,,,,,,,,,,,,,0,,,,,0,111,,,,0,0,16,3,16
429,14.266666666666667,1,0,,,,,,,,,,,,,,,,,,0,,,,,0,111,,,,0,0,16,3,16
430,14.3,0,0,,,,,,,,,,,,,,,,,,0,,,,,0,111,,,,0,0,16,3,16
431,14.333333333333334,0,0,,,,,,,,,,,,,,,,,,0,,,,,0,111,,,,0,0,16,3,16
432,14.366666666666667,1,0,,,,,,,,,,,,,,,,,,0,,,,,0,111,,,,0,0,16,3,16
433,14.4,0,0,,,,,,,,,,,,,,,,,,0,,,,,0,111,,,,0,0,16,3,16
434,14.433333333333334,0,0,,,,,,,,,,,,,,,,,,0,,,,,0,111,,,,0,0,16,3,16
435,14.466666666666667,1,0,,,,,,,,,,,,,,,,,,0,,,,,0,111,,,,0,0,16,3,16
436,14.5,0,0,,,,,,,,,,,,,,,,,,0,,,,,0,111,,,,0,0,16,3,16
437,14.533333333333333,0,0,,,,,,,,,,,,,,,,,,0,,,,,0,111,,,,0,0,16,3,16
438,14.566666666666666,1,0,,,,,,,,,,,,,,,,,,0,,,,,0,111,,,,0,0,16,3,16
439,14.6,0,0,,,,,,,,,,,,,,,,,,0,,,,,0,111,,,,0,0,16,3,16
440,14.633333333333333,0,0,,,,,,,,,,,,,,,,,,0,,,,,0,111,,,,0,0,16,3,16
441,14.666666666666666,1,1,633.1730270385742,269.355411529541,609.3782806396484,340.753698348999,586.038818359375,353.0808734893799,567.0897674560547,136.18682384490967,621.2756538391113,305.05455493927,,,,,,,,0,89.4008072160986,0.8418147910107677,0.2952420888317784,1.0747234722799914,0,0,179.57988622078312,177.24039807146792,179.0379484212119,0,0,0,0,0
442,14.7,0,1,633.1730270385742,269.355411529541,609.3782806396484,340.753698348999,586.038818359375,353.0808734893799,567.0897674560547,136.18682384490967,621.2756538391113,305.05455493927,,,,,,,,0,89.4008072160986,0.8418147910107677,0.2952420888317784,1.0747234722799914,0,0,179.57988622078312,177.24039807146792,179.0379484212119,0,0,0,0,0
443,14.733333333333333,0,1,633.1730270385742,269.355411529541,609.3782806396484,340.753698348999,586.038818359375,353.0808734893799,567.0897674560547,136.18682384490967,621.2756538391113,305.05455493927,,,,,,,,0,89.4008072160986,0.8418147910107677,0.2952420888317784,1.0747234722799914,0,0,179.57988622078312,177.24039807146792,179.0379484212119,0,0,0,0,0
444,14.766666666666667,1,1,614.7027206420898,282.7961540222168,585.1189422607422,363.5050964355469,562.2002410888672,378.6946964263916,548.7339401245117,157.978835105896,599.910831451416,323.15062522888184,,,,,,,,0,96.69360933678614,0.8889943069864263,0.28435474963335594,1.1306844752288276,0,0,177.56996976097386,179.1212901775717,178.96731750816542,0,0,0,0,0
445,14.8,0,1,614.7027206420898,282.7961540222168,585.1189422607422,363.5050964355469,562.2002410888672,378.6946964263916,548.7339401245117,157.978835105896,599.910831451416,323.15062522888184,,,,,,,,0,96.69360933678614,0.8889943069864263,0.28435474963335594,1.1306844752288276,0,0,177.56996976097386,179.1212901775717,178.96731750816542,0,0,0,0,0
446,14.833333333333334,0,1,614.7027206420898,282.7961540222168,585.1189422607422,363.5050964355469,562.2002410888672,378.6946964263916,548.7339401245117,157.978835105896,599.910831451416,323.15062522888184,,,,,,,,0,96.69360933678614,0.8889943069864263,0.28435474963335594,1.1306844752288276,0,0,177.56996976097386,179.1212901775717,178.96731750816542,0,0,0,0,0
447,14.866666666666667,1,1,606.5483474731445,288.8180351257324,575.0947570800781,369.94834899902344,554.1526794433594,381.6712188720703,542.4817657470703,168.54981422424316,590.8215522766113,329.38319206237793,,,,,,,,0,96.2930204757258,0.9036388555417311,0.2492384460354846,1.1072061713942731,0,0,177.1026081530695,178.1549584589366,178.32847924144937,0,0,0,0,0
448,14.9,0,1,606.5483474731445,288.8180351257324,575.0947570800781,369.94834899902344,554.1526794433594,381.6712188720703,542.4817657470703,168.54981422424316,590.8215522766113,329.38319206237793,,,,,,,,0,96.2930204757258,0.9036388555417311,0.2492384460354846,1.1072061713942731,0,0,177.1026081530695,178.1549584589366,178.32847924144937,0,0,0,0,0
449,14.933333333333334,0,1,606.5483474731445,288.8180351257324,575.0947570800781,369.94834899902344,554.1526794433594,381.6712188720703,542.4817657470703,168.54981422424316,590.8215522766113,329.38319206237793,,,,,,,,0,96.2930204757258,0.9036388555417311,0.2492384460354846,1.1072061713942731,0,0,177.1026081530695,178.1549584589366,178.32847924144937,0,0,0,0,0
450,14.966666666666667,1,1,605.8261108398438,290.63793182373047,573.4771347045898,371.4579105377197,552.017936706543,383.9929962158203,540.252571105957,170.60757637023926,589.6516227722168,331.0479211807251,,,,,,,,0,96.84076520264797,0.8989352419738976,0.2566282219670341,1.1126716379812334,0,0,178.3698513162628,177.77586416549434,179.67735935709095,0,0,0,0,0
451,15.0,0,1,605.8261108398438,290.63793182373047,573.4771347045898,371.4579105377197,552.017936706543,383.9929962158203,540.252571105957,170.60757637023926,589.6516227722168,331.0479211807251,,,,,,,,0,96.84076520264797,0.8989352419738976,0.2566282219670341,1.1126716379812334,0,0,178.3698513162628,177.77586416549434,179.67735935709095,0,0,0,0,0
452,15.033333333333333,0,1,605.8261108398438,290.63793182373047,573.4771347045898,371.4579105377197,552.017936706543,383.9929962158203,540.252571105957,170.60757637023926,589.6516227722168,331.0479211807251,,,,,,,,0,96.84076520264797,0.8989352419738976,0.2566282219670341,1.1126716379812334,0,0,178.3698513162628,177.77586416549434,179.67735935709095,0,0,0,0,0
453,15.066666666666666,1,1,605.9257507324219,291.68749809265137,573.3974838256836,371.60840034484863,550.7212448120117,384.15032386779785,538.8300704956055,171.48785591125488,589.6616172790527,331.64794921875,,,,,,,,0,95.07535853110882,0.9075638237863162,0.2725579208757273,1.1326694889981317,0,0,175.3390602107759,177.2976671385741,178.7460179601906,0,0,0,0,0
454,15.1,0,1,605.9257507324219,291.68749809265137,573.3974838256836,371.60840034484863,550.7212448120117,384.15032386779785,538.8300704956055,171.48785591125488,589.6616172790527,331.64794921875,,,,,,,,0,95.07535853110882,0.9075638237863162,0.2725579208757273,1.1326694889981317,0,0,175.3390602107759,177.2976671385741,178.7460179601906,0,0,0,0,0
455,15.133333333333333,0,1,605.9257507324219,291.68749809265137,573.3974838256836,371.60840034484863,550.7212448120117,384.15032386779785,538.8300704956055,171.48785591125488,589.6616172790527,331.64794921875,,,,,,,,0,95.07535853110882,0.9075638237863162,0.2725579208757273,1.1326694889981317,0,0,175.3390602107759,177.2976671385741,178.7460179601906,0,0,0,0,0
456,15.166666666666666,1,1,604.9803161621094,291.47300720214844,572.532844543457,371.3218688964844,550.4654312133789,383.9680480957031,538.3414840698242,172.32038497924805,588.7565803527832,331.3974380493164,,,,,,,,0,95.01158374712669,0.9071502876046287,0.26769537627236406,1.1300182463310708,0,0,178.91015790818022,177.74249903747412,179.60733097586683,0,0,0,0,0
457,15.2,0,1,604.9803161621094,291.47300720214844,572.532844543457,371.3218688964844,550.4654312133789,383.9680480957031,538.3414840698242,172.32038497924805,588.7565803527832,331.3974380493164,,,,,,,,0,95.01158374712669,0.9071502876046287,0.26769537627236406,1.1300182463310708,0,0,178.91015790818022,177.74249903747412,179.60733097586683,0,0,0,0,0
458,15.233333333333333,0,1,604.9803161621094,291.47300720214844,572.532844543457,371.3218688964844,550.4654312133789,383.9680480957031,538.3414840698242,172.32038497924805,588.7565803527832,331.3974380493164,,,,,,,,0,95.01158374712669,0.9071502876046287,0.26769537627236406,1.1300182463310708,0,0,178.91015790818022,177.74249903747412,179.60733097586683,0,0,0,0,0
459,15.266666666666667,1,1,604.7095489501953,291.4339542388916,573.4103775024414,371.71826362609863,551.4423370361328,384.05808448791504,539.1563415527344,172.42097854614258,589.0599632263184,331.5761089324951,,,,,,,,0,95.07089395664498,0.9063725579109432,0.26502903205718414,1.1238835056096133,0,0,178.87290910242157,177.76104185714703,179.84804891154332,0,0,0,0,0
460,15.3,0,1,604.7095489501953,291.4339542388916,573.4103775024414,371.71826362609863,551.4423370361328,384.05808448791504,539.1563415527344,172.42097854614258,589.0599632263184,331.5761089324951,,,,,,,,0,95.07089395664498,0.9063725579109432,0.26502903205718414,1.1238835056096133,0,0,178.87290910242157,177.76104185714703,179.84804891154332,0,0,0,0,0
461,15.333333333333334,0,1,604.7095489501953,291.4339542388916,573.4103775024414,371.71826362609863,551.4423370361328,384.05808448791504,539.1563415527344,172.42097854614258,589.0599632263184,331.5761089324951,,,,,,,,0,95.07089395664498,0.9063725579109432,0.26502903205718414,1.1238835056096133,0,0,178.87290910242157,177.76104185714703,179.84804891154332,0,0,0,0,0
462,15.366666666666667,1,1,605.0773620605469,291.5383529663086,573.191032409668,371.43399238586426,551.0513687133789,384.3639278411865,538.8877868652344,172.24243640899658,589.1341972351074,331.4861726760864,,,,,,,,0,94.92736027947696,0.9062039659443206,0.27008859687831727,1.1314225668481828,0,0,176.34762364991946,178.41538522404807,179.84174122224138,0,0,0,0,0
463,15.4,0,1,605.0773620605469,291.5383529663086,573.191032409668,371.43399238586426,551.0513687133789,384.3639278411865,538.8877868652344,172.24243640899658,589.1341972351074,331.4861726760864,,,,,,,,0,94.92736027947696,0.9062039659443206,0.27008859687831727,1.1314225668481828,0,0,176.34762364991946,178.41538522404807,179.84174122224138,0,0,0,0,0
464,15.433333333333334,0,1,605.0773620605469,291.5383529663086,573.191032409668,371.43399238586426,551.0513687133789,384.3639278411865,538.8877868652344,172.24243640899658,589.1341972351074,331.4861726760864,,,,,,,,0,94.92736027947696,0.9062039659443206,0.27008859687831727,1.1314225668481828,0,0,176.34762364991946,178.41538522404807,179.84174122224138,0,0,0,0,0
465,15.466666666666667,1,1,605.8498764038086,290.4979133605957,573.3539962768555,371.25752449035645,551.2643814086914,384.6687412261963,538.8113403320312,171.74378871917725,589.601936340332,330.8777189254761,,,,,,,,0,95.07296905363684,0.9156363460889354,0.2718128559953751,1.1448810157204536,0,0,174.79940970534656,178.28126107932383,179.79064326571418,0,0,0,0,0
466,15.5,0,1,605.8498764038086,290.4979133605957,573.3539962768555,371.25752449035645,551.2643814086914,384.6687412261963,538.8113403320312,171.74378871917725,589.601936340332,330.8777189254761,,,,,,,,0,95.07296905363684,0.9156363460889354,0.2718128559953751,1.1448810157204536,0,0,174.79940970534656,178.28126107932383,179.79064326571418,0,0,0,0,0
467,15.533333333333333,0,1,605.8498764038086,290.4979133605957,573.3539962768555,371.25752449035645,551.2643814086914,384.6687412261963,538.8113403320312,171.74378871917725,589.601936340332,330.8777189254761,,,,,,,,0,95.07296905363684,0.9156363460889354,0.2718128559953751,1.1448810157204536,0,0,174.79940970534656,178.28126107932383,179.79064326571418,0,0,0,0,0
468,15.566666666666666,1,1,605.6787872314453,291.00500106811523,573.3771896362305,371.6576099395752,551.3568496704102,384.3265628814697,538.9581298828125,171.84940338134766,589.5279884338379,331.3313055038452,,,,,,,,0,95.86711801819997,0.9062605565897683,0.26499888629377455,1.1263558862870253,0,0,177.1114045697886,178.8490291594862,179.8186917748711,0,0,0,0,0
469,15.6,0,1,605.6787872314453,291.00500106811523,573.3771896362305,371.6576099395752,551.3568496704102,384.3265628814697,538.9581298828125,171.84940338134766,589.5279884338379,331.3313055038452,,,,,,,,0,95.86711801819997,0.9062605565897683,0.26499888629377455,1.1263558862870253,0,0,177.1114045697886,178.8490291594862,179.8186917748711,0,0,0,0,0
470,15.633333333333333,0,1,605.6787872314453,291.00500106811523,573.3771896362305,371.6576099395752,551.3568496704102,384.3265628814697,538.9581298828125,171.84940338134766,589.5279884338379,331.3313055038452,,,,,,,,0,95.86711801819997,0.9062605565897683,0.26499888629377455,1.1263558862870253,0,0,177.1114045697886,178.8490291594862,179.8186917748711,0,0,0,0,0
471,15.666666666666666,1,1,605.7579040527344,291.36609077453613,573.353157043457,371.910982131958,551.3443374633789,384.0493583679199,539.4312286376953,171.60929203033447,589.5555305480957,331.63853645324707,,,,,,,,0,95.05484948667163,0.9133573804648094,0.26441792553666954,1.1306702640343558,0,0,178.90068288447964,177.65706966132458,179.97202354488172,0,0,0,0,0
472,15.7,0,1,605.7579040527344,291.36609077453613,573.353157043457,371.910982131958,551.3443374633789,384.0493583679199,539.4312286376953,171.60929203033447,589.5555305480957,331.63853645324707,,,,,,,,0,95.05484948667163,0.9133573804648094,0.26441792553666954,1.1306702640343558,0,0,178.90068288447964,177.65706966132458,179.97202354488172,0,0,0,0,0
473,15.733333333333333,0,1,605.7579040527344,291.36609077453613,573.353157043457,371.910982131958,551.3443374633789,384.0493583679199,539.4312286376953,171.60929203033447,589.5555305480957,331.63853645324707,,,,,,,,0,95.05484948667163,0.9133573804648094,0.26441792553666954,1.1306702640343558,0,0,178.90068288447964,177.65706966132458,179.97202354488172,0,0,0,0,0
474,15.766666666666667,1,1,606.4134979248047,291.37524604797363,573.0336380004883,371.8825149536133,551.2114715576172,383.62767219543457,538.4576034545898,171.65709972381592,589.7235679626465,331.62888050079346,,,,,,,,0,95.10218832781449,0.9164136397166093,0.2605845851260006,1.130437577814598,0,0,179.82528702783046,178.25291527112068,179.8780534375351,0,0,0,0,0
475,15.8,0,1,606.4134979248047,291.37524604797363,573.0336380004883,371.8825149536133,551.2114715576172,383.62767219543457,538.4576034545898,171.65709972381592,589.7235679626465,331.62888050079346,,,,,,,,0,95.10218832781449,0.9164136397166093,0.2605845851260006,1.130437577814598,0,0,179.82528702783046,178.25291527112068,179.8780534375351,0,0,0,0,0
476,15.833333333333334,0,1,606.4134979248047,291.37524604797363,573.0336380004883,371.8825149536133,551.2114715576172,383.62767219543457,538.4576034545898,171.65709972381592,589.7235679626465,331.62888050079346,,,,,,,,0,95.10218832781449,0.9164136397166093,0.2605845851260006,1.130437577814598,0,0,179.82528702783046,178.25291527112068,179.8780534375351,0,0,0,0,0
477,15.866666666666667,1,1,606.1582183837891,290.751428604126,573.3062744140625,371.5459442138672,551.2111663818359,383.6927604675293,538.9918899536133,172.21123695373535,589.7322463989258,331.1486864089966,,,,,,,,0,94.18803656722389,0.9260001944148607,0.2676970987271277,1.146311576361179,0,0,178.0233500984876,177.83463088783208,179.88465010218255,0,0,0,0,0
478,15.9,0,1,606.1582183837891,290.751428604126,573.3062744140625,371.5459442138672,551.2111663818359,383.6927604675293,538.9918899536133,172.21123695373535,589.7322463989258,331.1486864089966,,,,,,,,0,94.18803656722389,0.9260001944148607,0.2676970987271277,1.146311576361179,0,0,178.0233500984876,177.83463088783208,179.88465010218255,0,0,0,0,0
479,15.933333333333334,0,1,606.1582183837891,290.751428604126,573.3062744140625,371.5459442138672,551.2111663818359,383.6927604675293,538.9918899536133,172.21123695373535,589.7322463989258,331.1486864089966,,,,,,,,0,94.18803656722389,0.9260001944148607,0.2676970987271277,1.146311576361179,0,0,178.0233500984876,177.83463088783208,179.88465010218255,0,0,0,0,0
480,15.966666666666667,1,1,605.9101867675781,290.41863441467285,573.4025192260742,371.7201805114746,551.3961791992188,383.7656593322754,539.2942428588867,172.00312614440918,589.6563529968262,331.06940746307373,,,,,,,,0,95.18170508844939,0.9199208594031105,0.2635726979575972,1.135714394579503,0,0,178.79878096700764,177.91775291567237,179.71606970292765,0,0,0,0,0
481,16.0,0,1,605.9101867675781,290.41863441467285,573.4025192260742,371.7201805114746,551.3961791992188,383.7656593322754,539.2942428588867,172.00312614440918,589.6563529968262,331.06940746307373,,,,,,,,0,95.18170508844939,0.9199208594031105,0.2635726979575972,1.135714394579503,0,0,178.79878096700764,177.91775291567237,179.71606970292765,0,0,0,0,0
482,16.033333333333335,0,1,605.9101867675781,290.41863441467285,573.4025192260742,371.7201805114746,551.3961791992188,383.7656593322754,539.2942428588867,172.00312614440918,589.6563529968262,331.06940746307373,,,,,,,,0,95.18170508844939,0.9199208594031105,0.2635726979575972,1.135714394579503,0,0,178.79878096700764,177.91775291567237,179.71606970292765,0,0,0,0,0
483,16.066666666666666,1,1,605.5461883544922,290.9186267852783,573.0302047729492,371.04477882385254,551.5072631835938,384.0762519836426,539.359130859375,171.68124675750732,589.2881965637207,330.98170280456543,,,,,,,,0,93.83312559714163,0.9215559784306472,0.2681420881420638,1.1477456083274766,0,0,179.71128593368687,177.6452370471515,179.8506465589422,0,0,0,0,0
484,16.1,0,1,605.5461883544922,290.9186267852783,573.0302047729492,371.04477882385254,551.5072631835938,384.0762519836426,539.359130859375,171.68124675750732,589.2881965637207,330.98170280456543,,,,,,,,0,93.83312559714163,0.9215559784306472,0.2681420881420638,1.1477456083274766,0,0,179.71128593368687,177.6452370471515,179.8506465589422,0,0,0,0,0
485,16.133333333333333,0,1,605.5461883544922,290.9186267852783,573.0302047729492,371.04477882385254,551.5072631835938,384.0762519836426,539.359130859375,171.68124675750732,589.2881965637207,330.98170280456543,,,,,,,,0,93.83312559714163,0.9215559784306472,0.2681420881420638,1.1477456083274766,0,0,179.71128593368687,177.6452370471515,179.8506465589422,0,0,0,0,0
486,16.166666666666668,1,1,605.5891799926758,291.25877380371094,573.3417510986328,372.16904640197754,551.7143249511719,384.03173446655273,538.6818695068359,171.8550682067871,589.4654655456543,331.71391010284424,,,,,,,,0,95.49452491882482,0.9120917040620323,0.25830970947354637,1.1234309965187508,0,0,178.74898645703104,177.34715839890578,179.826410596438,0,0,0,0,0
487,16.2,0,1,605.5891799926758,291.25877380371094,573.3417510986328,372.16904640197754,551.7143249511719,384.03173446655273,538.6818695068359,171.8550682067871,589.4654655456543,331.71391010284424,,,,,,,,0,95.49452491882482,0.9120917040620323,0.25830970947354637,1.1234309965187508,0,0,178.74898645703104,177.34715839890578,179.826410596438,0,0,0,0,0
488,16.233333333333334,0,1,605.5891799926758,291.25877380371094,573.3417510986328,372.16904640197754,551.7143249511719,384.03173446655273,538.6818695068359,171.8550682067871,589.4654655456543,331.71391010284424,,,,,,,,0,95.49452491882482,0.9120917040620323,0.25830970947354637,1.1234309965187508,0,0,178.74898645703104,177.34715839890578,179.826410596438,0,0,0,0,0
489,16.266666666666666,1,1,605.9493637084961,290.58857917785645,572.3623657226562,372.3157596588135,550.8375549316406,383.7454605102539,538.8436508178711,171.4555549621582,589.1558647155762,331.45216941833496,,,,,,,,0,96.09314815587301,0.9195202691808531,0.2536206127079668,1.1263887107687358,0,0,176.88020852847308,177.5886476223916,179.94065297455344,0,0,0,0,0
490,16.3,0,1,605.9493637084961,290.58857917785645,572.3623657226562,372.3157596588135,550.8375549316406,383.7454605102539,538.8436508178711,171.4555549621582,589.1558647155762,331.45216941833496,,,,,,,,0,96.09314815587301,0.9195202691808531,0.2536206127079668,1.1263887107687358,0,0,176.88020852847308,177.5886476223916,179.94065297455344,0,0,0,0,0
491,16.333333333333332,0,1,605.9493637084961,290.58857917785645,572.3623657226562,372.3157596588135,550.8375549316406,383.7454605102539,538.8436508178711,171.4555549621582,589.1558647155762,331.45216941833496,,,,,,,,0,96.09314815587301,0.9195202691808531,0.2536206127079668,1.1263887107687358,0,0,176.88020852847308,177.5886476223916,179.94065297455344,0,0,0,0,0
492,16.366666666666667,1,1,605.9279251098633,290.9314155578613,572.7853393554688,371.55704498291016,550.548210144043,384.2530345916748,538.8615417480469,170.8586311340332,589.356632232666,331.24423027038574,,,,,,,,0,96.09955380391848,0.907098928325808,0.2664550509637819,1.1292095153728368,0,0,176.8260232684548,178.056801600095,179.6841009480281,0,0,0,0,0
493,16.4,0,1,605.9279251098633,290.9314155578613,572.7853393554688,371.55704498291016,550.548210144043,384.2530345916748,538.8615417480469,170.8586311340332,589.356632232666,331.24423027038574,,,,,,,,0,96.09955380391848,0.907098928325808,0.2664550509637819,1.1292095153728368,0,0,176.8260232684548,178.056801600095,179.6841009480281,0,0,0,0,0
494,16.433333333333334,0,1,605.9279251098633,290.9314155578613,572.7853393554688,371.55704498291016,550.548210144043,384.2530345916748,538.8615417480469,170.8586311340332,589.356632232666,331.24423027038574,,,,,,,,0,96.09955380391848,0.907098928325808,0.2664550509637819,1.1292095153728368,0,0,176.8260232684548,178.056801600095,179.6841009480281,0,0,0,0,0
495,16.466666666666665,1,1,604.908561706543,290.52377700805664,573.9328765869141,369.530725479126,550.8833312988281,383.6462688446045,539.6822738647461,170.77041149139404,589.4207191467285,330.0272512435913,,,,,,,,0,93.80727262932673,0.9046440191474264,0.2881260655070674,1.1476647059628307,0,0,179.40127499665468,178.96902431190554,179.253227720381,0,0,0,0,0
496,16.5,0,1,604.908561706543,290.52377700805664,573.9328765869141,369.530725479126,550.8833312988281,383.6462688446045,539.6822738647461,170.77041149139404,589.4207191467285,330.0272512435913,,,,,,,,0,93.80727262932673,0.9046440191474264,0.2881260655070674,1.1476647059628307,0,0,179.40127499665468,178.96902431190554,179.253227720381,0,0,0,0,0
497,16.533333333333335,0,1,604.908561706543,290.52377700805664,573.9328765869141,369.530725479126,550.8833312988281,383.6462688446045,539.6822738647461,170.77041149139404,589.4207191467285,330.0272512435913,,,,,,,,0,93.80727262932673,0.9046440191474264,0.2881260655070674,1.1476647059628307,0,0,179.40127499665468,178.96902431190554,179.253227720381,0,0,0,0,0
498,16.566666666666666,1,1,605.5529403686523,290.26625633239746,573.5374069213867,370.2789115905762,551.0022354125977,383.55809211730957,539.1918563842773,171.0275173187256,589.5451736450195,330.2725839614868,,,,,,,,0,94.57141392718027,0.9112706786709147,0.27658098483541144,1.1427353499071176,0,0,178.50289028465505,178.27648548826448,179.62937731528453,0,0,0,0,0
499,16.6,0,1,605.5529403686523,290.26625633239746,573.5374069213867,370.2789115905762,551.0022354125977,383.55809211730957,539.1918563842773,171.0275173187256,589.5451736450195,330.2725839614868,,,,,,,,0,94.57141392718027,0.9112706786709147,0.27658098483541144,1.1427353499071176,0,0,178.50289028465505,178.27648548826448,179.62937731528453,0,0,0,0,0
500,16.633333333333333,0,1,605.5529403686523,290.26625633239746,573.5374069213867,370.2789115905762,551.0022354125977,383.55809211730957,539.1918563842773,171.0275173187256,589.5451736450195,330.2725839614868,,,,,,,,0,94.57141392718027,0.9112706786709147,0.27658098483541144,1.1427353499071176,0,0,178.50289028465505,178.27648548826448,179.62937731528453,0,0,0,0,0
501,16.666666666666668,1,1,606.0588073730469,290.92174530029297,573.0022048950195,370.8534622192383,550.9775924682617,383.2400608062744,539.5536041259766,170.7641887664795,589.5305061340332,330.8876037597656,,,,,,,,0,94.80977842013037,0.9123268321424589,0.2665208492289492,1.1338670303875131,0,0,177.2230033922343,177.732032811233,180.0,0,0,0,0,0
502,16.7,0,1,606.0588073730469,290.92174530029297,573.0022048950195,370.8534622192383,550.9775924682617,383.2400608062744,539.5536041259766,170.7641887664795,589.5305061340332,330.8876037597656,,,,,,,,0,94.80977842013037,0.9123268321424589,0.2665208492289492,1.1338670303875131,0,0,177.2230033922343,177.732032811233,180.0,0,0,0,0,0
503,16.733333333333334,0,1,606.0588073730469,290.92174530029297,573.0022048950195,370.8534622192383,550.9775924682617,383.2400608062744,539.5536041259766,170.7641887664795,589.5305061340332,330.8876037597656,,,,,,,,0,94.80977842013037,0.9123268321424589,0.2665208492289492,1.1338670303875131,0,0,177.2230033922343,177.732032811233,180.0,0,0,0,0,0
504,16.766666666666666,1,1,606.2700653076172,290.8184337615967,572.7109527587891,370.2234649658203,550.8922958374023,382.85287857055664,539.2631530761719,170.72490692138672,589.4905090332031,330.5209493637085,,,,,,,,0,95.49536625558635,0.902718269312491,0.2639943128371396,1.124772869868399,0,0,178.0050190885908,178.33810735696224,179.6767534570307,0,0,0,0,0
505,16.8,0,1,606.2700653076172,290.8184337615967,572.7109527587891,370.2234649658203,550.8922958374023,382.85287857055664,539.2631530761719,170.72490692138672,589.4905090332031,330.5209493637085,,,,,,,,0,95.49536625558635,0.902718269312491,0.2639943128371396,1.124772869868399,0,0,178.0050190885908,178.33810735696224,179.6767534570307,0,0,0,0,0
506,16.833333333333332,0,1,606.2700653076172,290.8184337615967,572.7109527587891,370.2234649658203,550.8922958374023,382.85287857055664,539.2631530761719,170.72490692138672,589.4905090332031,330.5209493637085,,,,,,,,0,95.49536625558635,0.902718269312491,0.2639943128371396,1.124772869868399,0,0,178.0050190885908,178.33810735696224,179.6767534570307,0,0,0,0,0
507,16.866666666666667,1,1,605.6378936767578,290.6476593017578,573.6790466308594,369.72973823547363,551.6772079467773,382.9036045074463,539.5085906982422,170.39324283599854,589.6584701538086,330.1886987686157,,,,,,,,0,96.04165616434486,0.888110693764044,0.26701257520330335,1.1128300195815235,0,0,179.61234613101308,177.99250138899032,179.94404708809589,0,0,0,0,0
508,16.9,0,1,605.6378936767578,290.6476593017578,573.6790466308594,369.72973823547363,551.6772079467773,382.9036045074463,539.5085906982422,170.39324283599854,589.6584701538086,330.1886987686157,,,,,,,,0,96.04165616434486,0.888110693764044,0.26701257520330335,1.1128300195815235,0,0,179.61234613101308,177.99250138899032,179.94404708809589,0,0,0,0,0
509,16.933333333333334,0,1,605.6378936767578,290.6476593017578,573.6790466308594,369.72973823547363,551.6772079467773,382.9036045074463,539.5085906982422,170.39324283599854,589.6584701538086,330.1886987686157,,,,,,,,0,96.04165616434486,0.888110693764044,0.26701257520330335,1.1128300195815235,0,0,179.61234613101308,177.99250138899032,179.94404708809589,0,0,0,0,0
510,16.966666666666665,1,1,608.7166213989258,288.5581398010254,574.2792510986328,367.219877243042,551.472282409668,381.87621116638184,537.4686431884766,169.7013759613037,591.4979362487793,327.8890085220337,,,,,,,,0,93.64036619898576,0.9170156032463372,0.28951462328795186,1.1691200776861164,0,0,175.90643125796086,177.55871935057726,179.9010882830616,0,0,0,0,0
511,17.0,0,1,608.7166213989258,288.5581398010254,574.2792510986328,367.219877243042,551.472282409668,381.87621116638184,537.4686431884766,169.7013759613037,591.4979362487793,327.8890085220337,,,,,,,,0,93.64036619898576,0.9170156032463372,0.28951462328795186,1.1691200776861164,0,0,175.90643125796086,177.55871935057726,179.9010882830616,0,0,0,0,0
512,17.033333333333335,0,1,608.7166213989258,288.5581398010254,574.2792510986328,367.219877243042,551.472282409668,381.87621116638184,537.4686431884766,169.7013759613037,591.4979362487793,327.8890085220337,,,,,,,,0,93.64036619898576,0.9170156032463372,0.28951462328795186,1.1691200776861164,0,0,175.90643125796086,177.55871935057726,179.9010882830616,0,0,0,0,0
513,17.066666666666666,1,1,611.7667388916016,279.1108989715576,578.6929702758789,359.0790367126465,554.0933609008789,373.8088130950928,534.8041534423828,164.11595821380615,595.2298545837402,319.09496784210205,,,,,,,,0,94.20791954367316,0.9185822361229273,0.30435243780169663,1.1769490505810862,0,0,171.54448197882724,177.0162654696482,179.96573597990397,0,0,0,0,0
514,17.1,0,1,611.7667388916016,279.1108989715576,578.6929702758789,359.0790367126465,554.0933609008789,373.8088130950928,534.8041534423828,164.11595821380615,595.2298545837402,319.09496784210205,,,,,,,,0,94.20791954367316,0.9185822361229273,0.30435243780169663,1.1769490505810862,0,0,171.54448197882724,177.0162654696482,179.96573597990397,0,0,0,0,0
515,17.133333333333333,0,1,611.7667388916016,279.1108989715576,578.6929702758789,359.0790367126465,554.0933609008789,373.8088130950928,534.8041534423828,164.11595821380615,595.2298545837402,319.09496784210205,,,,,,,,0,94.20791954367316,0.9185822361229273,0.30435243780169663,1.1769490505810862,0,0,171.54448197882724,177.0162654696482,179.96573597990397,0,0,0,0,0
516,17.166666666666668,1,1,615.9152984619141,258.3391857147217,592.5146102905273,336.6496181488037,561.1561584472656,351.4885425567627,527.1134567260742,145.6792402267456,604.2149543762207,297.4944019317627,,,,,,,,0,92.70173089733643,0.8816661353446529,0.3742342537757128,1.165594287747908,0,0,175.013119140854,179.1586031765292,178.91051706948062,0,0,0,0,0
517,17.2,0,1,615.9152984619141,258.3391857147217,592.5146102905273,336.6496181488037,561.1561584472656,351.4885425567627,527.1134567260742,145.6792402267456,604.2149543762207,297.4944019317627,,,,,,,,0,92.70173089733643,0.8816661353446529,0.3742342537757128,1.165594287747908,0,0,175.013119140854,179.1586031765292,178.91051706948062,0,0,0,0,0
518,17.233333333333334,0,1,615.9152984619141,258.3391857147217,592.5146102905273,336.6496181488037,561.1561584472656,351.4885425567627,527.1134567260742,145.6792402267456,604.2149543762207,297.4944019317627,,,,,,,,0,92.70173089733643,0.8816661353446529,0.3742342537757128,1.165594287747908,0,0,175.013119140854,179.1586031765292,178.91051706948062,0,0,0,0,0
519,17.266666666666666,1,1,626.6992950439453,230.50249099731445,612.6310348510742,293.7772750854492,587.1538543701172,309.7148609161377,523.1448364257812,118.81351232528687,619.6651649475098,262.13988304138184,,,,,,,,0,84.92304665610662,0.7632776086137963,0.35386756695068555,1.0425317553386453,0,0,176.42335420027658,176.41531594579067,179.8780534375351,0,0,0,0,0
520,17.3,0,1,626.6992950439453,230.50249099731445,612.6310348510742,293.7772750854492,587.1538543701172,309.7148609161377,523.1448364257812,118.81351232528687,619.6651649475098,262.13988304138184,,,,,,,,0,84.92304665610662,0.7632776086137963,0.35386756695068555,1.0425317553386453,0,0,176.42335420027658,176.41531594579067,179.8780534375351,0,0,0,0,0
521,17.333333333333332,0,1,626.6992950439453,230.50249099731445,612.6310348510742,293.7772750854492,587.1538543701172,309.7148609161377,523.1448364257812,118.81351232528687,619.6651649475098,262.13988304138184,,,,,,,,0,84.92304665610662,0.7632776086137963,0.35386756695068555,1.0425317553386453,0,0,176.42335420027658,176.41531594579067,179.8780534375351,0,0,0,0,0
522,17.366666666666667,1,1,626.7901611328125,187.02919006347656,615.8960342407227,230.12907028198242,596.5296173095703,241.29655838012695,517.8249740600586,83.30223798751831,621.3430976867676,208.5791301727295,,,,,,,,0,70.05220038319979,0.6346037595064082,0.3191271098704522,0.8869687301075112,0,0,171.36546060822826,178.40369609429663,174.589300908714,0,0,0,0,0
523,17.4,0,1,626.7901611328125,187.02919006347656,615.8960342407227,230.12907028198242,596.5296173095703,241.29655838012695,517.8249740600586,83.30223798751831,621.3430976867676,208.5791301727295,,,,,,,,0,70.05220038319979,0.6346037595064082,0.3191271098704522,0.8869687301075112,0,0,171.36546060822826,178.40369609429663,174.589300908714,0,0,0,0,0
524,17.433333333333334,0,1,626.7901611328125,187.02919006347656,615.8960342407227,230.12907028198242,596.5296173095703,241.29655838012695,517.8249740600586,83.30223798751831,621.3430976867676,208.5791301727295,,,,,,,,0,70.05220038319979,0.6346037595064082,0.3191271098704522,0.8869687301075112,0,0,171.36546060822826,178.40369609429663,174.589300908714,0,0,0,0,0
525,17.466666666666665,1,1,595.8679962158203,131.96185111999512,583.3137893676758,165.5833625793457,568.5023498535156,177.35605716705322,494.5978546142578,57.02694654464722,589.590892791748,148.7726068496704,,,,,,,,0,56.39992937627966,0.6363290578099947,0.33546547931517434,0.939803217510655,0,0,165.99410074527185,176.91656421036393,170.88123943983177,0,0,0,0,0
526,17.5,0,1,595.8679962158203,131.96185111999512,583.3137893676758,165.5833625793457,568.5023498535156,177.35605716705322,494.5978546142578,57.02694654464722,589.590892791748,148.7726068496704,,,,,,,,0,56.39992937627966,0.6363290578099947,0.33546547931517434,0.939803217510655,0,0,165.99410074527185,176.91656421036393,170.88123943983177,0,0,0,0,0
527,17.533333333333335,0,1,595.8679962158203,131.96185111999512,583.3137893676758,165.5833625793457,568.5023498535156,177.35605716705322,494.5978546142578,57.02694654464722,589.590892791748,148.7726068496704,,,,,,,,0,56.39992937627966,0.6363290578099947,0.33546547931517434,0.939803217510655,0,0,165.99410074527185,176.91656421036393,170.88123943983177,0,0,0,0,0
528,17.566666666666666,1,0,,,,,,,,,,,,,,,,,,0,,,,,0,0,,,,0,0,0,0,0
529,17.6,0,0,,,,,,,,,,,,,,,,,,0,,,,,0,0,,,,0,0,0,0,0
530,17.633333333333333,0,0,,,,,,,,,,,,,,,,,,0,,,,,0,0,,,,0,0,0,0,0
531,17.666666666666668,1,0,,,,,,,,,,,,,,,,,,0,,,,,0,0,,,,0,0,0,0,0
532,17.7,0,0,,,,,,,,,,,,,,,,,,0,,,,,0,0,,,,0,0,0,0,0
533,17.733333333333334,0,0,,,,,,,,,,,,,,,,,,0,,,,,0,0,,,,0,0,0,0,0
534,17.766666666666666,1,0,,,,,,,,,,,,,,,,,,0,,,,,0,0,,,,0,0,0,0,0
535,17.8,0,0,,,,,,,,,,,,,,,,,,0,,,,,0,0,,,,0,0,0,0,0
536,17.833333333333332,0,0,,,,,,,,,,,,,,,,,,0,,,,,0,0,,,,0,0,0,0,0
537,17.866666666666667,1,1,215.92416763305664,203.16195487976074,200.68023681640625,209.58911418914795,194.42041397094727,199.9876070022583,235.08190155029297,58.56608748435974,208.30220222473145,206.37553453445435,106.29422211654109,13.268482208251953,38.22653579711914,40.463819137089985,0.1248278781673041,0.35962947972099113,0.3806775037379305,63,73.27667760442877,0.22576694965385774,0.1564189889410972,0.2966399083566956,1,1,178.1007052813606,142.68593355124548,132.07696213881266,0,0,0,0,0
538,17.9,0,1,215.92416763305664,203.16195487976074,200.68023681640625,209.58911418914795,194.42041397094727,199.9876070022583,235.08190155029297,58.56608748435974,208.30220222473145,206.37553453445435,106.29422211654109,13.268482208251953,38.22653579711914,40.463819137089985,0.1248278781673041,0.35962947972099113,0.3806775037379305,63,73.27667760442877,0.22576694965385774,0.1564189889410972,0.2966399083566956,1,2,178.1007052813606,142.68593355124548,132.07696213881266,0,0,0,0,0
539,17.933333333333334,0,1,215.92416763305664,203.16195487976074,200.68023681640625,209.58911418914795,194.42041397094727,199.9876070022583,235.08190155029297,58.56608748435974,208.30220222473145,206.37553453445435,106.29422211654109,13.268482208251953,38.22653579711914,40.463819137089985,0.1248278781673041,0.35962947972099113,0.3806775037379305,63,73.27667760442877,0.22576694965385774,0.1564189889410972,0.2966399083566956,1,3,178.1007052813606,142.68593355124548,132.07696213881266,0,0,0,0,0
540,17.966666666666665,1,1,188.19015502929688,240.1120662689209,176.6378402709961,257.0115852355957,161.00343704223633,243.7917995452881,216.01778030395508,78.2962417602539,182.41399765014648,248.5618257522583,106.29422211654109,13.268482208251953,38.22653579711914,40.463819137089985,0.1248278781673041,0.35962947972099113,0.3806775037379305,63,99.17079470714222,0.20641867342341227,0.20645501836667246,0.2766400588515218,1,4,171.5095066981617,151.65178327639202,140.28590622520474,-1,1,0,0,0
541,18.0,0,1,188.19015502929688,240.1120662689209,176.6378402709961,257.0115852355957,161.00343704223633,243.7917995452881,216.01778030395508,78.2962417602539,182.41399765014648,248.5618257522583,106.29422211654109,13.268482208251953,38.22653579711914,40.463819137089985,0.1248278781673041,0.35962947972099113,0.3806775037379305,63,99.17079470714222,0.20641867342341227,0.20645501836667246,0.2766400588515218,1,5,171.5095066981617,151.65178327639202,140.28590622520474,0,0,0,0,0
542,18.033333333333335,0,1,188.19015502929688,240.1120662689209,176.6378402709961,257.0115852355957,161.00343704223633,243.7917995452881,216.01778030395508,78.2962417602539,182.41399765014648,248.5618257522583,106.29422211654109,13.268482208251953,38.22653579711914,40.463819137089985,0.1248278781673041,0.35962947972099113,0.3806775037379305,63,99.17079470714222,0.20641867342341227,0.20645501836667246,0.2766400588515218,1,6,171.5095066981617,151.65178327639202,140.28590622520474,0,0,0,0,0
543,18.066666666666666,1,1,200.68891525268555,267.3126411437988,185.63861846923828,288.0824947357178,171.0036277770996,267.976655960083,203.25332641601562,104.4723129272461,193.1637668609619,277.6975679397583,106.29422211654109,13.268482208251953,38.22653579711914,40.463819137089985,0.1248278781673041,0.35962947972099113,0.3806775037379305,63,106.29422211654109,0.24130688201662176,0.23395633576370198,0.27934456320692497,1,7,166.9031919763732,148.89538654484585,123.21504306588652,1,1,1,0,1
544,18.1,0,1,200.68891525268555,267.3126411437988,185.63861846923828,288.0824947357178,171.0036277770996,267.976655960083,203.25332641601562,104.4723129272461,193.1637668609619,277.6975679397583,106.29422211654109,13.268482208251953,38.22653579711914,40.463819137089985,0.1248278781673041,0.35962947972099113,0.3806775037379305,63,106.29422211654109,0.24130688201662176,0.23395633576370198,0.27934456320692497,1,8,166.9031919763732,148.89538654484585,123.21504306588652,0,0,1,0,1
545,18.133333333333333,0,1,200.68891525268555,267.3126411437988,185.63861846923828,288.0824947357178,171.0036277770996,267.976655960083,203.25332641601562,104.4723129272461,193.1637668609619,277.6975679397583,106.29422211654109,13.268482208251953,38.22653579711914,40.463819137089985,0.1248278781673041,0.35962947972099113,0.3806775037379305,63,106.29422211654109,0.24130688201662176,0.23395633576370198,0.27934456320692497,1,9,166.9031919763732,148.89538654484585,123.21504306588652,0,0,1,0,1
546,18.166666666666668,1,1,216.90317153930664,278.8703441619873,198.24251174926758,303.0699920654297,179.17842864990234,280.1931953430176,201.14397048950195,117.06253051757812,207.5728416442871,290.9701681137085,106.29422211654109,13.268482208251953,38.22653579711914,40.463819137089985,0.1248278781673041,0.35962947972099113,0.3806775037379305,63,109.60863233119908,0.27879964569163945,0.27168453808813803,0.3443882879419029,1,10,162.7432999489507,147.24332674666223,121.21780039481028,1,1,1,0,1
547,18.2,0,1,216.90317153930664,278.8703441619873,198.24251174926758,303.0699920654297,179.17842864990234,280.1931953430176,201.14397048950195,117.06253051757812,207.5728416442871,290.9701681137085,106.29422211654109,13.268482208251953,38.22653579711914,40.463819137089985,0.1248278781673041,0.35962947972099113,0.3806775037379305,63,109.60863233119908,0.27879964569163945,0.27168453808813803,0.3443882879419029,1,11,162.7432999489507,147.24332674666223,121.21780039481028,0,0,1,0,1
548,18.233333333333334,0,1,216.90317153930664,278.8703441619873,198.24251174926758,303.0699920654297,179.17842864990234,280.1931953430176,201.14397048950195,117.06253051757812,207.5728416442871,290.9701681137085,106.29422211654109,13.268482208251953,38.22653579711914,40.463819137089985,0.1248278781673041,0.35962947972099113,0.3806775037379305,63,109.60863233119908,0.27879964569163945,0.27168453808813803,0.3443882879419029,1,12,162.7432999489507,147.24332674666223,121.21780039481028,0,0,1,0,1
549,18.266666666666666,1,1,222.27312088012695,278.2573127746582,200.71008682250977,302.39962577819824,177.67501831054688,285.2234745025635,203.7395477294922,122.32353687286377,211.49160385131836,290.3284692764282,106.29422211654109,13.268482208251953,38.22653579711914,40.463819137089985,0.1248278781673041,0.35962947972099113,0.3806775037379305,63,109.5396514117094,0.2955092633376904,0.26231466785157576,0.4120779627404814,1,13,165.542793683321,145.95141473356057,122.42892508419266,1,0,1,0,1
550,18.3,0,1,222.27312088012695,278.2573127746582,200.71008682250977,302.39962577819824,177.67501831054688,285.2234745025635,203.7395477294922,122.32353687286377,211.49160385131836,290.3284692764282,106.29422211654109,13.268482208251953,38.22653579711914,40.463819137089985,0.1248278781673041,0.35962947972099113,0.3806775037379305,63,109.5396514117094,0.2955092633376904,0.26231466785157576,0.4120779627404814,1,14,165.542793683321,145.95141473356057,122.42892508419266,0,0,1,0,1
551,18.333333333333332,0,1,222.27312088012695,278.2573127746582,200.71008682250977,302.39962577819824,177.67501831054688,285.2234745025635,203.7395477294922,122.32353687286377,211.49160385131836,290.3284692764282,106.29422211654109,13.268482208251953,38.22653579711914,40.463819137089985,0.1248278781673041,0.35962947972099113,0.3806775037379305,63,109.5396514117094,0.2955092633376904,0.26231466785157576,0.4120779627404814,1,15,165.542793683321,145.95141473356057,122.42892508419266,0,0,1,0,1
552,18.366666666666667,1,1,223.5782241821289,277.43431091308594,208.87876510620117,303.6599349975586,181.62050247192383,285.23998260498047,207.03561782836914,123.01587581634521,216.22849464416504,290.54712295532227,106.29422211654109,13.268482208251953,38.22653579711914,40.463819137089985,0.1248278781673041,0.35962947972099113,0.3806775037379305,63,109.05711407836449,0.27567410380940144,0.3016625088211183,0.39133271155551663,1,16,167.67292658369158,142.8268869130384,118.632319868517,1,0,1,0,1
553,18.4,0,1,223.5782241821289,277.43431091308594,208.87876510620117,303.6599349975586,181.62050247192383,285.23998260498047,207.03561782836914,123.01587581634521,216.22849464416504,290.54712295532227,106.29422211654109,13.268482208251953,38.22653579711914,40.463819137089985,0.1248278781673041,0.35962947972099113,0.3806775037379305,63,109.05711407836449,0.27567410380940144,0.3016625088211183,0.39133271155551663,1,17,167.67292658369158,142.8268869130384,118.632319868517,0,0,1,0,1
554,18.433333333333334,0,1,223.5782241821289,277.43431091308594,208.87876510620117,303.6599349975586,181.62050247192383,285.23998260498047,207.03561782836914,123.01587581634521,216.22849464416504,290.54712295532227,106.29422211654109,13.268482208251953,38.22653579711914,40.463819137089985,0.1248278781673041,0.35962947972099113,0.3806775037379305,63,109.05711407836449,0.27567410380940144,0.3016625088211183,0.39133271155551663,1,18,167.67292658369158,142.8268869130384,118.632319868517,0,0,1,0,1
555,18.466666666666665,1,1,223.1175994873047,279.5779609680176,211.61954879760742,298.41928482055664,189.60588455200195,284.6917247772217,211.35868072509766,122.99483299255371,217.36857414245605,288.9986228942871,106.29422211654109,13.268482208251953,38.22653579711914,40.463819137089985,0.1248278781673041,0.35962947972099113,0.3806775037379305,63,108.25646454268993,0.20389195573817206,0.23964532398300356,0.31314194979251964,1,19,165.26615042326313,142.26591328932645,121.3479763008799,0,0,1,0,1
556,18.5,0,1,223.1175994873047,279.5779609680176,211.61954879760742,298.41928482055664,189.60588455200195,284.6917247772217,211.35868072509766,122.99483299255371,217.36857414245605,288.9986228942871,106.29422211654109,13.268482208251953,38.22653579711914,40.463819137089985,0.1248278781673041,0.35962947972099113,0.3806775037379305,63,108.25646454268993,0.20389195573817206,0.23964532398300356,0.31314194979251964,1,20,165.26615042326313,142.26591328932645,121.3479763008799,0,0,1,0,1
557,18.533333333333335,0,1,223.1175994873047,279.5779609680176,211.61954879760742,298.41928482055664,189.60588455200195,284.6917247772217,211.35868072509766,122.99483299255371,217.36857414245605,288.9986228942871,106.29422211654109,13.268482208251953,38.22653579711914,40.463819137089985,0.1248278781673041,0.35962947972099113,0.3806775037379305,63,108.25646454268993,0.20389195573817206,0.23964532398300356,0.31314194979251964,1,21,165.26615042326313,142.26591328932645,121.3479763008799,0,0,1,0,1
558,18.566666666666666,1,1,222.74961471557617,281.30985260009766,213.19650650024414,298.34306716918945,191.41618728637695,286.97264671325684,214.89238739013672,126.31376266479492,217.97306060791016,289.82645988464355,106.29422211654109,13.268482208251953,38.22653579711914,40.463819137089985,0.1248278781673041,0.35962947972099113,0.3806775037379305,63,107.24528348260033,0.18209907707371417,0.22909792282621053,0.2968990763212579,1,22,164.09490623071767,142.8325336501299,122.73596958840128,0,0,1,0,1
559,18.6,0,1,222.74961471557617,281.30985260009766,213.19650650024414,298.34306716918945,191.41618728637695,286.97264671325684,214.89238739013672,126.31376266479492,217.97306060791016,289.82645988464355,106.29422211654109,13.268482208251953,38.22653579711914,40.463819137089985,0.1248278781673041,0.35962947972099113,0.3806775037379305,63,107.24528348260033,0.18209907707371417,0.22909792282621053,0.2968990763212579,1,23,164.09490623071767,142.8325336501299,122.73596958840128,0,0,1,0,1
560,18.633333333333333,0,1,222.74961471557617,281.30985260009766,213.19650650024414,298.34306716918945,191.41618728637695,286.97264671325684,214.89238739013672,126.31376266479492,217.97306060791016,289.82645988464355,106.29422211654109,13.268482208251953,38.22653579711914,40.463819137089985,0.1248278781673041,0.35962947972099113,0.3806775037379305,63,107.24528348260033,0.18209907707371417,0.22909792282621053,0.2968990763212579,1,24,164.09490623071767,142.8325336501299,122.73596958840128,0,0,1,0,1
561,18.666666666666668,1,1,222.1865463256836,284.062557220459,216.85998916625977,291.5793514251709,194.65299606323242,283.48148345947266,215.69238662719727,128.09919834136963,219.52326774597168,287.82095432281494,106.29422211654109,13.268482208251953,38.22653579711914,40.463819137089985,0.1248278781673041,0.35962947972099113,0.3806775037379305,63,108.57062627218046,0.08485472526398624,0.21771437292689888,0.25365683220319624,1,25,163.80357976249226,133.71567799340892,118.95096040916718,0,0,1,0,1
562,18.7,0,1,222.1865463256836,284.062557220459,216.85998916625977,291.5793514251709,194.65299606323242,283.48148345947266,215.69238662719727,128.09919834136963,219.52326774597168,287.82095432281494,106.29422211654109,13.268482208251953,38.22653579711914,40.463819137089985,0.1248278781673041,0.35962947972099113,0.3806775037379305,63,108.57062627218046,0.08485472526398624,0.21771437292689888,0.25365683220319624,1,26,163.80357976249226,133.71567799340892,118.95096040916718,0,0,1,0,1
563,18.733333333333334,0,1,222.1865463256836,284.062557220459,216.85998916625977,291.5793514251709,194.65299606323242,283.48148345947266,215.69238662719727,128.09919834136963,219.52326774597168,287.82095432281494,106.29422211654109,13.268482208251953,38.22653579711914,40.463819137089985,0.1248278781673041,0.35962947972099113,0.3806775037379305,63,108.57062627218046,0.08485472526398624,0.21771437292689888,0.25365683220319624,1,27,163.80357976249226,133.71567799340892,118.95096040916718,0,0,1,0,1
564,18.766666666666666,1,1,220.3508186340332,285.7884407043457,217.48748779296875,292.66018867492676,196.2527847290039,283.0942440032959,217.293701171875,129.58301067352295,218.91915321350098,289.22431468963623,106.29422211654109,13.268482208251953,38.22653579711914,40.463819137089985,0.1248278781673041,0.35962947972099113,0.3806775037379305,63,107.28561868188761,0.06938891864189288,0.21708324348749292,0.22601513721100386,1,28,167.92125389472358,130.2262061677521,115.87949372779688,0,0,1,0,1
565,18.8,0,1,220.3508186340332,285.7884407043457,217.48748779296875,292.66018867492676,196.2527847290039,283.0942440032959,217.293701171875,129.58301067352295,218.91915321350098,289.22431468963623,106.29422211654109,13.268482208251953,38.22653579711914,40.463819137089985,0.1248278781673041,0.35962947972099113,0.3806775037379305,63,107.28561868188761,0.06938891864189288,0.21708324348749292,0.22601513721100386,1,29,167.92125389472358,130.2262061677521,115.87949372779688,0,0,1,0,1
566,18.833333333333332,0,1,220.3508186340332,285.7884407043457,217.48748779296875,292.66018867492676,196.2527847290039,283.0942440032959,217.293701171875,129.58301067352295,218.91915321350098,289.22431468963623,106.29422211654109,13.268482208251953,38.22653579711914,40.463819137089985,0.1248278781673041,0.35962947972099113,0.3806775037379305,63,107.28561868188761,0.06938891864189288,0.21708324348749292,0.22601513721100386,1,30,167.92125389472358,130.2262061677521,115.87949372779688,0,0,1,0,1
567,18.866666666666667,1,1,219.5976448059082,285.5035972595215,220.4905891418457,291.31041526794434,199.49913024902344,282.68311500549316,217.2184181213379,130.53523063659668,220.04411697387695,288.4070062637329,106.29422211654109,13.268482208251953,38.22653579711914,40.463819137089985,0.1248278781673041,0.35962947972099113,0.3806775037379305,63,106.754375287383,0.05503355879013731,0.21259259956341744,0.19011354638857605,1,31,168.81790367395908,126.04900692594889,114.48320224803649,0,0,1,0,1
568,18.9,0,1,219.5976448059082,285.5035972595215,220.4905891418457,291.31041526794434,199.49913024902344,282.68311500549316,217.2184181213379,130.53523063659668,220.04411697387695,288.4070062637329,106.29422211654109,13.268482208251953,38.22653579711914,40.463819137089985,0.1248278781673041,0.35962947972099113,0.3806775037379305,63,106.754375287383,0.05503355879013731,0.21259259956341744,0.19011354638857605,1,32,168.81790367395908,126.04900692594889,114.48320224803649,0,0,1,0,1
569,18.933333333333334,0,1,219.5976448059082,285.5035972595215,220.4905891418457,291.31041526794434,199.49913024902344,282.68311500549316,217.2184181213379,130.53523063659668,220.04411697387695,288.4070062637329,106.29422211654109,13.268482208251953,38.22653579711914,40.463819137089985,0.1248278781673041,0.35962947972099113,0.3806775037379305,63,106.754375287383,0.05503355879013731,0.21259259956341744,0.19011354638857605,1,33,168.81790367395908,126.04900692594889,114.48320224803649,0,0,1,0,1
570,18.966666666666665,1,1,218.76068115234375,285.13893127441406,217.33482360839844,290.0343132019043,197.50032424926758,281.440486907959,217.85606384277344,130.61579704284668,218.0477523803711,287.5866222381592,106.29422211654109,13.268482208251953,38.22653579711914,40.463819137089985,0.1248278781673041,0.35962947972099113,0.3806775037379305,63,106.74686903859019,0.047765401988582756,0.2024998572196991,0.2021572112748143,1,34,171.63073650714085,122.3134923650982,113.4755274447859,0,0,1,0,1
571,19.0,0,1,218.76068115234375,285.13893127441406,217.33482360839844,290.0343132019043,197.50032424926758,281.440486907959,217.85606384277344,130.61579704284668,218.0477523803711,287.5866222381592,106.29422211654109,13.268482208251953,38.22653579711914,40.463819137089985,0.1248278781673041,0.35962947972099113,0.3806775037379305,63,106.74686903859019,0.047765401988582756,0.2024998572196991,0.2021572112748143,1,35,171.63073650714085,122.3134923650982,113.4755274447859,0,0,1,0,1
572,19.033333333333335,0,1,218.76068115234375,285.13893127441406,217.33482360839844,290.0343132019043,197.50032424926758,281.440486907959,217.85606384277344,130.61579704284668,218.0477523803711,287.5866222381592,106.29422211654109,13.268482208251953,38.22653579711914,40.463819137089985,0.1248278781673041,0.35962947972099113,0.3806775037379305,63,106.74686903859019,0.047765401988582756,0.2024998572196991,0.2021572112748143,1,36,171.63073650714085,122.3134923650982,113.4755274447859,0,0,1,0,1
573,19.066666666666666,1,1,216.81522369384766,284.02936935424805,215.92273712158203,287.04174041748047,197.43637084960938,277.77125358581543,216.89050674438477,128.88160228729248,216.36898040771484,285.53555488586426,106.29422211654109,13.268482208251953,38.22653579711914,40.463819137089985,0.1248278781673041,0.35962947972099113,0.3806775037379305,63,106.2561940878331,0.02956816529554329,0.19462969666045807,0.19165265062869244,1,37,176.17510183082865,119.28068732081711,111.42080214219892,0,0,1,0,1
574,19.1,0,1,216.81522369384766,284.02936935424805,215.92273712158203,287.04174041748047,197.43637084960938,277.77125358581543,216.89050674438477,128.88160228729248,216.36898040771484,285.53555488586426,106.29422211654109,13.268482208251953,38.22653579711914,40.463819137089985,0.1248278781673041,0.35962947972099113,0.3806775037379305,63,106.2561940878331,0.02956816529554329,0.19462969666045807,0.19165265062869244,1,38,176.17510183082865,119.28068732081711,111.42080214219892,0,0,1,0,1
575,19.133333333333333,0,1,216.81522369384766,284.02936935424805,215.92273712158203,287.04174041748047,197.43637084960938,277.77125358581543,216.89050674438477,128.88160228729248,216.36898040771484,285.53555488586426,106.29422211654109,13.268482208251953,38.22653579711914,40.463819137089985,0.1248278781673041,0.35962947972099113,0.3806775037379305,63,106.2561940878331,0.02956816529554329,0.19462969666045807,0.19165265062869244,1,39,176.17510183082865,119.28068732081711,111.42080214219892,0,0,1,0,1
576,19.166666666666668,1,1,214.97760772705078,284.0496826171875,214.14243698120117,286.93774223327637,196.89897537231445,277.7595520019531,214.85132217407227,127.85625457763672,214.56002235412598,285.49371242523193,106.29422211654109,13.268482208251953,38.22653579711914,40.463819137089985,0.1248278781673041,0.35962947972099113,0.3806775037379305,63,105.39961840810513,0.028523755467590537,0.18533249357117837,0.18161022177050729,1,40,176.78825294071333,122.85325286778674,113.61090246214759,0,0,1,0,1
577,19.2,0,1,214.97760772705078,284.0496826171875,214.14243698120117,286.93774223327637,196.89897537231445,277.7595520019531,214.85132217407227,127.85625457763672,214.56002235412598,285.49371242523193,106.29422211654109,13.268482208251953,38.22653579711914,40.463819137089985,0.1248278781673041,0.35962947972099113,0.3806775037379305,63,105.39961840810513,0.028523755467590537,0.18533249357117837,0.18161022177050729,1,41,176.78825294071333,122.85325286778674,113.61090246214759,0,0,1,0,1
578,19.233333333333334,0,1,214.97760772705078,284.0496826171875,214.14243698120117,286.93774223327637,196.89897537231445,277.7595520019531,214.85132217407227,127.85625457763672,214.56002235412598,285.49371242523193,106.29422211654109,13.268482208251953,38.22653579711914,40.463819137089985,0.1248278781673041,0.35962947972099113,0.3806775037379305,63,105.39961840810513,0.028523755467590537,0.18533249357117837,0.18161022177050729,1,42,176.78825294071333,122.85325286778674,113.61090246214759,0,0,1,0,1
579,19.266666666666666,1,1,211.58628463745117,277.7739715576172,209.8455047607422,282.6823139190674,194.09318923950195,274.1865921020508,210.22226333618164,122.43782043457031,210.71589469909668,280.2281427383423,106.29422211654109,13.268482208251953,38.22653579711914,40.463819137089985,0.1248278781673041,0.35962947972099113,0.3806775037379305,63,105.97930921951277,0.04914064887471427,0.16887525483492352,0.1684965352478676,1,43,174.83464312200556,126.7962669575453,115.81986037207875,-1,-1,2,1,2
580,19.3,0,1,211.58628463745117,277.7739715576172,209.8455047607422,282.6823139190674,194.09318923950195,274.1865921020508,210.22226333618164,122.43782043457031,210.71589469909668,280.2281427383423,106.29422211654109,13.268482208251953,38.22653579711914,40.463819137089985,0.1248278781673041,0.35962947972099113,0.3806775037379305,63,105.97930921951277,0.04914064887471427,0.16887525483492352,0.1684965352478676,1,44,174.83464312200556,126.7962669575453,115.81986037207875,0,0,2,1,2
581,19.333333333333332,0,1,211.58628463745117,277.7739715576172,209.8455047607422,282.6823139190674,194.09318923950195,274.1865921020508,210.22226333618164,122.43782043457031,210.71589469909668,280.2281427383423,106.29422211654109,13.268482208251953,38.22653579711914,40.463819137089985,0.1248278781673041,0.35962947972099113,0.3806775037379305,63,105.97930921951277,0.04914064887471427,0.16887525483492352,0.1684965352478676,1,45,174.83464312200556,126.7962669575453,115.81986037207875,0,0,2,1,2
582,19.366666666666667,1,1,200.84884643554688,271.0667324066162,198.79087448120117,274.40563201904297,184.22914505004883,265.1825523376465,202.63832092285156,116.02445840835571,199.81986045837402,272.7361822128296,106.29422211654109,13.268482208251953,38.22653579711914,40.463819137089985,0.1248278781673041,0.35962947972099113,0.3806775037379305,63,103.72142272615486,0.037814564332278824,0.1661841337178827,0.16998031201580438,1,46,171.99337029604257,128.48743562471256,116.61188098537292,-1,-1,2,1,2
583,19.4,0,1,200.84884643554688,271.0667324066162,198.79087448120117,274.40563201904297,184.22914505004883,265.1825523376465,202.63832092285156,116.02445840835571,199.81986045837402,272.7361822128296,106.29422211654109,13.268482208251953,38.22653579711914,40.463819137089985,0.1248278781673041,0.35962947972099113,0.3806775037379305,63,103.72142272615486,0.037814564332278824,0.1661841337178827,0.16998031201580438,1,47,171.99337029604257,128.48743562471256,116.61188098537292,0,0,2,1,2
584,19.433333333333334,0,1,200.84884643554688,271.0667324066162,198.79087448120117,274.40563201904297,184.22914505004883,265.1825523376465,202.63832092285156,116.02445840835571,199.81986045837402,272.7361822128296,106.29422211654109,13.268482208251953,38.22653579711914,40.463819137089985,0.1248278781673041,0.35962947972099113,0.3806775037379305,63,103.72142272615486,0.037814564332278824,0.1661841337178827,0.16998031201580438,1,48,171.99337029604257,128.48743562471256,116.61188098537292,0,0,2,1,2
585,19.466666666666665,1,1,189.58745956420898,257.65671730041504,185.7973289489746,263.4073734283447,174.8548698425293,254.94000434875488,192.28687286376953,103.80294799804688,187.6923942565918,260.5320453643799,106.29422211654109,13.268482208251953,38.22653579711914,40.463819137089985,0.1248278781673041,0.35962947972099113,0.3806775037379305,63,105.35096097606271,0.06537498067613444,0.1313320588008786,0.14220068591160345,1,49,174.05333856210902,132.16599478321285,118.84667312492047,-1,-1,2,1,2
586,19.5,0,1,189.58745956420898,257.65671730041504,185.7973289489746,263.4073734283447,174.8548698425293,254.94000434875488,192.28687286376953,103.80294799804688,187.6923942565918,260.5320453643799,106.29422211654109,13.268482208251953,38.22653579711914,40.463819137089985,0.1248278781673041,0.35962947972099113,0.3806775037379305,63,105.35096097606271,0.06537498067613444,0.1313320588008786,0.14220068591160345,1,50,174.05333856210902,132.16599478321285,118.84667312492047,0,0,2,1,2
587,19.533333333333335,0,1,189.58745956420898,257.65671730041504,185.7973289489746,263.4073734283447,174.8548698425293,254.94000434875488,192.28687286376953,103.80294799804688,187.6923942565918,260.5320453643799,106.29422211654109,13.268482208251953,38.22653579711914,40.463819137089985,0.1248278781673041,0.35962947972099113,0.3806775037379305,63,105.35096097606271,0.06537498067613444,0.1313320588008786,0.14220068591160345,1,51,174.05333856210902,132.16599478321285,118.84667312492047,0,0,2,1,2
588,19.566666666666666,1,1,184.00701522827148,241.5696144104004,179.94924545288086,242.03381538391113,171.46820068359375,232.67619609832764,188.26744079589844,88.90544414520264,181.97813034057617,241.80171489715576,106.29422211654109,13.268482208251953,38.22653579711914,40.463819137089985,0.1248278781673041,0.35962947972099113,0.3806775037379305,63,105.99625838069174,0.038531881932728135,0.11914628209934308,0.14502901201241902,1,52,177.55151422483095,130.97705279473203,117.04255393510009,-1,-1,2,1,2
589,19.6,0,1,184.00701522827148,241.5696144104004,179.94924545288086,242.03381538391113,171.46820068359375,232.67619609832764,188.26744079589844,88.90544414520264,181.97813034057617,241.80171489715576,106.29422211654109,13.268482208251953,38.22653579711914,40.463819137089985,0.1248278781673041,0.35962947972099113,0.3806775037379305,63,105.99625838069174,0.038531881932728135,0.11914628209934308,0.14502901201241902,1,53,177.55151422483095,130.97705279473203,117.04255393510009,0,0,2,1,2
590,19.633333333333333,0,1,184.00701522827148,241.5696144104004,179.94924545288086,242.03381538391113,171.46820068359375,232.67619609832764,188.26744079589844,88.90544414520264,181.97813034057617,241.80171489715576,106.29422211654109,13.268482208251953,38.22653579711914,40.463819137089985,0.1248278781673041,0.35962947972099113,0.3806775037379305,63,105.99625838069174,0.038531881932728135,0.11914628209934308,0.14502901201241902,1,54,177.55151422483095,130.97705279473203,117.04255393510009,0,0,2,1,2
591,19.666666666666668,1,1,187.67322540283203,221.01392269134521,181.04570388793945,225.97442150115967,173.34787368774414,219.22840118408203,186.4459991455078,69.17214632034302,184.35946464538574,223.49417209625244,106.29422211654109,13.268482208251953,38.22653579711914,40.463819137089985,0.1248278781673041,0.35962947972099113,0.3806775037379305,63,107.41861701367557,0.07706597519389226,0.09528605338582702,0.13439194782249286,1,55,175.0385630545182,136.31780312415074,118.79550104066837,1,-1,3,1,3
592,19.7,0,1,187.67322540283203,221.01392269134521,181.04570388793945,225.97442150115967,173.34787368774414,219.22840118408203,186.4459991455078,69.17214632034302,184.35946464538574,223.49417209625244,106.29422211654109,13.268482208251953,38.22653579711914,40.463819137089985,0.1248278781673041,0.35962947972099113,0.3806775037379305,63,107.41861701367557,0.07706597519389226,0.09528605338582702,0.13439194782249286,1,56,175.0385630545182,136.31780312415074,118.79550104066837,0,0,3,1,3
593,19.733333333333334,0,1,187.67322540283203,221.01392269134521,181.04570388793945,225.97442150115967,173.34787368774414,219.22840118408203,186.4459991455078,69.17214632034302,184.35946464538574,223.49417209625244,106.29422211654109,13.268482208251953,38.22653579711914,40.463819137089985,0.1248278781673041,0.35962947972099113,0.3806775037379305,63,107.41861701367557,0.07706597519389226,0.09528605338582702,0.13439194782249286,1,57,175.0385630545182,136.31780312415074,118.79550104066837,0,0,3,1,3
594,19.766666666666666,1,1,194.77182388305664,194.2340612411499,190.44410705566406,189.70494747161865,181.52786254882812,180.6773042678833,189.7187042236328,46.582850217819214,192.60796546936035,191.96950435638428,106.29422211654109,13.268482208251953,38.22653579711914,40.463819137089985,0.1248278781673041,0.35962947972099113,0.3806775037379305,63,103.94712236364867,0.060264716865637,0.12206676723006331,0.18232597396434833,1,58,179.16984123221837,128.1215927235925,110.04883461867355,1,-1,3,1,3
595,19.8,0,1,194.77182388305664,194.2340612411499,190.44410705566406,189.70494747161865,181.52786254882812,180.6773042678833,189.7187042236328,46.582850217819214,192.60796546936035,191.96950435638428,106.29422211654109,13.268482208251953,38.22653579711914,40.463819137089985,0.1248278781673041,0.35962947972099113,0.3806775037379305,63,103.94712236364867,0.060264716865637,0.12206676723006331,0.18232597396434833,1,59,179.16984123221837,128.1215927235925,110.04883461867355,0,0,3,1,3
596,19.833333333333332,0,1,194.77182388305664,194.2340612411499,190.44410705566406,189.70494747161865,181.52786254882812,180.6773042678833,189.7187042236328,46.582850217819214,192.60796546936035,191.96950435638428,106.29422211654109,13.268482208251953,38.22653579711914,40.463819137089985,0.1248278781673041,0.35962947972099113,0.3806775037379305,63,103.94712236364867,0.060264716865637,0.12206676723006331,0.18232597396434833,1,60,179.16984123221837,128.1215927235925,110.04883461867355,0,0,3,1,3
597,19.866666666666667,1,1,215.53813934326172,159.51843738555908,213.23314666748047,144.18620109558105,206.2405014038086,129.04396533966064,210.80965042114258,18.071817755699158,214.3856430053711,151.85231924057007,106.29422211654109,13.268482208251953,38.22653579711914,40.463819137089985,0.1248278781673041,0.35962947972099113,0.3806775037379305,63,96.28495450191274,0.16102755009339104,0.17322395490535641,0.3309058444467119,1,61,178.98876283141382,114.3286672930739,101.6939840091451,1,-1,3,1,3
598,19.9,0,1,215.53813934326172,159.51843738555908,213.23314666748047,144.18620109558105,206.2405014038086,129.04396533966064,210.80965042114258,18.071817755699158,214.3856430053711,151.85231924057007,106.29422211654109,13.268482208251953,38.22653579711914,40.463819137089985,0.1248278781673041,0.35962947972099113,0.3806775037379305,63,96.28495450191274,0.16102755009339104,0.17322395490535641,0.3309058444467119,1,62,178.98876283141382,114.3286672930739,101.6939840091451,0,0,3,1,3
599,19.933333333333334,0,1,215.53813934326172,159.51843738555908,213.23314666748047,144.18620109558105,206.2405014038086,129.04396533966064,210.80965042114258,18.071817755699158,214.3856430053711,151.85231924057007,106.29422211654109,13.268482208251953,38.22653579711914,40.463819137089985,0.1248278781673041,0.35962947972099113,0.3806775037379305,63,96.28495450191274,0.16102755009339104,0.17322395490535641,0.3309058444467119,1,63,178.98876283141382,114.3286672930739,101.6939840091451,0,0,3,1,3
600,19.966666666666665,1,0,,,,,,,,,,,,,,,,,,0,,,,,0,63,,,,0,0,3,1,3
601,20.0,0,0,,,,,,,,,,,,,,,,,,0,,,,,0,63,,,,0,0,3,1,3
602,20.033333333333335,0,0,,,,,,,,,,,,,,,,,,0,,,,,0,63,,,,0,0,3,1,3
603,20.066666666666666,1,0,,,,,,,,,,,,,,,,,,0,,,,,0,63,,,,0,0,3,1,3
604,20.1,0,0,,,,,,,,,,,,,,,,,,0,,,,,0,63,,,,0,0,3,1,3
605,20.133333333333333,0,0,,,,,,,,,,,,,,,,,,0,,,,,0,63,,,,0,0,3,1,3
606,20.166666666666668,1,0,,,,,,,,,,,,,,,,,,0,,,,,0,63,,,,0,0,3,1,3
607,20.2,0,0,,,,,,,,,,,,,,,,,,0,,,,,0,63,,,,0,0,3,1,3
608,20.233333333333334,0,0,,,,,,,,,,,,,,,,,,0,,,,,0,63,,,,0,0,3,1,3
609,20.266666666666666,1,0,,,,,,,,,,,,,,,,,,0,,,,,0,63,,,,0,0,3,1,3
610,20.3,0,0,,,,,,,,,,,,,,,,,,0,,,,,0,63,,,,0,0,3,1,3
611,20.333333333333332,0,0,,,,,,,,,,,,,,,,,,0,,,,,0,63,,,,0,0,3,1,3
612,20.366666666666667,1,0,,,,,,,,,,,,,,,,,,0,,,,,0,63,,,,0,0,3,1,3
613,20.4,0,0,,,,,,,,,,,,,,,,,,0,,,,,0,63,,,,0,0,3,1,3
614,20.433333333333334,0,0,,,,,,,,,,,,,,,,,,0,,,,,0,63,,,,0,0,3,1,3
615,20.466666666666665,1,0,,,,,,,,,,,,,,,,,,0,,,,,0,63,,,,0,0,3,1,3
616,20.5,0,0,,,,,,,,,,,,,,,,,,0,,,,,0,63,,,,0,0,3,1,3
617,20.533333333333335,0,0,,,,,,,,,,,,,,,,,,0,,,,,0,63,,,,0,0,3,1,3
618,20.566666666666666,1,0,,,,,,,,,,,,,,,,,,0,,,,,0,63,,,,0,0,3,1,3
619,20.6,0,0,,,,,,,,,,,,,,,,,,0,,,,,0,63,,,,0,0,3,1,3
620,20.633333333333333,0,0,,,,,,,,,,,,,,,,,,0,,,,,0,63,,,,0,0,3,1,3
621,20.666666666666668,1,0,,,,,,,,,,,,,,,,,,0,,,,,0,63,,,,0,0,3,1,3
622,20.7,0,0,,,,,,,,,,,,,,,,,,0,,,,,0,63,,,,0,0,3,1,3
623,20.733333333333334,0,0,,,,,,,,,,,,,,,,,,0,,,,,0,63,,,,0,0,3,1,3
624,20.766666666666666,1,0,,,,,,,,,,,,,,,,,,0,,,,,0,63,,,,0,0,3,1,3
625,20.8,0,0,,,,,,,,,,,,,,,,,,0,,,,,0,63,,,,0,0,3,1,3
626,20.833333333333332,0,0,,,,,,,,,,,,,,,,,,0,,,,,0,63,,,,0,0,3,1,3
627,20.866666666666667,1,0,,,,,,,,,,,,,,,,,,0,,,,,0,63,,,,0,0,3,1,3
628,20.9,0,0,,,,,,,,,,,,,,,,,,0,,,,,0,63,,,,0,0,3,1,3
629,20.933333333333334,0,0,,,,,,,,,,,,,,,,,,0,,,,,0,63,,,,0,0,3,1,3
630,20.966666666666665,1,0,,,,,,,,,,,,,,,,,,0,,,,,0,63,,,,0,0,3,1,3
631,21.0,0,0,,,,,,,,,,,,,,,,,,0,,,,,0,63,,,,0,0,3,1,3
632,21.033333333333335,0,0,,,,,,,,,,,,,,,,,,0,,,,,0,63,,,,0,0,3,1,3
633,21.066666666666666,1,0,,,,,,,,,,,,,,,,,,0,,,,,0,63,,,,0,0,3,1,3
634,21.1,0,0,,,,,,,,,,,,,,,,,,0,,,,,0,63,,,,0,0,3,1,3
635,21.133333333333333,0,0,,,,,,,,,,,,,,,,,,0,,,,,0,63,,,,0,0,3,1,3
636,21.166666666666668,1,0,,,,,,,,,,,,,,,,,,0,,,,,0,63,,,,0,0,3,1,3
637,21.2,0,0,,,,,,,,,,,,,,,,,,0,,,,,0,63,,,,0,0,3,1,3
638,21.233333333333334,0,0,,,,,,,,,,,,,,,,,,0,,,,,0,63,,,,0,0,3,1,3
639,21.266666666666666,1,1,638.7756729125977,130.43171882629395,623.4484100341797,213.03889274597168,596.2783050537109,225.58784008026123,565.1338195800781,6.8646240234375,631.1120414733887,171.7353057861328,,,,,,,,0,90.21670030942194,0.9312808196498633,0.3317356075081106,1.1551602705151174,0,0,170.53680699340984,176.4468615133016,177.4062540311742,0,0,0,0,0
640,21.3,0,1,638.7756729125977,130.43171882629395,623.4484100341797,213.03889274597168,596.2783050537109,225.58784008026123,565.1338195800781,6.8646240234375,631.1120414733887,171.7353057861328,,,,,,,,0,90.21670030942194,0.9312808196498633,0.3317356075081106,1.1551602705151174,0,0,170.53680699340984,176.4468615133016,177.4062540311742,0,0,0,0,0
641,21.333333333333332,0,1,638.7756729125977,130.43171882629395,623.4484100341797,213.03889274597168,596.2783050537109,225.58784008026123,565.1338195800781,6.8646240234375,631.1120414733887,171.7353057861328,,,,,,,,0,90.21670030942194,0.9312808196498633,0.3317356075081106,1.1551602705151174,0,0,170.53680699340984,176.4468615133016,177.4062540311742,0,0,0,0,0
642,21.366666666666667,1,1,616.5814590454102,219.39857482910156,600.6144714355469,247.33946800231934,573.1716156005859,257.4652862548828,540.7704162597656,59.62779521942139,608.5979652404785,233.36902141571045,106.20473140253785,9.998809814453125,24.604904174804688,26.55894401434148,0.09414655714871659,0.23167427524059192,0.2500730773818127,6,104.95339833691843,0.3066249752819122,0.27870815518247044,0.5501143951698467,1,1,174.01640198552604,178.94278590433098,177.37683838957696,0,0,0,0,0
643,21.4,0,1,616.5814590454102,219.39857482910156,600.6144714355469,247.33946800231934,573.1716156005859,257.4652862548828,540.7704162597656,59.62779521942139,608.5979652404785,233.36902141571045,106.20473140253785,9.998809814453125,24.604904174804688,26.55894401434148,0.09414655714871659,0.23167427524059192,0.2500730773818127,6,104.95339833691843,0.3066249752819122,0.27870815518247044,0.5501143951698467,1,2,174.01640198552604,178.94278590433098,177.37683838957696,0,0,0,0,0
644,21.433333333333334,0,1,616.5814590454102,219.39857482910156,600.6144714355469,247.33946800231934,573.1716156005859,257.4652862548828,540.7704162597656,59.62779521942139,608.5979652404785,233.36902141571045,106.20473140253785,9.998809814453125,24.604904174804688,26.55894401434148,0.09414655714871659,0.23167427524059192,0.2500730773818127,6,104.95339833691843,0.3066249752819122,0.27870815518247044,0.5501143951698467,1,3,174.01640198552604,178.94278590433098,177.37683838957696,0,0,0,0,0
645,21.466666666666665,1,1,599.0701675415039,268.121337890625,578.1305694580078,297.0362949371338,552.3822784423828,301.9344234466553,529.3425369262695,112.06955194473267,588.6003684997559,282.5788164138794,106.20473140253785,9.998809814453125,24.604904174804688,26.55894401434148,0.09414655714871659,0.23167427524059192,0.2500730773818127,6,107.45606446815725,0.33223551953601366,0.2439140061237671,0.5364629238145208,1,4,175.71824044298418,175.22832794883263,173.81385108044128,-1,1,0,0,0
646,21.5,0,1,599.0701675415039,268.121337890625,578.1305694580078,297.0362949371338,552.3822784423828,301.9344234466553,529.3425369262695,112.06955194473267,588.6003684997559,282.5788164138794,106.20473140253785,9.998809814453125,24.604904174804688,26.55894401434148,0.09414655714871659,0.23167427524059192,0.2500730773818127,6,107.45606446815725,0.33223551953601366,0.2439140061237671,0.5364629238145208,1,5,175.71824044298418,175.22832794883263,173.81385108044128,0,0,0,0,0
647,21.533333333333335,0,1,599.0701675415039,268.121337890625,578.1305694580078,297.0362949371338,552.3822784423828,301.9344234466553,529.3425369262695,112.06955194473267,588.6003684997559,282.5788164138794,106.20473140253785,9.998809814453125,24.604904174804688,26.55894401434148,0.09414655714871659,0.23167427524059192,0.2500730773818127,6,107.45606446815725,0.33223551953601366,0.2439140061237671,0.5364629238145208,1,6,175.71824044298418,175.22832794883263,173.81385108044128,0,0,0,0,0
648,21.566666666666666,1,1,599.9796295166016,285.8026313781738,567.2036361694336,350.09608268737793,542.9923629760742,358.8701820373535,533.721809387207,151.40962600708008,583.5916328430176,317.9493570327759,,,,,,,,0,102.85243882844935,0.7016447695433914,0.2503790735147124,0.9009306379804858,0,0,178.25246726594375,179.7045863253599,179.55456662365097,0,0,0,0,0
649,21.6,0,1,599.9796295166016,285.8026313781738,567.2036361694336,350.09608268737793,542.9923629760742,358.8701820373535,533.721809387207,151.40962600708008,583.5916328430176,317.9493570327759,,,,,,,,0,102.85243882844935,0.7016447695433914,0.2503790735147124,0.9009306379804858,0,0,178.25246726594375,179.7045863253599,179.55456662365097,0,0,0,0,0
650,21.633333333333333,0,1,599.9796295166016,285.8026313781738,567.2036361694336,350.09608268737793,542.9923629760742,358.8701820373535,533.721809387207,151.40962600708008,583.5916328430176,317.9493570327759,,,,,,,,0,102.85243882844935,0.7016447695433914,0.2503790735147124,0.9009306379804858,0,0,178.25246726594375,179.7045863253599,179.55456662365097,0,0,0,0,0
651,21.666666666666668,1,1,600.8268737792969,289.4571876525879,570.6816482543945,370.50390243530273,549.5362091064453,382.8029537200928,533.5699081420898,171.13409042358398,585.7542610168457,329.9805450439453,,,,,,,,0,94.25257212698024,0.9174434945455742,0.2595381616722408,1.1300379889908867,0,0,177.75379805796274,178.3746603478951,179.94404708809589,0,0,0,0,0
652,21.7,0,1,600.8268737792969,289.4571876525879,570.6816482543945,370.50390243530273,549.5362091064453,382.8029537200928,533.5699081420898,171.13409042358398,585.7542610168457,329.9805450439453,,,,,,,,0,94.25257212698024,0.9174434945455742,0.2595381616722408,1.1300379889908867,0,0,177.75379805796274,178.3746603478951,179.94404708809589,0,0,0,0,0
653,21.733333333333334,0,1,600.8268737792969,289.4571876525879,570.6816482543945,370.50390243530273,549.5362091064453,382.8029537200928,533.5699081420898,171.13409042358398,585.7542610168457,329.9805450439453,,,,,,,,0,94.25257212698024,0.9174434945455742,0.2595381616722408,1.1300379889908867,0,0,177.75379805796274,178.3746603478951,179.94404708809589,0,0,0,0,0
654,21.766666666666666,1,1,600.5412673950195,290.13742446899414,569.7838592529297,373.3018970489502,548.3728408813477,383.3877468109131,535.596809387207,171.99874877929688,585.1625633239746,331.71966075897217,,,,,,,,0,94.84668718764875,0.9348758805570847,0.24953551095114326,1.1265669776014857,0,0,179.3928371851233,177.70356041893476,179.7375573611974,0,0,0,0,0
655,21.8,0,1,600.5412673950195,290.13742446899414,569.7838592529297,373.3018970489502,548.3728408813477,383.3877468109131,535.596809387207,171.99874877929688,585.1625633239746,331.71966075897217,,,,,,,,0,94.84668718764875,0.9348758805570847,0.24953551095114326,1.1265669776014857,0,0,179.3928371851233,177.70356041893476,179.7375573611974,0,0,0,0,0
656,21.833333333333332,0,1,600.5412673950195,290.13742446899414,569.7838592529297,373.3018970489502,548.3728408813477,383.3877468109131,535.596809387207,171.99874877929688,585.1625633239746,331.71966075897217,,,,,,,,0,94.84668718764875,0.9348758805570847,0.24953551095114326,1.1265669776014857,0,0,179.3928371851233,177.70356041893476,179.7375573611974,0,0,0,0,0
657,21.866666666666667,1,1,601.1797714233398,290.68016052246094,569.8219299316406,372.44542121887207,548.0001449584961,384.3556308746338,534.8940658569336,172.91483402252197,585.5008506774902,331.5627908706665,,,,,,,,0,94.90979320558982,0.9226876754238944,0.2619379697791996,1.1349513176852324,0,0,175.90834531196984,178.4207045284738,179.5264604802992,0,0,0,0,0
658,21.9,0,1,601.1797714233398,290.68016052246094,569.8219299316406,372.44542121887207,548.0001449584961,384.3556308746338,534.8940658569336,172.91483402252197,585.5008506774902,331.5627908706665,,,,,,,,0,94.90979320558982,0.9226876754238944,0.2619379697791996,1.1349513176852324,0,0,175.90834531196984,178.4207045284738,179.5264604802992,0,0,0,0,0
659,21.933333333333334,0,1,601.1797714233398,290.68016052246094,569.8219299316406,372.44542121887207,548.0001449584961,384.3556308746338,534.8940658569336,172.91483402252197,585.5008506774902,331.5627908706665,,,,,,,,0,94.90979320558982,0.9226876754238944,0.2619379697791996,1.1349513176852324,0,0,175.90834531196984,178.4207045284738,179.5264604802992,0,0,0,0,0
660,21.966666666666665,1,1,600.5175018310547,289.80116844177246,569.289436340332,371.2167263031006,547.5417327880859,383.3685779571533,535.5287551879883,172.97953605651855,584.9034690856934,330.5089473724365,,,,,,,,0,95.34462807091037,0.9145676455931644,0.2612884372029274,1.1277347433863816,0,0,179.70260587188181,178.92844598879802,179.8972079274581,0,0,0,0,0
661,22.0,0,1,600.5175018310547,289.80116844177246,569.289436340332,371.2167263031006,547.5417327880859,383.3685779571533,535.5287551879883,172.97953605651855,584.9034690856934,330.5089473724365,,,,,,,,0,95.34462807091037,0.9145676455931644,0.2612884372029274,1.1277347433863816,0,0,179.70260587188181,178.92844598879802,179.8972079274581,0,0,0,0,0
662,22.033333333333335,0,1,600.5175018310547,289.80116844177246,569.289436340332,371.2167263031006,547.5417327880859,383.3685779571533,535.5287551879883,172.97953605651855,584.9034690856934,330.5089473724365,,,,,,,,0,95.34462807091037,0.9145676455931644,0.2612884372029274,1.1277347433863816,0,0,179.70260587188181,178.92844598879802,179.8972079274581,0,0,0,0,0
663,22.066666666666666,1,1,602.263298034668,290.5928421020508,570.0998687744141,370.23436546325684,547.8712463378906,383.43950271606445,535.3142166137695,172.2804594039917,586.181583404541,330.4136037826538,,,,,,,,0,93.91151308105157,0.9145946585388673,0.2753136500905529,1.1458206517354534,0,0,176.62194034669884,178.6931387898979,179.8344890035689,0,0,0,0,0
664,22.1,0,1,602.263298034668,290.5928421020508,570.0998687744141,370.23436546325684,547.8712463378906,383.43950271606445,535.3142166137695,172.2804594039917,586.181583404541,330.4136037826538,,,,,,,,0,93.91151308105157,0.9145946585388673,0.2753136500905529,1.1458206517354534,0,0,176.62194034669884,178.6931387898979,179.8344890035689,0,0,0,0,0
665,22.133333333333333,0,1,602.263298034668,290.5928421020508,570.0998687744141,370.23436546325684,547.8712463378906,383.43950271606445,535.3142166137695,172.2804594039917,586.181583404541,330.4136037826538,,,,,,,,0,93.91151308105157,0.9145946585388673,0.2753136500905529,1.1458206517354534,0,0,176.62194034669884,178.6931387898979,179.8344890035689,0,0,0,0,0
666,22.166666666666668,1,1,601.9472122192383,290.0174045562744,570.1025772094727,371.00303649902344,548.3920669555664,383.7897491455078,535.0604248046875,171.73968315124512,586.0248947143555,330.5102205276489,,,,,,,,0,94.8722648062114,0.9172498257432439,0.26557978798050524,1.1382461585762886,0,0,178.21293493204345,179.38770247578572,179.46149668054017,0,0,0,0,0
667,22.2,0,1,601.9472122192383,290.0174045562744,570.1025772094727,371.00303649902344,548.3920669555664,383.7897491455078,535.0604248046875,171.73968315124512,586.0248947143555,330.5102205276489,,,,,,,,0,94.8722648062114,0.9172498257432439,0.26557978798050524,1.1382461585762886,0,0,178.21293493204345,179.38770247578572,179.46149668054017,0,0,0,0,0
668,22.233333333333334,0,1,601.9472122192383,290.0174045562744,570.1025772094727,371.00303649902344,548.3920669555664,383.7897491455078,535.0604248046875,171.73968315124512,586.0248947143555,330.5102205276489,,,,,,,,0,94.8722648062114,0.9172498257432439,0.26557978798050524,1.1382461585762886,0,0,178.21293493204345,179.38770247578572,179.46149668054017,0,0,0,0,0
669,22.266666666666666,1,1,601.6175842285156,289.817590713501,569.8472595214844,370.7295799255371,547.8400802612305,383.59997749328613,534.8824691772461,171.22283935546875,585.732421875,330.27358531951904,,,,,,,,0,94.70071155506021,0.9179007140703695,0.26920994501585127,1.1415664020764225,0,0,176.6509858696701,178.9288112811998,179.8405096170552,0,0,0,0,0
670,22.3,0,1,601.6175842285156,289.817590713501,569.8472595214844,370.7295799255371,547.8400802612305,383.59997749328613,534.8824691772461,171.22283935546875,585.732421875,330.27358531951904,,,,,,,,0,94.70071155506021,0.9179007140703695,0.26920994501585127,1.1415664020764225,0,0,176.6509858696701,178.9288112811998,179.8405096170552,0,0,0,0,0
671,22.333333333333332,0,1,601.6175842285156,289.817590713501,569.8472595214844,370.7295799255371,547.8400802612305,383.59997749328613,534.8824691772461,171.22283935546875,585.732421875,330.27358531951904,,,,,,,,0,94.70071155506021,0.9179007140703695,0.26920994501585127,1.1415664020764225,0,0,176.6509858696701,178.9288112811998,179.8405096170552,0,0,0,0,0
672,22.366666666666667,1,1,601.5126800537109,289.703950881958,569.2748260498047,371.55853271484375,547.7008819580078,383.7938976287842,534.8933029174805,171.60242557525635,585.3937530517578,330.6312417984009,,,,,,,,0,95.21924143421765,0.9239115206289471,0.26047256745345393,1.1383317609581318,0,0,178.15580721743854,178.54330330216163,179.92338331731614,0,0,0,0,0
673,22.4,0,1,601.5126800537109,289.703950881958,569.2748260498047,371.55853271484375,547.7008819580078,383.7938976287842,534.8933029174805,171.60242557525635,585.3937530517578,330.6312417984009,,,,,,,,0,95.21924143421765,0.9239115206289471,0.26047256745345393,1.1383317609581318,0,0,178.15580721743854,178.54330330216163,179.92338331731614,0,0,0,0,0
674,22.433333333333334,0,1,601.5126800537109,289.703950881958,569.2748260498047,371.55853271484375,547.7008819580078,383.7938976287842,534.8933029174805,171.60242557525635,585.3937530517578,330.6312417984009,,,,,,,,0,95.21924143421765,0.9239115206289471,0.26047256745345393,1.1383317609581318,0,0,178.15580721743854,178.54330330216163,179.92338331731614,0,0,0,0,0
675,22.466666666666665,1,1,602.3303604125977,289.6720790863037,569.5317840576172,371.0500431060791,547.8428649902344,383.9391231536865,535.2743911743164,170.92217445373535,585.9310722351074,330.3610610961914,,,,,,,,0,95.72559290036517,0.9165670977812407,0.2635627100333149,1.1374326626914915,0,0,173.13058748629797,178.77267398143556,179.8309795437068,0,0,0,0,0
676,22.5,0,1,602.3303604125977,289.6720790863037,569.5317840576172,371.0500431060791,547.8428649902344,383.9391231536865,535.2743911743164,170.92217445373535,585.9310722351074,330.3610610961914,,,,,,,,0,95.72559290036517,0.9165670977812407,0.2635627100333149,1.1374326626914915,0,0,173.13058748629797,178.77267398143556,179.8309795437068,0,0,0,0,0
677,22.533333333333335,0,1,602.3303604125977,289.6720790863037,569.5317840576172,371.0500431060791,547.8428649902344,383.9391231536865,535.2743911743164,170.92217445373535,585.9310722351074,330.3610610961914,,,,,,,,0,95.72559290036517,0.9165670977812407,0.2635627100333149,1.1374326626914915,0,0,173.13058748629797,178.77267398143556,179.8309795437068,0,0,0,0,0
678,22.566666666666666,1,1,602.9638290405273,290.5323314666748,569.6837997436523,371.1755561828613,548.3417129516602,383.6927032470703,534.801139831543,171.67290687561035,586.3238143920898,330.85394382476807,,,,,,,,0,94.175388901335,0.9263610823204314,0.26272194024247475,1.14671927046673,0,0,176.2015586560348,178.674405971808,179.9557653398252,0,0,0,0,0
679,22.6,0,1,602.9638290405273,290.5323314666748,569.6837997436523,371.1755561828613,548.3417129516602,383.6927032470703,534.801139831543,171.67290687561035,586.3238143920898,330.85394382476807,,,,,,,,0,94.175388901335,0.9263610823204314,0.26272194024247475,1.14671927046673,0,0,176.2015586560348,178.674405971808,179.9557653398252,0,0,0,0,0
680,22.633333333333333,0,1,602.9638290405273,290.5323314666748,569.6837997436523,371.1755561828613,548.3417129516602,383.6927032470703,534.801139831543,171.67290687561035,586.3238143920898,330.85394382476807,,,,,,,,0,94.175388901335,0.9263610823204314,0.26272194024247475,1.14671927046673,0,0,176.2015586560348,178.674405971808,179.9557653398252,0,0,0,0,0
681,22.666666666666668,1,1,601.6383361816406,290.3815269470215,569.5998764038086,371.00443840026855,547.9495239257812,383.8450527191162,536.0326385498047,171.08728408813477,585.6191062927246,330.692982673645,,,,,,,,0,95.77127645142272,0.9058613717549778,0.26283237991043795,1.1254569833933126,0,0,175.92344983915334,179.23357216966093,179.2590147818971,0,0,0,0,0
682,22.7,0,1,601.6383361816406,290.3815269470215,569.5998764038086,371.00443840026855,547.9495239257812,383.8450527191162,536.0326385498047,171.08728408813477,585.6191062927246,330.692982673645,,,,,,,,0,95.77127645142272,0.9058613717549778,0.26283237991043795,1.1254569833933126,0,0,175.92344983915334,179.23357216966093,179.2590147818971,0,0,0,0,0
683,22.733333333333334,0,1,601.6383361816406,290.3815269470215,569.5998764038086,371.00443840026855,547.9495239257812,383.8450527191162,536.0326385498047,171.08728408813477,585.6191062927246,330.692982673645,,,,,,,,0,95.77127645142272,0.9058613717549778,0.26283237991043795,1.1254569833933126,0,0,175.92344983915334,179.23357216966093,179.2590147818971,0,0,0,0,0
684,22.766666666666666,1,1,600.6692123413086,290.6806468963623,570.369873046875,370.24054527282715,548.4938812255859,383.40245246887207,535.8100891113281,171.22093677520752,585.5195426940918,330.4605960845947,,,,,,,,0,93.9089762538335,0.9065605469524791,0.27186189884940004,1.1329438950583894,0,0,176.59434920582302,178.83248644042428,179.31471552363556,0,0,0,0,0
685,22.8,0,1,600.6692123413086,290.6806468963623,570.369873046875,370.24054527282715,548.4938812255859,383.40245246887207,535.8100891113281,171.22093677520752,585.5195426940918,330.4605960845947,,,,,,,,0,93.9089762538335,0.9065605469524791,0.27186189884940004,1.1329438950583894,0,0,176.59434920582302,178.83248644042428,179.31471552363556,0,0,0,0,0
686,22.833333333333332,0,1,600.6692123413086,290.6806468963623,570.369873046875,370.24054527282715,548.4938812255859,383.40245246887207,535.8100891113281,171.22093677520752,585.5195426940918,330.4605960845947,,,,,,,,0,93.9089762538335,0.9065605469524791,0.27186189884940004,1.1329438950583894,0,0,176.59434920582302,178.83248644042428,179.31471552363556,0,0,0,0,0
687,22.866666666666667,1,1,601.0409927368164,290.2191352844238,569.8274230957031,370.45140266418457,547.9043579101562,383.32122802734375,534.7666931152344,172.40495681762695,585.4342079162598,330.3352689743042,,,,,,,,0,94.11859473432693,0.914697999960535,0.2701008285476732,1.138971763130104,0,0,179.68040608712113,178.11819985273934,179.85329019303558,0,0,0,0,0
688,22.9,0,1,601.0409927368164,290.2191352844238,569.8274230957031,370.45140266418457,547.9043579101562,383.32122802734375,534.7666931152344,172.40495681762695,585.4342079162598,330.3352689743042,,,,,,,,0,94.11859473432693,0.914697999960535,0.2701008285476732,1.138971763130104,0,0,179.68040608712113,178.11819985273934,179.85329019303558,0,0,0,0,0
689,22.933333333333334,0,1,601.0409927368164,290.2191352844238,569.8274230957031,370.45140266418457,547.9043579101562,383.32122802734375,534.7666931152344,172.40495681762695,585.4342079162598,330.3352689743042,,,,,,,,0,94.11859473432693,0.914697999960535,0.2701008285476732,1.138971763130104,0,0,179.68040608712113,178.11819985273934,179.85329019303558,0,0,0,0,0
690,22.966666666666665,1,1,601.2013626098633,290.6532382965088,569.3461227416992,371.02681159973145,547.1689605712891,383.5806655883789,535.4970550537109,172.77749061584473,585.2737426757812,330.8400249481201,,,,,,,,0,94.00210452088179,0.9197257911036427,0.27109854263387206,1.1435299240212364,0,0,179.2448893401899,178.38808053747533,179.77271805743342,0,0,0,0,0
691,23.0,0,1,601.2013626098633,290.6532382965088,569.3461227416992,371.02681159973145,547.1689605712891,383.5806655883789,535.4970550537109,172.77749061584473,585.2737426757812,330.8400249481201,,,,,,,,0,94.00210452088179,0.9197257911036427,0.27109854263387206,1.1435299240212364,0,0,179.2448893401899,178.38808053747533,179.77271805743342,0,0,0,0,0
692,23.033333333333335,0,1,601.2013626098633,290.6532382965088,569.3461227416992,371.02681159973145,547.1689605712891,383.5806655883789,535.4970550537109,172.77749061584473,585.2737426757812,330.8400249481201,,,,,,,,0,94.00210452088179,0.9197257911036427,0.27109854263387206,1.1435299240212364,0,0,179.2448893401899,178.38808053747533,179.77271805743342,0,0,0,0,0
693,23.066666666666666,1,1,601.1357116699219,289.7906684875488,569.4330215454102,370.5900192260742,547.2974395751953,383.36448669433594,535.5571746826172,171.139554977417,585.284366607666,330.1903438568115,,,,,,,,0,94.14838578547875,0.9219094671726599,0.271456704023436,1.1466639580593019,0,0,179.41082894081134,178.88846847742641,179.6853422095967,0,0,0,0,0
694,23.1,0,1,601.1357116699219,289.7906684875488,569.4330215454102,370.5900192260742,547.2974395751953,383.36448669433594,535.5571746826172,171.139554977417,585.284366607666,330.1903438568115,,,,,,,,0,94.14838578547875,0.9219094671726599,0.271456704023436,1.1466639580593019,0,0,179.41082894081134,178.88846847742641,179.6853422095967,0,0,0,0,0
695,23.133333333333333,0,1,601.1357116699219,289.7906684875488,569.4330215454102,370.5900192260742,547.2974395751953,383.36448669433594,535.5571746826172,171.139554977417,585.284366607666,330.1903438568115,,,,,,,,0,94.14838578547875,0.9219094671726599,0.271456704023436,1.1466639580593019,0,0,179.41082894081134,178.88846847742641,179.6853422095967,0,0,0,0,0
696,23.166666666666668,1,1,602.3870086669922,290.39783477783203,569.2294692993164,370.85251808166504,547.1551895141602,383.65230560302734,535.7534790039062,172.0359706878662,585.8082389831543,330.62517642974854,,,,,,,,0,93.52194216669089,0.9304705653400566,0.2728431960174798,1.1589082276254061,0,0,177.39909471852235,177.84641298913047,179.1135303563094,0,0,0,0,0
697,23.2,0,1,602.3870086669922,290.39783477783203,569.2294692993164,370.85251808166504,547.1551895141602,383.65230560302734,535.7534790039062,172.0359706878662,585.8082389831543,330.62517642974854,,,,,,,,0,93.52194216669089,0.9304705653400566,0.2728431960174798,1.1589082276254061,0,0,177.39909471852235,177.84641298913047,179.1135303563094,0,0,0,0,0
698,23.233333333333334,0,1,602.3870086669922,290.39783477783203,569.2294692993164,370.85251808166504,547.1551895141602,383.65230560302734,535.7534790039062,172.0359706878662,585.8082389831543,330.62517642974854,,,,,,,,0,93.52194216669089,0.9304705653400566,0.2728431960174798,1.1589082276254061,0,0,177.39909471852235,177.84641298913047,179.1135303563094,0,0,0,0,0
699,23.266666666666666,1,1,600.9083938598633,289.9977493286133,569.5386505126953,370.8186721801758,547.5997161865234,383.3488655090332,535.4443359375,172.5040340423584,585.2235221862793,330.40821075439453,,,,,,,,0,93.313903264257,0.9290720805751485,0.2707532940512725,1.1520253431622403,0,0,179.5297778044123,178.02949831471588,179.63900555636968,0,0,0,0,0
700,23.3,0,1,600.9083938598633,289.9977493286133,569.5386505126953,370.8186721801758,547.5997161865234,383.3488655090332,535.4443359375,172.5040340423584,585.2235221862793,330.40821075439453,,,,,,,,0,93.313903264257,0.9290720805751485,0.2707532940512725,1.1520253431622403,0,0,179.5297778044123,178.02949831471588,179.63900555636968,0,0,0,0,0
701,23.333333333333332,0,1,600.9083938598633,289.9977493286133,569.5386505126953,370.8186721801758,547.5997161865234,383.3488655090332,535.4443359375,172.5040340423584,585.2235221862793,330.40821075439453,,,,,,,,0,93.313903264257,0.9290720805751485,0.2707532940512725,1.1520253431622403,0,0,179.5297778044123,178.02949831471588,179.63900555636968,0,0,0,0,0
702,23.366666666666667,1,1,601.6414260864258,290.09716987609863,569.8227310180664,371.0781955718994,547.9083633422852,383.4677982330322,535.4924774169922,172.47249126434326,585.7320785522461,330.587682723999,,,,,,,,0,94.38895610558352,0.9218005542879466,0.2667073482328793,1.1413196832750405,0,0,178.73174244071328,178.57069736350158,179.66369972141683,0,0,0,0,0
703,23.4,0,1,601.6414260864258,290.09716987609863,569.8227310180664,371.0781955718994,547.9083633422852,383.4677982330322,535.4924774169922,172.47249126434326,585.7320785522461,330.587682723999,,,,,,,,0,94.38895610558352,0.9218005542879466,0.2667073482328793,1.1413196832750405,0,0,178.73174244071328,178.57069736350158,179.66369972141683,0,0,0,0,0
704,23.433333333333334,0,1,601.6414260864258,290.09716987609863,569.8227310180664,371.0781955718994,547.9083633422852,383.4677982330322,535.4924774169922,172.47249126434326,585.7320785522461,330.587682723999,,,,,,,,0,94.38895610558352,0.9218005542879466,0.2667073482328793,1.1413196832750405,0,0,178.73174244071328,178.57069736350158,179.66369972141683,0,0,0,0,0
705,23.466666666666665,1,1,600.9141159057617,289.7362232208252,570.2367782592773,370.1721954345703,547.7143096923828,382.9635429382324,534.5653915405273,171.98545932769775,585.5754470825195,329.95420932769775,,,,,,,,0,93.91969420935636,0.9166067384060691,0.2757819288914972,1.1428752613460988,0,0,179.41885441634932,178.84427850927878,179.7482117038317,0,0,0,0,0
706,23.5,0,1,600.9141159057617,289.7362232208252,570.2367782592773,370.1721954345703,547.7143096923828,382.9635429382324,534.5653915405273,171.98545932769775,585.5754470825195,329.95420932769775,,,,,,,,0,93.91969420935636,0.9166067384060691,0.2757819288914972,1.1428752613460988,0,0,179.41885441634932,178.84427850927878,179.7482117038317,0,0,0,0,0
707,23.533333333333335,0,1,600.9141159057617,289.7362232208252,570.2367782592773,370.1721954345703,547.7143096923828,382.9635429382324,534.5653915405273,171.98545932769775,585.5754470825195,329.95420932769775,,,,,,,,0,93.91969420935636,0.9166067384060691,0.2757819288914972,1.1428752613460988,0,0,179.41885441634932,178.84427850927878,179.7482117038317,0,0,0,0,0
708,23.566666666666666,1,1,601.1862182617188,289.8084354400635,569.48486328125,370.55994987487793,547.9892730712891,383.0030822753906,535.082893371582,171.902174949646,585.3355407714844,330.1841926574707,,,,,,,,0,94.17285641112149,0.921191882023031,0.2637417025529765,1.139486519421129,0,0,179.09756026039747,178.26370206299077,179.5771008929494,0,0,0,0,0
709,23.6,0,1,601.1862182617188,289.8084354400635,569.48486328125,370.55994987487793,547.9892730712891,383.0030822753906,535.082893371582,171.902174949646,585.3355407714844,330.1841926574707,,,,,,,,0,94.17285641112149,0.921191882023031,0.2637417025529765,1.139486519421129,0,0,179.09756026039747,178.26370206299077,179.5771008929494,0,0,0,0,0
710,23.633333333333333,0,1,601.1862182617188,289.8084354400635,569.48486328125,370.55994987487793,547.9892730712891,383.0030822753906,535.082893371582,171.902174949646,585.3355407714844,330.1841926574707,,,,,,,,0,94.17285641112149,0.921191882023031,0.2637417025529765,1.139486519421129,0,0,179.09756026039747,178.26370206299077,179.5771008929494,0,0,0,0,0
711,23.666666666666668,1,1,601.3396835327148,290.7450771331787,570.5105209350586,369.3205261230469,547.5685882568359,382.89862632751465,534.4064712524414,170.51828384399414,585.9251022338867,330.0328016281128,,,,,,,,0,94.59603910592944,0.8922887453901502,0.28181837958828226,1.1278906615701247,0,0,176.97838702185953,178.86426137963835,180.0,0,0,0,0,0
712,23.7,0,1,601.3396835327148,290.7450771331787,570.5105209350586,369.3205261230469,547.5685882568359,382.89862632751465,534.4064712524414,170.51828384399414,585.9251022338867,330.0328016281128,,,,,,,,0,94.59603910592944,0.8922887453901502,0.28181837958828226,1.1278906615701247,0,0,176.97838702185953,178.86426137963835,180.0,0,0,0,0,0
713,23.733333333333334,0,1,601.3396835327148,290.7450771331787,570.5105209350586,369.3205261230469,547.5685882568359,382.89862632751465,534.4064712524414,170.51828384399414,585.9251022338867,330.0328016281128,,,,,,,,0,94.59603910592944,0.8922887453901502,0.28181837958828226,1.1278906615701247,0,0,176.97838702185953,178.86426137963835,180.0,0,0,0,0,0
714,23.766666666666666,1,1,605.4693222045898,280.9295654296875,581.6796875,359.30877685546875,559.2658996582031,374.30591583251953,533.9751434326172,166.8030023574829,593.5745048522949,320.1191711425781,,,,,,,,0,94.67504423641667,0.8651698767824969,0.2848517601025693,1.1004172067927178,0,0,175.83942831922036,179.60090547966524,179.10956592062325,0,0,0,0,0
715,23.8,0,1,605.4693222045898,280.9295654296875,581.6796875,359.30877685546875,559.2658996582031,374.30591583251953,533.9751434326172,166.8030023574829,593.5745048522949,320.1191711425781,,,,,,,,0,94.67504423641667,0.8651698767824969,0.2848517601025693,1.1004172067927178,0,0,175.83942831922036,179.60090547966524,179.10956592062325,0,0,0,0,0
716,23.833333333333332,0,1,605.4693222045898,280.9295654296875,581.6796875,359.30877685546875,559.2658996582031,374.30591583251953,533.9751434326172,166.8030023574829,593.5745048522949,320.1191711425781,,,,,,,,0,94.67504423641667,0.8651698767824969,0.2848517601025693,1.1004172067927178,0,0,175.83942831922036,179.60090547966524,179.10956592062325,0,0,0,0,0
717,23.866666666666667,1,1,610.1210784912109,256.3571548461914,593.6220169067383,327.54876136779785,572.8397369384766,344.25169944763184,523.3574676513672,143.2624053955078,601.8715476989746,291.95295810699463,,,,,,,,0,89.89059685219294,0.8129713234681253,0.2966110566127456,1.062117087850628,0,0,179.25035094137402,177.19111394691973,178.16229188674782,0,0,0,0,0
718,23.9,0,1,610.1210784912109,256.3571548461914,593.6220169067383,327.54876136779785,572.8397369384766,344.25169944763184,523.3574676513672,143.2624053955078,601.8715476989746,291.95295810699463,,,,,,,,0,89.89059685219294,0.8129713234681253,0.2966110566127456,1.062117087850628,0,0,179.25035094137402,177.19111394691973,178.16229188674782,0,0,0,0,0
719,23.933333333333334,0,1,610.1210784912109,256.3571548461914,593.6220169067383,327.54876136779785,572.8397369384766,344.25169944763184,523.3574676513672,143.2624053955078,601.8715476989746,291.95295810699463,,,,,,,,0,89.89059685219294,0.8129713234681253,0.2966110566127456,1.062117087850628,0,0,179.25035094137402,177.19111394691973,178.16229188674782,0,0,0,0,0
720,23.966666666666665,1,1,620.9908294677734,205.57734489440918,609.9312973022461,254.291410446167,590.0013732910156,265.68543434143066,517.2252655029297,105.50357580184937,615.4610633850098,229.9343776702881,,,,,,,,0,68.81723725045316,0.7258895432879999,0.3335943170341536,0.982695529232581,0,0,176.048093338749,175.46067318777858,178.80090060461745,0,0,0,0,0
721,24.0,0,1,620.9908294677734,205.57734489440918,609.9312973022461,254.291410446167,590.0013732910156,265.68543434143066,517.2252655029297,105.50357580184937,615.4610633850098,229.9343776702881,,,,,,,,0,68.81723725045316,0.7258895432879999,0.3335943170341536,0.982695529232581,0,0,176.048093338749,175.46067318777858,178.80090060461745,0,0,0,0,0
722,24.033333333333335,0,1,620.9908294677734,205.57734489440918,609.9312973022461,254.291410446167,590.0013732910156,265.68543434143066,517.2252655029297,105.50357580184937,615.4610633850098,229.9343776702881,,,,,,,,0,68.81723725045316,0.7258895432879999,0.3335943170341536,0.982695529232581,0,0,176.048093338749,175.46067318777858,178.80090060461745,0,0,0,0,0
723,24.066666666666666,1,1,587.5505447387695,116.03731870651245,557.5082397460938,140.8414363861084,503.8739776611328,85.22253513336182,543.5042953491211,141.99508666992188,572.5293922424316,128.43937754631042,,,,,,,,0,27.435197884330652,1.4200280960692488,2.816323696136546,3.2502104717576863,0,0,166.5813856572885,155.71790983940957,175.82861599687044,0,0,0,0,0
724,24.1,0,1,587.5505447387695,116.03731870651245,557.5082397460938,140.8414363861084,503.8739776611328,85.22253513336182,543.5042953491211,141.99508666992188,572.5293922424316,128.43937754631042,,,,,,,,0,27.435197884330652,1.4200280960692488,2.816323696136546,3.2502104717576863,0,0,166.5813856572885,155.71790983940957,175.82861599687044,0,0,0,0,0
725,24.133333333333333,0,1,587.5505447387695,116.03731870651245,557.5082397460938,140.8414363861084,503.8739776611328,85.22253513336182,543.5042953491211,141.99508666992188,572.5293922424316,128.43937754631042,,,,,,,,0,27.435197884330652,1.4200280960692488,2.816323696136546,3.2502104717576863,0,0,166.5813856572885,155.71790983940957,175.82861599687044,0,0,0,0,0
726,24.166666666666668,1,0,,,,,,,,,,,,,,,,,,0,,,,,0,0,,,,0,0,0,0,0
727,24.2,0,0,,,,,,,,,,,,,,,,,,0,,,,,0,0,,,,0,0,0,0,0
728,24.233333333333334,0,0,,,,,,,,,,,,,,,,,,0,,,,,0,0,,,,0,0,0,0,0
729,24.266666666666666,1,0,,,,,,,,,,,,,,,,,,0,,,,,0,0,,,,0,0,0,0,0
730,24.3,0,0,,,,,,,,,,,,,,,,,,0,,,,,0,0,,,,0,0,0,0,0
731,24.333333333333332,0,0,,,,,,,,,,,,,,,,,,0,,,,,0,0,,,,0,0,0,0,0
732,24.366666666666667,1,1,200.21053314208984,146.86717987060547,184.22496795654297,148.29189777374268,177.43230819702148,136.87498569488525,251.84473037719727,21.877065896987915,192.2177505493164,147.57953882217407,102.5529710164964,9.948874473571777,28.640289306640625,30.319074439351894,0.09701205508684314,0.27927313097573375,0.29564306269074203,51,79.55183630930986,0.2017417766532103,0.16699560978414232,0.3126704634240192,1,1,174.85094188508415,144.4663929165429,141.1715786601021,0,0,0,0,0
733,24.4,0,1,200.21053314208984,146.86717987060547,184.22496795654297,148.29189777374268,177.43230819702148,136.87498569488525,251.84473037719727,21.877065896987915,192.2177505493164,147.57953882217407,102.5529710164964,9.948874473571777,28.640289306640625,30.319074439351894,0.09701205508684314,0.27927313097573375,0.29564306269074203,51,79.55183630930986,0.2017417766532103,0.16699560978414232,0.3126704634240192,1,2,174.85094188508415,144.4663929165429,141.1715786601021,0,0,0,0,0
734,24.433333333333334,0,1,200.21053314208984,146.86717987060547,184.22496795654297,148.29189777374268,177.43230819702148,136.87498569488525,251.84473037719727,21.877065896987915,192.2177505493164,147.57953882217407,102.5529710164964,9.948874473571777,28.640289306640625,30.319074439351894,0.09701205508684314,0.27927313097573375,0.29564306269074203,51,79.55183630930986,0.2017417766532103,0.16699560978414232,0.3126704634240192,1,3,174.85094188508415,144.4663929165429,141.1715786601021,0,0,0,0,0
735,24.466666666666665,1,1,172.12640762329102,173.59793186187744,150.52980422973633,194.4098711013794,140.2400302886963,185.1379108428955,207.40961074829102,19.675127863883972,161.32810592651367,184.00390148162842,102.5529710164964,9.948874473571777,28.640289306640625,30.319074439351894,0.09701205508684314,0.27927313097573375,0.29564306269074203,51,94.93019751987752,0.31594267574509344,0.14590663445318097,0.35721357227842016,1,4,164.81426701775825,175.0323279211937,174.3335469707363,-1,1,0,0,0
736,24.5,0,1,172.12640762329102,173.59793186187744,150.52980422973633,194.4098711013794,140.2400302886963,185.1379108428955,207.40961074829102,19.675127863883972,161.32810592651367,184.00390148162842,102.5529710164964,9.948874473571777,28.640289306640625,30.319074439351894,0.09701205508684314,0.27927313097573375,0.29564306269074203,51,94.93019751987752,0.31594267574509344,0.14590663445318097,0.35721357227842016,1,5,164.81426701775825,175.0323279211937,174.3335469707363,0,0,0,0,0
737,24.533333333333335,0,1,172.12640762329102,173.59793186187744,150.52980422973633,194.4098711013794,140.2400302886963,185.1379108428955,207.40961074829102,19.675127863883972,161.32810592651367,184.00390148162842,102.5529710164964,9.948874473571777,28.640289306640625,30.319074439351894,0.09701205508684314,0.27927313097573375,0.29564306269074203,51,94.93019751987752,0.31594267574509344,0.14590663445318097,0.35721357227842016,1,6,164.81426701775825,175.0323279211937,174.3335469707363,0,0,0,0,0
738,24.566666666666666,1,1,172.30195999145508,200.2919054031372,149.47318077087402,230.63481330871582,124.45268630981445,212.3743200302124,178.39595794677734,36.63872838020325,160.88757038116455,215.4633593559265,102.5529710164964,9.948874473571777,28.640289306640625,30.319074439351894,0.09701205508684314,0.27927313097573375,0.29564306269074203,51,100.71474525889667,0.37702162638095105,0.3075550149498495,0.49000935650496585,1,7,163.71878907442039,169.47443254547915,159.961821363509,0,1,0,0,0
739,24.6,0,1,172.30195999145508,200.2919054031372,149.47318077087402,230.63481330871582,124.45268630981445,212.3743200302124,178.39595794677734,36.63872838020325,160.88757038116455,215.4633593559265,102.5529710164964,9.948874473571777,28.640289306640625,30.319074439351894,0.09701205508684314,0.27927313097573375,0.29564306269074203,51,100.71474525889667,0.37702162638095105,0.3075550149498495,0.49000935650496585,1,8,163.71878907442039,169.47443254547915,159.961821363509,0,0,0,0,0
740,24.633333333333333,0,1,172.30195999145508,200.2919054031372,149.47318077087402,230.63481330871582,124.45268630981445,212.3743200302124,178.39595794677734,36.63872838020325,160.88757038116455,215.4633593559265,102.5529710164964,9.948874473571777,28.640289306640625,30.319074439351894,0.09701205508684314,0.27927313097573375,0.29564306269074203,51,100.71474525889667,0.37702162638095105,0.3075550149498495,0.49000935650496585,1,9,163.71878907442039,169.47443254547915,159.961821363509,0,0,0,0,0
741,24.666666666666668,1,1,182.86359786987305,224.70932006835938,168.40431213378906,252.69933700561523,146.20119094848633,220.49283027648926,168.95427703857422,63.40790033340454,175.63395500183105,238.7043285369873,102.5529710164964,9.948874473571777,28.640289306640625,30.319074439351894,0.09701205508684314,0.27927313097573375,0.29564306269074203,51,100.31777646211907,0.3140436265840696,0.38994337512886096,0.3678717558423565,1,10,158.39396206969175,160.9108153450204,119.4384115295777,1,1,1,0,1
742,24.7,0,1,182.86359786987305,224.70932006835938,168.40431213378906,252.69933700561523,146.20119094848633,220.49283027648926,168.95427703857422,63.40790033340454,175.63395500183105,238.7043285369873,102.5529710164964,9.948874473571777,28.640289306640625,30.319074439351894,0.09701205508684314,0.27927313097573375,0.29564306269074203,51,100.31777646211907,0.3140436265840696,0.38994337512886096,0.3678717558423565,1,11,158.39396206969175,160.9108153450204,119.4384115295777,0,0,1,0,1
743,24.733333333333334,0,1,182.86359786987305,224.70932006835938,168.40431213378906,252.69933700561523,146.20119094848633,220.49283027648926,168.95427703857422,63.40790033340454,175.63395500183105,238.7043285369873,102.5529710164964,9.948874473571777,28.640289306640625,30.319074439351894,0.09701205508684314,0.27927313097573375,0.29564306269074203,51,100.31777646211907,0.3140436265840696,0.38994337512886096,0.3678717558423565,1,12,158.39396206969175,160.9108153450204,119.4384115295777,0,0,1,0,1
744,24.766666666666666,1,1,184.84817504882812,232.12002754211426,180.87718963623047,258.41869354248047,149.38578605651855,227.2438144683838,169.12481307983398,78.38019132614136,182.8626823425293,245.26936054229736,102.5529710164964,9.948874473571777,28.640289306640625,30.319074439351894,0.09701205508684314,0.27927313097573375,0.29564306269074203,51,101.89350383121207,0.2610252491179672,0.4348885551112964,0.3513086378628519,1,13,160.76982126058118,157.04843649698665,101.73817217315776,1,1,1,0,1
745,24.8,0,1,184.84817504882812,232.12002754211426,180.87718963623047,258.41869354248047,149.38578605651855,227.2438144683838,169.12481307983398,78.38019132614136,182.8626823425293,245.26936054229736,102.5529710164964,9.948874473571777,28.640289306640625,30.319074439351894,0.09701205508684314,0.27927313097573375,0.29564306269074203,51,101.89350383121207,0.2610252491179672,0.4348885551112964,0.3513086378628519,1,14,160.76982126058118,157.04843649698665,101.73817217315776,0,0,1,0,1
746,24.833333333333332,0,1,184.84817504882812,232.12002754211426,180.87718963623047,258.41869354248047,149.38578605651855,227.2438144683838,169.12481307983398,78.38019132614136,182.8626823425293,245.26936054229736,102.5529710164964,9.948874473571777,28.640289306640625,30.319074439351894,0.09701205508684314,0.27927313097573375,0.29564306269074203,51,101.89350383121207,0.2610252491179672,0.4348885551112964,0.3513086378628519,1,15,160.76982126058118,157.04843649698665,101.73817217315776,0,0,1,0,1
747,24.866666666666667,1,1,189.96892929077148,231.45814418792725,188.46860885620117,235.83260536193848,150.7742977142334,224.2355489730835,170.08289337158203,83.05013179779053,189.21876907348633,233.64537477493286,102.5529710164964,9.948874473571777,28.640289306640625,30.319074439351894,0.09701205508684314,0.27927313097573375,0.29564306269074203,51,107.2780436480337,0.043108487924407995,0.36762379500263687,0.3715070392622737,1,16,159.4609837374662,120.81547626236987,86.24514246103705,1,-1,1,1,1
748,24.9,0,1,189.96892929077148,231.45814418792725,188.46860885620117,235.83260536193848,150.7742977142334,224.2355489730835,170.08289337158203,83.05013179779053,189.21876907348633,233.64537477493286,102.5529710164964,9.948874473571777,28.640289306640625,30.319074439351894,0.09701205508684314,0.27927313097573375,0.29564306269074203,51,107.2780436480337,0.043108487924407995,0.36762379500263687,0.3715070392622737,1,17,159.4609837374662,120.81547626236987,86.24514246103705,0,0,1,1,1
749,24.933333333333334,0,1,189.96892929077148,231.45814418792725,188.46860885620117,235.83260536193848,150.7742977142334,224.2355489730835,170.08289337158203,83.05013179779053,189.21876907348633,233.64537477493286,102.5529710164964,9.948874473571777,28.640289306640625,30.319074439351894,0.09701205508684314,0.27927313097573375,0.29564306269074203,51,107.2780436480337,0.043108487924407995,0.36762379500263687,0.3715070392622737,1,18,159.4609837374662,120.81547626236987,86.24514246103705,0,0,1,1,1
750,24.966666666666665,1,1,194.61776733398438,235.66543579101562,190.0112533569336,229.97310161590576,152.90534019470215,223.49547386169434,170.76231002807617,86.42863512039185,192.31451034545898,232.8192687034607,102.5529710164964,9.948874473571777,28.640289306640625,30.319074439351894,0.09701205508684314,0.27927313097573375,0.29564306269074203,51,105.26512054776687,0.06956480967021302,0.3578305298153873,0.41278173932611945,1,19,161.97423912139521,108.24196021540095,83.76098176210347,1,0,1,1,1
751,25.0,0,1,194.61776733398438,235.66543579101562,190.0112533569336,229.97310161590576,152.90534019470215,223.49547386169434,170.76231002807617,86.42863512039185,192.31451034545898,232.8192687034607,102.5529710164964,9.948874473571777,28.640289306640625,30.319074439351894,0.09701205508684314,0.27927313097573375,0.29564306269074203,51,105.26512054776687,0.06956480967021302,0.3578305298153873,0.41278173932611945,1,20,161.97423912139521,108.24196021540095,83.76098176210347,0,0,1,1,1
752,25.033333333333335,0,1,194.61776733398438,235.66543579101562,190.0112533569336,229.97310161590576,152.90534019470215,223.49547386169434,170.76231002807617,86.42863512039185,192.31451034545898,232.8192687034607,102.5529710164964,9.948874473571777,28.640289306640625,30.319074439351894,0.09701205508684314,0.27927313097573375,0.29564306269074203,51,105.26512054776687,0.06956480967021302,0.3578305298153873,0.41278173932611945,1,21,161.97423912139521,108.24196021540095,83.76098176210347,0,0,1,1,1
753,25.066666666666666,1,1,185.26872634887695,236.08733654022217,187.0217514038086,226.97015762329102,149.41341400146484,226.24338626861572,171.17074966430664,89.8384165763855,186.14523887634277,231.5287470817566,102.5529710164964,9.948874473571777,28.640289306640625,30.319074439351894,0.09701205508684314,0.27927313097573375,0.29564306269074203,51,102.5529710164964,0.09053060676191187,0.3667895596574769,0.36256459170459654,1,22,158.37366917503655,102.88132372191029,86.70325032739915,-1,0,2,1,2
754,25.1,0,1,185.26872634887695,236.08733654022217,187.0217514038086,226.97015762329102,149.41341400146484,226.24338626861572,171.17074966430664,89.8384165763855,186.14523887634277,231.5287470817566,102.5529710164964,9.948874473571777,28.640289306640625,30.319074439351894,0.09701205508684314,0.27927313097573375,0.29564306269074203,51,102.5529710164964,0.09053060676191187,0.3667895596574769,0.36256459170459654,1,23,158.37366917503655,102.88132372191029,86.70325032739915,0,0,2,1,2
755,25.133333333333333,0,1,185.26872634887695,236.08733654022217,187.0217514038086,226.97015762329102,149.41341400146484,226.24338626861572,171.17074966430664,89.8384165763855,186.14523887634277,231.5287470817566,102.5529710164964,9.948874473571777,28.640289306640625,30.319074439351894,0.09701205508684314,0.27927313097573375,0.29564306269074203,51,102.5529710164964,0.09053060676191187,0.3667895596574769,0.36256459170459654,1,24,158.37366917503655,102.88132372191029,86.70325032739915,0,0,2,1,2
756,25.166666666666668,1,1,187.50268936157227,235.94584465026855,184.9129867553711,227.63424396514893,152.48537063598633,224.7238540649414,179.14770126342773,90.36507368087769,186.20783805847168,231.79004430770874,102.5529710164964,9.948874473571777,28.640289306640625,30.319074439351894,0.09701205508684314,0.27927313097573375,0.29564306269074203,51,104.10808884431783,0.08362177370987543,0.3127322649241933,0.35320534657746366,1,25,160.59309957365363,91.3263295607098,82.37759605227036,0,0,2,1,2
757,25.2,0,1,187.50268936157227,235.94584465026855,184.9129867553711,227.63424396514893,152.48537063598633,224.7238540649414,179.14770126342773,90.36507368087769,186.20783805847168,231.79004430770874,102.5529710164964,9.948874473571777,28.640289306640625,30.319074439351894,0.09701205508684314,0.27927313097573375,0.29564306269074203,51,104.10808884431783,0.08362177370987543,0.3127322649241933,0.35320534657746366,1,26,160.59309957365363,91.3263295607098,82.37759605227036,0,0,2,1,2
758,25.233333333333334,0,1,187.50268936157227,235.94584465026855,184.9129867553711,227.63424396514893,152.48537063598633,224.7238540649414,179.14770126342773,90.36507368087769,186.20783805847168,231.79004430770874,102.5529710164964,9.948874473571777,28.640289306640625,30.319074439351894,0.09701205508684314,0.27927313097573375,0.29564306269074203,51,104.10808884431783,0.08362177370987543,0.3127322649241933,0.35320534657746366,1,27,160.59309957365363,91.3263295607098,82.37759605227036,0,0,2,1,2
759,25.266666666666666,1,1,184.6068000793457,237.73454189300537,184.36168670654297,233.04901599884033,156.00445747375488,226.14814281463623,186.6375732421875,94.04072999954224,184.48424339294434,235.39177894592285,102.5529710164964,9.948874473571777,28.640289306640625,30.319074439351894,0.09701205508684314,0.27927313097573375,0.29564306269074203,51,101.23329240409215,0.04634772510218938,0.2882928402786749,0.3048402735142719,1,28,165.38583826923647,83.38271971992825,78.1614019478398,0,1,2,2,2
760,25.3,0,1,184.6068000793457,237.73454189300537,184.36168670654297,233.04901599884033,156.00445747375488,226.14814281463623,186.6375732421875,94.04072999954224,184.48424339294434,235.39177894592285,102.5529710164964,9.948874473571777,28.640289306640625,30.319074439351894,0.09701205508684314,0.27927313097573375,0.29564306269074203,51,101.23329240409215,0.04634772510218938,0.2882928402786749,0.3048402735142719,1,29,165.38583826923647,83.38271971992825,78.1614019478398,0,0,2,2,2
761,25.333333333333332,0,1,184.6068000793457,237.73454189300537,184.36168670654297,233.04901599884033,156.00445747375488,226.14814281463623,186.6375732421875,94.04072999954224,184.48424339294434,235.39177894592285,102.5529710164964,9.948874473571777,28.640289306640625,30.319074439351894,0.09701205508684314,0.27927313097573375,0.29564306269074203,51,101.23329240409215,0.04634772510218938,0.2882928402786749,0.3048402735142719,1,30,165.38583826923647,83.38271971992825,78.1614019478398,0,0,2,2,2
762,25.366666666666667,1,1,184.88367080688477,237.5956106185913,183.32162857055664,231.53507709503174,155.30157089233398,226.0536003112793,188.54887008666992,94.63409185409546,184.1026496887207,234.56534385681152,102.5529710164964,9.948874473571777,28.640289306640625,30.319074439351894,0.09701205508684314,0.27927313097573375,0.29564306269074203,51,103.83928238511935,0.06027196400012413,0.2749555400368593,0.30579981556617447,1,31,173.30057045676926,71.43985947203332,73.530905801105,0,0,2,2,2
763,25.4,0,1,184.88367080688477,237.5956106185913,183.32162857055664,231.53507709503174,155.30157089233398,226.0536003112793,188.54887008666992,94.63409185409546,184.1026496887207,234.56534385681152,102.5529710164964,9.948874473571777,28.640289306640625,30.319074439351894,0.09701205508684314,0.27927313097573375,0.29564306269074203,51,103.83928238511935,0.06027196400012413,0.2749555400368593,0.30579981556617447,1,32,173.30057045676926,71.43985947203332,73.530905801105,0,0,2,2,2
764,25.433333333333334,0,1,184.88367080688477,237.5956106185913,183.32162857055664,231.53507709503174,155.30157089233398,226.0536003112793,188.54887008666992,94.63409185409546,184.1026496887207,234.56534385681152,102.5529710164964,9.948874473571777,28.640289306640625,30.319074439351894,0.09701205508684314,0.27927313097573375,0.29564306269074203,51,103.83928238511935,0.06027196400012413,0.2749555400368593,0.30579981556617447,1,33,173.30057045676926,71.43985947203332,73.530905801105,0,0,2,2,2
765,25.466666666666665,1,1,179.67994689941406,238.0231761932373,182.13502883911133,240.56116104125977,155.38318634033203,230.9315013885498,191.66311264038086,95.90421438217163,180.9074878692627,239.29216861724854,102.5529710164964,9.948874473571777,28.640289306640625,30.319074439351894,0.09701205508684314,0.27927313097573375,0.29564306269074203,51,104.8601669862582,0.03367454119289282,0.27114419022446795,0.2413743968435272,1,34,175.76908578670614,77.6486470545624,76.16613120560586,-1,1,2,2,2
766,25.5,0,1,179.67994689941406,238.0231761932373,182.13502883911133,240.56116104125977,155.38318634033203,230.9315013885498,191.66311264038086,95.90421438217163,180.9074878692627,239.29216861724854,102.5529710164964,9.948874473571777,28.640289306640625,30.319074439351894,0.09701205508684314,0.27927313097573375,0.29564306269074203,51,104.8601669862582,0.03367454119289282,0.27114419022446795,0.2413743968435272,1,35,175.76908578670614,77.6486470545624,76.16613120560586,0,0,2,2,2
767,25.533333333333335,0,1,179.67994689941406,238.0231761932373,182.13502883911133,240.56116104125977,155.38318634033203,230.9315013885498,191.66311264038086,95.90421438217163,180.9074878692627,239.29216861724854,102.5529710164964,9.948874473571777,28.640289306640625,30.319074439351894,0.09701205508684314,0.27927313097573375,0.29564306269074203,51,104.8601669862582,0.03367454119289282,0.27114419022446795,0.2413743968435272,1,36,175.76908578670614,77.6486470545624,76.16613120560586,0,0,2,2,2
768,25.566666666666666,1,1,171.84730529785156,236.87725067138672,177.01993942260742,240.05993843078613,149.52218055725098,232.6175022125244,193.40681076049805,97.6459264755249,174.4336223602295,238.46859455108643,102.5529710164964,9.948874473571777,28.640289306640625,30.319074439351894,0.09701205508684314,0.27927313097573375,0.29564306269074203,51,106.0276583440733,0.0572808589867209,0.2686764082447978,0.21435805568063845,1,37,178.1156016660166,70.66179506684982,75.58100254337461,-1,0,2,2,2
769,25.6,0,1,171.84730529785156,236.87725067138672,177.01993942260742,240.05993843078613,149.52218055725098,232.6175022125244,193.40681076049805,97.6459264755249,174.4336223602295,238.46859455108643,102.5529710164964,9.948874473571777,28.640289306640625,30.319074439351894,0.09701205508684314,0.27927313097573375,0.29564306269074203,51,106.0276583440733,0.0572808589867209,0.2686764082447978,0.21435805568063845,1,38,178.1156016660166,70.66179506684982,75.58100254337461,0,0,2,2,2
770,25.633333333333333,0,1,171.84730529785156,236.87725067138672,177.01993942260742,240.05993843078613,149.52218055725098,232.6175022125244,193.40681076049805,97.6459264755249,174.4336223602295,238.46859455108643,102.5529710164964,9.948874473571777,28.640289306640625,30.319074439351894,0.09701205508684314,0.27927313097573375,0.29564306269074203,51,106.0276583440733,0.0572808589867209,0.2686764082447978,0.21435805568063845,1,39,178.1156016660166,70.66179506684982,75.58100254337461,0,0,2,2,2
771,25.666666666666668,1,1,169.0703010559082,238.5832643508911,169.45152282714844,239.0921688079834,144.72628593444824,233.23340892791748,192.87797927856445,95.99809885025024,169.26091194152832,238.83771657943726,102.5529710164964,9.948874473571777,28.640289306640625,30.319074439351894,0.09701205508684314,0.27927313097573375,0.29564306269074203,51,107.91369032415552,0.005892271234686974,0.23546491548324164,0.23097095200806916,1,40,178.21885830799096,69.3921296466823,78.69354243142467,-1,0,2,2,2
772,25.7,0,1,169.0703010559082,238.5832643508911,169.45152282714844,239.0921688079834,144.72628593444824,233.23340892791748,192.87797927856445,95.99809885025024,169.26091194152832,238.83771657943726,102.5529710164964,9.948874473571777,28.640289306640625,30.319074439351894,0.09701205508684314,0.27927313097573375,0.29564306269074203,51,107.91369032415552,0.005892271234686974,0.23546491548324164,0.23097095200806916,1,41,178.21885830799096,69.3921296466823,78.69354243142467,0,0,2,2,2
773,25.733333333333334,0,1,169.0703010559082,238.5832643508911,169.45152282714844,239.0921688079834,144.72628593444824,233.23340892791748,192.87797927856445,95.99809885025024,169.26091194152832,238.83771657943726,102.5529710164964,9.948874473571777,28.640289306640625,30.319074439351894,0.09701205508684314,0.27927313097573375,0.29564306269074203,51,107.91369032415552,0.005892271234686974,0.23546491548324164,0.23097095200806916,1,42,178.21885830799096,69.3921296466823,78.69354243142467,0,0,2,2,2
774,25.766666666666666,1,1,207.00742721557617,219.49373245239258,163.70567321777344,235.12909412384033,140.7133960723877,225.69976329803467,193.65201950073242,83.80833864212036,185.3565502166748,227.31141328811646,102.5529710164964,9.948874473571777,28.640289306640625,30.319074439351894,0.09701205508684314,0.27927313097573375,0.29564306269074203,51,106.63441650869872,0.43173769916589066,0.23304573460027736,0.6244126848958544,1,43,160.8456258386544,108.759612147018,94.82039890915892,1,-1,3,3,3
775,25.8,0,1,207.00742721557617,219.49373245239258,163.70567321777344,235.12909412384033,140.7133960723877,225.69976329803467,193.65201950073242,83.80833864212036,185.3565502166748,227.31141328811646,102.5529710164964,9.948874473571777,28.640289306640625,30.319074439351894,0.09701205508684314,0.27927313097573375,0.29564306269074203,51,106.63441650869872,0.43173769916589066,0.23304573460027736,0.6244126848958544,1,44,160.8456258386544,108.759612147018,94.82039890915892,0,0,3,3,3
776,25.833333333333332,0,1,207.00742721557617,219.49373245239258,163.70567321777344,235.12909412384033,140.7133960723877,225.69976329803467,193.65201950073242,83.80833864212036,185.3565502166748,227.31141328811646,102.5529710164964,9.948874473571777,28.640289306640625,30.319074439351894,0.09701205508684314,0.27927313097573375,0.29564306269074203,51,106.63441650869872,0.43173769916589066,0.23304573460027736,0.6244126848958544,1,45,160.8456258386544,108.759612147018,94.82039890915892,0,0,3,3,3
777,25.866666666666667,1,1,170.17099380493164,210.07867813110352,160.2043342590332,214.2819356918335,139.0665340423584,202.85375118255615,197.98946380615234,60.57593107223511,165.18766403198242,212.1803069114685,102.5529710164964,9.948874473571777,28.640289306640625,30.319074439351894,0.09701205508684314,0.27927313097573375,0.29564306269074203,51,90.91682053142965,0.1189739287508914,0.26430045493807586,0.3512280551252363,1,46,172.04046038449096,109.59737562240244,100.8461875851138,-1,-1,4,3,4
778,25.9,0,1,170.17099380493164,210.07867813110352,160.2043342590332,214.2819356918335,139.0665340423584,202.85375118255615,197.98946380615234,60.57593107223511,165.18766403198242,212.1803069114685,102.5529710164964,9.948874473571777,28.640289306640625,30.319074439351894,0.09701205508684314,0.27927313097573375,0.29564306269074203,51,90.91682053142965,0.1189739287508914,0.26430045493807586,0.3512280551252363,1,47,172.04046038449096,109.59737562240244,100.8461875851138,0,0,4,3,4
779,25.933333333333334,0,1,170.17099380493164,210.07867813110352,160.2043342590332,214.2819356918335,139.0665340423584,202.85375118255615,197.98946380615234,60.57593107223511,165.18766403198242,212.1803069114685,102.5529710164964,9.948874473571777,28.640289306640625,30.319074439351894,0.09701205508684314,0.27927313097573375,0.29564306269074203,51,90.91682053142965,0.1189739287508914,0.26430045493807586,0.3512280551252363,1,48,172.04046038449096,109.59737562240244,100.8461875851138,0,0,4,3,4
780,25.966666666666665,1,1,187.2393798828125,153.09714317321777,186.54233932495117,158.19801807403564,168.74465942382812,147.83652305603027,220.75531005859375,25.615230202674866,186.89085960388184,155.6475806236267,102.5529710164964,9.948874473571777,28.640289306640625,30.319074439351894,0.09701205508684314,0.27927313097573375,0.29564306269074203,51,85.12267170575612,0.06048071824697022,0.24193466550169715,0.22588968492794148,1,49,168.7486784526808,104.92477097530683,94.06579531318327,1,-1,5,3,5
781,26.0,0,1,187.2393798828125,153.09714317321777,186.54233932495117,158.19801807403564,168.74465942382812,147.83652305603027,220.75531005859375,25.615230202674866,186.89085960388184,155.6475806236267,102.5529710164964,9.948874473571777,28.640289306640625,30.319074439351894,0.09701205508684314,0.27927313097573375,0.29564306269074203,51,85.12267170575612,0.06048071824697022,0.24193466550169715,0.22588968492794148,1,50,168.7486784526808,104.92477097530683,94.06579531318327,0,0,5,3,5
782,26.033333333333335,0,1,187.2393798828125,153.09714317321777,186.54233932495117,158.19801807403564,168.74465942382812,147.83652305603027,220.75531005859375,25.615230202674866,186.89085960388184,155.6475806236267,102.5529710164964,9.948874473571777,28.640289306640625,30.319074439351894,0.09701205508684314,0.27927313097573375,0.29564306269074203,51,85.12267170575612,0.06048071824697022,0.24193466550169715,0.22588968492794148,1,51,168.7486784526808,104.92477097530683,94.06579531318327,0,0,5,3,5
783,26.066666666666666,1,0,,,,,,,,,,,,,,,,,,0,,,,,0,51,,,,0,0,5,3,5
784,26.1,0,0,,,,,,,,,,,,,,,,,,0,,,,,0,51,,,,0,0,5,3,5
785,26.133333333333333,0,0,,,,,,,,,,,,,,,,,,0,,,,,0,51,,,,0,0,5,3,5
786,26.166666666666668,1,0,,,,,,,,,,,,,,,,,,0,,,,,0,51,,,,0,0,5,3,5
787,26.2,0,0,,,,,,,,,,,,,,,,,,0,,,,,0,51,,,,0,0,5,3,5
788,26.233333333333334,0,0,,,,,,,,,,,,,,,,,,0,,,,,0,51,,,,0,0,5,3,5
789,26.266666666666666,1,0,,,,,,,,,,,,,,,,,,0,,,,,0,51,,,,0,0,5,3,5
790,26.3,0,0,,,,,,,,,,,,,,,,,,0,,,,,0,51,,,,0,0,5,3,5
791,26.333333333333332,0,0,,,,,,,,,,,,,,,,,,0,,,,,0,51,,,,0,0,5,3,5
792,26.366666666666667,1,0,,,,,,,,,,,,,,,,,,0,,,,,0,51,,,,0,0,5,3,5
793,26.4,0,0,,,,,,,,,,,,,,,,,,0,,,,,0,51,,,,0,0,5,3,5
794,26.433333333333334,0,0,,,,,,,,,,,,,,,,,,0,,,,,0,51,,,,0,0,5,3,5
795,26.466666666666665,1,0,,,,,,,,,,,,,,,,,,0,,,,,0,51,,,,0,0,5,3,5
796,26.5,0,0,,,,,,,,,,,,,,,,,,0,,,,,0,51,,,,0,0,5,3,5
797,26.533333333333335,0,0,,,,,,,,,,,,,,,,,,0,,,,,0,51,,,,0,0,5,3,5
798,26.566666666666666,1,0,,,,,,,,,,,,,,,,,,0,,,,,0,51,,,,0,0,5,3,5
799,26.6,0,0,,,,,,,,,,,,,,,,,,0,,,,,0,51,,,,0,0,5,3,5
800,26.633333333333333,0,0,,,,,,,,,,,,,,,,,,0,,,,,0,51,,,,0,0,5,3,5
801,26.666666666666668,1,0,,,,,,,,,,,,,,,,,,0,,,,,0,51,,,,0,0,5,3,5
802,26.7,0,0,,,,,,,,,,,,,,,,,,0,,,,,0,51,,,,0,0,5,3,5
803,26.733333333333334,0,0,,,,,,,,,,,,,,,,,,0,,,,,0,51,,,,0,0,5,3,5
804,26.766666666666666,1,0,,,,,,,,,,,,,,,,,,0,,,,,0,51,,,,0,0,5,3,5
805,26.8,0,0,,,,,,,,,,,,,,,,,,0,,,,,0,51,,,,0,0,5,3,5
806,26.833333333333332,0,0,,,,,,,,,,,,,,,,,,0,,,,,0,51,,,,0,0,5,3,5
807,26.866666666666667,1,0,,,,,,,,,,,,,,,,,,0,,,,,0,51,,,,0,0,5,3,5
808,26.9,0,0,,,,,,,,,,,,,,,,,,0,,,,,0,51,,,,0,0,5,3,5
809,26.933333333333334,0,0,,,,,,,,,,,,,,,,,,0,,,,,0,51,,,,0,0,5,3,5
810,26.966666666666665,1,0,,,,,,,,,,,,,,,,,,0,,,,,0,51,,,,0,0,5,3,5
811,27.0,0,0,,,,,,,,,,,,,,,,,,0,,,,,0,51,,,,0,0,5,3,5
812,27.033333333333335,0,0,,,,,,,,,,,,,,,,,,0,,,,,0,51,,,,0,0,5,3,5
813,27.066666666666666,1,0,,,,,,,,,,,,,,,,,,0,,,,,0,51,,,,0,0,5,3,5
814,27.1,0,0,,,,,,,,,,,,,,,,,,0,,,,,0,51,,,,0,0,5,3,5
815,27.133333333333333,0,0,,,,,,,,,,,,,,,,,,0,,,,,0,51,,,,0,0,5,3,5
816,27.166666666666668,1,1,633.7711334228516,103.65604162216187,639.5229339599609,164.06659126281738,611.1871337890625,183.3126926422119,560.1050567626953,-9.855274558067322,636.6470336914062,133.86131644248962,,,,,,,,0,76.98698120421001,0.7882339419652918,0.44493113250764227,1.075457813394991,0,0,166.0346418197401,173.83989309063296,177.5135179679826,0,0,0,0,0
817,27.2,0,1,633.7711334228516,103.65604162216187,639.5229339599609,164.06659126281738,611.1871337890625,183.3126926422119,560.1050567626953,-9.855274558067322,636.6470336914062,133.86131644248962,,,,,,,,0,76.98698120421001,0.7882339419652918,0.44493113250764227,1.075457813394991,0,0,166.0346418197401,173.83989309063296,177.5135179679826,0,0,0,0,0
818,27.233333333333334,0,1,633.7711334228516,103.65604162216187,639.5229339599609,164.06659126281738,611.1871337890625,183.3126926422119,560.1050567626953,-9.855274558067322,636.6470336914062,133.86131644248962,,,,,,,,0,76.98698120421001,0.7882339419652918,0.44493113250764227,1.075457813394991,0,0,166.0346418197401,173.83989309063296,177.5135179679826,0,0,0,0,0
819,27.266666666666666,1,1,625.2579879760742,181.13182067871094,608.4326934814453,204.35091018676758,583.0436325073242,216.87997341156006,543.1461334228516,36.16275429725647,616.8453407287598,192.74136543273926,93.3146809535607,14.518556594848633,34.93291473388672,37.829842947107544,0.15558705711134552,0.3743560431961564,0.40540076395839664,9,95.54806252490673,0.3001036303338326,0.29631391760176085,0.5789453462053427,1,1,179.61083479835574,177.53526053635522,179.7925209445769,0,0,0,0,0
820,27.3,0,1,625.2579879760742,181.13182067871094,608.4326934814453,204.35091018676758,583.0436325073242,216.87997341156006,543.1461334228516,36.16275429725647,616.8453407287598,192.74136543273926,93.3146809535607,14.518556594848633,34.93291473388672,37.829842947107544,0.15558705711134552,0.3743560431961564,0.40540076395839664,9,95.54806252490673,0.3001036303338326,0.29631391760176085,0.5789453462053427,1,2,179.61083479835574,177.53526053635522,179.7925209445769,0,0,0,0,0
821,27.333333333333332,0,1,625.2579879760742,181.13182067871094,608.4326934814453,204.35091018676758,583.0436325073242,216.87997341156006,543.1461334228516,36.16275429725647,616.8453407287598,192.74136543273926,93.3146809535607,14.518556594848633,34.93291473388672,37.829842947107544,0.15558705711134552,0.3743560431961564,0.40540076395839664,9,95.54806252490673,0.3001036303338326,0.29631391760176085,0.5789453462053427,1,3,179.61083479835574,177.53526053635522,179.7925209445769,0,0,0,0,0
822,27.366666666666667,1,1,588.8348770141602,217.85772800445557,578.0902862548828,246.50951385498047,557.7038192749023,259.8461437225342,536.0485076904297,71.01784229278564,583.4625816345215,232.18362092971802,93.3146809535607,14.518556594848633,34.93291473388672,37.829842947107544,0.15558705711134552,0.3743560431961564,0.40540076395839664,9,93.29750517120074,0.3279849842868852,0.26111433806371154,0.5602525133408813,1,4,163.68416864525636,178.1316638977029,178.38990265358598,-1,1,0,0,0
823,27.4,0,1,588.8348770141602,217.85772800445557,578.0902862548828,246.50951385498047,557.7038192749023,259.8461437225342,536.0485076904297,71.01784229278564,583.4625816345215,232.18362092971802,93.3146809535607,14.518556594848633,34.93291473388672,37.829842947107544,0.15558705711134552,0.3743560431961564,0.40540076395839664,9,93.29750517120074,0.3279849842868852,0.26111433806371154,0.5602525133408813,1,5,163.68416864525636,178.1316638977029,178.38990265358598,0,0,0,0,0
824,27.433333333333334,0,1,588.8348770141602,217.85772800445557,578.0902862548828,246.50951385498047,557.7038192749023,259.8461437225342,536.0485076904297,71.01784229278564,583.4625816345215,232.18362092971802,93.3146809535607,14.518556594848633,34.93291473388672,37.829842947107544,0.15558705711134552,0.3743560431961564,0.40540076395839664,9,93.29750517120074,0.3279849842868852,0.26111433806371154,0.5602525133408813,1,6,163.68416864525636,178.1316638977029,178.38990265358598,0,0,0,0,0
825,27.466666666666665,1,1,601.7522811889648,270.3376579284668,577.3196411132812,286.1110210418701,552.0878601074219,293.62195014953613,530.94970703125,120.91421127319336,589.535961151123,278.22433948516846,93.3146809535607,14.518556594848633,34.93291473388672,37.829842947107544,0.15558705711134552,0.3743560431961564,0.40540076395839664,9,93.3146809535607,0.31165332766809223,0.28212037210655433,0.58781464861669,1,7,171.12564112444986,179.98021765897056,176.04819244442507,1,1,1,0,1
826,27.5,0,1,601.7522811889648,270.3376579284668,577.3196411132812,286.1110210418701,552.0878601074219,293.62195014953613,530.94970703125,120.91421127319336,589.535961151123,278.22433948516846,93.3146809535607,14.518556594848633,34.93291473388672,37.829842947107544,0.15558705711134552,0.3743560431961564,0.40540076395839664,9,93.3146809535607,0.31165332766809223,0.28212037210655433,0.58781464861669,1,8,171.12564112444986,179.98021765897056,176.04819244442507,0,0,1,0,1
827,27.533333333333335,0,1,601.7522811889648,270.3376579284668,577.3196411132812,286.1110210418701,552.0878601074219,293.62195014953613,530.94970703125,120.91421127319336,589.535961151123,278.22433948516846,93.3146809535607,14.518556594848633,34.93291473388672,37.829842947107544,0.15558705711134552,0.3743560431961564,0.40540076395839664,9,93.3146809535607,0.31165332766809223,0.28212037210655433,0.58781464861669,1,9,171.12564112444986,179.98021765897056,176.04819244442507,0,0,1,0,1
828,27.566666666666666,1,1,601.6725540161133,292.9346466064453,569.0374374389648,328.8891792297363,543.8087844848633,337.694034576416,534.7780227661133,160.06178855895996,585.3549957275391,310.9119129180908,,,,,,,,0,94.93330875715537,0.5114850599450971,0.28147099819186716,0.7705910504880015,0,0,173.55113459899624,178.4530043058604,176.82626999770062,0,0,0,0,0
829,27.6,0,1,601.6725540161133,292.9346466064453,569.0374374389648,328.8891792297363,543.8087844848633,337.694034576416,534.7780227661133,160.06178855895996,585.3549957275391,310.9119129180908,,,,,,,,0,94.93330875715537,0.5114850599450971,0.28147099819186716,0.7705910504880015,0,0,173.55113459899624,178.4530043058604,176.82626999770062,0,0,0,0,0
830,27.633333333333333,0,1,601.6725540161133,292.9346466064453,569.0374374389648,328.8891792297363,543.8087844848633,337.694034576416,534.7780227661133,160.06178855895996,585.3549957275391,310.9119129180908,,,,,,,,0,94.93330875715537,0.5114850599450971,0.28147099819186716,0.7705910504880015,0,0,173.55113459899624,178.4530043058604,176.82626999770062,0,0,0,0,0
831,27.666666666666668,1,1,603.2590103149414,292.2789001464844,568.3183670043945,369.76841926574707,543.1592178344727,381.10198974609375,537.9513549804688,180.68970680236816,585.788688659668,331.0236597061157,,,,,,,,0,92.3642245345149,0.920299925350639,0.29875277430411207,1.161111563192136,0,0,169.9212975248296,179.9515433573567,179.08229423889034,0,0,0,0,0
832,27.7,0,1,603.2590103149414,292.2789001464844,568.3183670043945,369.76841926574707,543.1592178344727,381.10198974609375,537.9513549804688,180.68970680236816,585.788688659668,331.0236597061157,,,,,,,,0,92.3642245345149,0.920299925350639,0.29875277430411207,1.161111563192136,0,0,169.9212975248296,179.9515433573567,179.08229423889034,0,0,0,0,0
833,27.733333333333334,0,1,603.2590103149414,292.2789001464844,568.3183670043945,369.76841926574707,543.1592178344727,381.10198974609375,537.9513549804688,180.68970680236816,585.788688659668,331.0236597061157,,,,,,,,0,92.3642245345149,0.920299925350639,0.29875277430411207,1.161111563192136,0,0,169.9212975248296,179.9515433573567,179.08229423889034,0,0,0,0,0
834,27.766666666666666,1,1,601.1931610107422,294.60765838623047,569.0729522705078,375.6181240081787,549.9412536621094,389.7754955291748,537.796630859375,180.76465129852295,585.133056640625,335.1128911972046,,,,,,,,0,92.17469055883554,0.9454425443745982,0.2582083457445734,1.1726760351159247,0,0,179.98021765897056,178.57302679052916,178.53206216627598,0,0,0,0,0
835,27.8,0,1,601.1931610107422,294.60765838623047,569.0729522705078,375.6181240081787,549.9412536621094,389.7754955291748,537.796630859375,180.76465129852295,585.133056640625,335.1128911972046,,,,,,,,0,92.17469055883554,0.9454425443745982,0.2582083457445734,1.1726760351159247,0,0,179.98021765897056,178.57302679052916,178.53206216627598,0,0,0,0,0
836,27.833333333333332,0,1,601.1931610107422,294.60765838623047,569.0729522705078,375.6181240081787,549.9412536621094,389.7754955291748,537.796630859375,180.76465129852295,585.133056640625,335.1128911972046,,,,,,,,0,92.17469055883554,0.9454425443745982,0.2582083457445734,1.1726760351159247,0,0,179.98021765897056,178.57302679052916,178.53206216627598,0,0,0,0,0
837,27.866666666666667,1,1,603.3989334106445,296.7655563354492,569.9386596679688,376.8870449066162,548.3428192138672,388.8120174407959,537.548942565918,178.23090076446533,586.6687965393066,336.8263006210327,,,,,,,,0,94.14112810922855,0.9223138018595318,0.2620482893387503,1.139304675658594,0,0,177.66250597176926,178.93780018176201,179.63469500770458,0,0,0,0,0
838,27.9,0,1,603.3989334106445,296.7655563354492,569.9386596679688,376.8870449066162,548.3428192138672,388.8120174407959,537.548942565918,178.23090076446533,586.6687965393066,336.8263006210327,,,,,,,,0,94.14112810922855,0.9223138018595318,0.2620482893387503,1.139304675658594,0,0,177.66250597176926,178.93780018176201,179.63469500770458,0,0,0,0,0
839,27.933333333333334,0,1,603.3989334106445,296.7655563354492,569.9386596679688,376.8870449066162,548.3428192138672,388.8120174407959,537.548942565918,178.23090076446533,586.6687965393066,336.8263006210327,,,,,,,,0,94.14112810922855,0.9223138018595318,0.2620482893387503,1.139304675658594,0,0,177.66250597176926,178.93780018176201,179.63469500770458,0,0,0,0,0
840,27.966666666666665,1,1,604.8871612548828,296.3994598388672,569.8337554931641,376.65000915527344,547.8378677368164,389.3437671661377,537.3300170898438,176.5983009338379,587.3604583740234,336.5247344970703,,,,,,,,0,95.52865420942432,0.9167114357263427,0.26584564861842164,1.141607752725777,0,0,172.5393857672369,179.0079076464046,179.86152357977852,0,0,0,0,0
841,28.0,0,1,604.8871612548828,296.3994598388672,569.8337554931641,376.65000915527344,547.8378677368164,389.3437671661377,537.3300170898438,176.5983009338379,587.3604583740234,336.5247344970703,,,,,,,,0,95.52865420942432,0.9167114357263427,0.26584564861842164,1.141607752725777,0,0,172.5393857672369,179.0079076464046,179.86152357977852,0,0,0,0,0
842,28.033333333333335,0,1,604.8871612548828,296.3994598388672,569.8337554931641,376.65000915527344,547.8378677368164,389.3437671661377,537.3300170898438,176.5983009338379,587.3604583740234,336.5247344970703,,,,,,,,0,95.52865420942432,0.9167114357263427,0.26584564861842164,1.141607752725777,0,0,172.5393857672369,179.0079076464046,179.86152357977852,0,0,0,0,0
843,28.066666666666666,1,1,603.5707473754883,296.30810737609863,570.1729583740234,376.6958999633789,548.0683135986328,389.71704483032227,537.7715682983398,176.48247241973877,586.8718528747559,336.50200366973877,,,,,,,,0,95.61282042917718,0.9104371722689272,0.2683190074091238,1.1363985141062563,0,0,175.0830274092996,178.18684284901022,179.58269013849238,0,0,0,0,0
844,28.1,0,1,603.5707473754883,296.30810737609863,570.1729583740234,376.6958999633789,548.0683135986328,389.71704483032227,537.7715682983398,176.48247241973877,586.8718528747559,336.50200366973877,,,,,,,,0,95.61282042917718,0.9104371722689272,0.2683190074091238,1.1363985141062563,0,0,175.0830274092996,178.18684284901022,179.58269013849238,0,0,0,0,0
845,28.133333333333333,0,1,603.5707473754883,296.30810737609863,570.1729583740234,376.6958999633789,548.0683135986328,389.71704483032227,537.7715682983398,176.48247241973877,586.8718528747559,336.50200366973877,,,,,,,,0,95.61282042917718,0.9104371722689272,0.2683190074091238,1.1363985141062563,0,0,175.0830274092996,178.18684284901022,179.58269013849238,0,0,0,0,0
846,28.166666666666668,1,1,603.7888717651367,297.3933219909668,569.5301818847656,377.35596656799316,547.7332305908203,389.72107887268066,537.433967590332,176.47812366485596,586.6595268249512,337.37464427948,,,,,,,,0,95.50836352362806,0.9108356987565075,0.262385291301507,1.1309194501631517,0,0,175.12243105684865,178.0444529527928,179.00534683124627,0,0,0,0,0
847,28.2,0,1,603.7888717651367,297.3933219909668,569.5301818847656,377.35596656799316,547.7332305908203,389.72107887268066,537.433967590332,176.47812366485596,586.6595268249512,337.37464427948,,,,,,,,0,95.50836352362806,0.9108356987565075,0.262385291301507,1.1309194501631517,0,0,175.12243105684865,178.0444529527928,179.00534683124627,0,0,0,0,0
848,28.233333333333334,0,1,603.7888717651367,297.3933219909668,569.5301818847656,377.35596656799316,547.7332305908203,389.72107887268066,537.433967590332,176.47812366485596,586.6595268249512,337.37464427948,,,,,,,,0,95.50836352362806,0.9108356987565075,0.262385291301507,1.1309194501631517,0,0,175.12243105684865,178.0444529527928,179.00534683124627,0,0,0,0,0
849,28.266666666666666,1,1,602.966423034668,296.1525821685791,569.7671508789062,376.3069152832031,547.5111770629883,389.2789649963379,538.4540557861328,176.04570865631104,586.3667869567871,336.2297487258911,,,,,,,,0,95.79904046842746,0.9056224239611613,0.2689012551166438,1.1314028055092107,0,0,177.33515853267974,178.3940404352519,179.56344073114357,0,0,0,0,0
850,28.3,0,1,602.966423034668,296.1525821685791,569.7671508789062,376.3069152832031,547.5111770629883,389.2789649963379,538.4540557861328,176.04570865631104,586.3667869567871,336.2297487258911,,,,,,,,0,95.79904046842746,0.9056224239611613,0.2689012551166438,1.1314028055092107,0,0,177.33515853267974,178.3940404352519,179.56344073114357,0,0,0,0,0
851,28.333333333333332,0,1,602.966423034668,296.1525821685791,569.7671508789062,376.3069152832031,547.5111770629883,389.2789649963379,538.4540557861328,176.04570865631104,586.3667869567871,336.2297487258911,,,,,,,,0,95.79904046842746,0.9056224239611613,0.2689012551166438,1.1314028055092107,0,0,177.33515853267974,178.3940404352519,179.56344073114357,0,0,0,0,0
852,28.366666666666667,1,1,603.5724639892578,297.1365165710449,570.1324081420898,376.94037437438965,547.5721740722656,389.68231201171875,538.1304168701172,177.17604160308838,586.8524360656738,337.0384454727173,,,,,,,,0,94.4712532563414,0.9159064935148167,0.27426190210295265,1.1450047759422282,0,0,175.83058833204768,178.03805837040878,179.13317298369788,0,0,0,0,0
853,28.4,0,1,603.5724639892578,297.1365165710449,570.1324081420898,376.94037437438965,547.5721740722656,389.68231201171875,538.1304168701172,177.17604160308838,586.8524360656738,337.0384454727173,,,,,,,,0,94.4712532563414,0.9159064935148167,0.27426190210295265,1.1450047759422282,0,0,175.83058833204768,178.03805837040878,179.13317298369788,0,0,0,0,0
854,28.433333333333334,0,1,603.5724639892578,297.1365165710449,570.1324081420898,376.94037437438965,547.5721740722656,389.68231201171875,538.1304168701172,177.17604160308838,586.8524360656738,337.0384454727173,,,,,,,,0,94.4712532563414,0.9159064935148167,0.27426190210295265,1.1450047759422282,0,0,175.83058833204768,178.03805837040878,179.13317298369788,0,0,0,0,0
855,28.466666666666665,1,1,604.8223495483398,296.3112545013428,569.8537445068359,376.5498733520508,547.8898239135742,389.1090774536133,538.2498168945312,177.4775505065918,587.3380470275879,336.4305639266968,,,,,,,,0,94.15280929086249,0.9296309241627962,0.26872416084695,1.1563152420397373,0,0,175.95455382034677,177.83101849578506,178.92844598879802,0,0,0,0,0
856,28.5,0,1,604.8223495483398,296.3112545013428,569.8537445068359,376.5498733520508,547.8898239135742,389.1090774536133,538.2498168945312,177.4775505065918,587.3380470275879,336.4305639266968,,,,,,,,0,94.15280929086249,0.9296309241627962,0.26872416084695,1.1563152420397373,0,0,175.95455382034677,177.83101849578506,178.92844598879802,0,0,0,0,0
857,28.533333333333335,0,1,604.8223495483398,296.3112545013428,569.8537445068359,376.5498733520508,547.8898239135742,389.1090774536133,538.2498168945312,177.4775505065918,587.3380470275879,336.4305639266968,,,,,,,,0,94.15280929086249,0.9296309241627962,0.26872416084695,1.1563152420397373,0,0,175.95455382034677,177.83101849578506,178.92844598879802,0,0,0,0,0
858,28.566666666666666,1,1,605.2816772460938,295.944128036499,570.4242706298828,376.27060890197754,548.0731201171875,389.11871910095215,538.0069732666016,177.18174934387207,587.8529739379883,336.1073684692383,,,,,,,,0,94.49155988319826,0.926681602914517,0.27283670031484897,1.157096240079965,0,0,176.08263328122794,178.33622432634428,179.27072665178497,0,0,0,0,0
859,28.6,0,1,605.2816772460938,295.944128036499,570.4242706298828,376.27060890197754,548.0731201171875,389.11871910095215,538.0069732666016,177.18174934387207,587.8529739379883,336.1073684692383,,,,,,,,0,94.49155988319826,0.926681602914517,0.27283670031484897,1.157096240079965,0,0,176.08263328122794,178.33622432634428,179.27072665178497,0,0,0,0,0
860,28.633333333333333,0,1,605.2816772460938,295.944128036499,570.4242706298828,376.27060890197754,548.0731201171875,389.11871910095215,538.0069732666016,177.18174934387207,587.8529739379883,336.1073684692383,,,,,,,,0,94.49155988319826,0.926681602914517,0.27283670031484897,1.157096240079965,0,0,176.08263328122794,178.33622432634428,179.27072665178497,0,0,0,0,0
861,28.666666666666668,1,1,603.6640930175781,295.5658149719238,570.0544357299805,376.3256549835205,547.7983474731445,389.21908378601074,538.0102920532227,176.72324180603027,586.8592643737793,335.94573497772217,,,,,,,,0,94.57364750390417,0.9249335951382961,0.2719687879136434,1.1530702905321515,0,0,178.48482998774537,178.38129608830283,179.78693754486721,0,0,0,0,0
862,28.7,0,1,603.6640930175781,295.5658149719238,570.0544357299805,376.3256549835205,547.7983474731445,389.21908378601074,538.0102920532227,176.72324180603027,586.8592643737793,335.94573497772217,,,,,,,,0,94.57364750390417,0.9249335951382961,0.2719687879136434,1.1530702905321515,0,0,178.48482998774537,178.38129608830283,179.78693754486721,0,0,0,0,0
863,28.733333333333334,0,1,603.6640930175781,295.5658149719238,570.0544357299805,376.3256549835205,547.7983474731445,389.21908378601074,538.0102920532227,176.72324180603027,586.8592643737793,335.94573497772217,,,,,,,,0,94.57364750390417,0.9249335951382961,0.2719687879136434,1.1530702905321515,0,0,178.48482998774537,178.38129608830283,179.78693754486721,0,0,0,0,0
864,28.766666666666666,1,1,604.2715072631836,296.2028503417969,569.8722457885742,376.6878604888916,548.3084869384766,389.7136402130127,537.9709243774414,176.84945583343506,587.0718765258789,336.44535541534424,,,,,,,,0,93.94465588632644,0.9316972011037649,0.2681641717777953,1.1600196478160425,0,0,175.90973356025836,177.87145951052204,179.9557653398252,0,0,0,0,0
865,28.8,0,1,604.2715072631836,296.2028503417969,569.8722457885742,376.6878604888916,548.3084869384766,389.7136402130127,537.9709243774414,176.84945583343506,587.0718765258789,336.44535541534424,,,,,,,,0,93.94465588632644,0.9316972011037649,0.2681641717777953,1.1600196478160425,0,0,175.90973356025836,177.87145951052204,179.9557653398252,0,0,0,0,0
866,28.833333333333332,0,1,604.2715072631836,296.2028503417969,569.8722457885742,376.6878604888916,548.3084869384766,389.7136402130127,537.9709243774414,176.84945583343506,587.0718765258789,336.44535541534424,,,,,,,,0,93.94465588632644,0.9316972011037649,0.2681641717777953,1.1600196478160425,0,0,175.90973356025836,177.87145951052204,179.9557653398252,0,0,0,0,0
867,28.866666666666667,1,1,605.8301544189453,296.62811279296875,569.7875213623047,377.1998977661133,548.4985733032227,389.686918258667,537.7670669555664,177.39798545837402,587.808837890625,336.914005279541,,,,,,,,0,93.51998702400289,0.9438194637144953,0.2639100327070116,1.1687518040195686,0,0,175.70107609694858,178.4967592910284,179.69225862684172,0,0,0,0,0
868,28.9,0,1,605.8301544189453,296.62811279296875,569.7875213623047,377.1998977661133,548.4985733032227,389.686918258667,537.7670669555664,177.39798545837402,587.808837890625,336.914005279541,,,,,,,,0,93.51998702400289,0.9438194637144953,0.2639100327070116,1.1687518040195686,0,0,175.70107609694858,178.4967592910284,179.69225862684172,0,0,0,0,0
869,28.933333333333334,0,1,605.8301544189453,296.62811279296875,569.7875213623047,377.1998977661133,548.4985733032227,389.686918258667,537.7670669555664,177.39798545837402,587.808837890625,336.914005279541,,,,,,,,0,93.51998702400289,0.9438194637144953,0.2639100327070116,1.1687518040195686,0,0,175.70107609694858,178.4967592910284,179.69225862684172,0,0,0,0,0
870,28.966666666666665,1,1,605.9575271606445,296.1763286590576,569.9631881713867,376.74551010131836,547.9564666748047,389.6601104736328,538.1045150756836,178.08587551116943,587.9603576660156,336.460919380188,,,,,,,,0,92.56910118490043,0.9532759454573441,0.275646212171697,1.1884654981329532,0,0,177.32482166855038,177.8203968043355,179.65850334258147,0,0,0,0,0
871,29.0,0,1,605.9575271606445,296.1763286590576,569.9631881713867,376.74551010131836,547.9564666748047,389.6601104736328,538.1045150756836,178.08587551116943,587.9603576660156,336.460919380188,,,,,,,,0,92.56910118490043,0.9532759454573441,0.275646212171697,1.1884654981329532,0,0,177.32482166855038,177.8203968043355,179.65850334258147,0,0,0,0,0
872,29.033333333333335,0,1,605.9575271606445,296.1763286590576,569.9631881713867,376.74551010131836,547.9564666748047,389.6601104736328,538.1045150756836,178.08587551116943,587.9603576660156,336.460919380188,,,,,,,,0,92.56910118490043,0.9532759454573441,0.275646212171697,1.1884654981329532,0,0,177.32482166855038,177.8203968043355,179.65850334258147,0,0,0,0,0
873,29.066666666666666,1,1,605.3475570678711,296.57936096191406,569.5048141479492,377.21923828125,547.7999877929688,389.3967819213867,537.9891204833984,177.9158592224121,587.4261856079102,336.89929962158203,,,,,,,,0,92.44383392445214,0.9545987449148746,0.26921847937542126,1.1813646013423653,0,0,177.06768612680804,178.08561806889108,179.71060899329834,0,0,0,0,0
874,29.1,0,1,605.3475570678711,296.57936096191406,569.5048141479492,377.21923828125,547.7999877929688,389.3967819213867,537.9891204833984,177.9158592224121,587.4261856079102,336.89929962158203,,,,,,,,0,92.44383392445214,0.9545987449148746,0.26921847937542126,1.1813646013423653,0,0,177.06768612680804,178.08561806889108,179.71060899329834,0,0,0,0,0
875,29.133333333333333,0,1,605.3475570678711,296.57936096191406,569.5048141479492,377.21923828125,547.7999877929688,389.3967819213867,537.9891204833984,177.9158592224121,587.4261856079102,336.89929962158203,,,,,,,,0,92.44383392445214,0.9545987449148746,0.26921847937542126,1.1813646013423653,0,0,177.06768612680804,178.08561806889108,179.71060899329834,0,0,0,0,0
876,29.166666666666668,1,1,605.9577560424805,296.65005683898926,569.526481628418,377.64716148376465,548.0816650390625,389.6799945831299,538.0304336547852,178.19797039031982,587.7421188354492,337.14860916137695,,,,,,,,0,92.97606454614775,0.9552255368816305,0.2644769179694178,1.178407925535236,0,0,176.85240847141804,178.4088533326168,179.32594350676555,0,0,0,0,0
877,29.2,0,1,605.9577560424805,296.65005683898926,569.526481628418,377.64716148376465,548.0816650390625,389.6799945831299,538.0304336547852,178.19797039031982,587.7421188354492,337.14860916137695,,,,,,,,0,92.97606454614775,0.9552255368816305,0.2644769179694178,1.178407925535236,0,0,176.85240847141804,178.4088533326168,179.32594350676555,0,0,0,0,0
878,29.233333333333334,0,1,605.9577560424805,296.65005683898926,569.526481628418,377.64716148376465,548.0816650390625,389.6799945831299,538.0304336547852,178.19797039031982,587.7421188354492,337.14860916137695,,,,,,,,0,92.97606454614775,0.9552255368816305,0.2644769179694178,1.178407925535236,0,0,176.85240847141804,178.4088533326168,179.32594350676555,0,0,0,0,0
879,29.266666666666666,1,1,604.9722290039062,297.35541343688965,570.3539657592773,376.4165496826172,548.2502746582031,389.3759536743164,538.5980606079102,177.62808322906494,587.6630973815918,336.8859815597534,,,,,,,,0,92.07631658536721,0.9373539155490663,0.27827604057293304,1.174003503405024,0,0,179.56658959193416,178.80958125724152,179.51101041921513,0,0,0,0,0
880,29.3,0,1,604.9722290039062,297.35541343688965,570.3539657592773,376.4165496826172,548.2502746582031,389.3759536743164,538.5980606079102,177.62808322906494,587.6630973815918,336.8859815597534,,,,,,,,0,92.07631658536721,0.9373539155490663,0.27827604057293304,1.174003503405024,0,0,179.56658959193416,178.80958125724152,179.51101041921513,0,0,0,0,0
881,29.333333333333332,0,1,604.9722290039062,297.35541343688965,570.3539657592773,376.4165496826172,548.2502746582031,389.3759536743164,538.5980606079102,177.62808322906494,587.6630973815918,336.8859815597534,,,,,,,,0,92.07631658536721,0.9373539155490663,0.27827604057293304,1.174003503405024,0,0,179.56658959193416,178.80958125724152,179.51101041921513,0,0,0,0,0
882,29.366666666666667,1,1,605.6327056884766,296.4247512817383,570.5691146850586,376.5101909637451,548.5912322998047,389.51674461364746,538.775634765625,177.32288360595703,588.1009101867676,336.4674711227417,,,,,,,,0,93.27792281928217,0.9372530101620814,0.2737857135636269,1.1704598179902734,0,0,174.4727373543774,178.62584174870088,179.7482117038317,0,0,0,0,0
883,29.4,0,1,605.6327056884766,296.4247512817383,570.5691146850586,376.5101909637451,548.5912322998047,389.51674461364746,538.775634765625,177.32288360595703,588.1009101867676,336.4674711227417,,,,,,,,0,93.27792281928217,0.9372530101620814,0.2737857135636269,1.1704598179902734,0,0,174.4727373543774,178.62584174870088,179.7482117038317,0,0,0,0,0
884,29.433333333333334,0,1,605.6327056884766,296.4247512817383,570.5691146850586,376.5101909637451,548.5912322998047,389.51674461364746,538.775634765625,177.32288360595703,588.1009101867676,336.4674711227417,,,,,,,,0,93.27792281928217,0.9372530101620814,0.2737857135636269,1.1704598179902734,0,0,174.4727373543774,178.62584174870088,179.7482117038317,0,0,0,0,0
885,29.466666666666665,1,1,605.2988433837891,295.9379482269287,569.8811721801758,377.44829177856445,548.1369781494141,389.2791938781738,537.8617477416992,176.86364650726318,587.5900077819824,336.6931200027466,,,,,,,,0,93.08067062947077,0.9547916583411584,0.26594563399842264,1.1758992663075192,0,0,176.15809164128916,178.2843381195325,179.89164764017156,0,0,0,0,0
886,29.5,0,1,605.2988433837891,295.9379482269287,569.8811721801758,377.44829177856445,548.1369781494141,389.2791938781738,537.8617477416992,176.86364650726318,587.5900077819824,336.6931200027466,,,,,,,,0,93.08067062947077,0.9547916583411584,0.26594563399842264,1.1758992663075192,0,0,176.15809164128916,178.2843381195325,179.89164764017156,0,0,0,0,0
887,29.533333333333335,0,1,605.2988433837891,295.9379482269287,569.8811721801758,377.44829177856445,548.1369781494141,389.2791938781738,537.8617477416992,176.86364650726318,587.5900077819824,336.6931200027466,,,,,,,,0,93.08067062947077,0.9547916583411584,0.26594563399842264,1.1758992663075192,0,0,176.15809164128916,178.2843381195325,179.89164764017156,0,0,0,0,0
888,29.566666666666666,1,1,604.4823455810547,295.3133010864258,569.6989059448242,376.4837837219238,548.1048202514648,388.8782787322998,538.1900405883789,176.6513729095459,587.0906257629395,335.8985424041748,,,,,,,,0,93.64375415219469,0.9430347460425988,0.2658837683096424,1.1665219576280448,0,0,177.9484320811778,178.5387429035391,179.55368891713192,0,0,0,0,0
889,29.6,0,1,604.4823455810547,295.3133010864258,569.6989059448242,376.4837837219238,548.1048202514648,388.8782787322998,538.1900405883789,176.6513729095459,587.0906257629395,335.8985424041748,,,,,,,,0,93.64375415219469,0.9430347460425988,0.2658837683096424,1.1665219576280448,0,0,177.9484320811778,178.5387429035391,179.55368891713192,0,0,0,0,0
890,29.633333333333333,0,1,604.4823455810547,295.3133010864258,569.6989059448242,376.4837837219238,548.1048202514648,388.8782787322998,538.1900405883789,176.6513729095459,587.0906257629395,335.8985424041748,,,,,,,,0,93.64375415219469,0.9430347460425988,0.2658837683096424,1.1665219576280448,0,0,177.9484320811778,178.5387429035391,179.55368891713192,0,0,0,0,0
891,29.666666666666668,1,1,605.3404235839844,297.3157024383545,570.0252151489258,376.95093154907227,548.182258605957,388.86792182922363,538.0356979370117,178.29872131347656,587.6828193664551,337.1333169937134,,,,,,,,0,93.62225237076596,0.9304891064250398,0.26577347280248476,1.1528232197293817,0,0,176.14603095308183,177.1865877953057,179.53690601121542,0,0,0,0,0
892,29.7,0,1,605.3404235839844,297.3157024383545,570.0252151489258,376.95093154907227,548.182258605957,388.86792182922363,538.0356979370117,178.29872131347656,587.6828193664551,337.1333169937134,,,,,,,,0,93.62225237076596,0.9304891064250398,0.26577347280248476,1.1528232197293817,0,0,176.14603095308183,177.1865877953057,179.53690601121542,0,0,0,0,0
893,29.733333333333334,0,1,605.3404235839844,297.3157024383545,570.0252151489258,376.95093154907227,548.182258605957,388.86792182922363,538.0356979370117,178.29872131347656,587.6828193664551,337.1333169937134,,,,,,,,0,93.62225237076596,0.9304891064250398,0.26577347280248476,1.1528232197293817,0,0,176.14603095308183,177.1865877953057,179.53690601121542,0,0,0,0,0
894,29.766666666666666,1,1,604.10888671875,297.8573226928711,569.8829650878906,376.50452613830566,547.7996826171875,388.7322807312012,538.2220458984375,177.69952297210693,586.9959259033203,337.1809244155884,,,,,,,,0,92.8649504771117,0.923618311847169,0.27182063439198384,1.151203204216019,0,0,176.55030996900575,177.82777247678908,179.85734747400252,0,0,0,0,0
895,29.8,0,1,604.10888671875,297.8573226928711,569.8829650878906,376.50452613830566,547.7996826171875,388.7322807312012,538.2220458984375,177.69952297210693,586.9959259033203,337.1809244155884,,,,,,,,0,92.8649504771117,0.923618311847169,0.27182063439198384,1.151203204216019,0,0,176.55030996900575,177.82777247678908,179.85734747400252,0,0,0,0,0
896,29.833333333333332,0,1,604.10888671875,297.8573226928711,569.8829650878906,376.50452613830566,547.7996826171875,388.7322807312012,538.2220458984375,177.69952297210693,586.9959259033203,337.1809244155884,,,,,,,,0,92.8649504771117,0.923618311847169,0.27182063439198384,1.151203204216019,0,0,176.55030996900575,177.82777247678908,179.85734747400252,0,0,0,0,0
897,29.866666666666667,1,1,604.7016143798828,296.97707176208496,570.9028625488281,375.58281898498535,548.3571624755859,389.15940284729004,538.1672286987305,177.2865915298462,587.8022384643555,336.27994537353516,,,,,,,,0,93.29854235762116,0.9171003180082646,0.282082722716863,1.1579851210981729,0,0,173.9903808710243,177.44763696531624,179.00554358293286,0,0,0,0,0
898,29.9,0,1,604.7016143798828,296.97707176208496,570.9028625488281,375.58281898498535,548.3571624755859,389.15940284729004,538.1672286987305,177.2865915298462,587.8022384643555,336.27994537353516,,,,,,,,0,93.29854235762116,0.9171003180082646,0.282082722716863,1.1579851210981729,0,0,173.9903808710243,177.44763696531624,179.00554358293286,0,0,0,0,0
899,29.933333333333334,0,1,604.7016143798828,296.97707176208496,570.9028625488281,375.58281898498535,548.3571624755859,389.15940284729004,538.1672286987305,177.2865915298462,587.8022384643555,336.27994537353516,,,,,,,,0,93.29854235762116,0.9171003180082646,0.282082722716863,1.1579851210981729,0,0,173.9903808710243,177.44763696531624,179.00554358293286,0,0,0,0,0
900,29.966666666666665,1,1,604.6870422363281,296.7111396789551,571.2256240844727,375.329532623291,548.9270401000977,389.29927825927734,537.8755187988281,177.9089641571045,587.9563331604004,336.02033615112305,,,,,,,,0,92.88995911465575,0.9198310649621796,0.283272024543144,1.1635499165922554,0,0,176.26000263727212,178.11695227587555,179.6053427577243,0,0,0,0,0
901,30.0,0,1,604.6870422363281,296.7111396789551,571.2256240844727,375.329532623291,548.9270401000977,389.29927825927734,537.8755187988281,177.9089641571045,587.9563331604004,336.02033615112305,,,,,,,,0,92.88995911465575,0.9198310649621796,0.283272024543144,1.1635499165922554,0,0,176.26000263727212,178.11695227587555,179.6053427577243,0,0,0,0,0
902,30.033333333333335,0,1,604.6870422363281,296.7111396789551,571.2256240844727,375.329532623291,548.9270401000977,389.29927825927734,537.8755187988281,177.9089641571045,587.9563331604004,336.02033615112305,,,,,,,,0,92.88995911465575,0.9198310649621796,0.283272024543144,1.1635499165922554,0,0,176.26000263727212,178.11695227587555,179.6053427577243,0,0,0,0,0
903,30.066666666666666,1,1,605.1401138305664,296.6279697418213,569.7557830810547,376.61407470703125,548.4931182861328,389.6037769317627,538.8222885131836,176.58627033233643,587.4479484558105,336.62102222442627,,,,,,,,0,93.63212443605372,0.9341163070734313,0.2661108711774673,1.1627765862478388,0,0,172.00934753460663,178.59681254198048,179.751339635124,0,0,0,0,0
904,30.1,0,1,605.1401138305664,296.6279697418213,569.7557830810547,376.61407470703125,548.4931182861328,389.6037769317627,538.8222885131836,176.58627033233643,587.4479484558105,336.62102222442627,,,,,,,,0,93.63212443605372,0.9341163070734313,0.2661108711774673,1.1627765862478388,0,0,172.00934753460663,178.59681254198048,179.751339635124,0,0,0,0,0
905,30.133333333333333,0,1,605.1401138305664,296.6279697418213,569.7557830810547,376.61407470703125,548.4931182861328,389.6037769317627,538.8222885131836,176.58627033233643,587.4479484558105,336.62102222442627,,,,,,,,0,93.63212443605372,0.9341163070734313,0.2661108711774673,1.1627765862478388,0,0,172.00934753460663,178.59681254198048,179.751339635124,0,0,0,0,0
906,30.166666666666668,1,1,609.8253631591797,287.8120994567871,580.2448272705078,366.2846374511719,557.8564834594727,380.32121658325195,537.9586029052734,171.20409965515137,595.0350952148438,327.0483684539795,,,,,,,,0,92.82117174459752,0.9034864336090453,0.2846837130580636,1.1431338901133523,0,0,174.79711195204663,178.71108081758803,179.43351765737955,0,0,0,0,0
907,30.2,0,1,609.8253631591797,287.8120994567871,580.2448272705078,366.2846374511719,557.8564834594727,380.32121658325195,537.9586029052734,171.20409965515137,595.0350952148438,327.0483684539795,,,,,,,,0,92.82117174459752,0.9034864336090453,0.2846837130580636,1.1431338901133523,0,0,174.79711195204663,178.71108081758803,179.43351765737955,0,0,0,0,0
908,30.233333333333334,0,1,609.8253631591797,287.8120994567871,580.2448272705078,366.2846374511719,557.8564834594727,380.32121658325195,537.9586029052734,171.20409965515137,595.0350952148438,327.0483684539795,,,,,,,,0,92.82117174459752,0.9034864336090453,0.2846837130580636,1.1431338901133523,0,0,174.79711195204663,178.71108081758803,179.43351765737955,0,0,0,0,0
909,30.266666666666666,1,1,601.2088775634766,277.5249767303467,610.7465362548828,323.60466957092285,595.2943420410156,330.560302734375,557.7304458618164,140.8156156539917,605.9777069091797,300.56482315063477,94.39259435995788,0.0,0.0,0.0,0.0,0.0,0.0,3,94.39259435995788,0.4985179496173357,0.17952186389605213,0.5653420566626101,1,1,162.6943258813222,176.63111006385728,177.49594708539112,0,0,0,0,0
910,30.3,0,1,601.2088775634766,277.5249767303467,610.7465362548828,323.60466957092285,595.2943420410156,330.560302734375,557.7304458618164,140.8156156539917,605.9777069091797,300.56482315063477,94.39259435995788,0.0,0.0,0.0,0.0,0.0,0.0,3,94.39259435995788,0.4985179496173357,0.17952186389605213,0.5653420566626101,1,2,162.6943258813222,176.63111006385728,177.49594708539112,0,0,0,0,0
911,30.333333333333332,0,1,601.2088775634766,277.5249767303467,610.7465362548828,323.60466957092285,595.2943420410156,330.560302734375,557.7304458618164,140.8156156539917,605.9777069091797,300.56482315063477,94.39259435995788,0.0,0.0,0.0,0.0,0.0,0.0,3,94.39259435995788,0.4985179496173357,0.17952186389605213,0.5653420566626101,1,3,162.6943258813222,176.63111006385728,177.49594708539112,0,0,0,0,0
912,30.366666666666667,1,0,,,,,,,,,,,,,,,,,,0,,,,,0,3,,,,0,0,0,0,0
913,30.4,0,0,,,,,,,,,,,,,,,,,,0,,,,,0,3,,,,0,0,0,0,0
914,30.433333333333334,0,0,,,,,,,,,,,,,,,,,,0,,,,,0,3,,,,0,0,0,0,0
915,30.466666666666665,1,0,,,,,,,,,,,,,,,,,,0,,,,,0,3,,,,0,0,0,0,0
916,30.5,0,0,,,,,,,,,,,,,,,,,,0,,,,,0,3,,,,0,0,0,0,0
917,30.533333333333335,0,0,,,,,,,,,,,,,,,,,,0,,,,,0,3,,,,0,0,0,0,0
918,30.566666666666666,1,0,,,,,,,,,,,,,,,,,,0,,,,,0,3,,,,0,0,0,0,0
919,30.6,0,0,,,,,,,,,,,,,,,,,,0,,,,,0,3,,,,0,0,0,0,0
920,30.633333333333333,0,0,,,,,,,,,,,,,,,,,,0,,,,,0,3,,,,0,0,0,0,0
921,30.666666666666668,1,0,,,,,,,,,,,,,,,,,,0,,,,,0,3,,,,0,0,0,0,0
922,30.7,0,0,,,,,,,,,,,,,,,,,,0,,,,,0,3,,,,0,0,0,0,0
923,30.733333333333334,0,0,,,,,,,,,,,,,,,,,,0,,,,,0,3,,,,0,0,0,0,0
924,30.766666666666666,1,0,,,,,,,,,,,,,,,,,,0,,,,,0,3,,,,0,0,0,0,0
925,30.8,0,0,,,,,,,,,,,,,,,,,,0,,,,,0,3,,,,0,0,0,0,0
926,30.833333333333332,0,0,,,,,,,,,,,,,,,,,,0,,,,,0,3,,,,0,0,0,0,0
927,30.866666666666667,1,0,,,,,,,,,,,,,,,,,,0,,,,,0,3,,,,0,0,0,0,0
928,30.9,0,0,,,,,,,,,,,,,,,,,,0,,,,,0,3,,,,0,0,0,0,0
929,30.933333333333334,0,0,,,,,,,,,,,,,,,,,,0,,,,,0,3,,,,0,0,0,0,0
930,30.966666666666665,1,0,,,,,,,,,,,,,,,,,,0,,,,,0,3,,,,0,0,0,0,0
931,31.0,0,0,,,,,,,,,,,,,,,,,,0,,,,,0,3,,,,0,0,0,0,0
932,31.033333333333335,0,0,,,,,,,,,,,,,,,,,,0,,,,,0,3,,,,0,0,0,0,0
933,31.066666666666666,1,0,,,,,,,,,,,,,,,,,,0,,,,,0,3,,,,0,0,0,0,0
934,31.1,0,0,,,,,,,,,,,,,,,,,,0,,,,,0,3,,,,0,0,0,0,0
935,31.133333333333333,0,0,,,,,,,,,,,,,,,,,,0,,,,,0,3,,,,0,0,0,0,0
936,31.166666666666668,1,0,,,,,,,,,,,,,,,,,,0,,,,,0,3,,,,0,0,0,0,0
937,31.2,0,0,,,,,,,,,,,,,,,,,,0,,,,,0,3,,,,0,0,0,0,0
938,31.233333333333334,0,0,,,,,,,,,,,,,,,,,,0,,,,,0,3,,,,0,0,0,0,0
939,31.266666666666666,1,0,,,,,,,,,,,,,,,,,,0,,,,,0,3,,,,0,0,0,0,0
940,31.3,0,0,,,,,,,,,,,,,,,,,,0,,,,,0,3,,,,0,0,0,0,0
941,31.333333333333332,0,0,,,,,,,,,,,,,,,,,,0,,,,,0,3,,,,0,0,0,0,0
942,31.366666666666667,1,0,,,,,,,,,,,,,,,,,,0,,,,,0,3,,,,0,0,0,0,0
943,31.4,0,0,,,,,,,,,,,,,,,,,,0,,,,,0,3,,,,0,0,0,0,0
944,31.433333333333334,0,0,,,,,,,,,,,,,,,,,,0,,,,,0,3,,,,0,0,0,0,0
945,31.466666666666665,1,0,,,,,,,,,,,,,,,,,,0,,,,,0,3,,,,0,0,0,0,0
946,31.5,0,0,,,,,,,,,,,,,,,,,,0,,,,,0,3,,,,0,0,0,0,0
947,31.533333333333335,0,0,,,,,,,,,,,,,,,,,,0,,,,,0,3,,,,0,0,0,0,0
948,31.566666666666666,1,0,,,,,,,,,,,,,,,,,,0,,,,,0,3,,,,0,0,0,0,0
949,31.6,0,0,,,,,,,,,,,,,,,,,,0,,,,,0,3,,,,0,0,0,0,0
950,31.633333333333333,0,0,,,,,,,,,,,,,,,,,,0,,,,,0,3,,,,0,0,0,0,0
951,31.666666666666668,1,0,,,,,,,,,,,,,,,,,,0,,,,,0,3,,,,0,0,0,0,0
952,31.7,0,0,,,,,,,,,,,,,,,,,,0,,,,,0,3,,,,0,0,0,0,0
953,31.733333333333334,0,0,,,,,,,,,,,,,,,,,,0,,,,,0,3,,,,0,0,0,0,0
954,31.766666666666666,1,0,,,,,,,,,,,,,,,,,,0,,,,,0,3,,,,0,0,0,0,0
955,31.8,0,0,,,,,,,,,,,,,,,,,,0,,,,,0,3,,,,0,0,0,0,0
956,31.833333333333332,0,0,,,,,,,,,,,,,,,,,,0,,,,,0,3,,,,0,0,0,0,0
957,31.866666666666667,1,0,,,,,,,,,,,,,,,,,,0,,,,,0,3,,,,0,0,0,0,0
958,31.9,0,0,,,,,,,,,,,,,,,,,,0,,,,,0,3,,,,0,0,0,0,0
959,31.933333333333334,0,0,,,,,,,,,,,,,,,,,,0,,,,,0,3,,,,0,0,0,0,0
960,31.966666666666665,1,0,,,,,,,,,,,,,,,,,,0,,,,,0,3,,,,0,0,0,0,0
961,32.0,0,0,,,,,,,,,,,,,,,,,,0,,,,,0,3,,,,0,0,0,0,0
962,32.03333333333333,0,0,,,,,,,,,,,,,,,,,,0,,,,,0,3,,,,0,0,0,0,0
963,32.06666666666667,1,0,,,,,,,,,,,,,,,,,,0,,,,,0,3,,,,0,0,0,0,0
964,32.1,0,0,,,,,,,,,,,,,,,,,,0,,,,,0,3,,,,0,0,0,0,0
965,32.13333333333333,0,0,,,,,,,,,,,,,,,,,,0,,,,,0,3,,,,0,0,0,0,0
966,32.166666666666664,1,0,,,,,,,,,,,,,,,,,,0,,,,,0,3,,,,0,0,0,0,0
967,32.2,0,0,,,,,,,,,,,,,,,,,,0,,,,,0,3,,,,0,0,0,0,0
968,32.233333333333334,0,0,,,,,,,,,,,,,,,,,,0,,,,,0,3,,,,0,0,0,0,0
969,32.266666666666666,1,0,,,,,,,,,,,,,,,,,,0,,,,,0,3,,,,0,0,0,0,0
970,32.3,0,0,,,,,,,,,,,,,,,,,,0,,,,,0,3,,,,0,0,0,0,0
971,32.333333333333336,0,0,,,,,,,,,,,,,,,,,,0,,,,,0,3,,,,0,0,0,0,0
972,32.36666666666667,1,0,,,,,,,,,,,,,,,,,,0,,,,,0,3,,,,0,0,0,0,0
973,32.4,0,0,,,,,,,,,,,,,,,,,,0,,,,,0,3,,,,0,0,0,0,0
974,32.43333333333333,0,0,,,,,,,,,,,,,,,,,,0,,,,,0,3,,,,0,0,0,0,0
975,32.46666666666667,1,0,,,,,,,,,,,,,,,,,,0,,,,,0,3,,,,0,0,0,0,0
976,32.5,0,0,,,,,,,,,,,,,,,,,,0,,,,,0,3,,,,0,0,0,0,0
977,32.53333333333333,0,0,,,,,,,,,,,,,,,,,,0,,,,,0,3,,,,0,0,0,0,0
978,32.56666666666667,1,0,,,,,,,,,,,,,,,,,,0,,,,,0,3,,,,0,0,0,0,0
979,32.6,0,0,,,,,,,,,,,,,,,,,,0,,,,,0,3,,,,0,0,0,0,0
980,32.63333333333333,0,0,,,,,,,,,,,,,,,,,,0,,,,,0,3,,,,0,0,0,0,0
981,32.666666666666664,1,0,,,,,,,,,,,,,,,,,,0,,,,,0,3,,,,0,0,0,0,0
982,32.7,0,0,,,,,,,,,,,,,,,,,,0,,,,,0,3,,,,0,0,0,0,0
983,32.733333333333334,0,0,,,,,,,,,,,,,,,,,,0,,,,,0,3,,,,0,0,0,0,0
984,32.766666666666666,1,0,,,,,,,,,,,,,,,,,,0,,,,,0,3,,,,0,0,0,0,0
985,32.8,0,0,,,,,,,,,,,,,,,,,,0,,,,,0,3,,,,0,0,0,0,0
986,32.833333333333336,0,0,,,,,,,,,,,,,,,,,,0,,,,,0,3,,,,0,0,0,0,0
987,32.86666666666667,1,0,,,,,,,,,,,,,,,,,,0,,,,,0,3,,,,0,0,0,0,0
988,32.9,0,0,,,,,,,,,,,,,,,,,,0,,,,,0,3,,,,0,0,0,0,0
989,32.93333333333333,0,0,,,,,,,,,,,,,,,,,,0,,,,,0,3,,,,0,0,0,0,0
990,32.96666666666667,1,0,,,,,,,,,,,,,,,,,,0,,,,,0,3,,,,0,0,0,0,0
991,33.0,0,0,,,,,,,,,,,,,,,,,,0,,,,,0,3,,,,0,0,0,0,0
992,33.03333333333333,0,0,,,,,,,,,,,,,,,,,,0,,,,,0,3,,,,0,0,0,0,0
993,33.06666666666667,1,0,,,,,,,,,,,,,,,,,,0,,,,,0,3,,,,0,0,0,0,0
994,33.1,0,0,,,,,,,,,,,,,,,,,,0,,,,,0,3,,,,0,0,0,0,0
995,33.13333333333333,0,0,,,,,,,,,,,,,,,,,,0,,,,,0,3,,,,0,0,0,0,0
996,33.166666666666664,1,0,,,,,,,,,,,,,,,,,,0,,,,,0,3,,,,0,0,0,0,0
997,33.2,0,0,,,,,,,,,,,,,,,,,,0,,,,,0,3,,,,0,0,0,0,0
998,33.233333333333334,0,0,,,,,,,,,,,,,,,,,,0,,,,,0,3,,,,0,0,0,0,0
999,33.266666666666666,1,0,,,,,,,,,,,,,,,,,,0,,,,,0,3,,,,0,0,0,0,0
1000,33.3,0,0,,,,,,,,,,,,,,,,,,0,,,,,0,3,,,,0,0,0,0,0
1001,33.333333333333336,0,0,,,,,,,,,,,,,,,,,,0,,,,,0,3,,,,0,0,0,0,0
1002,33.36666666666667,1,0,,,,,,,,,,,,,,,,,,0,,,,,0,3,,,,0,0,0,0,0
1003,33.4,0,0,,,,,,,,,,,,,,,,,,0,,,,,0,3,,,,0,0,0,0,0
1004,33.43333333333333,0,0,,,,,,,,,,,,,,,,,,0,,,,,0,3,,,,0,0,0,0,0
1005,33.46666666666667,1,0,,,,,,,,,,,,,,,,,,0,,,,,0,3,,,,0,0,0,0,0
1006,33.5,0,0,,,,,,,,,,,,,,,,,,0,,,,,0,3,,,,0,0,0,0,0
1007,33.53333333333333,0,0,,,,,,,,,,,,,,,,,,0,,,,,0,3,,,,0,0,0,0,0
1008,33.56666666666667,1,0,,,,,,,,,,,,,,,,,,0,,,,,0,3,,,,0,0,0,0,0
1009,33.6,0,0,,,,,,,,,,,,,,,,,,0,,,,,0,3,,,,0,0,0,0,0
1010,33.63333333333333,0,0,,,,,,,,,,,,,,,,,,0,,,,,0,3,,,,0,0,0,0,0
1011,33.666666666666664,1,0,,,,,,,,,,,,,,,,,,0,,,,,0,3,,,,0,0,0,0,0
1012,33.7,0,0,,,,,,,,,,,,,,,,,,0,,,,,0,3,,,,0,0,0,0,0
1013,33.733333333333334,0,0,,,,,,,,,,,,,,,,,,0,,,,,0,3,,,,0,0,0,0,0
1014,33.766666666666666,1,0,,,,,,,,,,,,,,,,,,0,,,,,0,3,,,,0,0,0,0,0
1015,33.8,0,0,,,,,,,,,,,,,,,,,,0,,,,,0,3,,,,0,0,0,0,0
1016,33.833333333333336,0,0,,,,,,,,,,,,,,,,,,0,,,,,0,3,,,,0,0,0,0,0
1017,33.86666666666667,1,0,,,,,,,,,,,,,,,,,,0,,,,,0,3,,,,0,0,0,0,0
1018,33.9,0,0,,,,,,,,,,,,,,,,,,0,,,,,0,3,,,,0,0,0,0,0
1019,33.93333333333333,0,0,,,,,,,,,,,,,,,,,,0,,,,,0,3,,,,0,0,0,0,0
1020,33.96666666666667,1,0,,,,,,,,,,,,,,,,,,0,,,,,0,3,,,,0,0,0,0,0
1021,34.0,0,0,,,,,,,,,,,,,,,,,,0,,,,,0,3,,,,0,0,0,0,0
1022,34.03333333333333,0,0,,,,,,,,,,,,,,,,,,0,,,,,0,3,,,,0,0,0,0,0
1023,34.06666666666667,1,0,,,,,,,,,,,,,,,,,,0,,,,,0,3,,,,0,0,0,0,0
1024,34.1,0,0,,,,,,,,,,,,,,,,,,0,,,,,0,3,,,,0,0,0,0,0
1025,34.13333333333333,0,0,,,,,,,,,,,,,,,,,,0,,,,,0,3,,,,0,0,0,0,0
1026,34.166666666666664,1,0,,,,,,,,,,,,,,,,,,0,,,,,0,3,,,,0,0,0,0,0
1027,34.2,0,0,,,,,,,,,,,,,,,,,,0,,,,,0,3,,,,0,0,0,0,0
1028,34.233333333333334,0,0,,,,,,,,,,,,,,,,,,0,,,,,0,3,,,,0,0,0,0,0
1029,34.266666666666666,1,0,,,,,,,,,,,,,,,,,,0,,,,,0,3,,,,0,0,0,0,0
1030,34.3,0,0,,,,,,,,,,,,,,,,,,0,,,,,0,3,,,,0,0,0,0,0
1031,34.333333333333336,0,0,,,,,,,,,,,,,,,,,,0,,,,,0,3,,,,0,0,0,0,0
1032,34.36666666666667,1,0,,,,,,,,,,,,,,,,,,0,,,,,0,3,,,,0,0,0,0,0
1033,34.4,0,0,,,,,,,,,,,,,,,,,,0,,,,,0,3,,,,0,0,0,0,0
1034,34.43333333333333,0,0,,,,,,,,,,,,,,,,,,0,,,,,0,3,,,,0,0,0,0,0
1035,34.46666666666667,1,0,,,,,,,,,,,,,,,,,,0,,,,,0,3,,,,0,0,0,0,0
1036,34.5,0,0,,,,,,,,,,,,,,,,,,0,,,,,0,3,,,,0,0,0,0,0
1037,34.53333333333333,0,0,,,,,,,,,,,,,,,,,,0,,,,,0,3,,,,0,0,0,0,0
1038,34.56666666666667,1,0,,,,,,,,,,,,,,,,,,0,,,,,0,3,,,,0,0,0,0,0
1039,34.6,0,0,,,,,,,,,,,,,,,,,,0,,,,,0,3,,,,0,0,0,0,0
1040,34.63333333333333,0,0,,,,,,,,,,,,,,,,,,0,,,,,0,3,,,,0,0,0,0,0
1041,34.666666666666664,1,0,,,,,,,,,,,,,,,,,,0,,,,,0,3,,,,0,0,0,0,0
1042,34.7,0,0,,,,,,,,,,,,,,,,,,0,,,,,0,3,,,,0,0,0,0,0
1043,34.733333333333334,0,0,,,,,,,,,,,,,,,,,,0,,,,,0,3,,,,0,0,0,0,0
1044,34.766666666666666,1,0,,,,,,,,,,,,,,,,,,0,,,,,0,3,,,,0,0,0,0,0
1045,34.8,0,0,,,,,,,,,,,,,,,,,,0,,,,,0,3,,,,0,0,0,0,0
1046,34.833333333333336,0,0,,,,,,,,,,,,,,,,,,0,,,,,0,3,,,,0,0,0,0,0
1047,34.86666666666667,1,0,,,,,,,,,,,,,,,,,,0,,,,,0,3,,,,0,0,0,0,0
1048,34.9,0,0,,,,,,,,,,,,,,,,,,0,,,,,0,3,,,,0,0,0,0,0
1049,34.93333333333333,0,0,,,,,,,,,,,,,,,,,,0,,,,,0,3,,,,0,0,0,0,0
1050,34.96666666666667,1,0,,,,,,,,,,,,,,,,,,0,,,,,0,3,,,,0,0,0,0,0
1051,35.0,0,0,,,,,,,,,,,,,,,,,,0,,,,,0,3,,,,0,0,0,0,0
1052,35.03333333333333,0,0,,,,,,,,,,,,,,,,,,0,,,,,0,3,,,,0,0,0,0,0
1053,35.06666666666667,1,0,,,,,,,,,,,,,,,,,,0,,,,,0,3,,,,0,0,0,0,0
1054,35.1,0,0,,,,,,,,,,,,,,,,,,0,,,,,0,3,,,,0,0,0,0,0
1055,35.13333333333333,0,0,,,,,,,,,,,,,,,,,,0,,,,,0,3,,,,0,0,0,0,0
1056,35.166666666666664,1,0,,,,,,,,,,,,,,,,,,0,,,,,0,3,,,,0,0,0,0,0
1057,35.2,0,0,,,,,,,,,,,,,,,,,,0,,,,,0,3,,,,0,0,0,0,0
1058,35.233333333333334,0,0,,,,,,,,,,,,,,,,,,0,,,,,0,3,,,,0,0,0,0,0
1059,35.266666666666666,1,0,,,,,,,,,,,,,,,,,,0,,,,,0,3,,,,0,0,0,0,0
1060,35.3,0,0,,,,,,,,,,,,,,,,,,0,,,,,0,3,,,,0,0,0,0,0
1061,35.333333333333336,0,0,,,,,,,,,,,,,,,,,,0,,,,,0,3,,,,0,0,0,0,0
1062,35.36666666666667,1,0,,,,,,,,,,,,,,,,,,0,,,,,0,3,,,,0,0,0,0,0
1063,35.4,0,0,,,,,,,,,,,,,,,,,,0,,,,,0,3,,,,0,0,0,0,0
1064,35.43333333333333,0,0,,,,,,,,,,,,,,,,,,0,,,,,0,3,,,,0,0,0,0,0
1065,35.46666666666667,1,0,,,,,,,,,,,,,,,,,,0,,,,,0,3,,,,0,0,0,0,0
1066,35.5,0,0,,,,,,,,,,,,,,,,,,0,,,,,0,3,,,,0,0,0,0,0
1067,35.53333333333333,0,0,,,,,,,,,,,,,,,,,,0,,,,,0,3,,,,0,0,0,0,0
1068,35.56666666666667,1,0,,,,,,,,,,,,,,,,,,0,,,,,0,3,,,,0,0,0,0,0
1069,35.6,0,0,,,,,,,,,,,,,,,,,,0,,,,,0,3,,,,0,0,0,0,0
1070,35.63333333333333,0,0,,,,,,,,,,,,,,,,,,0,,,,,0,3,,,,0,0,0,0,0
1071,35.666666666666664,1,0,,,,,,,,,,,,,,,,,,0,,,,,0,3,,,,0,0,0,0,0
1072,35.7,0,0,,,,,,,,,,,,,,,,,,0,,,,,0,3,,,,0,0,0,0,0
1073,35.733333333333334,0,0,,,,,,,,,,,,,,,,,,0,,,,,0,3,,,,0,0,0,0,0
1074,35.766666666666666,1,0,,,,,,,,,,,,,,,,,,0,,,,,0,3,,,,0,0,0,0,0
1075,35.8,0,0,,,,,,,,,,,,,,,,,,0,,,,,0,3,,,,0,0,0,0,0
1076,35.833333333333336,0,0,,,,,,,,,,,,,,,,,,0,,,,,0,3,,,,0,0,0,0,0
1077,35.86666666666667,1,0,,,,,,,,,,,,,,,,,,0,,,,,0,3,,,,0,0,0,0,0
1078,35.9,0,0,,,,,,,,,,,,,,,,,,0,,,,,0,3,,,,0,0,0,0,0
1079,35.93333333333333,0,0,,,,,,,,,,,,,,,,,,0,,,,,0,3,,,,0,0,0,0,0
1080,35.96666666666667,1,0,,,,,,,,,,,,,,,,,,0,,,,,0,3,,,,0,0,0,0,0
1081,36.0,0,0,,,,,,,,,,,,,,,,,,0,,,,,0,3,,,,0,0,0,0,0
1082,36.03333333333333,0,0,,,,,,,,,,,,,,,,,,0,,,,,0,3,,,,0,0,0,0,0
1083,36.06666666666667,1,0,,,,,,,,,,,,,,,,,,0,,,,,0,3,,,,0,0,0,0,0
1084,36.1,0,0,,,,,,,,,,,,,,,,,,0,,,,,0,3,,,,0,0,0,0,0
1085,36.13333333333333,0,0,,,,,,,,,,,,,,,,,,0,,,,,0,3,,,,0,0,0,0,0
1086,36.166666666666664,1,0,,,,,,,,,,,,,,,,,,0,,,,,0,3,,,,0,0,0,0,0
1087,36.2,0,0,,,,,,,,,,,,,,,,,,0,,,,,0,3,,,,0,0,0,0,0
1088,36.233333333333334,0,0,,,,,,,,,,,,,,,,,,0,,,,,0,3,,,,0,0,0,0,0
1089,36.266666666666666,1,0,,,,,,,,,,,,,,,,,,0,,,,,0,3,,,,0,0,0,0,0
1090,36.3,0,0,,,,,,,,,,,,,,,,,,0,,,,,0,3,,,,0,0,0,0,0
1091,36.333333333333336,0,0,,,,,,,,,,,,,,,,,,0,,,,,0,3,,,,0,0,0,0,0
1092,36.36666666666667,1,0,,,,,,,,,,,,,,,,,,0,,,,,0,3,,,,0,0,0,0,0
1093,36.4,0,0,,,,,,,,,,,,,,,,,,0,,,,,0,3,,,,0,0,0,0,0
1094,36.43333333333333,0,0,,,,,,,,,,,,,,,,,,0,,,,,0,3,,,,0,0,0,0,0
1095,36.46666666666667,1,0,,,,,,,,,,,,,,,,,,0,,,,,0,3,,,,0,0,0,0,0
1096,36.5,0,0,,,,,,,,,,,,,,,,,,0,,,,,0,3,,,,0,0,0,0,0
1097,36.53333333333333,0,0,,,,,,,,,,,,,,,,,,0,,,,,0,3,,,,0,0,0,0,0
1098,36.56666666666667,1,0,,,,,,,,,,,,,,,,,,0,,,,,0,3,,,,0,0,0,0,0
1099,36.6,0,0,,,,,,,,,,,,,,,,,,0,,,,,0,3,,,,0,0,0,0,0
1100,36.63333333333333,0,0,,,,,,,,,,,,,,,,,,0,,,,,0,3,,,,0,0,0,0,0
1101,36.666666666666664,1,0,,,,,,,,,,,,,,,,,,0,,,,,0,3,,,,0,0,0,0,0
1102,36.7,0,0,,,,,,,,,,,,,,,,,,0,,,,,0,3,,,,0,0,0,0,0
1103,36.733333333333334,0,0,,,,,,,,,,,,,,,,,,0,,,,,0,3,,,,0,0,0,0,0
1104,36.766666666666666,1,0,,,,,,,,,,,,,,,,,,0,,,,,0,3,,,,0,0,0,0,0
1105,36.8,0,0,,,,,,,,,,,,,,,,,,0,,,,,0,3,,,,0,0,0,0,0
1106,36.833333333333336,0,0,,,,,,,,,,,,,,,,,,0,,,,,0,3,,,,0,0,0,0,0
1107,36.86666666666667,1,0,,,,,,,,,,,,,,,,,,0,,,,,0,3,,,,0,0,0,0,0
1108,36.9,0,0,,,,,,,,,,,,,,,,,,0,,,,,0,3,,,,0,0,0,0,0
1109,36.93333333333333,0,0,,,,,,,,,,,,,,,,,,0,,,,,0,3,,,,0,0,0,0,0
1110,36.96666666666667,1,0,,,,,,,,,,,,,,,,,,0,,,,,0,3,,,,0,0,0,0,0
1111,37.0,0,0,,,,,,,,,,,,,,,,,,0,,,,,0,3,,,,0,0,0,0,0
1112,37.03333333333333,0,0,,,,,,,,,,,,,,,,,,0,,,,,0,3,,,,0,0,0,0,0
1113,37.06666666666667,1,0,,,,,,,,,,,,,,,,,,0,,,,,0,3,,,,0,0,0,0,0
1114,37.1,0,0,,,,,,,,,,,,,,,,,,0,,,,,0,3,,,,0,0,0,0,0
1115,37.13333333333333,0,0,,,,,,,,,,,,,,,,,,0,,,,,0,3,,,,0,0,0,0,0
1116,37.166666666666664,1,0,,,,,,,,,,,,,,,,,,0,,,,,0,3,,,,0,0,0,0,0
1117,37.2,0,0,,,,,,,,,,,,,,,,,,0,,,,,0,3,,,,0,0,0,0,0
1118,37.233333333333334,0,0,,,,,,,,,,,,,,,,,,0,,,,,0,3,,,,0,0,0,0,0
1119,37.266666666666666,1,0,,,,,,,,,,,,,,,,,,0,,,,,0,3,,,,0,0,0,0,0
1120,37.3,0,0,,,,,,,,,,,,,,,,,,0,,,,,0,3,,,,0,0,0,0,0
1121,37.333333333333336,0,0,,,,,,,,,,,,,,,,,,0,,,,,0,3,,,,0,0,0,0,0
1122,37.36666666666667,1,0,,,,,,,,,,,,,,,,,,0,,,,,0,3,,,,0,0,0,0,0
1123,37.4,0,0,,,,,,,,,,,,,,,,,,0,,,,,0,3,,,,0,0,0,0,0
1124,37.43333333333333,0,0,,,,,,,,,,,,,,,,,,0,,,,,0,3,,,,0,0,0,0,0
1125,37.46666666666667,1,0,,,,,,,,,,,,,,,,,,0,,,,,0,3,,,,0,0,0,0,0
1126,37.5,0,0,,,,,,,,,,,,,,,,,,0,,,,,0,3,,,,0,0,0,0,0
1127,37.53333333333333,0,0,,,,,,,,,,,,,,,,,,0,,,,,0,3,,,,0,0,0,0,0
1128,37.56666666666667,1,0,,,,,,,,,,,,,,,,,,0,,,,,0,3,,,,0,0,0,0,0
1129,37.6,0,0,,,,,,,,,,,,,,,,,,0,,,,,0,3,,,,0,0,0,0,0
1130,37.63333333333333,0,0,,,,,,,,,,,,,,,,,,0,,,,,0,3,,,,0,0,0,0,0
1131,37.666666666666664,1,0,,,,,,,,,,,,,,,,,,0,,,,,0,3,,,,0,0,0,0,0
1132,37.7,0,0,,,,,,,,,,,,,,,,,,0,,,,,0,3,,,,0,0,0,0,0
1133,37.733333333333334,0,0,,,,,,,,,,,,,,,,,,0,,,,,0,3,,,,0,0,0,0,0
1134,37.766666666666666,1,0,,,,,,,,,,,,,,,,,,0,,,,,0,3,,,,0,0,0,0,0
1135,37.8,0,0,,,,,,,,,,,,,,,,,,0,,,,,0,3,,,,0,0,0,0,0
1136,37.833333333333336,0,0,,,,,,,,,,,,,,,,,,0,,,,,0,3,,,,0,0,0,0,0
1137,37.86666666666667,1,0,,,,,,,,,,,,,,,,,,0,,,,,0,3,,,,0,0,0,0,0
1138,37.9,0,0,,,,,,,,,,,,,,,,,,0,,,,,0,3,,,,0,0,0,0,0
1139,37.93333333333333,0,0,,,,,,,,,,,,,,,,,,0,,,,,0,3,,,,0,0,0,0,0
1140,37.96666666666667,1,0,,,,,,,,,,,,,,,,,,0,,,,,0,3,,,,0,0,0,0,0
1141,38.0,0,0,,,,,,,,,,,,,,,,,,0,,,,,0,3,,,,0,0,0,0,0
1142,38.03333333333333,0,0,,,,,,,,,,,,,,,,,,0,,,,,0,3,,,,0,0,0,0,0
1143,38.06666666666667,1,0,,,,,,,,,,,,,,,,,,0,,,,,0,3,,,,0,0,0,0,0
1144,38.1,0,0,,,,,,,,,,,,,,,,,,0,,,,,0,3,,,,0,0,0,0,0
1145,38.13333333333333,0,0,,,,,,,,,,,,,,,,,,0,,,,,0,3,,,,0,0,0,0,0
1146,38.166666666666664,1,0,,,,,,,,,,,,,,,,,,0,,,,,0,3,,,,0,0,0,0,0
1147,38.2,0,0,,,,,,,,,,,,,,,,,,0,,,,,0,3,,,,0,0,0,0,0
1148,38.233333333333334,0,0,,,,,,,,,,,,,,,,,,0,,,,,0,3,,,,0,0,0,0,0
1149,38.266666666666666,1,0,,,,,,,,,,,,,,,,,,0,,,,,0,3,,,,0,0,0,0,0
1150,38.3,0,0,,,,,,,,,,,,,,,,,,0,,,,,0,3,,,,0,0,0,0,0
1151,38.333333333333336,0,0,,,,,,,,,,,,,,,,,,0,,,,,0,3,,,,0,0,0,0,0
1152,38.36666666666667,1,0,,,,,,,,,,,,,,,,,,0,,,,,0,3,,,,0,0,0,0,0
1153,38.4,0,0,,,,,,,,,,,,,,,,,,0,,,,,0,3,,,,0,0,0,0,0
1154,38.43333333333333,0,0,,,,,,,,,,,,,,,,,,0,,,,,0,3,,,,0,0,0,0,0
1155,38.46666666666667,1,0,,,,,,,,,,,,,,,,,,0,,,,,0,3,,,,0,0,0,0,0
1156,38.5,0,0,,,,,,,,,,,,,,,,,,0,,,,,0,3,,,,0,0,0,0,0
1157,38.53333333333333,0,0,,,,,,,,,,,,,,,,,,0,,,,,0,3,,,,0,0,0,0,0
1158,38.56666666666667,1,0,,,,,,,,,,,,,,,,,,0,,,,,0,3,,,,0,0,0,0,0
1159,38.6,0,0,,,,,,,,,,,,,,,,,,0,,,,,0,3,,,,0,0,0,0,0
1160,38.63333333333333,0,0,,,,,,,,,,,,,,,,,,0,,,,,0,3,,,,0,0,0,0,0
1161,38.666666666666664,1,0,,,,,,,,,,,,,,,,,,0,,,,,0,3,,,,0,0,0,0,0
1162,38.7,0,0,,,,,,,,,,,,,,,,,,0,,,,,0,3,,,,0,0,0,0,0
1163,38.733333333333334,0,0,,,,,,,,,,,,,,,,,,0,,,,,0,3,,,,0,0,0,0,0
1164,38.766666666666666,1,0,,,,,,,,,,,,,,,,,,0,,,,,0,3,,,,0,0,0,0,0
1165,38.8,0,0,,,,,,,,,,,,,,,,,,0,,,,,0,3,,,,0,0,0,0,0
1166,38.833333333333336,0,0,,,,,,,,,,,,,,,,,,0,,,,,0,3,,,,0,0,0,0,0
1167,38.86666666666667,1,0,,,,,,,,,,,,,,,,,,0,,,,,0,3,,,,0,0,0,0,0
1168,38.9,0,0,,,,,,,,,,,,,,,,,,0,,,,,0,3,,,,0,0,0,0,0
1169,38.93333333333333,0,0,,,,,,,,,,,,,,,,,,0,,,,,0,3,,,,0,0,0,0,0
1170,38.96666666666667,1,0,,,,,,,,,,,,,,,,,,0,,,,,0,3,,,,0,0,0,0,0
1171,39.0,0,0,,,,,,,,,,,,,,,,,,0,,,,,0,3,,,,0,0,0,0,0
1172,39.03333333333333,0,0,,,,,,,,,,,,,,,,,,0,,,,,0,3,,,,0,0,0,0,0
1173,39.06666666666667,1,0,,,,,,,,,,,,,,,,,,0,,,,,0,3,,,,0,0,0,0,0
1174,39.1,0,0,,,,,,,,,,,,,,,,,,0,,,,,0,3,,,,0,0,0,0,0
1175,39.13333333333333,0,0,,,,,,,,,,,,,,,,,,0,,,,,0,3,,,,0,0,0,0,0
1176,39.166666666666664,1,0,,,,,,,,,,,,,,,,,,0,,,,,0,3,,,,0,0,0,0,0
1177,39.2,0,0,,,,,,,,,,,,,,,,,,0,,,,,0,3,,,,0,0,0,0,0
1178,39.233333333333334,0,0,,,,,,,,,,,,,,,,,,0,,,,,0,3,,,,0,0,0,0,0
1179,39.266666666666666,1,0,,,,,,,,,,,,,,,,,,0,,,,,0,3,,,,0,0,0,0,0
1180,39.3,0,0,,,,,,,,,,,,,,,,,,0,,,,,0,3,,,,0,0,0,0,0
1181,39.333333333333336,0,0,,,,,,,,,,,,,,,,,,0,,,,,0,3,,,,0,0,0,0,0
1182,39.36666666666667,1,0,,,,,,,,,,,,,,,,,,0,,,,,0,3,,,,0,0,0,0,0
1183,39.4,0,0,,,,,,,,,,,,,,,,,,0,,,,,0,3,,,,0,0,0,0,0
1184,39.43333333333333,0,0,,,,,,,,,,,,,,,,,,0,,,,,0,3,,,,0,0,0,0,0
1185,39.46666666666667,1,0,,,,,,,,,,,,,,,,,,0,,,,,0,3,,,,0,0,0,0,0
1186,39.5,0,0,,,,,,,,,,,,,,,,,,0,,,,,0,3,,,,0,0,0,0,0
1187,39.53333333333333,0,0,,,,,,,,,,,,,,,,,,0,,,,,0,3,,,,0,0,0,0,0
1188,39.56666666666667,1,0,,,,,,,,,,,,,,,,,,0,,,,,0,3,,,,0,0,0,0,0
1189,39.6,0,0,,,,,,,,,,,,,,,,,,0,,,,,0,3,,,,0,0,0,0,0
1190,39.63333333333333,0,0,,,,,,,,,,,,,,,,,,0,,,,,0,3,,,,0,0,0,0,0
1191,39.666666666666664,1,0,,,,,,,,,,,,,,,,,,0,,,,,0,3,,,,0,0,0,0,0
1192,39.7,0,0,,,,,,,,,,,,,,,,,,0,,,,,0,3,,,,0,0,0,0,0
1193,39.733333333333334,0,0,,,,,,,,,,,,,,,,,,0,,,,,0,3,,,,0,0,0,0,0
1194,39.766666666666666,1,0,,,,,,,,,,,,,,,,,,0,,,,,0,3,,,,0,0,0,0,0
1195,39.8,0,0,,,,,,,,,,,,,,,,,,0,,,,,0,3,,,,0,0,0,0,0
1196,39.833333333333336,0,0,,,,,,,,,,,,,,,,,,0,,,,,0,3,,,,0,0,0,0,0
1197,39.86666666666667,1,0,,,,,,,,,,,,,,,,,,0,,,,,0,3,,,,0,0,0,0,0
1198,39.9,0,0,,,,,,,,,,,,,,,,,,0,,,,,0,3,,,,0,0,0,0,0
1199,39.93333333333333,0,0,,,,,,,,,,,,,,,,,,0,,,,,0,3,,,,0,0,0,0,0
1200,39.96666666666667,1,0,,,,,,,,,,,,,,,,,,0,,,,,0,3,,,,0,0,0,0,0
1201,40.0,0,0,,,,,,,,,,,,,,,,,,0,,,,,0,3,,,,0,0,0,0,0
1202,40.03333333333333,0,0,,,,,,,,,,,,,,,,,,0,,,,,0,3,,,,0,0,0,0,0
1203,40.06666666666667,1,0,,,,,,,,,,,,,,,,,,0,,,,,0,3,,,,0,0,0,0,0
1204,40.1,0,0,,,,,,,,,,,,,,,,,,0,,,,,0,3,,,,0,0,0,0,0
1205,40.13333333333333,0,0,,,,,,,,,,,,,,,,,,0,,,,,0,3,,,,0,0,0,0,0
1206,40.166666666666664,1,0,,,,,,,,,,,,,,,,,,0,,,,,0,3,,,,0,0,0,0,0
1207,40.2,0,0,,,,,,,,,,,,,,,,,,0,,,,,0,3,,,,0,0,0,0,0
1208,40.233333333333334,0,0,,,,,,,,,,,,,,,,,,0,,,,,0,3,,,,0,0,0,0,0
1209,40.266666666666666,1,0,,,,,,,,,,,,,,,,,,0,,,,,0,3,,,,0,0,0,0,0
1210,40.3,0,0,,,,,,,,,,,,,,,,,,0,,,,,0,3,,,,0,0,0,0,0
1211,40.333333333333336,0,0,,,,,,,,,,,,,,,,,,0,,,,,0,3,,,,0,0,0,0,0
1212,40.36666666666667,1,0,,,,,,,,,,,,,,,,,,0,,,,,0,3,,,,0,0,0,0,0
1213,40.4,0,0,,,,,,,,,,,,,,,,,,0,,,,,0,3,,,,0,0,0,0,0
1214,40.43333333333333,0,0,,,,,,,,,,,,,,,,,,0,,,,,0,3,,,,0,0,0,0,0
1215,40.46666666666667,1,0,,,,,,,,,,,,,,,,,,0,,,,,0,3,,,,0,0,0,0,0
1216,40.5,0,0,,,,,,,,,,,,,,,,,,0,,,,,0,3,,,,0,0,0,0,0
1217,40.53333333333333,0,0,,,,,,,,,,,,,,,,,,0,,,,,0,3,,,,0,0,0,0,0
1218,40.56666666666667,1,0,,,,,,,,,,,,,,,,,,0,,,,,0,3,,,,0,0,0,0,0
1219,40.6,0,0,,,,,,,,,,,,,,,,,,0,,,,,0,3,,,,0,0,0,0,0
1220,40.63333333333333,0,0,,,,,,,,,,,,,,,,,,0,,,,,0,3,,,,0,0,0,0,0
1221,40.666666666666664,1,0,,,,,,,,,,,,,,,,,,0,,,,,0,3,,,,0,0,0,0,0
1222,40.7,0,0,,,,,,,,,,,,,,,,,,0,,,,,0,3,,,,0,0,0,0,0
1223,40.733333333333334,0,0,,,,,,,,,,,,,,,,,,0,,,,,0,3,,,,0,0,0,0,0
1224,40.766666666666666,1,0,,,,,,,,,,,,,,,,,,0,,,,,0,3,,,,0,0,0,0,0
1225,40.8,0,0,,,,,,,,,,,,,,,,,,0,,,,,0,3,,,,0,0,0,0,0
1226,40.833333333333336,0,0,,,,,,,,,,,,,,,,,,0,,,,,0,3,,,,0,0,0,0,0
1227,40.86666666666667,1,0,,,,,,,,,,,,,,,,,,0,,,,,0,3,,,,0,0,0,0,0
1228,40.9,0,0,,,,,,,,,,,,,,,,,,0,,,,,0,3,,,,0,0,0,0,0
1229,40.93333333333333,0,0,,,,,,,,,,,,,,,,,,0,,,,,0,3,,,,0,0,0,0,0
1230,40.96666666666667,1,0,,,,,,,,,,,,,,,,,,0,,,,,0,3,,,,0,0,0,0,0
1231,41.0,0,0,,,,,,,,,,,,,,,,,,0,,,,,0,3,,,,0,0,0,0,0
1232,41.03333333333333,0,0,,,,,,,,,,,,,,,,,,0,,,,,0,3,,,,0,0,0,0,0
1233,41.06666666666667,1,0,,,,,,,,,,,,,,,,,,0,,,,,0,3,,,,0,0,0,0,0
1234,41.1,0,0,,,,,,,,,,,,,,,,,,0,,,,,0,3,,,,0,0,0,0,0
1235,41.13333333333333,0,0,,,,,,,,,,,,,,,,,,0,,,,,0,3,,,,0,0,0,0,0
1236,41.166666666666664,1,0,,,,,,,,,,,,,,,,,,0,,,,,0,3,,,,0,0,0,0,0
1237,41.2,0,0,,,,,,,,,,,,,,,,,,0,,,,,0,3,,,,0,0,0,0,0
1238,41.233333333333334,0,0,,,,,,,,,,,,,,,,,,0,,,,,0,3,,,,0,0,0,0,0
1239,41.266666666666666,1,0,,,,,,,,,,,,,,,,,,0,,,,,0,3,,,,0,0,0,0,0
1240,41.3,0,0,,,,,,,,,,,,,,,,,,0,,,,,0,3,,,,0,0,0,0,0
1241,41.333333333333336,0,0,,,,,,,,,,,,,,,,,,0,,,,,0,3,,,,0,0,0,0,0
1242,41.36666666666667,1,0,,,,,,,,,,,,,,,,,,0,,,,,0,3,,,,0,0,0,0,0
1243,41.4,0,0,,,,,,,,,,,,,,,,,,0,,,,,0,3,,,,0,0,0,0,0
1244,41.43333333333333,0,0,,,,,,,,,,,,,,,,,,0,,,,,0,3,,,,0,0,0,0,0
1245,41.46666666666667,1,0,,,,,,,,,,,,,,,,,,0,,,,,0,3,,,,0,0,0,0,0
1246,41.5,0,0,,,,,,,,,,,,,,,,,,0,,,,,0,3,,,,0,0,0,0,0
1247,41.53333333333333,0,0,,,,,,,,,,,,,,,,,,0,,,,,0,3,,,,0,0,0,0,0
1248,41.56666666666667,1,0,,,,,,,,,,,,,,,,,,0,,,,,0,3,,,,0,0,0,0,0
1249,41.6,0,0,,,,,,,,,,,,,,,,,,0,,,,,0,3,,,,0,0,0,0,0
1250,41.63333333333333,0,0,,,,,,,,,,,,,,,,,,0,,,,,0,3,,,,0,0,0,0,0
1251,41.666666666666664,1,0,,,,,,,,,,,,,,,,,,0,,,,,0,3,,,,0,0,0,0,0
1252,41.7,0,0,,,,,,,,,,,,,,,,,,0,,,,,0,3,,,,0,0,0,0,0
1253,41.733333333333334,0,0,,,,,,,,,,,,,,,,,,0,,,,,0,3,,,,0,0,0,0,0
1254,41.766666666666666,1,0,,,,,,,,,,,,,,,,,,0,,,,,0,3,,,,0,0,0,0,0
1255,41.8,0,0,,,,,,,,,,,,,,,,,,0,,,,,0,3,,,,0,0,0,0,0
1256,41.833333333333336,0,0,,,,,,,,,,,,,,,,,,0,,,,,0,3,,,,0,0,0,0,0
1257,41.86666666666667,1,0,,,,,,,,,,,,,,,,,,0,,,,,0,3,,,,0,0,0,0,0
1258,41.9,0,0,,,,,,,,,,,,,,,,,,0,,,,,0,3,,,,0,0,0,0,0
1259,41.93333333333333,0,0,,,,,,,,,,,,,,,,,,0,,,,,0,3,,,,0,0,0,0,0
1260,41.96666666666667,1,0,,,,,,,,,,,,,,,,,,0,,,,,0,3,,,,0,0,0,0,0
1261,42.0,0,0,,,,,,,,,,,,,,,,,,0,,,,,0,3,,,,0,0,0,0,0
1262,42.03333333333333,0,0,,,,,,,,,,,,,,,,,,0,,,,,0,3,,,,0,0,0,0,0
1263,42.06666666666667,1,0,,,,,,,,,,,,,,,,,,0,,,,,0,3,,,,0,0,0,0,0
1264,42.1,0,0,,,,,,,,,,,,,,,,,,0,,,,,0,3,,,,0,0,0,0,0
1265,42.13333333333333,0,0,,,,,,,,,,,,,,,,,,0,,,,,0,3,,,,0,0,0,0,0
1266,42.166666666666664,1,0,,,,,,,,,,,,,,,,,,0,,,,,0,3,,,,0,0,0,0,0
1267,42.2,0,0,,,,,,,,,,,,,,,,,,0,,,,,0,3,,,,0,0,0,0,0
1268,42.233333333333334,0,0,,,,,,,,,,,,,,,,,,0,,,,,0,3,,,,0,0,0,0,0
1269,42.266666666666666,1,0,,,,,,,,,,,,,,,,,,0,,,,,0,3,,,,0,0,0,0,0
1270,42.3,0,0,,,,,,,,,,,,,,,,,,0,,,,,0,3,,,,0,0,0,0,0
1271,42.333333333333336,0,0,,,,,,,,,,,,,,,,,,0,,,,,0,3,,,,0,0,0,0,0
1272,42.36666666666667,1,0,,,,,,,,,,,,,,,,,,0,,,,,0,3,,,,0,0,0,0,0
1273,42.4,0,0,,,,,,,,,,,,,,,,,,0,,,,,0,3,,,,0,0,0,0,0
1274,42.43333333333333,0,0,,,,,,,,,,,,,,,,,,0,,,,,0,3,,,,0,0,0,0,0
1275,42.46666666666667,1,0,,,,,,,,,,,,,,,,,,0,,,,,0,3,,,,0,0,0,0,0
1276,42.5,0,0,,,,,,,,,,,,,,,,,,0,,,,,0,3,,,,0,0,0,0,0
1277,42.53333333333333,0,0,,,,,,,,,,,,,,,,,,0,,,,,0,3,,,,0,0,0,0,0
1278,42.56666666666667,1,0,,,,,,,,,,,,,,,,,,0,,,,,0,3,,,,0,0,0,0,0
1279,42.6,0,0,,,,,,,,,,,,,,,,,,0,,,,,0,3,,,,0,0,0,0,0
1280,42.63333333333333,0,0,,,,,,,,,,,,,,,,,,0,,,,,0,3,,,,0,0,0,0,0
1281,42.666666666666664,1,0,,,,,,,,,,,,,,,,,,0,,,,,0,3,,,,0,0,0,0,0
1282,42.7,0,0,,,,,,,,,,,,,,,,,,0,,,,,0,3,,,,0,0,0,0,0
1283,42.733333333333334,0,0,,,,,,,,,,,,,,,,,,0,,,,,0,3,,,,0,0,0,0,0
1284,42.766666666666666,1,0,,,,,,,,,,,,,,,,,,0,,,,,0,3,,,,0,0,0,0,0
1285,42.8,0,0,,,,,,,,,,,,,,,,,,0,,,,,0,3,,,,0,0,0,0,0
1286,42.833333333333336,0,0,,,,,,,,,,,,,,,,,,0,,,,,0,3,,,,0,0,0,0,0
1287,42.86666666666667,1,0,,,,,,,,,,,,,,,,,,0,,,,,0,3,,,,0,0,0,0,0
1288,42.9,0,0,,,,,,,,,,,,,,,,,,0,,,,,0,3,,,,0,0,0,0,0
1289,42.93333333333333,0,0,,,,,,,,,,,,,,,,,,0,,,,,0,3,,,,0,0,0,0,0
1290,42.96666666666667,1,0,,,,,,,,,,,,,,,,,,0,,,,,0,3,,,,0,0,0,0,0
1291,43.0,0,0,,,,,,,,,,,,,,,,,,0,,,,,0,3,,,,0,0,0,0,0
1292,43.03333333333333,0,0,,,,,,,,,,,,,,,,,,0,,,,,0,3,,,,0,0,0,0,0
1293,43.06666666666667,1,0,,,,,,,,,,,,,,,,,,0,,,,,0,3,,,,0,0,0,0,0
1294,43.1,0,0,,,,,,,,,,,,,,,,,,0,,,,,0,3,,,,0,0,0,0,0
1295,43.13333333333333,0,0,,,,,,,,,,,,,,,,,,0,,,,,0,3,,,,0,0,0,0,0
1296,43.166666666666664,1,0,,,,,,,,,,,,,,,,,,0,,,,,0,3,,,,0,0,0,0,0
1297,43.2,0,0,,,,,,,,,,,,,,,,,,0,,,,,0,3,,,,0,0,0,0,0
1298,43.233333333333334,0,0,,,,,,,,,,,,,,,,,,0,,,,,0,3,,,,0,0,0,0,0
1299,43.266666666666666,1,0,,,,,,,,,,,,,,,,,,0,,,,,0,3,,,,0,0,0,0,0
1300,43.3,0,0,,,,,,,,,,,,,,,,,,0,,,,,0,3,,,,0,0,0,0,0
1301,43.333333333333336,0,0,,,,,,,,,,,,,,,,,,0,,,,,0,3,,,,0,0,0,0,0
1302,43.36666666666667,1,0,,,,,,,,,,,,,,,,,,0,,,,,0,3,,,,0,0,0,0,0
1303,43.4,0,0,,,,,,,,,,,,,,,,,,0,,,,,0,3,,,,0,0,0,0,0
1304,43.43333333333333,0,0,,,,,,,,,,,,,,,,,,0,,,,,0,3,,,,0,0,0,0,0
1305,43.46666666666667,1,0,,,,,,,,,,,,,,,,,,0,,,,,0,3,,,,0,0,0,0,0
1306,43.5,0,0,,,,,,,,,,,,,,,,,,0,,,,,0,3,,,,0,0,0,0,0
1307,43.53333333333333,0,0,,,,,,,,,,,,,,,,,,0,,,,,0,3,,,,0,0,0,0,0
1308,43.56666666666667,1,0,,,,,,,,,,,,,,,,,,0,,,,,0,3,,,,0,0,0,0,0
1309,43.6,0,0,,,,,,,,,,,,,,,,,,0,,,,,0,3,,,,0,0,0,0,0
1310,43.63333333333333,0,0,,,,,,,,,,,,,,,,,,0,,,,,0,3,,,,0,0,0,0,0
1311,43.666666666666664,1,0,,,,,,,,,,,,,,,,,,0,,,,,0,3,,,,0,0,0,0,0
1312,43.7,0,0,,,,,,,,,,,,,,,,,,0,,,,,0,3,,,,0,0,0,0,0
1313,43.733333333333334,0,0,,,,,,,,,,,,,,,,,,0,,,,,0,3,,,,0,0,0,0,0
1314,43.766666666666666,1,0,,,,,,,,,,,,,,,,,,0,,,,,0,3,,,,0,0,0,0,0
1315,43.8,0,0,,,,,,,,,,,,,,,,,,0,,,,,0,3,,,,0,0,0,0,0
1316,43.833333333333336,0,0,,,,,,,,,,,,,,,,,,0,,,,,0,3,,,,0,0,0,0,0
1317,43.86666666666667,1,0,,,,,,,,,,,,,,,,,,0,,,,,0,3,,,,0,0,0,0,0
1318,43.9,0,0,,,,,,,,,,,,,,,,,,0,,,,,0,3,,,,0,0,0,0,0
1319,43.93333333333333,0,0,,,,,,,,,,,,,,,,,,0,,,,,0,3,,,,0,0,0,0,0
1320,43.96666666666667,1,0,,,,,,,,,,,,,,,,,,0,,,,,0,3,,,,0,0,0,0,0
1321,44.0,0,0,,,,,,,,,,,,,,,,,,0,,,,,0,3,,,,0,0,0,0,0
1322,44.03333333333333,0,0,,,,,,,,,,,,,,,,,,0,,,,,0,3,,,,0,0,0,0,0
1323,44.06666666666667,1,0,,,,,,,,,,,,,,,,,,0,,,,,0,3,,,,0,0,0,0,0
1324,44.1,0,0,,,,,,,,,,,,,,,,,,0,,,,,0,3,,,,0,0,0,0,0
1325,44.13333333333333,0,0,,,,,,,,,,,,,,,,,,0,,,,,0,3,,,,0,0,0,0,0
1326,44.166666666666664,1,0,,,,,,,,,,,,,,,,,,0,,,,,0,3,,,,0,0,0,0,0
1327,44.2,0,0,,,,,,,,,,,,,,,,,,0,,,,,0,3,,,,0,0,0,0,0
1328,44.233333333333334,0,0,,,,,,,,,,,,,,,,,,0,,,,,0,3,,,,0,0,0,0,0
1329,44.266666666666666,1,0,,,,,,,,,,,,,,,,,,0,,,,,0,3,,,,0,0,0,0,0
1330,44.3,0,0,,,,,,,,,,,,,,,,,,0,,,,,0,3,,,,0,0,0,0,0
1331,44.333333333333336,0,0,,,,,,,,,,,,,,,,,,0,,,,,0,3,,,,0,0,0,0,0
1332,44.36666666666667,1,0,,,,,,,,,,,,,,,,,,0,,,,,0,3,,,,0,0,0,0,0
1333,44.4,0,0,,,,,,,,,,,,,,,,,,0,,,,,0,3,,,,0,0,0,0,0
1334,44.43333333333333,0,0,,,,,,,,,,,,,,,,,,0,,,,,0,3,,,,0,0,0,0,0
1335,44.46666666666667,1,0,,,,,,,,,,,,,,,,,,0,,,,,0,3,,,,0,0,0,0,0
1336,44.5,0,0,,,,,,,,,,,,,,,,,,0,,,,,0,3,,,,0,0,0,0,0
1337,44.53333333333333,0,0,,,,,,,,,,,,,,,,,,0,,,,,0,3,,,,0,0,0,0,0
1338,44.56666666666667,1,0,,,,,,,,,,,,,,,,,,0,,,,,0,3,,,,0,0,0,0,0
1339,44.6,0,0,,,,,,,,,,,,,,,,,,0,,,,,0,3,,,,0,0,0,0,0
1340,44.63333333333333,0,0,,,,,,,,,,,,,,,,,,0,,,,,0,3,,,,0,0,0,0,0
1341,44.666666666666664,1,0,,,,,,,,,,,,,,,,,,0,,,,,0,3,,,,0,0,0,0,0
1342,44.7,0,0,,,,,,,,,,,,,,,,,,0,,,,,0,3,,,,0,0,0,0,0
1343,44.733333333333334,0,0,,,,,,,,,,,,,,,,,,0,,,,,0,3,,,,0,0,0,0,0
1344,44.766666666666666,1,0,,,,,,,,,,,,,,,,,,0,,,,,0,3,,,,0,0,0,0,0
1345,44.8,0,0,,,,,,,,,,,,,,,,,,0,,,,,0,3,,,,0,0,0,0,0
1346,44.833333333333336,0,0,,,,,,,,,,,,,,,,,,0,,,,,0,3,,,,0,0,0,0,0
1347,44.86666666666667,1,0,,,,,,,,,,,,,,,,,,0,,,,,0,3,,,,0,0,0,0,0
1348,44.9,0,0,,,,,,,,,,,,,,,,,,0,,,,,0,3,,,,0,0,0,0,0
1349,44.93333333333333,0,0,,,,,,,,,,,,,,,,,,0,,,,,0,3,,,,0,0,0,0,0
1350,44.96666666666667,1,0,,,,,,,,,,,,,,,,,,0,,,,,0,3,,,,0,0,0,0,0
1351,45.0,0,0,,,,,,,,,,,,,,,,,,0,,,,,0,3,,,,0,0,0,0,0
1352,45.03333333333333,0,0,,,,,,,,,,,,,,,,,,0,,,,,0,3,,,,0,0,0,0,0
1353,45.06666666666667,1,0,,,,,,,,,,,,,,,,,,0,,,,,0,3,,,,0,0,0,0,0
1354,45.1,0,0,,,,,,,,,,,,,,,,,,0,,,,,0,3,,,,0,0,0,0,0
1355,45.13333333333333,0,0,,,,,,,,,,,,,,,,,,0,,,,,0,3,,,,0,0,0,0,0
1356,45.166666666666664,1,0,,,,,,,,,,,,,,,,,,0,,,,,0,3,,,,0,0,0,0,0
1357,45.2,0,0,,,,,,,,,,,,,,,,,,0,,,,,0,3,,,,0,0,0,0,0
1358,45.233333333333334,0,0,,,,,,,,,,,,,,,,,,0,,,,,0,3,,,,0,0,0,0,0
1359,45.266666666666666,1,0,,,,,,,,,,,,,,,,,,0,,,,,0,3,,,,0,0,0,0,0
1360,45.3,0,0,,,,,,,,,,,,,,,,,,0,,,,,0,3,,,,0,0,0,0,0
1361,45.333333333333336,0,0,,,,,,,,,,,,,,,,,,0,,,,,0,3,,,,0,0,0,0,0
1362,45.36666666666667,1,0,,,,,,,,,,,,,,,,,,0,,,,,0,3,,,,0,0,0,0,0
1363,45.4,0,0,,,,,,,,,,,,,,,,,,0,,,,,0,3,,,,0,0,0,0,0
1364,45.43333333333333,0,0,,,,,,,,,,,,,,,,,,0,,,,,0,3,,,,0,0,0,0,0
1365,45.46666666666667,1,0,,,,,,,,,,,,,,,,,,0,,,,,0,3,,,,0,0,0,0,0
1366,45.5,0,0,,,,,,,,,,,,,,,,,,0,,,,,0,3,,,,0,0,0,0,0
1367,45.53333333333333,0,0,,,,,,,,,,,,,,,,,,0,,,,,0,3,,,,0,0,0,0,0
1368,45.56666666666667,1,0,,,,,,,,,,,,,,,,,,0,,,,,0,3,,,,0,0,0,0,0
1369,45.6,0,0,,,,,,,,,,,,,,,,,,0,,,,,0,3,,,,0,0,0,0,0
1370,45.63333333333333,0,0,,,,,,,,,,,,,,,,,,0,,,,,0,3,,,,0,0,0,0,0
1371,45.666666666666664,1,0,,,,,,,,,,,,,,,,,,0,,,,,0,3,,,,0,0,0,0,0
1372,45.7,0,0,,,,,,,,,,,,,,,,,,0,,,,,0,3,,,,0,0,0,0,0
1373,45.733333333333334,0,0,,,,,,,,,,,,,,,,,,0,,,,,0,3,,,,0,0,0,0,0
1374,45.766666666666666,1,0,,,,,,,,,,,,,,,,,,0,,,,,0,3,,,,0,0,0,0,0
1375,45.8,0,0,,,,,,,,,,,,,,,,,,0,,,,,0,3,,,,0,0,0,0,0
1376,45.833333333333336,0,0,,,,,,,,,,,,,,,,,,0,,,,,0,3,,,,0,0,0,0,0
1377,45.86666666666667,1,0,,,,,,,,,,,,,,,,,,0,,,,,0,3,,,,0,0,0,0,0
1378,45.9,0,0,,,,,,,,,,,,,,,,,,0,,,,,0,3,,,,0,0,0,0,0
1379,45.93333333333333,0,0,,,,,,,,,,,,,,,,,,0,,,,,0,3,,,,0,0,0,0,0
1380,45.96666666666667,1,0,,,,,,,,,,,,,,,,,,0,,,,,0,3,,,,0,0,0,0,0
1381,46.0,0,0,,,,,,,,,,,,,,,,,,0,,,,,0,3,,,,0,0,0,0,0
1382,46.03333333333333,0,0,,,,,,,,,,,,,,,,,,0,,,,,0,3,,,,0,0,0,0,0
1383,46.06666666666667,1,0,,,,,,,,,,,,,,,,,,0,,,,,0,3,,,,0,0,0,0,0
1384,46.1,0,0,,,,,,,,,,,,,,,,,,0,,,,,0,3,,,,0,0,0,0,0
1385,46.13333333333333,0,0,,,,,,,,,,,,,,,,,,0,,,,,0,3,,,,0,0,0,0,0
1386,46.166666666666664,1,0,,,,,,,,,,,,,,,,,,0,,,,,0,3,,,,0,0,0,0,0
1387,46.2,0,0,,,,,,,,,,,,,,,,,,0,,,,,0,3,,,,0,0,0,0,0
1388,46.233333333333334,0,0,,,,,,,,,,,,,,,,,,0,,,,,0,3,,,,0,0,0,0,0
1389,46.266666666666666,1,0,,,,,,,,,,,,,,,,,,0,,,,,0,3,,,,0,0,0,0,0
1390,46.3,0,0,,,,,,,,,,,,,,,,,,0,,,,,0,3,,,,0,0,0,0,0
1391,46.333333333333336,0,0,,,,,,,,,,,,,,,,,,0,,,,,0,3,,,,0,0,0,0,0
1392,46.36666666666667,1,0,,,,,,,,,,,,,,,,,,0,,,,,0,3,,,,0,0,0,0,0
1393,46.4,0,0,,,,,,,,,,,,,,,,,,0,,,,,0,3,,,,0,0,0,0,0
1394,46.43333333333333,0,0,,,,,,,,,,,,,,,,,,0,,,,,0,3,,,,0,0,0,0,0
1395,46.46666666666667,1,0,,,,,,,,,,,,,,,,,,0,,,,,0,3,,,,0,0,0,0,0
1396,46.5,0,0,,,,,,,,,,,,,,,,,,0,,,,,0,3,,,,0,0,0,0,0
1397,46.53333333333333,0,0,,,,,,,,,,,,,,,,,,0,,,,,0,3,,,,0,0,0,0,0
1398,46.56666666666667,1,0,,,,,,,,,,,,,,,,,,0,,,,,0,3,,,,0,0,0,0,0
1399,46.6,0,0,,,,,,,,,,,,,,,,,,0,,,,,0,3,,,,0,0,0,0,0
1400,46.63333333333333,0,0,,,,,,,,,,,,,,,,,,0,,,,,0,3,,,,0,0,0,0,0
1401,46.666666666666664,1,0,,,,,,,,,,,,,,,,,,0,,,,,0,3,,,,0,0,0,0,0
1402,46.7,0,0,,,,,,,,,,,,,,,,,,0,,,,,0,3,,,,0,0,0,0,0
1403,46.733333333333334,0,0,,,,,,,,,,,,,,,,,,0,,,,,0,3,,,,0,0,0,0,0
1404,46.766666666666666,1,0,,,,,,,,,,,,,,,,,,0,,,,,0,3,,,,0,0,0,0,0
1405,46.8,0,0,,,,,,,,,,,,,,,,,,0,,,,,0,3,,,,0,0,0,0,0
1406,46.833333333333336,0,0,,,,,,,,,,,,,,,,,,0,,,,,0,3,,,,0,0,0,0,0
1407,46.86666666666667,1,0,,,,,,,,,,,,,,,,,,0,,,,,0,3,,,,0,0,0,0,0
1408,46.9,0,0,,,,,,,,,,,,,,,,,,0,,,,,0,3,,,,0,0,0,0,0
1409,46.93333333333333,0,0,,,,,,,,,,,,,,,,,,0,,,,,0,3,,,,0,0,0,0,0
1410,46.96666666666667,1,0,,,,,,,,,,,,,,,,,,0,,,,,0,3,,,,0,0,0,0,0
1411,47.0,0,0,,,,,,,,,,,,,,,,,,0,,,,,0,3,,,,0,0,0,0,0
1412,47.03333333333333,0,0,,,,,,,,,,,,,,,,,,0,,,,,0,3,,,,0,0,0,0,0
1413,47.06666666666667,1,0,,,,,,,,,,,,,,,,,,0,,,,,0,3,,,,0,0,0,0,0
1414,47.1,0,0,,,,,,,,,,,,,,,,,,0,,,,,0,3,,,,0,0,0,0,0
1415,47.13333333333333,0,0,,,,,,,,,,,,,,,,,,0,,,,,0,3,,,,0,0,0,0,0
1416,47.166666666666664,1,0,,,,,,,,,,,,,,,,,,0,,,,,0,3,,,,0,0,0,0,0
1417,47.2,0,0,,,,,,,,,,,,,,,,,,0,,,,,0,3,,,,0,0,0,0,0
1418,47.233333333333334,0,0,,,,,,,,,,,,,,,,,,0,,,,,0,3,,,,0,0,0,0,0
1419,47.266666666666666,1,0,,,,,,,,,,,,,,,,,,0,,,,,0,3,,,,0,0,0,0,0
1420,47.3,0,0,,,,,,,,,,,,,,,,,,0,,,,,0,3,,,,0,0,0,0,0
1421,47.333333333333336,0,0,,,,,,,,,,,,,,,,,,0,,,,,0,3,,,,0,0,0,0,0
1422,47.36666666666667,1,0,,,,,,,,,,,,,,,,,,0,,,,,0,3,,,,0,0,0,0,0
1423,47.4,0,0,,,,,,,,,,,,,,,,,,0,,,,,0,3,,,,0,0,0,0,0
1424,47.43333333333333,0,0,,,,,,,,,,,,,,,,,,0,,,,,0,3,,,,0,0,0,0,0
1425,47.46666666666667,1,0,,,,,,,,,,,,,,,,,,0,,,,,0,3,,,,0,0,0,0,0
1426,47.5,0,0,,,,,,,,,,,,,,,,,,0,,,,,0,3,,,,0,0,0,0,0
1427,47.53333333333333,0,0,,,,,,,,,,,,,,,,,,0,,,,,0,3,,,,0,0,0,0,0
1428,47.56666666666667,1,0,,,,,,,,,,,,,,,,,,0,,,,,0,3,,,,0,0,0,0,0
1429,47.6,0,0,,,,,,,,,,,,,,,,,,0,,,,,0,3,,,,0,0,0,0,0
1430,47.63333333333333,0,0,,,,,,,,,,,,,,,,,,0,,,,,0,3,,,,0,0,0,0,0
1431,47.666666666666664,1,0,,,,,,,,,,,,,,,,,,0,,,,,0,3,,,,0,0,0,0,0
1432,47.7,0,0,,,,,,,,,,,,,,,,,,0,,,,,0,3,,,,0,0,0,0,0
1433,47.733333333333334,0,0,,,,,,,,,,,,,,,,,,0,,,,,0,3,,,,0,0,0,0,0
1434,47.766666666666666,1,0,,,,,,,,,,,,,,,,,,0,,,,,0,3,,,,0,0,0,0,0
1435,47.8,0,0,,,,,,,,,,,,,,,,,,0,,,,,0,3,,,,0,0,0,0,0
1436,47.833333333333336,0,0,,,,,,,,,,,,,,,,,,0,,,,,0,3,,,,0,0,0,0,0
1437,47.86666666666667,1,0,,,,,,,,,,,,,,,,,,0,,,,,0,3,,,,0,0,0,0,0
1438,47.9,0,0,,,,,,,,,,,,,,,,,,0,,,,,0,3,,,,0,0,0,0,0
1439,47.93333333333333,0,0,,,,,,,,,,,,,,,,,,0,,,,,0,3,,,,0,0,0,0,0
1440,47.96666666666667,1,0,,,,,,,,,,,,,,,,,,0,,,,,0,3,,,,0,0,0,0,0
1441,48.0,0,0,,,,,,,,,,,,,,,,,,0,,,,,0,3,,,,0,0,0,0,0
1442,48.03333333333333,0,0,,,,,,,,,,,,,,,,,,0,,,,,0,3,,,,0,0,0,0,0
1443,48.06666666666667,1,0,,,,,,,,,,,,,,,,,,0,,,,,0,3,,,,0,0,0,0,0
1444,48.1,0,0,,,,,,,,,,,,,,,,,,0,,,,,0,3,,,,0,0,0,0,0
1445,48.13333333333333,0,0,,,,,,,,,,,,,,,,,,0,,,,,0,3,,,,0,0,0,0,0
1446,48.166666666666664,1,0,,,,,,,,,,,,,,,,,,0,,,,,0,3,,,,0,0,0,0,0
1447,48.2,0,0,,,,,,,,,,,,,,,,,,0,,,,,0,3,,,,0,0,0,0,0
1448,48.233333333333334,0,0,,,,,,,,,,,,,,,,,,0,,,,,0,3,,,,0,0,0,0,0
1449,48.266666666666666,1,0,,,,,,,,,,,,,,,,,,0,,,,,0,3,,,,0,0,0,0,0
1450,48.3,0,0,,,,,,,,,,,,,,,,,,0,,,,,0,3,,,,0,0,0,0,0
1451,48.333333333333336,0,0,,,,,,,,,,,,,,,,,,0,,,,,0,3,,,,0,0,0,0,0
1452,48.36666666666667,1,0,,,,,,,,,,,,,,,,,,0,,,,,0,3,,,,0,0,0,0,0
1453,48.4,0,0,,,,,,,,,,,,,,,,,,0,,,,,0,3,,,,0,0,0,0,0
1454,48.43333333333333,0,0,,,,,,,,,,,,,,,,,,0,,,,,0,3,,,,0,0,0,0,0
1455,48.46666666666667,1,0,,,,,,,,,,,,,,,,,,0,,,,,0,3,,,,0,0,0,0,0
1456,48.5,0,0,,,,,,,,,,,,,,,,,,0,,,,,0,3,,,,0,0,0,0,0
1457,48.53333333333333,0,0,,,,,,,,,,,,,,,,,,0,,,,,0,3,,,,0,0,0,0,0
1458,48.56666666666667,1,0,,,,,,,,,,,,,,,,,,0,,,,,0,3,,,,0,0,0,0,0
1459,48.6,0,0,,,,,,,,,,,,,,,,,,0,,,,,0,3,,,,0,0,0,0,0
1460,48.63333333333333,0,0,,,,,,,,,,,,,,,,,,0,,,,,0,3,,,,0,0,0,0,0
1461,48.666666666666664,1,0,,,,,,,,,,,,,,,,,,0,,,,,0,3,,,,0,0,0,0,0
1462,48.7,0,0,,,,,,,,,,,,,,,,,,0,,,,,0,3,,,,0,0,0,0,0
1463,48.733333333333334,0,0,,,,,,,,,,,,,,,,,,0,,,,,0,3,,,,0,0,0,0,0
1464,48.766666666666666,1,0,,,,,,,,,,,,,,,,,,0,,,,,0,3,,,,0,0,0,0,0
1465,48.8,0,0,,,,,,,,,,,,,,,,,,0,,,,,0,3,,,,0,0,0,0,0
1466,48.833333333333336,0,0,,,,,,,,,,,,,,,,,,0,,,,,0,3,,,,0,0,0,0,0
1467,48.86666666666667,1,0,,,,,,,,,,,,,,,,,,0,,,,,0,3,,,,0,0,0,0,0
1468,48.9,0,0,,,,,,,,,,,,,,,,,,0,,,,,0,3,,,,0,0,0,0,0
1469,48.93333333333333,0,0,,,,,,,,,,,,,,,,,,0,,,,,0,3,,,,0,0,0,0,0
1470,48.96666666666667,1,0,,,,,,,,,,,,,,,,,,0,,,,,0,3,,,,0,0,0,0,0
1471,49.0,0,0,,,,,,,,,,,,,,,,,,0,,,,,0,3,,,,0,0,0,0,0
1472,49.03333333333333,0,0,,,,,,,,,,,,,,,,,,0,,,,,0,3,,,,0,0,0,0,0
1473,49.06666666666667,1,0,,,,,,,,,,,,,,,,,,0,,,,,0,3,,,,0,0,0,0,0
1474,49.1,0,0,,,,,,,,,,,,,,,,,,0,,,,,0,3,,,,0,0,0,0,0
1475,49.13333333333333,0,0,,,,,,,,,,,,,,,,,,0,,,,,0,3,,,,0,0,0,0,0
1476,49.166666666666664,1,0,,,,,,,,,,,,,,,,,,0,,,,,0,3,,,,0,0,0,0,0
1477,49.2,0,0,,,,,,,,,,,,,,,,,,0,,,,,0,3,,,,0,0,0,0,0
1478,49.233333333333334,0,0,,,,,,,,,,,,,,,,,,0,,,,,0,3,,,,0,0,0,0,0
1479,49.266666666666666,1,0,,,,,,,,,,,,,,,,,,0,,,,,0,3,,,,0,0,0,0,0
1480,49.3,0,0,,,,,,,,,,,,,,,,,,0,,,,,0,3,,,,0,0,0,0,0
1481,49.333333333333336,0,0,,,,,,,,,,,,,,,,,,0,,,,,0,3,,,,0,0,0,0,0
1482,49.36666666666667,1,0,,,,,,,,,,,,,,,,,,0,,,,,0,3,,,,0,0,0,0,0
1483,49.4,0,0,,,,,,,,,,,,,,,,,,0,,,,,0,3,,,,0,0,0,0,0
1484,49.43333333333333,0,0,,,,,,,,,,,,,,,,,,0,,,,,0,3,,,,0,0,0,0,0
1485,49.46666666666667,1,0,,,,,,,,,,,,,,,,,,0,,,,,0,3,,,,0,0,0,0,0
1486,49.5,0,0,,,,,,,,,,,,,,,,,,0,,,,,0,3,,,,0,0,0,0,0
1487,49.53333333333333,0,0,,,,,,,,,,,,,,,,,,0,,,,,0,3,,,,0,0,0,0,0
1488,49.56666666666667,1,0,,,,,,,,,,,,,,,,,,0,,,,,0,3,,,,0,0,0,0,0
1489,49.6,0,0,,,,,,,,,,,,,,,,,,0,,,,,0,3,,,,0,0,0,0,0
1490,49.63333333333333,0,0,,,,,,,,,,,,,,,,,,0,,,,,0,3,,,,0,0,0,0,0
1491,49.666666666666664,1,0,,,,,,,,,,,,,,,,,,0,,,,,0,3,,,,0,0,0,0,0
1492,49.7,0,0,,,,,,,,,,,,,,,,,,0,,,,,0,3,,,,0,0,0,0,0
1493,49.733333333333334,0,0,,,,,,,,,,,,,,,,,,0,,,,,0,3,,,,0,0,0,0,0
1494,49.766666666666666,1,0,,,,,,,,,,,,,,,,,,0,,,,,0,3,,,,0,0,0,0,0
1495,49.8,0,0,,,,,,,,,,,,,,,,,,0,,,,,0,3,,,,0,0,0,0,0
1496,49.833333333333336,0,0,,,,,,,,,,,,,,,,,,0,,,,,0,3,,,,0,0,0,0,0
1497,49.86666666666667,1,0,,,,,,,,,,,,,,,,,,0,,,,,0,3,,,,0,0,0,0,0
1498,49.9,0,0,,,,,,,,,,,,,,,,,,0,,,,,0,3,,,,0,0,0,0,0
1499,49.93333333333333,0,0,,,,,,,,,,,,,,,,,,0,,,,,0,3,,,,0,0,0,0,0
1500,49.96666666666667,1,0,,,,,,,,,,,,,,,,,,0,,,,,0,3,,,,0,0,0,0,0
1501,50.0,0,0,,,,,,,,,,,,,,,,,,0,,,,,0,3,,,,0,0,0,0,0
1502,50.03333333333333,0,0,,,,,,,,,,,,,,,,,,0,,,,,0,3,,,,0,0,0,0,0
1503,50.06666666666667,1,0,,,,,,,,,,,,,,,,,,0,,,,,0,3,,,,0,0,0,0,0
1504,50.1,0,0,,,,,,,,,,,,,,,,,,0,,,,,0,3,,,,0,0,0,0,0
1505,50.13333333333333,0,0,,,,,,,,,,,,,,,,,,0,,,,,0,3,,,,0,0,0,0,0
1506,50.166666666666664,1,0,,,,,,,,,,,,,,,,,,0,,,,,0,3,,,,0,0,0,0,0
1507,50.2,0,0,,,,,,,,,,,,,,,,,,0,,,,,0,3,,,,0,0,0,0,0
1508,50.233333333333334,0,0,,,,,,,,,,,,,,,,,,0,,,,,0,3,,,,0,0,0,0,0
1509,50.266666666666666,1,0,,,,,,,,,,,,,,,,,,0,,,,,0,3,,,,0,0,0,0,0
1510,50.3,0,0,,,,,,,,,,,,,,,,,,0,,,,,0,3,,,,0,0,0,0,0
1511,50.333333333333336,0,0,,,,,,,,,,,,,,,,,,0,,,,,0,3,,,,0,0,0,0,0
1512,50.36666666666667,1,0,,,,,,,,,,,,,,,,,,0,,,,,0,3,,,,0,0,0,0,0
1513,50.4,0,0,,,,,,,,,,,,,,,,,,0,,,,,0,3,,,,0,0,0,0,0
1514,50.43333333333333,0,0,,,,,,,,,,,,,,,,,,0,,,,,0,3,,,,0,0,0,0,0
1515,50.46666666666667,1,0,,,,,,,,,,,,,,,,,,0,,,,,0,3,,,,0,0,0,0,0
1516,50.5,0,0,,,,,,,,,,,,,,,,,,0,,,,,0,3,,,,0,0,0,0,0
1517,50.53333333333333,0,0,,,,,,,,,,,,,,,,,,0,,,,,0,3,,,,0,0,0,0,0
1518,50.56666666666667,1,0,,,,,,,,,,,,,,,,,,0,,,,,0,3,,,,0,0,0,0,0
1519,50.6,0,0,,,,,,,,,,,,,,,,,,0,,,,,0,3,,,,0,0,0,0,0
1520,50.63333333333333,0,0,,,,,,,,,,,,,,,,,,0,,,,,0,3,,,,0,0,0,0,0
1521,50.666666666666664,1,0,,,,,,,,,,,,,,,,,,0,,,,,0,3,,,,0,0,0,0,0
1522,50.7,0,0,,,,,,,,,,,,,,,,,,0,,,,,0,3,,,,0,0,0,0,0
1523,50.733333333333334,0,0,,,,,,,,,,,,,,,,,,0,,,,,0,3,,,,0,0,0,0,0
1524,50.766666666666666,1,0,,,,,,,,,,,,,,,,,,0,,,,,0,3,,,,0,0,0,0,0
1525,50.8,0,0,,,,,,,,,,,,,,,,,,0,,,,,0,3,,,,0,0,0,0,0
1526,50.833333333333336,0,0,,,,,,,,,,,,,,,,,,0,,,,,0,3,,,,0,0,0,0,0
1527,50.86666666666667,1,0,,,,,,,,,,,,,,,,,,0,,,,,0,3,,,,0,0,0,0,0
1528,50.9,0,0,,,,,,,,,,,,,,,,,,0,,,,,0,3,,,,0,0,0,0,0
1529,50.93333333333333,0,0,,,,,,,,,,,,,,,,,,0,,,,,0,3,,,,0,0,0,0,0
1530,50.96666666666667,1,0,,,,,,,,,,,,,,,,,,0,,,,,0,3,,,,0,0,0,0,0
1531,51.0,0,0,,,,,,,,,,,,,,,,,,0,,,,,0,3,,,,0,0,0,0,0
1532,51.03333333333333,0,0,,,,,,,,,,,,,,,,,,0,,,,,0,3,,,,0,0,0,0,0
1533,51.06666666666667,1,0,,,,,,,,,,,,,,,,,,0,,,,,0,3,,,,0,0,0,0,0
1534,51.1,0,0,,,,,,,,,,,,,,,,,,0,,,,,0,3,,,,0,0,0,0,0
1535,51.13333333333333,0,0,,,,,,,,,,,,,,,,,,0,,,,,0,3,,,,0,0,0,0,0
1536,51.166666666666664,1,0,,,,,,,,,,,,,,,,,,0,,,,,0,3,,,,0,0,0,0,0
1537,51.2,0,0,,,,,,,,,,,,,,,,,,0,,,,,0,3,,,,0,0,0,0,0
1538,51.233333333333334,0,0,,,,,,,,,,,,,,,,,,0,,,,,0,3,,,,0,0,0,0,0
1539,51.266666666666666,1,0,,,,,,,,,,,,,,,,,,0,,,,,0,3,,,,0,0,0,0,0
1540,51.3,0,0,,,,,,,,,,,,,,,,,,0,,,,,0,3,,,,0,0,0,0,0
1541,51.333333333333336,0,0,,,,,,,,,,,,,,,,,,0,,,,,0,3,,,,0,0,0,0,0
1542,51.36666666666667,1,0,,,,,,,,,,,,,,,,,,0,,,,,0,3,,,,0,0,0,0,0
1543,51.4,0,0,,,,,,,,,,,,,,,,,,0,,,,,0,3,,,,0,0,0,0,0
1544,51.43333333333333,0,0,,,,,,,,,,,,,,,,,,0,,,,,0,3,,,,0,0,0,0,0
1545,51.46666666666667,1,0,,,,,,,,,,,,,,,,,,0,,,,,0,3,,,,0,0,0,0,0
1546,51.5,0,0,,,,,,,,,,,,,,,,,,0,,,,,0,3,,,,0,0,0,0,0
1547,51.53333333333333,0,0,,,,,,,,,,,,,,,,,,0,,,,,0,3,,,,0,0,0,0,0
1548,51.56666666666667,1,0,,,,,,,,,,,,,,,,,,0,,,,,0,3,,,,0,0,0,0,0
1549,51.6,0,0,,,,,,,,,,,,,,,,,,0,,,,,0,3,,,,0,0,0,0,0
1550,51.63333333333333,0,0,,,,,,,,,,,,,,,,,,0,,,,,0,3,,,,0,0,0,0,0
1551,51.666666666666664,1,0,,,,,,,,,,,,,,,,,,0,,,,,0,3,,,,0,0,0,0,0
1552,51.7,0,0,,,,,,,,,,,,,,,,,,0,,,,,0,3,,,,0,0,0,0,0
1553,51.733333333333334,0,0,,,,,,,,,,,,,,,,,,0,,,,,0,3,,,,0,0,0,0,0
1554,51.766666666666666,1,0,,,,,,,,,,,,,,,,,,0,,,,,0,3,,,,0,0,0,0,0
1555,51.8,0,0,,,,,,,,,,,,,,,,,,0,,,,,0,3,,,,0,0,0,0,0
1556,51.833333333333336,0,0,,,,,,,,,,,,,,,,,,0,,,,,0,3,,,,0,0,0,0,0
1557,51.86666666666667,1,0,,,,,,,,,,,,,,,,,,0,,,,,0,3,,,,0,0,0,0,0
1558,51.9,0,0,,,,,,,,,,,,,,,,,,0,,,,,0,3,,,,0,0,0,0,0
1559,51.93333333333333,0,0,,,,,,,,,,,,,,,,,,0,,,,,0,3,,,,0,0,0,0,0
1560,51.96666666666667,1,0,,,,,,,,,,,,,,,,,,0,,,,,0,3,,,,0,0,0,0,0
1561,52.0,0,0,,,,,,,,,,,,,,,,,,0,,,,,0,3,,,,0,0,0,0,0
1562,52.03333333333333,0,0,,,,,,,,,,,,,,,,,,0,,,,,0,3,,,,0,0,0,0,0
1563,52.06666666666667,1,0,,,,,,,,,,,,,,,,,,0,,,,,0,3,,,,0,0,0,0,0
1564,52.1,0,0,,,,,,,,,,,,,,,,,,0,,,,,0,3,,,,0,0,0,0,0
1565,52.13333333333333,0,0,,,,,,,,,,,,,,,,,,0,,,,,0,3,,,,0,0,0,0,0
1566,52.166666666666664,1,0,,,,,,,,,,,,,,,,,,0,,,,,0,3,,,,0,0,0,0,0
1567,52.2,0,0,,,,,,,,,,,,,,,,,,0,,,,,0,3,,,,0,0,0,0,0
1568,52.233333333333334,0,0,,,,,,,,,,,,,,,,,,0,,,,,0,3,,,,0,0,0,0,0
1569,52.266666666666666,1,0,,,,,,,,,,,,,,,,,,0,,,,,0,3,,,,0,0,0,0,0
1570,52.3,0,0,,,,,,,,,,,,,,,,,,0,,,,,0,3,,,,0,0,0,0,0
1571,52.333333333333336,0,0,,,,,,,,,,,,,,,,,,0,,,,,0,3,,,,0,0,0,0,0
1572,52.36666666666667,1,0,,,,,,,,,,,,,,,,,,0,,,,,0,3,,,,0,0,0,0,0
1573,52.4,0,0,,,,,,,,,,,,,,,,,,0,,,,,0,3,,,,0,0,0,0,0
1574,52.43333333333333,0,0,,,,,,,,,,,,,,,,,,0,,,,,0,3,,,,0,0,0,0,0
1575,52.46666666666667,1,0,,,,,,,,,,,,,,,,,,0,,,,,0,3,,,,0,0,0,0,0
1576,52.5,0,0,,,,,,,,,,,,,,,,,,0,,,,,0,3,,,,0,0,0,0,0
1577,52.53333333333333,0,0,,,,,,,,,,,,,,,,,,0,,,,,0,3,,,,0,0,0,0,0
1578,52.56666666666667,1,0,,,,,,,,,,,,,,,,,,0,,,,,0,3,,,,0,0,0,0,0
1579,52.6,0,0,,,,,,,,,,,,,,,,,,0,,,,,0,3,,,,0,0,0,0,0
1580,52.63333333333333,0,0,,,,,,,,,,,,,,,,,,0,,,,,0,3,,,,0,0,0,0,0
1581,52.666666666666664,1,0,,,,,,,,,,,,,,,,,,0,,,,,0,3,,,,0,0,0,0,0
1582,52.7,0,0,,,,,,,,,,,,,,,,,,0,,,,,0,3,,,,0,0,0,0,0
1583,52.733333333333334,0,0,,,,,,,,,,,,,,,,,,0,,,,,0,3,,,,0,0,0,0,0
1584,52.766666666666666,1,0,,,,,,,,,,,,,,,,,,0,,,,,0,3,,,,0,0,0,0,0
1585,52.8,0,0,,,,,,,,,,,,,,,,,,0,,,,,0,3,,,,0,0,0,0,0
1586,52.833333333333336,0,0,,,,,,,,,,,,,,,,,,0,,,,,0,3,,,,0,0,0,0,0
1587,52.86666666666667,1,0,,,,,,,,,,,,,,,,,,0,,,,,0,3,,,,0,0,0,0,0
1588,52.9,0,0,,,,,,,,,,,,,,,,,,0,,,,,0,3,,,,0,0,0,0,0
1589,52.93333333333333,0,0,,,,,,,,,,,,,,,,,,0,,,,,0,3,,,,0,0,0,0,0
1590,52.96666666666667,1,0,,,,,,,,,,,,,,,,,,0,,,,,0,3,,,,0,0,0,0,0
1591,53.0,0,0,,,,,,,,,,,,,,,,,,0,,,,,0,3,,,,0,0,0,0,0
1592,53.03333333333333,0,0,,,,,,,,,,,,,,,,,,0,,,,,0,3,,,,0,0,0,0,0
1593,53.06666666666667,1,0,,,,,,,,,,,,,,,,,,0,,,,,0,3,,,,0,0,0,0,0
1594,53.1,0,0,,,,,,,,,,,,,,,,,,0,,,,,0,3,,,,0,0,0,0,0
1595,53.13333333333333,0,0,,,,,,,,,,,,,,,,,,0,,,,,0,3,,,,0,0,0,0,0
1596,53.166666666666664,1,0,,,,,,,,,,,,,,,,,,0,,,,,0,3,,,,0,0,0,0,0
1597,53.2,0,0,,,,,,,,,,,,,,,,,,0,,,,,0,3,,,,0,0,0,0,0
1598,53.233333333333334,0,0,,,,,,,,,,,,,,,,,,0,,,,,0,3,,,,0,0,0,0,0
1599,53.266666666666666,1,0,,,,,,,,,,,,,,,,,,0,,,,,0,3,,,,0,0,0,0,0
1600,53.3,0,0,,,,,,,,,,,,,,,,,,0,,,,,0,3,,,,0,0,0,0,0
1601,53.333333333333336,0,0,,,,,,,,,,,,,,,,,,0,,,,,0,3,,,,0,0,0,0,0
1602,53.36666666666667,1,0,,,,,,,,,,,,,,,,,,0,,,,,0,3,,,,0,0,0,0,0
1603,53.4,0,0,,,,,,,,,,,,,,,,,,0,,,,,0,3,,,,0,0,0,0,0
1604,53.43333333333333,0,0,,,,,,,,,,,,,,,,,,0,,,,,0,3,,,,0,0,0,0,0
1605,53.46666666666667,1,0,,,,,,,,,,,,,,,,,,0,,,,,0,3,,,,0,0,0,0,0
1606,53.5,0,0,,,,,,,,,,,,,,,,,,0,,,,,0,3,,,,0,0,0,0,0
1607,53.53333333333333,0,0,,,,,,,,,,,,,,,,,,0,,,,,0,3,,,,0,0,0,0,0
1608,53.56666666666667,1,0,,,,,,,,,,,,,,,,,,0,,,,,0,3,,,,0,0,0,0,0
1609,53.6,0,0,,,,,,,,,,,,,,,,,,0,,,,,0,3,,,,0,0,0,0,0
1610,53.63333333333333,0,0,,,,,,,,,,,,,,,,,,0,,,,,0,3,,,,0,0,0,0,0
1611,53.666666666666664,1,0,,,,,,,,,,,,,,,,,,0,,,,,0,3,,,,0,0,0,0,0
1612,53.7,0,0,,,,,,,,,,,,,,,,,,0,,,,,0,3,,,,0,0,0,0,0
1613,53.733333333333334,0,0,,,,,,,,,,,,,,,,,,0,,,,,0,3,,,,0,0,0,0,0
1614,53.766666666666666,1,0,,,,,,,,,,,,,,,,,,0,,,,,0,3,,,,0,0,0,0,0
1615,53.8,0,0,,,,,,,,,,,,,,,,,,0,,,,,0,3,,,,0,0,0,0,0
1616,53.833333333333336,0,0,,,,,,,,,,,,,,,,,,0,,,,,0,3,,,,0,0,0,0,0
1617,53.86666666666667,1,0,,,,,,,,,,,,,,,,,,0,,,,,0,3,,,,0,0,0,0,0
1618,53.9,0,0,,,,,,,,,,,,,,,,,,0,,,,,0,3,,,,0,0,0,0,0
1619,53.93333333333333,0,0,,,,,,,,,,,,,,,,,,0,,,,,0,3,,,,0,0,0,0,0
1620,53.96666666666667,1,0,,,,,,,,,,,,,,,,,,0,,,,,0,3,,,,0,0,0,0,0
1621,54.0,0,0,,,,,,,,,,,,,,,,,,0,,,,,0,3,,,,0,0,0,0,0
1622,54.03333333333333,0,0,,,,,,,,,,,,,,,,,,0,,,,,0,3,,,,0,0,0,0,0
1623,54.06666666666667,1,0,,,,,,,,,,,,,,,,,,0,,,,,0,3,,,,0,0,0,0,0
1624,54.1,0,0,,,,,,,,,,,,,,,,,,0,,,,,0,3,,,,0,0,0,0,0
1625,54.13333333333333,0,0,,,,,,,,,,,,,,,,,,0,,,,,0,3,,,,0,0,0,0,0
1626,54.166666666666664,1,0,,,,,,,,,,,,,,,,,,0,,,,,0,3,,,,0,0,0,0,0
1627,54.2,0,0,,,,,,,,,,,,,,,,,,0,,,,,0,3,,,,0,0,0,0,0
1628,54.233333333333334,0,0,,,,,,,,,,,,,,,,,,0,,,,,0,3,,,,0,0,0,0,0
1629,54.266666666666666,1,0,,,,,,,,,,,,,,,,,,0,,,,,0,3,,,,0,0,0,0,0
1630,54.3,0,0,,,,,,,,,,,,,,,,,,0,,,,,0,3,,,,0,0,0,0,0
1631,54.333333333333336,0,0,,,,,,,,,,,,,,,,,,0,,,,,0,3,,,,0,0,0,0,0
1632,54.36666666666667,1,0,,,,,,,,,,,,,,,,,,0,,,,,0,3,,,,0,0,0,0,0
1633,54.4,0,0,,,,,,,,,,,,,,,,,,0,,,,,0,3,,,,0,0,0,0,0
1634,54.43333333333333,0,0,,,,,,,,,,,,,,,,,,0,,,,,0,3,,,,0,0,0,0,0
1635,54.46666666666667,1,0,,,,,,,,,,,,,,,,,,0,,,,,0,3,,,,0,0,0,0,0
1636,54.5,0,0,,,,,,,,,,,,,,,,,,0,,,,,0,3,,,,0,0,0,0,0
1637,54.53333333333333,0,0,,,,,,,,,,,,,,,,,,0,,,,,0,3,,,,0,0,0,0,0
1638,54.56666666666667,1,0,,,,,,,,,,,,,,,,,,0,,,,,0,3,,,,0,0,0,0,0
1639,54.6,0,0,,,,,,,,,,,,,,,,,,0,,,,,0,3,,,,0,0,0,0,0
1640,54.63333333333333,0,0,,,,,,,,,,,,,,,,,,0,,,,,0,3,,,,0,0,0,0,0
1641,54.666666666666664,1,0,,,,,,,,,,,,,,,,,,0,,,,,0,3,,,,0,0,0,0,0
1642,54.7,0,0,,,,,,,,,,,,,,,,,,0,,,,,0,3,,,,0,0,0,0,0
1643,54.733333333333334,0,0,,,,,,,,,,,,,,,,,,0,,,,,0,3,,,,0,0,0,0,0
1644,54.766666666666666,1,0,,,,,,,,,,,,,,,,,,0,,,,,0,3,,,,0,0,0,0,0
1645,54.8,0,0,,,,,,,,,,,,,,,,,,0,,,,,0,3,,,,0,0,0,0,0
1646,54.833333333333336,0,0,,,,,,,,,,,,,,,,,,0,,,,,0,3,,,,0,0,0,0,0
1647,54.86666666666667,1,0,,,,,,,,,,,,,,,,,,0,,,,,0,3,,,,0,0,0,0,0
1648,54.9,0,0,,,,,,,,,,,,,,,,,,0,,,,,0,3,,,,0,0,0,0,0
1649,54.93333333333333,0,0,,,,,,,,,,,,,,,,,,0,,,,,0,3,,,,0,0,0,0,0
1650,54.96666666666667,1,0,,,,,,,,,,,,,,,,,,0,,,,,0,3,,,,0,0,0,0,0
1651,55.0,0,0,,,,,,,,,,,,,,,,,,0,,,,,0,3,,,,0,0,0,0,0
1652,55.03333333333333,0,0,,,,,,,,,,,,,,,,,,0,,,,,0,3,,,,0,0,0,0,0
1653,55.06666666666667,1,0,,,,,,,,,,,,,,,,,,0,,,,,0,3,,,,0,0,0,0,0
1654,55.1,0,0,,,,,,,,,,,,,,,,,,0,,,,,0,3,,,,0,0,0,0,0
1655,55.13333333333333,0,0,,,,,,,,,,,,,,,,,,0,,,,,0,3,,,,0,0,0,0,0
1656,55.166666666666664,1,0,,,,,,,,,,,,,,,,,,0,,,,,0,3,,,,0,0,0,0,0
1657,55.2,0,0,,,,,,,,,,,,,,,,,,0,,,,,0,3,,,,0,0,0,0,0
1658,55.233333333333334,0,0,,,,,,,,,,,,,,,,,,0,,,,,0,3,,,,0,0,0,0,0
1659,55.266666666666666,1,0,,,,,,,,,,,,,,,,,,0,,,,,0,3,,,,0,0,0,0,0
1660,55.3,0,0,,,,,,,,,,,,,,,,,,0,,,,,0,3,,,,0,0,0,0,0
1661,55.333333333333336,0,0,,,,,,,,,,,,,,,,,,0,,,,,0,3,,,,0,0,0,0,0
1662,55.36666666666667,1,0,,,,,,,,,,,,,,,,,,0,,,,,0,3,,,,0,0,0,0,0
1663,55.4,0,0,,,,,,,,,,,,,,,,,,0,,,,,0,3,,,,0,0,0,0,0
1664,55.43333333333333,0,0,,,,,,,,,,,,,,,,,,0,,,,,0,3,,,,0,0,0,0,0
1665,55.46666666666667,1,0,,,,,,,,,,,,,,,,,,0,,,,,0,3,,,,0,0,0,0,0
1666,55.5,0,0,,,,,,,,,,,,,,,,,,0,,,,,0,3,,,,0,0,0,0,0
1667,55.53333333333333,0,0,,,,,,,,,,,,,,,,,,0,,,,,0,3,,,,0,0,0,0,0
1668,55.56666666666667,1,0,,,,,,,,,,,,,,,,,,0,,,,,0,3,,,,0,0,0,0,0
1669,55.6,0,0,,,,,,,,,,,,,,,,,,0,,,,,0,3,,,,0,0,0,0,0
1670,55.63333333333333,0,0,,,,,,,,,,,,,,,,,,0,,,,,0,3,,,,0,0,0,0,0
1671,55.666666666666664,1,0,,,,,,,,,,,,,,,,,,0,,,,,0,3,,,,0,0,0,0,0
1672,55.7,0,0,,,,,,,,,,,,,,,,,,0,,,,,0,3,,,,0,0,0,0,0
1673,55.733333333333334,0,0,,,,,,,,,,,,,,,,,,0,,,,,0,3,,,,0,0,0,0,0
1674,55.766666666666666,1,0,,,,,,,,,,,,,,,,,,0,,,,,0,3,,,,0,0,0,0,0
1675,55.8,0,0,,,,,,,,,,,,,,,,,,0,,,,,0,3,,,,0,0,0,0,0
1676,55.833333333333336,0,0,,,,,,,,,,,,,,,,,,0,,,,,0,3,,,,0,0,0,0,0
1677,55.86666666666667,1,0,,,,,,,,,,,,,,,,,,0,,,,,0,3,,,,0,0,0,0,0
1678,55.9,0,0,,,,,,,,,,,,,,,,,,0,,,,,0,3,,,,0,0,0,0,0
1679,55.93333333333333,0,0,,,,,,,,,,,,,,,,,,0,,,,,0,3,,,,0,0,0,0,0
1680,55.96666666666667,1,0,,,,,,,,,,,,,,,,,,0,,,,,0,3,,,,0,0,0,0,0
1681,56.0,0,0,,,,,,,,,,,,,,,,,,0,,,,,0,3,,,,0,0,0,0,0
1682,56.03333333333333,0,0,,,,,,,,,,,,,,,,,,0,,,,,0,3,,,,0,0,0,0,0
1683,56.06666666666667,1,0,,,,,,,,,,,,,,,,,,0,,,,,0,3,,,,0,0,0,0,0
1684,56.1,0,0,,,,,,,,,,,,,,,,,,0,,,,,0,3,,,,0,0,0,0,0
1685,56.13333333333333,0,0,,,,,,,,,,,,,,,,,,0,,,,,0,3,,,,0,0,0,0,0
1686,56.166666666666664,1,0,,,,,,,,,,,,,,,,,,0,,,,,0,3,,,,0,0,0,0,0
1687,56.2,0,0,,,,,,,,,,,,,,,,,,0,,,,,0,3,,,,0,0,0,0,0
1688,56.233333333333334,0,0,,,,,,,,,,,,,,,,,,0,,,,,0,3,,,,0,0,0,0,0
1689,56.266666666666666,1,0,,,,,,,,,,,,,,,,,,0,,,,,0,3,,,,0,0,0,0,0
1690,56.3,0,0,,,,,,,,,,,,,,,,,,0,,,,,0,3,,,,0,0,0,0,0
1691,56.333333333333336,0,0,,,,,,,,,,,,,,,,,,0,,,,,0,3,,,,0,0,0,0,0
1692,56.36666666666667,1,0,,,,,,,,,,,,,,,,,,0,,,,,0,3,,,,0,0,0,0,0
1693,56.4,0,0,,,,,,,,,,,,,,,,,,0,,,,,0,3,,,,0,0,0,0,0
1694,56.43333333333333,0,0,,,,,,,,,,,,,,,,,,0,,,,,0,3,,,,0,0,0,0,0
1695,56.46666666666667,1,0,,,,,,,,,,,,,,,,,,0,,,,,0,3,,,,0,0,0,0,0
1696,56.5,0,0,,,,,,,,,,,,,,,,,,0,,,,,0,3,,,,0,0,0,0,0
1697,56.53333333333333,0,0,,,,,,,,,,,,,,,,,,0,,,,,0,3,,,,0,0,0,0,0
1698,56.56666666666667,1,0,,,,,,,,,,,,,,,,,,0,,,,,0,3,,,,0,0,0,0,0
1699,56.6,0,0,,,,,,,,,,,,,,,,,,0,,,,,0,3,,,,0,0,0,0,0
1700,56.63333333333333,0,0,,,,,,,,,,,,,,,,,,0,,,,,0,3,,,,0,0,0,0,0
1701,56.666666666666664,1,0,,,,,,,,,,,,,,,,,,0,,,,,0,3,,,,0,0,0,0,0
1702,56.7,0,0,,,,,,,,,,,,,,,,,,0,,,,,0,3,,,,0,0,0,0,0
1703,56.733333333333334,0,0,,,,,,,,,,,,,,,,,,0,,,,,0,3,,,,0,0,0,0,0
1704,56.766666666666666,1,0,,,,,,,,,,,,,,,,,,0,,,,,0,3,,,,0,0,0,0,0
1705,56.8,0,0,,,,,,,,,,,,,,,,,,0,,,,,0,3,,,,0,0,0,0,0
1706,56.833333333333336,0,0,,,,,,,,,,,,,,,,,,0,,,,,0,3,,,,0,0,0,0,0
1707,56.86666666666667,1,0,,,,,,,,,,,,,,,,,,0,,,,,0,3,,,,0,0,0,0,0
1708,56.9,0,0,,,,,,,,,,,,,,,,,,0,,,,,0,3,,,,0,0,0,0,0
1709,56.93333333333333,0,0,,,,,,,,,,,,,,,,,,0,,,,,0,3,,,,0,0,0,0,0
1710,56.96666666666667,1,0,,,,,,,,,,,,,,,,,,0,,,,,0,3,,,,0,0,0,0,0
1711,57.0,0,0,,,,,,,,,,,,,,,,,,0,,,,,0,3,,,,0,0,0,0,0
1712,57.03333333333333,0,0,,,,,,,,,,,,,,,,,,0,,,,,0,3,,,,0,0,0,0,0
1713,57.06666666666667,1,0,,,,,,,,,,,,,,,,,,0,,,,,0,3,,,,0,0,0,0,0
1714,57.1,0,0,,,,,,,,,,,,,,,,,,0,,,,,0,3,,,,0,0,0,0,0
1715,57.13333333333333,0,0,,,,,,,,,,,,,,,,,,0,,,,,0,3,,,,0,0,0,0,0
1716,57.166666666666664,1,0,,,,,,,,,,,,,,,,,,0,,,,,0,3,,,,0,0,0,0,0
1717,57.2,0,0,,,,,,,,,,,,,,,,,,0,,,,,0,3,,,,0,0,0,0,0
1718,57.233333333333334,0,0,,,,,,,,,,,,,,,,,,0,,,,,0,3,,,,0,0,0,0,0
1719,57.266666666666666,1,0,,,,,,,,,,,,,,,,,,0,,,,,0,3,,,,0,0,0,0,0
1720,57.3,0,0,,,,,,,,,,,,,,,,,,0,,,,,0,3,,,,0,0,0,0,0
1721,57.333333333333336,0,0,,,,,,,,,,,,,,,,,,0,,,,,0,3,,,,0,0,0,0,0
1722,57.36666666666667,1,0,,,,,,,,,,,,,,,,,,0,,,,,0,3,,,,0,0,0,0,0
1723,57.4,0,0,,,,,,,,,,,,,,,,,,0,,,,,0,3,,,,0,0,0,0,0
1724,57.43333333333333,0,0,,,,,,,,,,,,,,,,,,0,,,,,0,3,,,,0,0,0,0,0
1725,57.46666666666667,1,0,,,,,,,,,,,,,,,,,,0,,,,,0,3,,,,0,0,0,0,0
1726,57.5,0,0,,,,,,,,,,,,,,,,,,0,,,,,0,3,,,,0,0,0,0,0
1727,57.53333333333333,0,0,,,,,,,,,,,,,,,,,,0,,,,,0,3,,,,0,0,0,0,0
1728,57.56666666666667,1,0,,,,,,,,,,,,,,,,,,0,,,,,0,3,,,,0,0,0,0,0
1729,57.6,0,0,,,,,,,,,,,,,,,,,,0,,,,,0,3,,,,0,0,0,0,0
1730,57.63333333333333,0,0,,,,,,,,,,,,,,,,,,0,,,,,0,3,,,,0,0,0,0,0
1731,57.666666666666664,1,0,,,,,,,,,,,,,,,,,,0,,,,,0,3,,,,0,0,0,0,0
1732,57.7,0,0,,,,,,,,,,,,,,,,,,0,,,,,0,3,,,,0,0,0,0,0
1733,57.733333333333334,0,0,,,,,,,,,,,,,,,,,,0,,,,,0,3,,,,0,0,0,0,0
1734,57.766666666666666,1,0,,,,,,,,,,,,,,,,,,0,,,,,0,3,,,,0,0,0,0,0
1735,57.8,0,0,,,,,,,,,,,,,,,,,,0,,,,,0,3,,,,0,0,0,0,0
1736,57.833333333333336,0,0,,,,,,,,,,,,,,,,,,0,,,,,0,3,,,,0,0,0,0,0
1737,57.86666666666667,1,0,,,,,,,,,,,,,,,,,,0,,,,,0,3,,,,0,0,0,0,0
1738,57.9,0,0,,,,,,,,,,,,,,,,,,0,,,,,0,3,,,,0,0,0,0,0
1739,57.93333333333333,0,0,,,,,,,,,,,,,,,,,,0,,,,,0,3,,,,0,0,0,0,0
1740,57.96666666666667,1,0,,,,,,,,,,,,,,,,,,0,,,,,0,3,,,,0,0,0,0,0
1741,58.0,0,0,,,,,,,,,,,,,,,,,,0,,,,,0,3,,,,0,0,0,0,0
1742,58.03333333333333,0,0,,,,,,,,,,,,,,,,,,0,,,,,0,3,,,,0,0,0,0,0
1743,58.06666666666667,1,0,,,,,,,,,,,,,,,,,,0,,,,,0,3,,,,0,0,0,0,0
1744,58.1,0,0,,,,,,,,,,,,,,,,,,0,,,,,0,3,,,,0,0,0,0,0
1745,58.13333333333333,0,0,,,,,,,,,,,,,,,,,,0,,,,,0,3,,,,0,0,0,0,0
1746,58.166666666666664,1,0,,,,,,,,,,,,,,,,,,0,,,,,0,3,,,,0,0,0,0,0
1747,58.2,0,0,,,,,,,,,,,,,,,,,,0,,,,,0,3,,,,0,0,0,0,0
1748,58.233333333333334,0,0,,,,,,,,,,,,,,,,,,0,,,,,0,3,,,,0,0,0,0,0
1749,58.266666666666666,1,0,,,,,,,,,,,,,,,,,,0,,,,,0,3,,,,0,0,0,0,0
1750,58.3,0,0,,,,,,,,,,,,,,,,,,0,,,,,0,3,,,,0,0,0,0,0
1751,58.333333333333336,0,0,,,,,,,,,,,,,,,,,,0,,,,,0,3,,,,0,0,0,0,0
1752,58.36666666666667,1,0,,,,,,,,,,,,,,,,,,0,,,,,0,3,,,,0,0,0,0,0
1753,58.4,0,0,,,,,,,,,,,,,,,,,,0,,,,,0,3,,,,0,0,0,0,0
1754,58.43333333333333,0,0,,,,,,,,,,,,,,,,,,0,,,,,0,3,,,,0,0,0,0,0
1755,58.46666666666667,1,0,,,,,,,,,,,,,,,,,,0,,,,,0,3,,,,0,0,0,0,0
1756,58.5,0,0,,,,,,,,,,,,,,,,,,0,,,,,0,3,,,,0,0,0,0,0
1757,58.53333333333333,0,0,,,,,,,,,,,,,,,,,,0,,,,,0,3,,,,0,0,0,0,0
1758,58.56666666666667,1,0,,,,,,,,,,,,,,,,,,0,,,,,0,3,,,,0,0,0,0,0
1759,58.6,0,0,,,,,,,,,,,,,,,,,,0,,,,,0,3,,,,0,0,0,0,0
1760,58.63333333333333,0,0,,,,,,,,,,,,,,,,,,0,,,,,0,3,,,,0,0,0,0,0
1761,58.666666666666664,1,0,,,,,,,,,,,,,,,,,,0,,,,,0,3,,,,0,0,0,0,0
1762,58.7,0,0,,,,,,,,,,,,,,,,,,0,,,,,0,3,,,,0,0,0,0,0
1763,58.733333333333334,0,0,,,,,,,,,,,,,,,,,,0,,,,,0,3,,,,0,0,0,0,0
1764,58.766666666666666,1,0,,,,,,,,,,,,,,,,,,0,,,,,0,3,,,,0,0,0,0,0
1765,58.8,0,0,,,,,,,,,,,,,,,,,,0,,,,,0,3,,,,0,0,0,0,0
1766,58.833333333333336,0,0,,,,,,,,,,,,,,,,,,0,,,,,0,3,,,,0,0,0,0,0
1767,58.86666666666667,1,0,,,,,,,,,,,,,,,,,,0,,,,,0,3,,,,0,0,0,0,0
1768,58.9,0,0,,,,,,,,,,,,,,,,,,0,,,,,0,3,,,,0,0,0,0,0
1769,58.93333333333333,0,0,,,,,,,,,,,,,,,,,,0,,,,,0,3,,,,0,0,0,0,0
1770,58.96666666666667,1,0,,,,,,,,,,,,,,,,,,0,,,,,0,3,,,,0,0,0,0,0
1771,59.0,0,0,,,,,,,,,,,,,,,,,,0,,,,,0,3,,,,0,0,0,0,0
1772,59.03333333333333,0,0,,,,,,,,,,,,,,,,,,0,,,,,0,3,,,,0,0,0,0,0
1773,59.06666666666667,1,0,,,,,,,,,,,,,,,,,,0,,,,,0,3,,,,0,0,0,0,0
1774,59.1,0,0,,,,,,,,,,,,,,,,,,0,,,,,0,3,,,,0,0,0,0,0
1775,59.13333333333333,0,0,,,,,,,,,,,,,,,,,,0,,,,,0,3,,,,0,0,0,0,0
1776,59.166666666666664,1,0,,,,,,,,,,,,,,,,,,0,,,,,0,3,,,,0,0,0,0,0
1777,59.2,0,0,,,,,,,,,,,,,,,,,,0,,,,,0,3,,,,0,0,0,0,0
1778,59.233333333333334,0,0,,,,,,,,,,,,,,,,,,0,,,,,0,3,,,,0,0,0,0,0
1779,59.266666666666666,1,0,,,,,,,,,,,,,,,,,,0,,,,,0,3,,,,0,0,0,0,0
1780,59.3,0,0,,,,,,,,,,,,,,,,,,0,,,,,0,3,,,,0,0,0,0,0
1781,59.333333333333336,0,0,,,,,,,,,,,,,,,,,,0,,,,,0,3,,,,0,0,0,0,0
1782,59.36666666666667,1,0,,,,,,,,,,,,,,,,,,0,,,,,0,3,,,,0,0,0,0,0
1783,59.4,0,0,,,,,,,,,,,,,,,,,,0,,,,,0,3,,,,0,0,0,0,0
1784,59.43333333333333,0,0,,,,,,,,,,,,,,,,,,0,,,,,0,3,,,,0,0,0,0,0
1785,59.46666666666667,1,0,,,,,,,,,,,,,,,,,,0,,,,,0,3,,,,0,0,0,0,0
1786,59.5,0,0,,,,,,,,,,,,,,,,,,0,,,,,0,3,,,,0,0,0,0,0
1787,59.53333333333333,0,0,,,,,,,,,,,,,,,,,,0,,,,,0,3,,,,0,0,0,0,0
1788,59.56666666666667,1,0,,,,,,,,,,,,,,,,,,0,,,,,0,3,,,,0,0,0,0,0
1789,59.6,0,0,,,,,,,,,,,,,,,,,,0,,,,,0,3,,,,0,0,0,0,0
1790,59.63333333333333,0,0,,,,,,,,,,,,,,,,,,0,,,,,0,3,,,,0,0,0,0,0
1791,59.666666666666664,1,0,,,,,,,,,,,,,,,,,,0,,,,,0,3,,,,0,0,0,0,0
1792,59.7,0,0,,,,,,,,,,,,,,,,,,0,,,,,0,3,,,,0,0,0,0,0
